day,30-day Avg Infection Duration,Adult Vectors,Air Temperature,Avg Num Infections,Births,Blood Smear Gametocyte Prevalence,Blood Smear Parasite Prevalence,Campaign Cost,Daily Bites per Human,Daily EIR,Disease Deaths,Fever Prevalence,Human Infectious Reservoir,Infected,Infectious Vectors,Land Temperature,Log Prevalence,Mean Parasitemia,New Clinical Cases,New Infections,New Severe Cases,Newly Symptomatic,PCR Gametocyte Prevalence,PCR Parasite Prevalence,PfHRP2 Prevalence,Rainfall,Relative Humidity,Statistical Population,Symptomatic Population,True Prevalence,Variant Fraction-PfEMP1 Major
0,0.0,9315,23.60000038147,1.0,0,0.0,0.0,0,2.02799987793,0.0,0,0.0,0.0,0.09899999946356,0.0,23.60000038147,-1.004364848137,1.0,0,99,0,45,0.0,0.0,0.0,0.0,0.2765949964523,1000,0,0.0,0.0
1,0.0,8659,23.70599937439,1.0,0,0.0,0.0,0,1.978999972343,0.0,0,0.0,0.0,0.09899999946356,0.0,23.70599937439,-1.004364848137,1.0,0,0,0,0,0.0,0.0,0.0,0.0,0.270359992981,1000,0,0.0,0.0
2,0.0,8054,23.90900039673,1.0,0,0.0,0.0,0,1.833000063896,0.0,0,0.0,0.0,0.09899999946356,0.0,23.90900039673,-1.004364848137,1.0,0,0,0,0,0.0,0.0,0.0,0.0,0.2635250091553,1000,0,0.0,0.0
3,0.0,7504,23.95149993896,1.0,0,0.0,0.0,0,1.628999948502,0.0,0,0.0,0.0,0.09899999946356,0.0,23.95149993896,-1.004364848137,1.0,0,0,0,0,0.0,0.0,0.0,0.0,0.2657949924469,1000,0,0.0,0.0
4,0.0,6974,24.1280002594,1.0,0,0.0,0.0,0,1.601000070572,0.0,0,0.0,0.0,0.09899999946356,0.0,24.1280002594,-1.004364848137,1.0,0,0,0,0,0.0,0.0,0.0,0.0,0.2659449875355,1000,0,0.0,0.0
5,0.0,6524,24.18549919128,1.0,0,0.0,0.0,0,1.53200006485,0.0,0,0.0,0.0,0.09899999946356,0.0,24.18549919128,-1.004364848137,1.0,0,0,0,0,0.0,0.0,0.0,0.0,0.2636350095272,1000,0,0.0,0.0
6,0.0,6055,24.49550056458,1.0,0,0.0,0.0,0,1.307999968529,0.0,0,0.0,0.0,0.09899999946356,0.0,24.49550056458,-1.004364848137,1.0,0,0,0,0,0.0,0.04800000041723,0.0,0.0,0.2825999855995,1000,0,0.09899999946356,0.0004626163572539
7,0.0,5606,24.64800071716,1.0,0,0.0,0.0,0,1.332000017166,0.0,0,0.0,0.0,0.09899999946356,0.0,24.64800071716,-1.004364848137,1.0,0,0,0,0,0.0,0.03999999910593,0.0,0.0,0.2834349870682,1000,0,0.09899999946356,0.0004626163572539
8,0.0,5201,24.5030002594,1.0,0,0.0,0.0,0,1.235000014305,0.0,0,0.0,0.0,0.09899999946356,0.0,24.5030002594,-1.004364848137,1.0,0,0,0,0,0.0,0.06499999761581,0.0,0.0,0.2566649913788,1000,0,0.09899999946356,0.0004626163572539
9,0.0,4848,24.69199943542,1.0,0,0.0,0.0,0,1.054000020027,0.0,0,0.0,0.0,0.09899999946356,0.0,24.69199943542,-1.004364848137,1.0,0,0,0,0,0.0,0.05600000172853,0.0,0.0,0.2548699975014,1000,0,0.09899999946356,0.0004626163572539
10,0.0,4516,24.6189994812,1.0,0,0.0,0.001000000047497,0,1.000999927521,0.0,0,0.0,0.0,0.09899999946356,0.0,24.6189994812,-1.004364848137,30.00000190735,0,0,0,0,0.0,0.09600000083447,0.0,0.0,0.2417449951172,1000,0,0.09899999946356,0.0004626163572539
11,0.0,4173,24.45700073242,1.0,0,0.0,0.001000000047497,0,0.9650000333786,0.0,0,0.0,0.0,0.09899999946356,0.0,24.45700073242,-1.004364848137,30.00000190735,0,0,0,0,0.0,0.097999997437,0.0,0.0,0.2449200004339,1000,0,0.09899999946356,0.0004626163572539
12,0.0,3888,24.30550003052,1.0,0,0.0,0.05000000074506,0,0.8650000095367,0.0,0,0.0,0.0,0.09899999946356,0.0,24.30550003052,-1.004364848137,50.45313262939,0,0,0,0,0.0,0.09899999946356,0.0,0.0,0.2362750023603,1000,0,0.09899999946356,0.0004635509685613
13,0.0,3607,24.35400009155,1.0,0,0.0,0.05299999937415,0,0.8269999623299,0.0,0,0.0,0.0,0.09899999946356,0.0,24.35400009155,-1.004364848137,53.45736694336,0,0,0,0,0.0,0.09899999946356,0.0,0.0,0.2267599999905,1000,0,0.09899999946356,0.0004635509685613
14,0.0,3364,24.74250030518,1.0,0,0.0,0.09899999946356,0,0.7829999923706,0.0,0,0.0,0.0,0.09899999946356,0.0,24.74250030518,-1.004364848137,448.132598877,0,0,0,0,0.0,0.09899999946356,0.007000000216067,0.0,0.2317049950361,1000,0,0.09899999946356,0.0005074764485471
15,0.0,3116,25.22249984741,1.0,0,0.0,0.09899999946356,0,0.6790000200272,0.0,0,0.0,0.0,0.09899999946356,0.0,25.22249984741,-1.004364848137,463.1175537109,0,0,0,0,0.0,0.09899999946356,0.09899999946356,0.001000000047497,0.2245749980211,1000,0,0.09899999946356,0.0005074764485471
16,0.0,2916,25.40699958801,1.0,0,0.0,0.09899999946356,0,0.6590000391006,0.0,0,0.007000000216067,0.0,0.09899999946356,0.0,25.40699958801,-1.004364848137,6762.584960938,2,0,0,0,0.0,0.09899999946356,0.09899999946356,0.305999994278,0.2313300073147,1000,0,0.09899999946356,0.0008401870145462
17,0.0,2682,25.42049980164,1.0,0,0.0,0.09899999946356,0,0.6449999809265,0.0,0,0.03900000080466,0.0,0.09899999946356,0.0,25.42049980164,-1.004364848137,6398.798339844,20,0,0,0,0.0,0.09899999946356,0.09899999946356,0.6620000004768,0.2590849995613,1000,0,0.09899999946356,0.0008401870145462
18,0.0,2494,25.55200004578,1.0,0,0.0,0.09899999946356,0,0.5789999961853,0.0,0,0.09899999946356,0.0,0.09899999946356,0.0,25.55200004578,-1.004364848137,82406.2890625,77,0,0,0,0.0,0.09899999946356,0.09899999946356,0.04450000077486,0.2513000071049,1000,0,0.09899999946356,0.001103739021346
19,0.0,2321,25.53100013733,1.0,1,0.0,0.09899999946356,0,0.5389999747276,0.0,0,0.09300000220537,0.0,0.09899999946356,0.0,25.53100013733,-1.004364848137,22931.76757812,0,0,0,0,0.0,0.09899999946356,0.09899999946356,0.09650000184774,0.2470050007105,1000,0,0.09899999946356,0.001103739021346
20,0.0,2249,25.57399940491,1.0,1,0.0,0.09890110045671,0,0.4865134656429,0.0,0,0.09890110045671,0.0,0.09890110045671,0.0,25.57399940491,-1.00479888916,129802.625,0,0,0,0,0.0,0.09890110045671,0.09890110045671,0.002499999944121,0.2459000051022,1001,0,0.09890110045671,0.001106370938942
21,0.0,2088,25.61949920654,1.0,1,0.0,0.09890110045671,0,0.4645354449749,0.0,0,0.0,1.121501363999e-10,0.09890110045671,0.0,25.61949920654,-1.00479888916,48478.5859375,0,0,0,0,0.03296703472733,0.09890110045671,0.09890110045671,0.003500000108033,0.2271250039339,1001,0,0.09890110045671,0.001106370938942
22,0.0,1949,25.5594997406,1.0,1,0.0,0.09890110045671,0,0.4205794334412,0.0,0,0.09890110045671,6.648671613263e-10,0.09890110045671,0.0,25.5594997406,-1.00479888916,218116.3125,0,0,0,0,0.04195804148912,0.09890110045671,0.09890110045671,0.0,0.2080000042915,1001,0,0.09890110045671,0.001106370938942
23,0.0,1824,25.83099937439,1.0,1,0.0,0.09890110045671,0,0.4145854115486,0.0,0,0.0,1.706715768712e-09,0.09890110045671,0.0,25.83099937439,-1.00479888916,46752.2578125,0,0,0,0,0.05194805189967,0.09890110045671,0.09890110045671,0.0,0.2046650052071,1001,0,0.09890110045671,0.001106370938942
24,0.0,1717,26.26899909973,1.0,1,0.0,0.09890110045671,0,0.4175824224949,0.0,0,0.09890110045671,1.014798911569e-08,0.09890110045671,0.0,26.26899909973,-1.00479888916,140454.8125,0,0,0,0,0.05594405531883,0.09890110045671,0.09890110045671,0.0,0.2102349996567,1001,0,0.09890110045671,0.001106370938942
25,0.0,1618,26.40699958801,1.0,1,0.0,0.09890110045671,0,0.357642352581,0.0,0,0.0,3.232149481391e-08,0.09890110045671,0.0,26.40699958801,-1.00479888916,25318.3359375,0,0,0,0,0.09590409696102,0.09890110045671,0.09890110045671,0.001500000013039,0.207574993372,1001,0,0.09890110045671,0.001106370938942
26,0.0,1509,26.60600090027,1.0,1,0.0,0.09890110045671,0,0.3186813294888,0.0,0,0.07492507249117,1.808821679106e-07,0.09890110045671,0.0,26.60600090027,-1.00479888916,60380.9296875,0,0,0,0,0.09490509331226,0.09890110045671,0.09890110045671,0.002499999944121,0.2041999995708,1001,0,0.09890110045671,0.001106370938942
27,0.0,1429,26.46299934387,1.0,1,0.06393606215715,0.09890110045671,0,0.3256743252277,0.0,0,0.0,8.503037634e-07,0.09890110045671,0.0,26.46299934387,-1.00479888916,8857.930664062,0,0,0,0,0.09890110045671,0.09890110045671,0.09890110045671,0.06049999967217,0.2240999937057,1001,0,0.09890110045671,0.001106370938942
28,0.0,1319,26.70450019836,1.0,1,0.04295704141259,0.09890110045671,0,0.2887112796307,0.0,0,0.0,3.7581610286e-06,0.09890110045671,0.0,26.70450019836,-1.00479888916,17077.96679688,0,0,0,0,0.09890110045671,0.09890110045671,0.09890110045671,0.04800000041723,0.2217600047588,1001,0,0.09890110045671,0.001109171891585
29,0.0,1228,26.91799926758,1.0,1,0.09890110045671,0.09890110045671,0,0.2707292437553,0.0,0,0.0,1.869727566373e-05,0.09890110045671,0.0,26.91799926758,-1.00479888916,2214.343261719,0,0,0,0,0.09890110045671,0.09890110045671,0.09890110045671,0.05900000035763,0.2063450068235,1001,0,0.09890110045671,0.001109171891585
30,0.0,1155,26.7859992981,1.0,1,0.09890110045671,0.09890110045671,0,0.2757242619991,0.0,0,0.0,4.130406159675e-05,0.09890110045671,0.0,26.7859992981,-1.00479888916,4612.1484375,0,0,0,0,0.09890110045671,0.09890110045671,0.09890110045671,0.03200000151992,0.2082449942827,1001,0,0.09890110045671,0.001163323060609
31,0.0,1080,27.09600067139,1.0,1,0.09890110045671,0.09890110045671,0,0.2507492601871,0.0,0,0.0009990009712055,5.436292485683e-05,0.09890110045671,0.0,27.09600067139,-1.00479888916,1123.496459961,0,0,0,0,0.09890110045671,0.09890110045671,0.09890110045671,0.02649999968708,0.2171600013971,1001,0,0.09890110045671,0.001163323060609
32,0.0,1001,27.39800071716,1.0,1,0.09890110045671,0.09890110045671,0,0.2347652316093,0.0,0,0.01798201724887,4.721546793007e-05,0.09890110045671,0.0,27.39800071716,-1.00479888916,6437.303710938,0,0,0,0,0.09890110045671,0.09890110045671,0.09890110045671,0.06449999660254,0.2285500019789,1001,0,0.09890110045671,0.00138459680602
33,0.0,940,27.75200080872,1.0,2,0.09890110045671,0.09890110045671,0,0.2037962079048,0.0,0,0.04895104840398,5.140498251421e-05,0.09890110045671,0.0,27.75200080872,-1.00479888916,3638.616943359,0,0,0,0,0.09890110045671,0.09890110045671,0.09890110045671,0.02400000020862,0.2145050019026,1001,0,0.09890110045671,0.00138459680602
34,0.0,885,27.67049980164,1.0,2,0.09880239516497,0.09880239516497,0,0.1886227577925,0.0,0,0.06586826592684,3.521123653627e-05,0.09880239516497,0.0,27.67049980164,-1.005232572556,23335.7578125,0,0,0,0,0.09880239516497,0.09880239516497,0.09880239516497,0.004999999888241,0.2025250047445,1002,0,0.09880239516497,0.001555767958052
35,0.0,1057,27.70000076294,1.0,2,0.09880239516497,0.09880239516497,0,0.1806387156248,0.0,0,0.03393213450909,3.25754917867e-05,0.09880239516497,0.0,27.70000076294,-1.005232572556,9442.211914062,0,0,0,0,0.09880239516497,0.09880239516497,0.09880239516497,0.0,0.1931650042534,1002,0,0.09880239516497,0.001555767958052
36,0.0,1383,27.70999908447,1.0,2,0.09880239516497,0.09880239516497,0,0.3433133661747,0.0,0,0.06087824329734,3.626348188845e-05,0.09880239516497,0.0,27.70999908447,-1.005232572556,43382.01171875,0,0,0,0,0.09880239516497,0.09880239516497,0.09880239516497,0.0,0.188069999218,1002,0,0.09880239516497,0.001610797946341
37,0.0,1277,27.70549964905,1.0,2,0.09880239516497,0.09880239516497,0,0.4051896035671,0.0,0,0.0,2.739376031968e-05,0.09880239516497,0.0,27.70549964905,-1.005232572556,13192.81542969,0,0,0,0,0.09880239516497,0.09880239516497,0.09880239516497,0.0,0.1912800073624,1002,0,0.09880239516497,0.001610797946341
38,0.0,1213,27.73999977112,1.0,2,0.09880239516497,0.09880239516497,0,0.1467065811157,0.0,0,0.0,4.905711102765e-05,0.09880239516497,0.0,27.73999977112,-1.005232572556,32543.66210938,0,0,0,0,0.09880239516497,0.09880239516497,0.09880239516497,0.0,0.1741449981928,1002,0,0.09880239516497,0.001634115935303
39,0.0,1148,27.81749916077,1.0,2,0.09880239516497,0.09880239516497,0,0.2714570760727,0.0,0,0.0,2.929167203547e-05,0.09880239516497,0.0,27.81749916077,-1.005232572556,6954.207519531,0,0,0,0,0.09880239516497,0.09880239516497,0.09880239516497,0.0,0.1679649949074,1002,0,0.09880239516497,0.001634115935303
40,0.0,1062,28.17700004578,1.0,2,0.09880239516497,0.09880239516497,0,0.3443113565445,0.0,0,0.0,5.55746119062e-05,0.09880239516497,0.002824858762324,28.17700004578,-1.005232572556,11507.296875,0,0,0,0,0.09880239516497,0.09880239516497,0.09880239516497,0.03900000080466,0.1839500069618,1002,0,0.09880239516497,0.001653703046031
41,0.0,1022,28.17449951172,1.0,2,0.09880239516497,0.09880239516497,0,0.1257485002279,0.0,0,0.0,4.598122177413e-05,0.09880239516497,0.01076320931315,28.17449951172,-1.005232572556,1971.209106445,0,0,0,0,0.09880239516497,0.09880239516497,0.09880239516497,0.0625,0.2133699953556,1002,0,0.09880239516497,0.001653703046031
42,0.0,975,28.22299957275,1.0,2,0.09880239516497,0.09880239516497,0,0.2425149679184,0.0,0,0.0,6.209047569428e-05,0.09880239516497,0.01435897406191,28.22299957275,-1.005232572556,2361.918701172,0,0,0,0,0.09880239516497,0.09880239516497,0.09880239516497,0.1829999983311,0.2083600014448,1002,0,0.09880239516497,0.001663962844759
43,0.0,900,28.02899932861,1.0,2,0.09880239516497,0.09680638462305,0,0.2764471173286,0.002994012087584,0,0.0,6.027173731127e-05,0.09880239516497,0.01444444432855,28.02899932861,-1.005232572556,356.8134155273,0,4,0,3,0.09880239516497,0.09880239516497,0.09880239516497,0.241500005126,0.2053599953651,1002,0,0.09880239516497,0.001663962844759
44,0.0,849,28.10799980164,1.0,2,0.09880239516497,0.09880239516497,0,0.1167664676905,0.001996007980779,0,0.0,5.661305112881e-05,0.1027944087982,0.01766784489155,28.10799980164,-0.9880304932594,336.2320251465,0,2,0,0,0.09880239516497,0.09880239516497,0.09880239516497,0.1180000007153,0.2090850025415,1002,0,0.09880239516497,0.00166676111985
45,0.0,838,28.18300056458,1.0,2,0.09880239516497,0.07385229319334,0,0.2095808386803,0.002994012087584,0,0.0,6.842563743703e-05,0.1047904193401,0.02744629979134,28.18300056458,-0.9796783924103,60.34025192261,0,3,0,0,0.09880239516497,0.09880239516497,0.09880239516497,0.1264999955893,0.2131550014019,1002,0,0.09880239516497,0.00166676111985
46,0.0,807,28.67900085449,1.0,2,0.09880239516497,0.07185629010201,0,0.2475049942732,0.004990019835532,0,0.0,5.976354805171e-05,0.1077844277024,0.0260223057121,28.67900085449,-0.9674440026283,66.51568603516,0,5,0,4,0.09880239516497,0.09880239516497,0.09880239516497,0.2370000034571,0.2149949967861,1002,0,0.09880239516497,0.001667693839408
47,0.0,770,28.93300056458,1.0,2,0.09880239516497,0.0109780440107,0,0.1127744466066,0.003992015961558,0,0.0,7.582693069708e-05,0.1127744540572,0.02467532455921,28.93300056458,-0.9477892518044,54.07948684692,0,6,0,2,0.09880239516497,0.09780438989401,0.09880239516497,0.02999999932945,0.2193049937487,1002,0,0.09880239516497,0.001667693839408
48,0.0,723,29.24349975586,1.0,2,0.09880239516497,0.01996007934213,0,0.1836327314377,0.003992015961558,0,0.0,6.819800182711e-05,0.1187624782324,0.02904564328492,29.24349975586,-0.9253207445145,114.3038330078,0,6,0,5,0.09880239516497,0.09481038153172,0.09880239516497,0.5055000185966,0.2196899950504,1002,0,0.09880239516497,0.001672357437201
49,0.0,744,29.56649971008,1.007874011993,2,0.09880239516497,0.01596806384623,0,0.1796407103539,0.003992015961558,0,0.0,7.428719254676e-05,0.1247505024076,0.02956989221275,29.56649971008,-0.9039577245712,152.1025085449,0,3,0,2,0.09880239516497,0.08782435208559,0.09880239516497,0.1829999983311,0.2669099867344,1002,0,0.09880239516497,0.001672357437201
50,0.0,741,29.88949966431,1.007874011993,2,0.09680638462305,0.0219560880214,0,0.1287425160408,0.001996007980779,0,0.0,6.611808930757e-05,0.1267465054989,0.02834008075297,29.88949966431,-0.8970639705658,402.4924621582,0,0,0,0,0.09880239516497,0.09381237626076,0.09880239516497,0.7329999804497,0.2848699986935,1002,0,0.1027944087982,0.001714329235256
51,0.0,773,29.62999916077,1.007575750351,2,0.09780438989401,0.01696606725454,0,0.1906187534332,0.003992015961558,0,0.0,6.326827133307e-05,0.1267465054989,0.02716688252985,29.62999916077,-0.8970639705658,701.2036132812,0,5,0,3,0.09880239516497,0.08882235735655,0.09880239516497,0.4194999933243,0.2759500145912,1002,0,0.1047904193401,0.00172365643084
52,0.0,743,29.82449913025,1.007518768311,3,0.09580838680267,0.03393213450909,0,0.2055888175964,0.0009980039903894,0,0.0,5.380490620155e-05,0.1317365318537,0.03499327227473,29.82449913025,-0.8802937865257,380.3609313965,0,1,0,1,0.09880239516497,0.08882235735655,0.09880239516497,0.00650000013411,0.2383950054646,1002,0,0.1077844277024,0.001752570737153
53,0.0,703,29.86650085449,1.007462739944,3,0.09371884167194,0.02492522448301,0,0.1076769679785,0.001994017977268,0,0.0,4.71083476441e-05,0.1326021999121,0.0526315793395,29.86650085449,-0.8774492740631,593.4100952148,0,1,0,0,0.09870389103889,0.08773679286242,0.09870389103889,0.04650000110269,0.2127149999142,1003,0,0.1126620173454,0.001774117932655
54,0.0,667,29.70700073242,1.014084458351,3,0.08574277162552,0.04885343834758,0,0.1555334031582,0.009970089420676,0,0.0,3.925448982045e-05,0.1335992068052,0.06446776539087,29.70700073242,-0.8741961121559,320.868347168,0,9,0,9,0.09870389103889,0.1026919260621,0.09870389103889,0.2354999929667,0.219775006175,1003,0,0.118644066155,0.001827229163609
55,0.0,636,29.9344997406,1.032467484474,3,0.09072781354189,0.03190428763628,0,0.1844466626644,0.01296111661941,0,0.0,3.358386311447e-05,0.1415752768517,0.06918238848448,29.9344997406,-0.8490125536919,461.1464233398,0,15,0,6,0.09870389103889,0.1056829541922,0.09870389103889,0.2709999978542,0.2292149960995,1003,0,0.1246261224151,0.001855182694271
56,0.0,665,30.08300018311,1.044303774834,3,0.08673977851868,0.06081754714251,0,0.1026919260621,0.004985044710338,0,0.0,2.775180291792e-05,0.1535393744707,0.0691729336977,30.08300018311,-0.8137802481651,262.3162841797,0,6,0,1,0.09870389103889,0.1116650030017,0.09870389103889,0.1825000047684,0.2810299992561,1003,0,0.126620143652,0.001884067896754
57,0.0,842,30.44549942017,1.075471639633,3,0.08275174349546,0.05284147709608,0,0.1555334031582,0.006979062687606,0,0.0,2.224714262411e-05,0.1575274169445,0.0534441806376,30.44549942017,-0.8026438355446,185.6918640137,0,6,0,3,0.09870389103889,0.1136590242386,0.09870389103889,0.1420000046492,0.2627300024033,1003,0,0.126620143652,0.001884067896754
58,0.0,1106,30.24650001526,1.097561001778,4,0.08275174349546,0.07178464531898,0,0.2901296019554,0.01096709817648,0,0.0,1.727303060761e-05,0.1585244238377,0.03978300094604,30.24650001526,-0.7999038100243,253.6386413574,0,9,0,5,0.09870389103889,0.121635094285,0.09870389103889,0.1159999966621,0.2381200045347,1003,0,0.1316051781178,0.001927861827426
59,0.0,1146,30.27899932861,1.103030323982,4,0.07768924534321,0.06474103778601,0,0.3037848472595,0.004980079829693,0,0.0,1.356844131806e-05,0.1633466184139,0.04188481718302,30.27899932861,-0.7868898510933,132.8199768066,0,2,0,0,0.09860558062792,0.1195219159126,0.1015936285257,0.2395000010729,0.2563599944115,1004,0,0.1324701160192,0.001932457671501
60,0.0,1337,30.67250061035,1.122093081474,4,0.06474103778601,0.08067729324102,0,0.2121514081955,0.0129482075572,0,0.0,1.027465441439e-05,0.1643426269293,0.03664921596646,30.67250061035,-0.7842497825623,269.1737060547,0,11,0,6,0.09860558062792,0.1254980117083,0.1045816764235,0.05299999937415,0.2414350062609,1004,0,0.1334661394358,0.001971553079784
61,0.0,1254,30.62949943542,1.152542352676,4,0.04780876636505,0.08466135710478,0,0.3844621479511,0.009960159659386,0,0.001992031931877,8.292730854009e-06,0.1713147461414,0.03907496109605,30.62949943542,-0.7662052512169,139.9873657227,1,11,0,6,0.09860558062792,0.129482075572,0.1065737083554,0.03700000047684,0.2343849986792,1004,0,0.1414342671633,0.002022750442848
62,0.0,1756,30.90049934387,1.1564245224,4,0.0388446226716,0.09262948483229,0,0.2460159361362,0.007968127727509,0,0.005976095795631,6.274475708778e-06,0.1762948185205,0.02904327958822,30.90049934387,-0.7537604570389,291.3176269531,4,3,0,2,0.09860558062792,0.1404382437468,0.1115537881851,0.0434999987483,0.2437500059605,1004,0,0.1533864587545,0.002125144237652
63,0.0,1761,30.98150062561,1.17486333847,4,0.03784860670567,0.07768924534321,0,0.5149402618408,0.01095617562532,0,0.005976095795631,5.828636403749e-06,0.1782868504524,0.02782509848475,30.98150062561,-0.7488806843758,292.4856872559,1,8,0,2,0.09860558062792,0.1374502032995,0.1195219159126,0.09049999713898,0.2389100044966,1004,0,0.1573705226183,0.002176341367885
64,0.0,2458,31.13899993896,1.186170220375,4,0.02390438318253,0.09760956466198,0,0.3994024097919,0.01095617562532,0,0.0129482075572,4.438084033609e-06,0.1822709143162,0.01790073141456,31.13899993896,-0.7392826080322,428.1969299316,4,8,0,3,0.09860558062792,0.1474103629589,0.1245019957423,0.0625,0.2235800027847,1004,0,0.1583665311337,0.002249879296869
65,0.0,2596,31.20649909973,1.184210538864,4,0.02390438318253,0.0826693251729,0,0.6932270526886,0.005976095795631,0,0.01693227142096,5.023158792028e-06,0.1872510015965,0.01617873646319,31.20649909973,-0.7275758385658,437.0377197266,9,2,0,1,0.09960159659386,0.1533864587545,0.1254980117083,0.1389999985695,0.2299699932337,1004,0,0.1633466184139,0.002329932758585
66,0.0,2424,31.17600059509,1.19095480442,4,0.01792828738689,0.1045816764235,0,0.6344621181488,0.009960159659386,0,0.02390438318253,3.821161499218e-06,0.1892430335283,0.01691419072449,31.17600059509,-0.7229800820351,510.427734375,5,12,0,4,0.1005976125598,0.1563744992018,0.1274900436401,0.03350000083447,0.2274899929762,1004,0,0.1643426269293,0.002380199031904
67,0.0,2312,31.21599960327,1.222772240639,5,0.01494023948908,0.08167330920696,0,0.3247011899948,0.009960159659386,0,0.01892430335283,4.488999366004e-06,0.1982071697712,0.0185986161232,31.21599960327,-0.7028806209564,685.7733154297,2,10,1,7,0.09860558062792,0.1583665311337,0.129482075572,0.1199999973178,0.2397049963474,1004,0,0.1713147461414,0.002442566212267
68,0.0,2474,31.27549934387,1.219512224197,5,0.01890547201037,0.1273631900549,0,0.5890547037125,0.003980099689215,0,0.01990049704909,3.450477834122e-06,0.200995028019,0.01657235249877,31.27549934387,-0.6968146562576,433.5649108887,2,3,0,2,0.1074626892805,0.1671641767025,0.1303482651711,0.1840000003576,0.2556799948215,1005,0,0.176119402051,0.002522899536416
69,0.0,2479,31.16200065613,1.222222208977,5,0.01492537278682,0.1014925390482,0,0.7044776082039,0.006965174339712,0,0.01791044697165,3.778904783758e-06,0.2039801031351,0.01532876119018,31.16200065613,-0.6904121637344,636.2894897461,1,3,0,1,0.1074626892805,0.1701492518187,0.1263681650162,0.07450000196695,0.2574599981308,1005,0,0.1781094521284,0.002546147909015
70,0.0,2401,31.42250061035,1.241706132889,6,0.01492537278682,0.1373134255409,0,0.42189052701,0.007960199378431,0,0.02089552208781,2.891775920943e-06,0.2059701532125,0.01416076626629,31.42250061035,-0.686195731163,697.8832397461,5,9,0,1,0.1114427894354,0.1731343269348,0.1333333402872,0.8874999880791,0.2896600067616,1005,0,0.1820895522833,0.002621472114697
71,0.0,2325,31.35300064087,1.241706132889,6,0.01888667978346,0.1242544725537,0,0.5168986320496,0.0009940357413143,0,0.01789264380932,2.97667884297e-06,0.2097415477037,0.01419354882091,31.35300064087,-0.6783155202866,726.5275268555,1,0,0,0,0.1093439385295,0.1769383698702,0.1431411504745,0.25,0.2951000034809,1006,0,0.1868787258863,0.002690399764106
72,0.0,2369,31.47900009155,1.247663497925,6,0.01590457186103,0.1451292186975,0,0.6312127113342,0.006958250422031,0,0.02683896571398,2.353588115511e-06,0.2097415477037,0.01139721367508,31.47900009155,-0.6783155202866,1034.391723633,4,5,0,2,0.1143141165376,0.1789264380932,0.1471173018217,0.2169999927282,0.2948749959469,1006,0,0.1888667941093,0.002768436446786
73,0.0,2345,31.72249984741,1.255813956261,6,0.01491053681821,0.1421471238136,0,0.4254473149776,0.004970178939402,0,0.02982107363641,2.968376520585e-06,0.2127236574888,0.01066098082811,31.72249984741,-0.6721842288971,896.010559082,9,3,0,2,0.1172962263227,0.1848906576633,0.1481113284826,0.4614999890327,0.2947300076485,1006,0,0.1978131234646,0.002873413497582
74,0.0,2202,31.86549949646,1.258064508438,7,0.01491053681821,0.1590457260609,0,0.5069582462311,0.002982107456774,0,0.03280318155885,3.838395059574e-06,0.2137176990509,0.01089918240905,31.86549949646,-0.6701595187187,1189.30090332,9,3,0,1,0.1212723627687,0.1908548772335,0.1530815064907,0.1870000064373,0.3082849979401,1006,0,0.2007952332497,0.002984894439578
75,0.0,2312,32.16199874878,1.263636350632,7,0.02482621558011,0.1479642540216,0,0.5193644165993,0.005958292167634,0,0.03177755698562,5.451257493405e-06,0.2154915630817,0.0086505189538,32.16199874878,-0.6665697097778,1076.964477539,4,5,0,1,0.1241310834885,0.1976166814566,0.1539225429296,0.1324999928474,0.3116500079632,1007,0,0.2035749703646,0.003050608327612
76,0.0,2269,32.10049819946,1.265765786171,7,0.02681231312454,0.1698113232851,0,0.5551142096519,0.006951340474188,0,0.03674279898405,6.763444162061e-06,0.2184707075357,0.008373732678592,32.10049819946,-0.6606068015099,1208.014160156,5,3,0,1,0.1281032711267,0.1956305801868,0.1598808318377,0.2874999940395,0.3307749927044,1007,0,0.2055610716343,0.003125783056021
77,0.0,2227,32.70050048828,1.263392806053,7,0.02879841066897,0.1499503403902,0,0.4687189459801,0.001986097311601,0,0.03277060762048,8.821179108054e-06,0.2204568088055,0.008980691432953,32.70050048828,-0.6566764712334,1474.668945312,5,2,0,1,0.1310824304819,0.2025819271803,0.1648460775614,0.1949999928474,0.323399990797,1007,0,0.2095332741737,0.003228800371289
78,0.0,2179,31.84300041199,1.263157844543,7,0.0307845082134,0.1787487566471,0,0.5084409117699,0.003972194623202,0,0.04270109161735,9.810451047088e-06,0.222442895174,0.008260670118034,31.84300041199,-0.6527814865112,1266.830932617,1,5,0,1,0.1290963292122,0.20456802845,0.1688182651997,0.6409999728203,0.3726899921894,1007,0,0.2095332741737,0.003297478193417
79,0.0,2227,32.21049880981,1.265217423439,7,0.03277060762048,0.1449851095676,0,0.4836146831512,0.005958291701972,0,0.04270109161735,1.099295877793e-05,0.2264150977135,0.007184553425759,32.21049880981,-0.6450946331024,2293.7890625,7,3,0,2,0.1390268057585,0.2085402160883,0.1708043664694,1.011000037193,0.3624300062656,1007,0,0.2125124186277,0.003378221765161
80,0.0,2273,31.92650032043,1.269565224648,8,0.03475670143962,0.1767626553774,0,0.4945382773876,0.001986097311601,0,0.04667328670621,1.125950529968e-05,0.2284011989832,0.007479102350771,31.92650032043,-0.6413016319275,1588.587768555,5,1,0,0,0.1350546181202,0.210526317358,0.1727904677391,1.106500029564,0.3787299990654,1007,0,0.213505461812,0.003472886281088
81,0.0,2169,32.09349822998,1.268398284912,8,0.03670635074377,0.1408730149269,0,0.5198412537575,0.002976190531626,0,0.04761904850602,1.030985458783e-05,0.2281745970249,0.007376671303064,32.09349822998,-0.6417326927185,4283.169921875,3,1,0,1,0.1478174626827,0.2103174626827,0.1765872985125,0.2479999810457,0.3816649913788,1008,0,0.2152777761221,0.003528779372573
82,0.0,3454,31.85950088501,1.267241358757,8,0.04166666790843,0.1646825373173,0,0.4434523582458,0.001984127098694,0,0.04960317537189,1.043767315423e-05,0.2291666716337,0.004342791158706,31.85950088501,-0.6398485302925,2713.317138672,4,1,0,1,0.1507936567068,0.2132936567068,0.1815476119518,0.3264999985695,0.3465450108051,1008,0,0.2182539701462,0.003616859903559
83,0.0,3325,31.94499969482,1.266094446182,8,0.04761904850602,0.1319444477558,0,1.326388835907,0.001984127098694,0,0.05059523880482,1.066277127393e-05,0.2301587313414,0.004210526123643,31.94499969482,-0.6379725337029,8867.735351562,5,1,0,1,0.1557539701462,0.2093254029751,0.1815476119518,0.21099999547,0.330864995718,1008,0,0.2202380895615,0.003717920277268
84,0.0,3246,32.39599990845,1.270386219025,8,0.05059523880482,0.1547619104385,0,0.5337301492691,0.002976190531626,0,0.04365079477429,1.397360574629e-05,0.231150791049,0.005545286461711,32.39599990845,-0.6361045837402,4938.067382812,4,1,0,1,0.1607142835855,0.2172619104385,0.1755952388048,0.3379999995232,0.32539498806,1008,0,0.2222222238779,0.003783749416471
85,0.0,3670,32.50450134277,1.274678111076,8,0.0595238097012,0.1388888955116,0,0.4355158805847,0.001984127098694,0,0.05357142910361,1.740072730172e-05,0.231150791049,0.005722071044147,32.50450134277,-0.6361045837402,9405.938476562,8,1,0,0,0.1636904776096,0.212301582098,0.1587301641703,0.1509999930859,0.3111900091171,1008,0,0.2261904776096,0.003877392271534
86,0.0,3453,32.66749954224,1.278970003128,8,0.06845238059759,0.1527777761221,0,1.382936477661,0.004960317630321,0,0.04960317537189,1.955686093424e-05,0.231150791049,0.006660874467343,32.66749954224,-0.6361045837402,5907.376464844,5,1,0,0,0.168650791049,0.2083333283663,0.1488095223904,0.4269999861717,0.309475004673,1008,0,0.2281745970249,0.003960836213082
87,0.0,3260,32.59099960327,1.280851006508,8,0.06746032088995,0.1378968209028,0,0.4970238208771,0.005952381063253,0,0.05059523880482,2.112393121934e-05,0.231150791049,0.00920245423913,32.59099960327,-0.6361045837402,10684.6015625,2,3,0,1,0.1716269850731,0.2053571492434,0.1428571492434,0.230499997735,0.3368700146675,1008,0,0.2281745970249,0.004031300079077
88,0.0,3367,33.08399963379,1.285106420517,8,0.07738095521927,0.1577380895615,0,0.3640873134136,0.003968254197389,0,0.04761904850602,2.363084968238e-05,0.2331349253654,0.01217701192945,33.08399963379,-0.6323926448822,5484.94921875,3,1,0,1,0.1805555522442,0.2073412686586,0.1418650746346,0.426499992609,0.3333449959755,1008,0,0.2291666716337,0.004097128286958
89,0.0,3241,32.81999969482,1.303797483444,8,0.07837301492691,0.149801582098,0,1.362103223801,0.007936508394778,0,0.05456349253654,2.613751712488e-05,0.2331349253654,0.01974699087441,32.81999969482,-0.6323926448822,7268.588378906,3,7,0,2,0.1795634925365,0.2053571492434,0.1428571492434,0.8209999799728,0.3692649900913,1008,0,0.2301587313414,0.004179644864053
90,0.0,3979,32.88199996948,1.305785179138,8,0.08035714179277,0.1607142835855,0,0.4831349253654,0.007936508394778,0,0.04464285820723,2.69947850029e-05,0.2351190447807,0.01935159601271,32.88199996948,-0.6287121772766,4951.865722656,1,7,0,6,0.1805555522442,0.2073412686586,0.1408730149269,0.3824999928474,0.3793100118637,1008,0,0.231150791049,0.004246401134878
91,0.0,5034,32.84000015259,1.302040815353,8,0.08531746268272,0.1537698358297,0,0.9027777910233,0.005952381063253,0,0.05753968283534,3.03458491544e-05,0.2400793582201,0.01688518002629,32.84000015259,-0.619645178318,6336.45703125,3,3,0,2,0.1805555522442,0.2033730149269,0.143849208951,0.931500017643,0.3761549890041,1008,0,0.231150791049,0.004322427790612
92,0.0,6592,32.74750137329,1.347490310669,8,0.09027777612209,0.1636904776096,0,1.875992059708,0.02480158768594,0,0.04662698507309,3.19550090353e-05,0.2430555522442,0.02017597109079,32.74750137329,-0.6142944693565,4365.170410156,3,30,0,13,0.1815476119518,0.2033730149269,0.1408730149269,0.6955000162125,0.388110011816,1008,0,0.231150791049,0.004384547472
93,0.0,6160,33.00899887085,1.35249042511,8,0.09027777612209,0.149801582098,0,1.576388955116,0.01388888899237,0,0.04960317537189,3.546490552253e-05,0.2569444477558,0.02288961037993,33.00899887085,-0.5901607871056,7416.120117188,2,4,0,2,0.1884920597076,0.206349208951,0.1448412686586,1.126999974251,0.4258950054646,1008,0,0.231150791049,0.004451301880181
94,0.0,6222,32.78900146484,1.361216783524,8,0.1021825373173,0.1617063432932,0,0.7460317015648,0.009920635260642,0,0.03373016044497,3.682906753966e-05,0.2589285671711,0.02298296429217,32.78900146484,-0.5868200659752,4735.379882812,3,5,0,4,0.1954365074635,0.2073412686586,0.1458333283663,0.9869999885559,0.4351400136948,1008,0,0.231150791049,0.004528256133199
95,0.0,6025,32.44699859619,1.393501758575,9,0.1021825373173,0.1448412686586,0,1.755952358246,0.03472222387791,0,0.04464285820723,3.935733184335e-05,0.2609126865864,0.03385892137885,32.44699859619,-0.5835047960281,8833.5078125,2,28,0,14,0.1934523880482,0.2053571492434,0.149801582098,0.6679999828339,0.4254049956799,1008,0,0.231150791049,0.00459408480674
96,0.0,5606,32.67800140381,1.434163689613,9,0.1110009923577,0.1595639288425,0,1.444995045662,0.02081268467009,0,0.03369672968984,4.083607564098e-05,0.274529248476,0.0379950068891,32.67800140381,-0.5614113807678,4925.579589844,1,17,0,8,0.1902874112129,0.2071357816458,0.149653121829,0.6044999957085,0.3882650136948,1009,0,0.23290386796,0.004687714390457
97,0.0,5747,32.33100128174,1.443661928177,9,0.1149653121829,0.1466798782349,0,0.6451932191849,0.01189296320081,0,0.04459861293435,4.499254646362e-05,0.2784935534,0.04245693236589,32.33100128174,-0.555184841156,7730.719238281,6,7,0,6,0.1962338984013,0.2071357816458,0.148662045598,0.8725000023842,0.422495007515,1009,0,0.2378592640162,0.004770150408149
98,0.0,5400,32.2319984436,1.486666679382,9,0.1179385557771,0.1615460813046,0,1.736372590065,0.08027750253677,0,0.03468780964613,4.607707160176e-05,0.2814668118954,0.05870370194316,32.2319984436,-0.5505728125572,4122.939941406,0,36,0,14,0.1902874112129,0.2140733450651,0.148662045598,1.56200003624,0.4579550027847,1009,0,0.2398414313793,0.004847954958677
99,0.0,5845,32.0805015564,1.493506550789,9,0.1189296320081,0.1456888020039,0,1.249752283096,0.01684836484492,0,0.04063429310918,4.974445619155e-05,0.2973240911961,0.05132592096925,32.0805015564,-0.5267698764801,6584.83984375,1,14,0,7,0.1912784874439,0.2081268578768,0.15064419806,1.21749997139,0.4417699873447,1009,0,0.253716558218,0.005037835333496
100,101.0,7145,32.29100036621,1.516025662422,9,0.1209117919207,0.1575817614794,0,1.031714558601,0.02874132804573,0,0.03369672968984,5.072599742562e-05,0.3052527308464,0.05192442238331,32.29100036621,-0.5153404474258,3927.336669922,0,16,0,9,0.2011892944574,0.213082253933,0.1516352891922,1.072000026703,0.4467200040817,1009,0,0.254707634449,0.005103597883135
101,101.0,6531,32.10599899292,1.540935635567,9,0.1209117919207,0.1476709544659,0,2.442021846771,0.1070366725326,0,0.0396432094276,5.275479270495e-05,0.3092170357704,0.05680600181222,32.10599899292,-0.509736597538,4545.240234375,1,54,0,33,0.1962338984013,0.2239841371775,0.1546085178852,2.150000095367,0.4638450145721,1009,0,0.256689786911,0.005173991434276
102,101.0,7085,32.08449935913,1.55678665638,9,0.1258671879768,0.1555996090174,0,1.009910821915,0.07135777920485,0,0.02775024808943,5.309731932357e-05,0.3389494419098,0.06097389012575,32.08449935913,-0.4698650836945,3029.512939453,1,35,0,22,0.1932606548071,0.23290386796,0.1546085178852,1.590499997139,0.4661949872971,1009,0,0.2705649137497,0.005348126869649
103,101.0,7721,32.11149978638,1.57837831974,10,0.12784935534,0.1466798782349,0,1.421209096909,0.04360753297806,0,0.02973240800202,5.522103674593e-05,0.3577799797058,0.06488797068596,32.11149978638,-0.4463839530945,3120.747558594,0,22,0,10,0.1962338984013,0.233894944191,0.1555996090174,1.465999960899,0.4517700076103,1009,0,0.274529248476,0.00547872716561
104,102.0,7933,32.32699966431,1.657360434532,10,0.1306930631399,0.1554455459118,0,2.665346622467,0.1316831707954,0,0.02475247532129,5.731657438446e-05,0.3663366436958,0.06315391510725,32.32699966431,-0.436119645834,2244.939941406,1,70,0,31,0.197029709816,0.245544552803,0.1564356386662,1.191499948502,0.4478299915791,1010,0,0.2772277295589,0.005540852434933
105,102.0,8895,32.35200119019,1.711217164993,10,0.1306930631399,0.158415839076,0,1.324752449989,0.1178217828274,0,0.02079208008945,5.967738616164e-05,0.3900990188122,0.06093310937285,32.35200119019,-0.4088251590729,1892.332763672,0,64,0,30,0.2009900957346,0.2485148459673,0.1574257463217,1.134999990463,0.4565550088882,1010,0,0.2930693030357,0.005761079955846
106,103.0,9364,32.43600082397,1.72169816494,10,0.1336633712053,0.1663366407156,0,2.027722835541,0.05247524753213,0,0.02178217843175,6.079768718337e-05,0.4148514866829,0.06204613298178,32.43600082397,-0.38210734725,1462.058349609,1,14,0,7,0.1980198025703,0.2633663415909,0.1633663326502,1.932999968529,0.458310008049,1010,0,0.3000000119209,0.005893402267247
107,103.0,9427,32.25749969482,1.781038403511,10,0.1326732635498,0.1643564403057,0,2.829702854156,0.1495049595833,0,0.01980197988451,6.141690391814e-05,0.419801980257,0.06322266161442,32.25749969482,-0.3769555091858,1817.858642578,1,59,0,28,0.1910891085863,0.266336619854,0.1683168262243,1.275500059128,0.4788399934769,1010,0,0.3059405982494,0.006034052930772
108,103.0,9240,32.18199920654,1.796095490456,10,0.1346534639597,0.1772277206182,0,1.585148334503,0.1257425695658,0,0.02277227677405,6.165677768877e-05,0.4386138617992,0.07759740203619,32.18199920654,-0.3579176366329,1387.170898438,2,39,0,21,0.1980198025703,0.289108902216,0.1792079210281,1.697000026703,0.4994150102139,1010,0,0.3356435596943,0.006338488776237
109,103.0,9872,31.87949943542,1.814102530479,10,0.1326732635498,0.1712871342897,0,1.953465342522,0.0663366317749,0,0.02970297075808,6.476355338236e-05,0.4564356505871,0.07546596229076,31.87949943542,-0.3406204581261,1981.222412109,7,21,0,12,0.1980198025703,0.2940593957901,0.1831683218479,3.233500003815,0.5082049965858,1010,0,0.3544554412365,0.006664203014225
110,103.0,11896,31.59350013733,1.830000042915,10,0.1316831707954,0.1861386150122,0,3.01584148407,0.2168316841125,0,0.04752475395799,6.24926542514e-05,0.46336632967,0.06582044064999,31.59350013733,-0.3340755403042,1637.333984375,9,66,0,29,0.197029709816,0.3188118934631,0.1861386150122,3.709000110626,0.5317100286484,1010,0,0.3623762428761,0.006835388485342
111,103.0,12248,31.34000015259,1.85909974575,10,0.1346534639597,0.1940594017506,0,2.902970314026,0.1326732635498,0,0.0455445535481,6.257960194489e-05,0.4950495064259,0.07495101541281,31.34000015259,-0.3053513765335,2071.940673828,10,35,0,18,0.1910891085863,0.3366336524487,0.2009900957346,4.197500228882,0.5595499873161,1010,0,0.3871287107468,0.007259188219905
112,104.6666641235,12905,31.20949935913,1.900970816612,10,0.1297029703856,0.2039603888988,0,2.245544672012,0.1039603948593,0,0.05643564462662,6.014311293256e-05,0.5059406161308,0.07283998280764,31.20949935913,-0.2959004640579,1924.020751953,5,30,0,16,0.1910891085863,0.3524752557278,0.2049504965544,3.581000089645,0.5581499934196,1010,0,0.4118811786175,0.007666331250221
113,104.6666641235,15339,31.4344997406,1.929759740829,10,0.1346534639597,0.2089108973742,0,3.429702997208,0.2663366496563,0,0.06435643881559,5.579247954302e-05,0.5099009871483,0.06740987300873,31.4344997406,-0.2925141453743,3093.359619141,5,65,0,33,0.1980198025703,0.3633663356304,0.2079207897186,1.87399995327,0.5489699840546,1010,0,0.4178217947483,0.007852322421968
114,104.6666641235,16251,31.58499908447,1.96733212471,10,0.1297029703856,0.2425742596388,0,4.474257469177,0.1405940651894,0,0.06039603799582,5.213281110628e-05,0.5356435775757,0.07341086864471,31.58499908447,-0.2711240947247,2204.487304688,16,40,0,17,0.2039603888988,0.3920792043209,0.2227722704411,3.96199965477,0.5420449972153,1010,0,0.4366336762905,0.00825668964535
115,104.6666641235,17229,31.17350006104,2.0,10,0.1297029703856,0.245544552803,0,3.154455423355,0.1821782141924,0,0.08811881393194,4.859649925493e-05,0.545544564724,0.07191363722086,31.17350006104,-0.2631697952747,3502.829589844,10,36,0,16,0.2089108973742,0.4019801914692,0.2297029644251,3.582999944687,0.5665500164032,1010,0,0.454455435276,0.008618495427072
116,104.6666641235,17442,30.99150085449,2.032702207565,10,0.1257425695658,0.2752475142479,0,4.039603710175,0.336633682251,0,0.08118811994791,4.471200736589e-05,0.5544554591179,0.07390207797289,30.99150085449,-0.2561333477497,3168.861572266,14,61,0,30,0.2069306969643,0.419801980257,0.2405940592289,2.34450006485,0.5693749785423,1010,0,0.4603960514069,0.008842424489558
117,104.6666641235,17481,31.54999923706,2.052100896835,11,0.1198019832373,0.291089117527,0,4.492079257965,0.1821782141924,0,0.09900990128517,4.106993947062e-05,0.5752475261688,0.08386247605085,31.54999923706,-0.2401452511549,4149.110839844,15,40,0,23,0.2138613909483,0.4386138617992,0.2693069279194,1.680999994278,0.5405650138855,1010,0,0.4920791983604,0.009307865053415
118,106.7142868042,18791,31.58650016785,2.0775578022,11,0.1246290802956,0.3422354161739,0,3.27596449852,0.2037586569786,0,0.09891197085381,3.912489773938e-05,0.5885261893272,0.08727582544088,31.58650016785,-0.2302342057228,2781.255859375,9,39,0,19,0.2245301753283,0.4559841752052,0.2838773429394,2.68799996376,0.5493549704552,1011,0,0.5024728178978,0.009693382307887
119,106.7142868042,19146,31.15449905396,2.088050365448,11,0.1216617226601,0.3323442041874,0,4.710187911987,0.3956478834152,0,0.1256182044744,3.722829933395e-05,0.5994065403938,0.08654548972845,31.15449905396,-0.2222785204649,5234.768554688,21,69,0,38,0.2423343211412,0.4737883210182,0.2967359125614,2.809000015259,0.5667549967766,1011,0,0.5074183940887,0.01001507695764
120,106.7142868042,20870,31.31649971008,2.116743564606,12,0.1384767591953,0.3679525256157,0,4.697329521179,0.3105835616589,0,0.1196834817529,3.692846075865e-05,0.6290801167488,0.08505031466484,31.31649971008,-0.2012940496206,5111.535644531,31,50,0,24,0.2344213724136,0.487635999918,0.3283877372742,2.188999891281,0.5596600174904,1011,0,0.5331355333328,0.01055586244911
121,106.7142868042,24240,31.21150016785,2.137931108475,12,0.1324110627174,0.372529655695,0,4.645256996155,0.2737154364586,0,0.1462450623512,3.810138514382e-05,0.6432806253433,0.0831683203578,31.21150016785,-0.1915995329618,6752.363769531,19,48,2,23,0.2440711408854,0.4930830001831,0.3498023748398,2.512000083923,0.5648949742317,1012,0,0.5424901247025,0.01106166467071
122,108.75,27986,31.46850013733,2.175695419312,12,0.1422924846411,0.3863636255264,0,6.85869550705,0.4486165940762,0,0.1610671877861,3.765813744394e-05,0.6590909361839,0.07528764754534,31.46850013733,-0.1810546666384,8514.186523438,21,61,0,27,0.25,0.515810251236,0.3626482188702,3.059499979019,0.5610600113869,1012,0,0.5513833761215,0.01155942957848
123,108.75,33316,31.28499984741,2.205714225769,12,0.1462450623512,0.4110671877861,0,7.241106987,0.4249011874199,0,0.1966403126717,3.775898221647e-05,0.6749011874199,0.06417337059975,31.28499984741,-0.1707598119974,9110.733398438,39,58,0,26,0.2727272808552,0.5306324362755,0.3794466257095,3.718499898911,0.5759549736977,1012,0,0.5721343755722,0.0121190669015
124,110.555557251,36365,30.90850067139,2.238826751709,12,0.1521739065647,0.4288537502289,0,8.20948600769,0.3389328122139,0,0.1976284533739,3.680163717945e-05,0.6916996240616,0.06192767620087,30.90850067139,-0.1600824743509,9849.482421875,19,60,1,31,0.2786561250687,0.5444663763046,0.3913043439388,4.181000232697,0.5886300206184,1012,0,0.5849802494049,0.01267408765852
125,110.555557251,33747,30.67399978638,2.25648021698,12,0.1501976251602,0.4486165940762,0,8.821146011353,0.4752964377403,0,0.2183794528246,3.559215474525e-05,0.7075098752975,0.06625774502754,30.67399978638,-0.1502674967051,11106.39257812,17,51,0,20,0.2924901247025,0.5602766871452,0.4120553433895,2.385999917984,0.5974500179291,1012,0,0.5968379378319,0.01314969081432
126,112.1999969482,33937,30.95100021362,2.282258033752,12,0.1739130467176,0.4772727191448,0,5.797430992126,0.4802371561527,0,0.2164031565189,3.611107604229e-05,0.7243083119392,0.06703598052263,30.95100021362,-0.1400765329599,10186.3671875,17,45,0,25,0.3211462497711,0.5750988125801,0.4318181872368,1.692000031471,0.5834149718285,1012,0,0.6264821887016,0.01373703870922
127,112.1999969482,36939,30.87999916077,2.287978887558,12,0.1768774688244,0.4782608747482,0,8.11067199707,0.351778626442,0,0.2213438749313,3.86573265132e-05,0.7351778745651,0.06443054974079,30.87999916077,-0.1336075812578,13522.32617188,22,34,0,14,0.3428853750229,0.5948616862297,0.4476284682751,2.547499895096,0.5889850258827,1012,0,0.6413043737411,0.01435116771609
128,112.1999969482,38889,30.98150062561,2.302477121353,12,0.1837944686413,0.507905125618,0,10.41996097565,0.4861660003662,0,0.2302371561527,3.991287303506e-05,0.7480236887932,0.06374552845955,30.98150062561,-0.1260846555233,12107.92089844,22,34,0,19,0.3537549376488,0.6077075004578,0.4604743123055,2.421999931335,0.5840150117874,1012,0,0.6571146249771,0.01482861395925
129,112.1999969482,39581,30.9109992981,2.334193468094,12,0.2065217345953,0.5207509994507,0,7.734189987183,0.5059288740158,0,0.2282608747482,4.794078995474e-05,0.757905125618,0.06803769618273,30.9109992981,-0.1203851550817,13251.51367188,25,43,1,21,0.3824110627174,0.6274703741074,0.4792490005493,3.62700009346,0.5881850123405,1012,0,0.6739130616188,0.01545752026141
130,118.75,39001,30.46850013733,2.370512723923,12,0.2262845784426,0.5434782505035,0,8.608695030212,0.4337944686413,0,0.2480237185955,5.13819650223e-05,0.765810251236,0.07599805295467,30.46850013733,-0.1158788278699,12326.4453125,8,41,0,19,0.3843873441219,0.6462450623512,0.4970355629921,2.250999927521,0.6035199761391,1012,0,0.6907114386559,0.01612059213221
131,118.75,40395,30.7110004425,2.407877922058,12,0.231225296855,0.5454545617104,0,9.848814964294,0.5839921236038,0,0.2411067187786,5.68690666114e-05,0.7707509994507,0.07986136525869,30.7110004425,-0.1130859106779,14926.85351562,20,46,0,21,0.4061264693737,0.6620553135872,0.5108695626259,2.755500078201,0.5876449942589,1012,0,0.7065217494965,0.01675318926573
132,123.5,42731,30.63349914551,2.421717166901,13,0.2598814368248,0.578063249588,0,8.769762039185,0.6353754997253,0,0.253952562809,6.182955257827e-05,0.7776679992676,0.0815567150712,30.63349914551,-0.1092057749629,12441.92773438,22,27,0,13,0.4169960618019,0.6808300614357,0.5286561250687,2.513000011444,0.5941050052643,1012,0,0.7233201861382,0.01736823841929
133,123.5,43954,30.41650009155,2.444862127304,13,0.2892398834229,0.5834155678749,0,10.14610004425,0.5923000574112,0,0.2507403790951,6.817821849836e-05,0.7818361520767,0.07312189787626,30.41650009155,-0.1068842560053,13677.76953125,20,33,0,13,0.4412635862827,0.6949654221535,0.5419545769691,2.243999958038,0.6007850170135,1013,0,0.7334649562836,0.01800336316228
134,125.1818161011,46390,30.28300094604,2.463535308838,14,0.3119447231293,0.6100690960884,0,10.50345516205,0.7334649562836,0,0.2507403790951,7.518765778514e-05,0.7877591252327,0.0691743940115,30.28300094604,-0.1036065593362,12897.77832031,16,42,0,24,0.4600197374821,0.7058242559433,0.5587364435196,3.095999956131,0.6053349971771,1013,0,0.7462981343269,0.01856061629951
135,125.1818161011,48615,30.16699981689,2.495085954666,14,0.3323471546173,0.6282051205635,0,10.42800712585,0.6390532851219,0,0.2692307829857,8.297325985041e-05,0.7978304028511,0.06946415454149,30.16699981689,-0.09808941930532,12612.67089844,22,38,0,22,0.472386598587,0.7209072709084,0.5857987999916,2.387000083923,0.616289973259,1014,0,0.7554240822792,0.01914601400495
136,127.0,49617,30.26799964905,2.509135246277,15,0.3431952595711,0.6449704170227,0,11.58579826355,0.6785010099411,0,0.2928993999958,8.954347867984e-05,0.8027613162994,0.07328133285046,30.26799964905,-0.09541356563568,13786.21582031,11,29,0,12,0.4832347035408,0.7297830581665,0.6045364737511,3.638000011444,0.6157900094986,1014,0,0.7633135914803,0.01986032165587
137,127.0,52173,30.27799987793,2.533172607422,16,0.3517241477966,0.6600984930992,0,11.2256155014,0.8423645496368,0,0.3054187297821,9.27853398025e-05,0.8088669776917,0.07130124419928,30.27799987793,-0.09212289750576,13804.95117188,20,40,1,17,0.4965517222881,0.744827568531,0.6226601004601,2.673000097275,0.6194949746132,1015,0,0.7674877047539,0.02050463482738
138,128.0909118652,53300,30.53100013733,2.53507733345,16,0.3858267664909,0.6771653294563,0,12.07775592804,0.7509842514992,0,0.3415354192257,9.870278881863e-05,0.8159449100494,0.07307692617178,30.53100013733,-0.0883391648531,15252.57324219,29,33,0,22,0.5108267664909,0.7470472455025,0.6387795209885,2.901499986649,0.6091200113297,1016,0,0.7736220359802,0.02130956947803
139,128.0909118652,52803,30.32799911499,2.539089918137,16,0.3956692814827,0.6860235929489,0,12.18897628784,0.8208661079407,0,0.3385826647282,0.0001019545597956,0.8277559280396,0.07920004427433,30.32799911499,-0.08209770172834,15973.54199219,20,44,0,26,0.5364173054695,0.7559055089951,0.6574802994728,2.584000110626,0.6136199831963,1016,0,0.7785432934761,0.02198659256101
140,131.5333404541,53683,30.50149917603,2.550808429718,16,0.4153543412685,0.7076771855354,0,11.13090610504,0.9940944910049,0,0.3474409580231,0.0001074356914614,0.8435039520264,0.08125477284193,30.50149917603,-0.07391288131475,16262.14355469,14,37,0,23,0.5452755689621,0.7677165269852,0.6761810779572,2.587500095367,0.604984998703,1016,0,0.7814960479736,0.02275558374822
141,131.5333404541,53219,30.36300086975,2.574052810669,16,0.4409448802471,0.710629940033,0,12.58169269562,0.9094488024712,0,0.3464567065239,0.0001114408078138,0.852362215519,0.08741238713264,30.36300086975,-0.06937581300735,16925.63671875,22,33,0,16,0.5718504190445,0.7736220359802,0.6889764070511,2.490999937057,0.6157299876213,1016,0,0.7942913174629,0.02351355366409
142,132.8571472168,55513,30.29500007629,2.601598262787,16,0.445866137743,0.7204724550247,0,11.9862203598,1.014763832092,0,0.3494094610214,0.0001224592124345,0.8572834730148,0.08848378062248,30.29500007629,-0.06687555462122,18514.83007812,24,37,0,19,0.5895669460297,0.7795275449753,0.699803173542,2.19000005722,0.6163449883461,1016,0,0.7992125749588,0.02424577064812
143,132.8571472168,56045,30.38999938965,2.619047641754,16,0.4645669162273,0.727362215519,0,12.81496047974,1.102362155914,0,0.3228346407413,0.0001259457494598,0.8622047305107,0.09258631616831,30.38999938965,-0.06438960134983,17146.90039062,16,31,0,12,0.6062992215157,0.7854330539703,0.7125984430313,2.480499982834,0.6127099990845,1016,0,0.806102335453,0.02491635084152
144,135.555557251,56893,30.19099998474,2.6320540905,16,0.4911417365074,0.7372047305107,0,12.94881820679,1.055118203163,0,0.3395669162273,0.0001436244201614,0.8681102395058,0.09904557466507,30.19099998474,-0.06142511963844,17293.75195312,17,26,0,13,0.6092519760132,0.7933070659637,0.7263779640198,2.464999914169,0.6184750199318,1016,0,0.8139764070511,0.02552346326411
145,135.555557251,57879,29.79150009155,2.638702392578,16,0.5019685029984,0.7362204790115,0,12.40944862366,1.274606347084,0,0.2883858382702,0.0001452729047742,0.8720472455025,0.1033362671733,29.79150009155,-0.05945998802781,16905.53515625,8,27,0,14,0.6348425149918,0.8021653294563,0.733267724514,3.751499891281,0.6376799941063,1016,0,0.8257874250412,0.02615172602236
146,136.6999969482,58566,29.82999992371,2.655518293381,16,0.516732275486,0.7480314970016,0,13.31594467163,1.32775592804,0,0.3011811077595,0.0001625611475902,0.8799212574959,0.1084417551756,29.82999992371,-0.05555619299412,15808.265625,19,25,1,12,0.6525590419769,0.8120078444481,0.7401574850082,4.133999824524,0.6375650167465,1016,0,0.8395669460297,0.02684806473553
147,136.6999969482,60126,29.58049964905,2.672949075699,16,0.5442913174629,0.7578740119934,0,13.36909484863,1.342519640923,0,0.3031496107578,0.0001662435388425,0.8828740119934,0.1120147705078,29.58049964905,-0.05410126596689,14138.16308594,10,29,0,15,0.6712598204613,0.824803173542,0.75,2.804500102997,0.6392750144005,1016,0,0.8484252095222,0.02750484272838
148,138.7142791748,61255,29.50849914551,2.698781728745,16,0.556102335453,0.7677165269852,0,13.36318874359,1.486220479012,0,0.2962598502636,0.0001743714528857,0.8877952694893,0.1157946288586,29.50849914551,-0.05168717354536,13206.3359375,10,28,0,16,0.6860235929489,0.8346456885338,0.7559055089951,3.677999973297,0.6491450071335,1016,0,0.8533464670181,0.02815702185035
149,138.7142791748,63428,29.4015007019,2.710033178329,16,0.5826771855354,0.766732275486,0,14.07775592804,1.490157485008,0,0.3090551197529,0.0001895367458928,0.8887795209885,0.1190010756254,29.4015007019,-0.05120595917106,12816.88867188,6,21,0,14,0.6958661675453,0.8375984430313,0.7696850299835,4.922500133514,0.6550999879837,1016,0,0.858267724514,0.02878896519542
150,140.6799926758,58669,29.26250076294,2.713033914566,16,0.5974409580231,0.7755905389786,0,14.60728359222,1.574803233147,0,0.2834645807743,0.0001953528990271,0.8927165269852,0.1352332532406,29.26250076294,-0.04928642511368,11436.4140625,9,23,0,12,0.7086614370346,0.8543307185173,0.7795275449753,4.643000125885,0.6614400148392,1016,0,0.8631889820099,0.02942734956741
151,140.6799926758,58794,29.28499984741,2.730349302292,16,0.6220472455025,0.7844488024712,0,10.77066898346,1.679133892059,0,0.2962598502636,0.000212256971281,0.8986220359802,0.1420893222094,29.28499984741,-0.04642293602228,10370.00292969,8,24,0,10,0.7234252095222,0.8543307185173,0.7824802994728,2.849999904633,0.6550049781799,1016,0,0.8681102395058,0.03003904782236
152,142.3076934814,59536,29.51749992371,2.741022825241,16,0.6348425149918,0.7952755689621,0,13.81496143341,1.79724407196,0,0.2696850299835,0.0002138610143447,0.9015747904778,0.1478433161974,29.51749992371,-0.04499823972583,9027.28125,18,20,0,10,0.7322834730148,0.8592519760132,0.7874015569687,3.210000038147,0.6417449712753,1016,0,0.8759842514992,0.03062959201634
153,141.0740814209,59166,29.00250053406,2.737864017487,16,0.6545275449753,0.7962598204613,0,14.80019664764,1.826771616936,0,0.2706692814827,0.0002303167711943,0.9045275449753,0.1568975448608,29.00250053406,-0.04357820376754,8979.83203125,6,20,1,10,0.7431102395058,0.8700787425041,0.7982283234596,4.194499969482,0.6684899926186,1016,0,0.8799212574959,0.0312155354768
154,142.6428527832,60046,28.86149978638,2.747052431107,16,0.6614173054695,0.8070865869522,0,11.2224407196,2.030511856079,0,0.2834645807743,0.0002330479765078,0.9124015569687,0.1643906384706,28.86149978638,-0.03981398418546,8663.322265625,5,27,2,13,0.7450787425041,0.8740157485008,0.8149606585503,4.467000007629,0.6689450144768,1016,0,0.8848425149918,0.03192381933331
155,141.2068939209,60050,28.96649932861,2.756929636002,18,0.6781495809555,0.8080708384514,0,14.17224407196,2.196850299835,0,0.2746062874794,0.000244865543209,0.9183070659637,0.1503247320652,28.96649932861,-0.03701207414269,8827.908203125,10,24,0,12,0.75,0.8690944910049,0.824803173542,4.401500225067,0.6702449917793,1016,0,0.8868110179901,0.03258981928229
156,142.2413787842,59782,28.61949920654,2.764080762863,18,0.6836935281754,0.8113948702812,0,14.53536319733,1.457760334015,0,0.2966601252556,0.0002389611763647,0.9214145541191,0.1604998111725,28.61949920654,-0.03554493188858,9114.122070312,10,16,0,7,0.7632613182068,0.8801571726799,0.8320235610008,6.15700006485,0.6841350197792,1018,0,0.8889980316162,0.03322536125779
157,140.6000061035,60160,28.8390007019,2.762963056564,18,0.6954813599586,0.8143418431282,0,11.51473426819,1.566797614098,0,0.3005893826485,0.0002382799284533,0.9243614673615,0.1677692830563,28.8390007019,-0.03415816649795,9153.267578125,18,11,0,8,0.7691552042961,0.8831041455269,0.8369351625443,3.578500032425,0.6815850138664,1018,0,0.8948919177055,0.03388543426991
158,141.75,60283,28.79949951172,2.775898456573,18,0.701375246048,0.8163064718246,0,14.18664073944,1.666011810303,0,0.3064832985401,0.0002411295135971,0.928290784359,0.1766501367092,28.79949951172,-0.03231596201658,9449.373046875,13,17,0,8,0.7750490903854,0.8870334029198,0.8418467640877,3.473500013351,0.6891350150108,1018,0,0.8978388905525,0.03457123413682
159,140.8787841797,62674,28.79299926758,2.791754722595,18,0.7072691321373,0.8320235610008,0,14.5481338501,1.770137548447,0,0.2897838950157,0.000233980405028,0.9292730689049,0.1784312427044,28.79299926758,-0.03185664862394,8051.772949219,9,16,0,10,0.7917485237122,0.8939096331596,0.847740650177,4.138000011444,0.6807850003242,1018,0,0.9017681479454,0.03517623618245
160,143.388885498,65184,28.39749908447,2.791579008102,19,0.7111984491348,0.8330059051514,0,13.40962696075,1.819253444672,0,0.2642436027527,0.0002468724851497,0.9292730689049,0.1716678887606,28.39749908447,-0.03185664862394,7955.857421875,6,15,0,6,0.795677781105,0.8929272890091,0.8526522517204,3.175499916077,0.7022349834442,1018,0,0.9096267223358,0.03573075309396
161,143.388885498,60283,28.44899940491,2.789968729019,19,0.7124632000923,0.8253189325333,0,15.6928358078,2.000981330872,0,0.2394504398108,0.0002461010590196,0.9322865605354,0.1907005310059,28.44899940491,-0.03045057691634,7470.857421875,6,18,0,8,0.7968596816063,0.9067713618279,0.8596663475037,3.611500024796,0.6932950019836,1019,0,0.915603518486,0.03628726303577
162,145.2424316406,61380,28.73349952698,2.793139219284,19,0.7281648516655,0.8380765318871,0,11.6722278595,2.055937290192,0,0.2541707456112,0.0002574713435024,0.9391560554504,0.1944444477558,28.73349952698,-0.02726223878562,6544.977539062,11,18,0,7,0.8086358904839,0.9057899713516,0.8635917305946,2.418499946594,0.6718999743462,1019,0,0.9205102920532,0.03687699139118
163,145.2424316406,61240,28.74600028992,2.808930397034,19,0.7311089038849,0.8341511487961,0,13.93326759338,1.818449497223,0,0.2208047062159,0.0002568337367848,0.9440628290176,0.195362508297,28.74600028992,-0.02499910257757,5904.160644531,5,18,0,5,0.8223748803139,0.9116781353951,0.8684985041618,2.837500095367,0.6794049739838,1019,0,0.9234543442726,0.03738693147898
164,145.8235321045,63862,28.48349952698,2.81075501442,19,0.7281648516655,0.8420019745827,0,15.20902824402,2.105005025864,0,0.2227674126625,0.0002648519002832,0.9450441598892,0.1906611174345,28.48349952698,-0.02454789727926,5404.034667969,8,14,0,8,0.8282629847527,0.9205102920532,0.8743866682053,3.543999910355,0.69457000494,1019,0,0.9273797869682,0.03791246935725
165,145.8235321045,66471,28.76499938965,2.817525863647,19,0.7330716252327,0.8380765318871,0,13.82924461365,2.27870464325,0,0.2237487733364,0.0002624819753692,0.9489696025848,0.1865776032209,28.76499938965,-0.0227476991713,5115.183105469,4,15,0,9,0.8370952010155,0.922473013401,0.8783120512962,3.141499996185,0.6780549883842,1019,0,0.9283611178398,0.03844809159636
166,146.0810852051,66368,28.70800018311,2.825102806091,19,0.7399411201477,0.8459273576736,0,15.45927429199,1.908733963966,0,0.2257114797831,0.0002605860063341,0.9519136548042,0.1854056119919,28.70800018311,-0.02140244469047,4685.176757812,8,16,0,11,0.8498528003693,0.9254170656204,0.8842002153397,2.643500089645,0.6809449791908,1019,0,0.9283611178398,0.03896078839898
167,146.0810852051,66905,28.48150062561,2.83264875412,19,0.7389597892761,0.8527968525887,0,15.04514217377,2.221786022186,0,0.2217860668898,0.0002590229851194,0.953876376152,0.1850982755423,28.48150062561,-0.0205079074949,4194.229980469,6,13,0,7,0.8488714694977,0.9273797869682,0.8832188248634,4.6890001297,0.6933900117874,1019,0,0.9322865605354,0.03943679481745
168,145.3589782715,68822,28.55200004578,2.831632614136,19,0.7369970679283,0.8577036261559,0,14.17075538635,2.326790809631,0,0.2158979326487,0.0002624803164508,0.9558390378952,0.1811048835516,28.55200004578,-0.01961523666978,3811.928955078,8,19,1,10,0.8616290688515,0.9273797869682,0.8881255984306,2.168499946594,0.685790002346,1019,0,0.9391560554504,0.03991189226508
169,143.8780517578,70851,28.44549942017,2.836901187897,19,0.7369970679283,0.8577036261559,0,16.49754714966,1.867517232895,0,0.2070657461882,0.0002682112681214,0.9617272019386,0.1761301904917,28.44549942017,-0.01694810017943,3626.806884766,8,10,0,6,0.8616290688515,0.933267891407,0.8959764242172,2.500999927521,0.6773200035095,1019,0,0.9440628290176,0.04041633009911
170,145.1000061035,72693,28.31649971008,2.839103937149,19,0.7399411201477,0.8694798946381,0,16.35917663574,2.202158927917,0,0.2041216939688,0.000271206634352,0.9627085328102,0.1738544255495,28.31649971008,-0.01650517806411,3278.475341797,4,8,0,4,0.8655544519424,0.933267891407,0.9038273096085,4.738500118256,0.6924449801445,1019,0,0.9450441598892,0.04090793430805
171,143.6190490723,76812,28.17499923706,2.843654870987,19,0.7271835207939,0.8606476783752,0,15.65456390381,2.327772140503,0,0.1982335597277,0.0002730714040808,0.9636898636818,0.1594021767378,28.17499923706,-0.0160627104342,3171.22265625,6,15,0,9,0.8724239468575,0.9391560554504,0.9077526926994,4.082499980927,0.6975499987602,1019,0,0.9489696025848,0.04138394445181
172,144.3333282471,77882,28.14800071716,2.848731040955,20,0.7301275730133,0.8684985041618,0,18.94111824036,1.87046122551,0,0.2011776268482,0.0002709583786782,0.9666339755058,0.1570837944746,28.14800071716,-0.01473794505,2926.9609375,7,8,0,5,0.8822374939919,0.9440628290176,0.9116781353951,5.921999931335,0.6992400288582,1019,0,0.9519136548042,0.04189663380384
173,142.2083282471,79476,28.06649971008,2.855837583542,20,0.7333333492279,0.8696078658104,0,17.19804000854,2.272549152374,0,0.1931372582912,0.0002714304137044,0.9656862616539,0.1539206802845,28.06649971008,-0.01516394689679,2655.232177734,7,10,0,6,0.8813725709915,0.9460784196854,0.9127451181412,4.30999994278,0.7029899954796,1020,0,0.9529411792755,0.04226697608829
174,144.0612182617,79163,27.79500007629,2.862944126129,20,0.7264705896378,0.8686274290085,0,16.8921585083,2.122548818588,0,0.1950980424881,0.0002688737877179,0.9656862616539,0.1521038860083,27.79500007629,-0.01516394689679,2592.172119141,5,12,0,6,0.8862745165825,0.9490196108818,0.9127451181412,5.978000164032,0.7206950187683,1020,0,0.95490193367,0.04271503165364
175,144.0612182617,80099,27.78400039673,2.866125822067,20,0.7264705896378,0.8676470518112,0,18.51470565796,1.937254905701,0,0.1735294163227,0.0002629764203448,0.9656862616539,0.1510755419731,27.78400039673,-0.01516394689679,2285.033935547,4,6,0,3,0.8901960849762,0.9529411792755,0.9137254953384,5.489999771118,0.7213150262833,1020,0,0.9607843160629,0.04316400364041
176,145.3921508789,80807,27.64999961853,2.868287801743,20,0.7205882072449,0.8637254834175,0,17.86960792542,2.256862640381,0,0.1823529452085,0.000261665758444,0.9666666388512,0.1473387181759,27.64999961853,-0.01472326926887,2332.043945312,4,9,0,6,0.8960784077644,0.95490193367,0.915686249733,4.815499782562,0.7232999801636,1020,0,0.9617646932602,0.04357448220253
177,144.7307739258,80728,27.55699920654,2.87234044075,20,0.7176470756531,0.8676470518112,0,17.55294036865,2.08725476265,0,0.1539215743542,0.0002546097384766,0.9676470756531,0.1448567956686,27.55699920654,-0.01428301166743,2041.290405273,2,5,0,3,0.8950980305672,0.9539215564728,0.9225490093231,3.821500062943,0.7257300019264,1020,0,0.9627450704575,0.04396298900247
178,144.5384674072,81168,27.88599967957,2.875380039215,20,0.7068627476692,0.8696078658104,0,18.35490036011,1.967647075653,0,0.1607843190432,0.0002535989915486,0.9676470756531,0.1328479200602,27.88599967957,-0.01428301166743,1946.415527344,5,5,0,2,0.9049019813538,0.9578431248665,0.9235293865204,4.175000190735,0.7085450291634,1020,0,0.9656862616539,0.04440004751086
179,143.9433898926,82097,27.68099975586,2.879554748535,20,0.7029411792755,0.8637254834175,0,18.20980453491,2.158823490143,0,0.1637254953384,0.0002510619233362,0.9676470756531,0.1312106400728,27.68099975586,-0.01428301166743,1822.610595703,5,8,0,6,0.9068627357483,0.9637255072594,0.9254902005196,5.611000061035,0.7231150269508,1020,0,0.9656862616539,0.04478396475315
180,144.1199951172,76129,27.48749923706,2.880687475204,20,0.6950980424881,0.8686274290085,0,18.05784225464,1.97941172123,0,0.149019613862,0.0002497525711078,0.9686274528503,0.1400386244059,27.48749923706,-0.01384322717786,1689.823242188,8,5,0,2,0.9166666865349,0.9598039388657,0.9264705777168,4.934000015259,0.731694996357,1020,0,0.9656862616539,0.04516422003508
181,142.9615325928,76462,27.24150085449,2.883720874786,20,0.6950980424881,0.8794117569923,0,14.78137302399,1.959803938866,0,0.1500000059605,0.000248840515269,0.9696078300476,0.1378200948238,27.24150085449,-0.01340388692915,1507.048339844,6,5,0,3,0.9068627357483,0.9617646932602,0.9294117689133,6.878499984741,0.7471600174904,1020,0,0.9656862616539,0.04554355889559
182,144.3333282471,76245,27.21299934387,2.882828235626,20,0.6852940917015,0.8803921341896,0,17.92745018005,2.084313631058,0,0.1411764770746,0.0002457569935359,0.9696078300476,0.1389730423689,27.21299934387,-0.01340388692915,1422.299560547,4,6,0,3,0.9215686321259,0.9617646932602,0.9303921461105,6.77899980545,0.7442200183868,1020,0,0.9666666388512,0.04595129936934
183,144.592590332,78533,27.3034992218,2.886868715286,20,0.6764705777168,0.8921568393707,0,17.81568527222,1.837254881859,0,0.1352941244841,0.0002427588478895,0.9705882072449,0.1343129575253,27.3034992218,-0.01296498999,1273.243041992,4,5,0,3,0.9205882549286,0.9637255072594,0.9294117689133,6.521500110626,0.7400299906731,1020,0,0.9676470756531,0.04635079205036
184,144.2363586426,77783,27.0,2.887878894806,20,0.6647058725357,0.883333325386,0,16.6784324646,2.019607782364,0,0.1313725560904,0.0002369850408286,0.9705882072449,0.1327925175428,27.0,-0.01296498999,1273.067016602,5,4,0,3,0.9225490093231,0.9637255072594,0.9303921461105,5.506999969482,0.7612800002098,1020,0,0.9676470756531,0.0467172935605
185,143.0,78359,26.92749977112,2.887991905212,20,0.660784304142,0.8686274290085,0,17.36372566223,1.967647075653,0,0.1343137323856,0.0002400263911113,0.9705882072449,0.1297872662544,26.92749977112,-0.01296498999,1261.144897461,8,6,0,5,0.9264705777168,0.9637255072594,0.9343137145042,6.435500144958,0.7659100294113,1020,0,0.9676470756531,0.04708563536406
186,145.0,80540,26.91550064087,2.893037319183,20,0.6392157077789,0.883333325386,0,18.19215774536,1.83333337307,0,0.1303921639919,0.0002325429522898,0.9715686440468,0.1241494938731,26.91550064087,-0.01252651028335,1154.391479492,4,8,0,6,0.928431391716,0.9617646932602,0.9362745285034,4.230999946594,0.765055000782,1020,0,0.9686274528503,0.04743656516075
187,145.7796630859,81822,26.8689994812,2.894153118134,20,0.6264705657959,0.8637254834175,0,18.19313621521,1.994117617607,0,0.1205882355571,0.0002302113134647,0.9715686440468,0.1190755516291,26.8689994812,-0.01252651028335,1194.568481445,8,5,0,2,0.9254902005196,0.9666666388512,0.9372549057007,5.758500099182,0.7635599970818,1020,0,0.9696078300476,0.04774168878794
188,146.7966156006,84793,26.91049957275,2.899193525314,21,0.6068627238274,0.8705882430077,0,18.34901809692,1.900980353355,0,0.1235294118524,0.0002233952982351,0.972549021244,0.1112591847777,26.91049957275,-0.01208849903196,1073.782592773,2,7,0,5,0.9362745285034,0.9647058844566,0.9362745285034,4.817999839783,0.7622249722481,1020,0,0.9696078300476,0.04808162152767
189,146.6666717529,86043,26.95800018311,2.902316331863,21,0.593535721302,0.8609206676483,0,19.94025421143,1.72967684269,0,0.1145935356617,0.0002185439225286,0.9715964794159,0.1079808920622,26.95800018311,-0.01251406781375,1039.788452148,5,8,0,3,0.9343780875206,0.9647404551506,0.9324191808701,6.748000144958,0.7623199820518,1021,0,0.96963763237,0.04835674166679
190,147.1355895996,89671,26.71349906921,2.902316331863,21,0.5798236727715,0.8687561154366,0,19.11557197571,1.789422154427,0,0.1047992184758,0.0002156817063224,0.9725759029388,0.1012032851577,26.71349906921,-0.0120764952153,932.068359375,6,3,0,1,0.9363369345665,0.9647404551506,0.9304603338242,5.192500114441,0.7714999914169,1021,0,0.96963763237,0.04865057766438
191,146.737701416,83172,26.73699951172,2.902414560318,21,0.5729677081108,0.884427011013,0,20.56611251831,1.715964794159,0,0.1126346737146,0.0002096132084262,0.9725759029388,0.1047708392143,26.73699951172,-0.0120764952153,811.5151977539,2,5,0,2,0.9422135353088,0.9647404551506,0.9294809103012,6.530000209808,0.7665749788284,1021,0,0.96963763237,0.04897187650204
192,147.2295074463,85291,26.66550064087,2.901606321335,22,0.5661116838455,0.8667972683907,0,15.9618024826,1.63173353672,0,0.09794319421053,0.0002082806167891,0.9735553264618,0.09935397654772,26.66550064087,-0.01163936313242,793.8784790039,3,6,0,3,0.9343780875206,0.9686581492424,0.9294809103012,5.959499835968,0.772175014019,1021,0,0.9706170558929,0.04922269284725
193,147.2295074463,86660,26.95249938965,2.904618501663,22,0.5567514896393,0.8600782752037,0,20.06360054016,1.594911932945,0,0.09295499324799,0.0002003396075452,0.9745596647263,0.09528040885925,26.95249938965,-0.01119156740606,762.6613769531,1,3,0,1,0.9393346309662,0.9628180265427,0.9227005839348,5.262499809265,0.766470015049,1022,0,0.9696673154831,0.04946076124907
194,148.0625,87238,26.84000015259,2.9056224823,22,0.5430528521538,0.8600782752037,0,21.36986351013,1.599804401398,0,0.08121331036091,0.0001984496921068,0.9745596647263,0.09139365702868,26.84000015259,-0.01119156740606,685.0069580078,2,5,1,3,0.9412915706635,0.9647749662399,0.9178082346916,6.453000068665,0.7790650129318,1022,0,0.9706457853317,0.04971132799983
195,147.2352905273,86870,26.34950065613,2.906626462936,22,0.538160443306,0.8669275641441,0,16.91878700256,1.440313100815,0,0.08610567450523,0.0001905054086819,0.9745596647263,0.08418326079845,26.34950065613,-0.01119156740606,632.852722168,3,5,1,1,0.934442281723,0.9637964963913,0.9158512949944,7.223499774933,0.8082399964333,1022,0,0.9706457853317,0.04999390244484
196,147.9090881348,89487,26.38800048828,2.909638643265,22,0.5332680940628,0.8395303487778,0,19.64872741699,1.422700643539,0,0.08708415180445,0.0001876518217614,0.9745596647263,0.07872652262449,26.38800048828,-0.01119156740606,615.4608764648,2,4,0,2,0.9393346309662,0.9628180265427,0.9090019464493,8.503999710083,0.8023300170898,1022,0,0.9716242551804,0.05026368051767
197,147.1999969482,90464,26.23200035095,2.911646604538,22,0.5215263962746,0.8424657583237,0,22.40313148499,1.472602844238,0,0.07827788591385,0.0001839069009293,0.9745596647263,0.07506853342056,26.23200035095,-0.01119156740606,594.6116333008,0,6,0,4,0.9403131008148,0.9628180265427,0.907045006752,9.904500007629,0.804014980793,1022,0,0.9716242551804,0.05051333084702
198,147.7761230469,94994,26.17000007629,2.913654565811,22,0.5195694565773,0.8356164097786,0,18.32191848755,1.30234837532,0,0.07338552176952,0.0001804971398087,0.9745596647263,0.06924647837877,26.17000007629,-0.01119156740606,552.5309448242,3,2,0,1,0.9383561611176,0.9667319059372,0.9021526575089,7.137000083923,0.8042799830437,1022,0,0.972602725029,0.05075566470623
199,147.5373077393,97654,26.23150062561,2.912650585175,22,0.4980430603027,0.8189823627472,0,22.17221069336,1.265166401863,0,0.07729941606522,0.000180292481673,0.9745596647263,0.06533270329237,26.23150062561,-0.01119156740606,569.0782470703,4,1,0,0,0.9383561611176,0.9657534360886,0.8913894295692,7.744999885559,0.8039349913597,1022,0,0.9745596647263,0.05104463547468
200,145.3880615234,100572,26.07399940491,2.910732269287,22,0.4960860908031,0.8160469532013,0,23.58708381653,1.296477437019,0,0.06849315017462,0.0001744637411321,0.9745596647263,0.06200532987714,26.07399940491,-0.01119156740606,517.0114135742,5,4,0,4,0.9354207515717,0.9589040875435,0.8884540200233,10.21049976349,0.8150699734688,1022,0,0.9745596647263,0.05126320198178
201,146.3538513184,103270,25.9314994812,2.913741111755,22,0.4696673154831,0.8219178318977,0,20.92172241211,1.214285731316,0,0.06555773317814,0.0001695065002423,0.9755381345749,0.05910719558597,25.9314994812,-0.01075574941933,506.7840881348,1,3,0,2,0.9412915706635,0.9598825573921,0.8835616707802,7.232999801636,0.8174899816513,1022,0,0.9745596647263,0.05150553956628
202,145.6666717529,106573,26.00950050354,2.911823749542,22,0.463796466589,0.8052837848663,0,23.72700500488,1.153620362282,0,0.06360078603029,0.0001615064684302,0.9755381345749,0.0562056042254,26.00950050354,-0.01075574941933,478.6448974609,1,2,0,1,0.9383561611176,0.9647749662399,0.8727984428406,5.784999847412,0.8119649887085,1022,0,0.9745596647263,0.05172775685787
203,147.4333343506,107900,26.05900001526,2.911823749542,22,0.4393346309662,0.796477496624,0,25.3953037262,1.212328791618,0,0.06164383515716,0.000157083501108,0.9765166044235,0.05353104695678,26.05900001526,-0.01032036729157,501.1923522949,4,0,1,0,0.9354207515717,0.9589040875435,0.8630136847496,8.027500152588,0.8159250020981,1022,0,0.9745596647263,0.05194540321827
204,144.6271209717,100270,26.01549911499,2.911911964417,22,0.4227005839348,0.7945205569267,0,22.16242599487,1.113502979279,0,0.05772994086146,0.0001498862402514,0.9765166044235,0.05591901764274,26.01549911499,-0.01032036729157,453.4604492188,1,7,0,5,0.9354207515717,0.9598825573921,0.8551859259605,7.738999843597,0.8220099806786,1022,0,0.9745596647263,0.05218316987157
205,144.78125,102825,25.97850036621,2.915915966034,22,0.4138943254948,0.8170254230499,0,19.22309303284,1.04892373085,0,0.05479452013969,0.0001508030982222,0.9774951338768,0.05341113358736,25.97850036621,-0.009885395877063,423.2052612305,2,9,0,6,0.9295498728752,0.9637964963913,0.8532289862633,6.818500041962,0.8217650055885,1022,0,0.9745596647263,0.05239167064428
206,143.2153778076,103975,25.94949913025,2.914999961853,22,0.4080234766006,0.806262254715,0,26.29256439209,1.136007905006,0,0.05185909941792,0.0001453064614907,0.9774951338768,0.05098341032863,25.94949913025,-0.009885395877063,398.266784668,4,7,0,3,0.945205450058,0.9579256176949,0.8493150472641,9.0609998703,0.8217750191689,1022,0,0.9745596647263,0.05260291695595
207,142.6666717529,105425,26.19300079346,2.920000076294,22,0.3913894295692,0.7896282076836,0,23.26907920837,0.9735811948776,0,0.04990215227008,0.0001432610879419,0.9784736037254,0.04892577603459,26.19300079346,-0.009450885467231,408.7442626953,2,7,0,3,0.9334638118744,0.961839556694,0.8434442281723,8.674500465393,0.8142700195312,1022,0,0.9755381345749,0.05280959233642
208,140.4210510254,107630,26.13349914551,2.917999982834,22,0.3698630034924,0.7739726305008,0,20.75635910034,1.002935409546,0,0.04794520512223,0.0001391937112203,0.9784736037254,0.04727306589484,26.13349914551,-0.009450885467231,389.1850891113,3,10,1,3,0.9334638118744,0.9540117383003,0.8375734090805,5.671500205994,0.8159350156784,1022,0,0.9755381345749,0.05298882722855
209,139.5641021729,110075,25.87750053406,2.918999910355,22,0.3630136847496,0.7827788591385,0,27.05577278137,1.083170294762,0,0.04892367869616,0.0001338374859188,0.9784736037254,0.04535998031497,25.87750053406,-0.009450885467231,360.6290283203,3,4,0,3,0.9295498728752,0.9520547986031,0.8307240605354,7.462500095367,0.8354750275612,1022,0,0.9765166044235,0.05319092795253
210,140.7011566162,112224,25.91449928284,2.917000055313,22,0.353228956461,0.7592955231667,0,25.03913879395,0.9657534360886,0,0.04011741653085,0.0001311608939432,0.9784736037254,0.04513294994831,25.91449928284,-0.009450885467231,360.8240966797,4,8,0,3,0.9275929331779,0.9559686779976,0.8268101811409,5.235000133514,0.824355006218,1022,0,0.9755381345749,0.05334456264973
211,139.1977996826,113329,25.8985004425,2.917000055313,22,0.353228956461,0.7651663422585,0,22.89726066589,1.025440335274,0,0.04598825797439,0.0001279429416172,0.9784736037254,0.04615764692426,25.8985004425,-0.009450885467231,331.8374023438,3,6,0,0,0.9178082346916,0.9559686779976,0.8160469532013,6.56500005722,0.8235350251198,1022,0,0.9765166044235,0.05354025959969
212,136.0425567627,115791,25.8985004425,2.918999910355,22,0.332681030035,0.7387475371361,0,27.02054977417,1.151663422585,0,0.04305283725262,0.0001257305702893,0.9784736037254,0.04524531215429,25.8985004425,-0.009450885467231,327.725769043,1,9,0,6,0.924657523632,0.9500978589058,0.8033267855644,7.032499790192,0.8304399847984,1022,0,0.9765166044235,0.05375333502889
213,135.7799987793,119680,26.02199935913,2.921000003815,22,0.3268101811409,0.7318982481956,0,26.91193771362,1.045009732246,0,0.04598825797439,0.0001234092196682,0.9784736037254,0.04468582943082,26.02199935913,-0.009450885467231,311.5163269043,4,9,0,5,0.9187867045403,0.954990208149,0.7915851473808,6.133500099182,0.8289600014687,1022,0,0.9774951338768,0.05393531918526
214,135.9708709717,124968,25.89450073242,2.921999931335,22,0.3062622249126,0.7123287916183,0,25.76418876648,1.113502860069,0,0.04011741653085,0.0001193148491438,0.9784736037254,0.04335509985685,25.89450073242,-0.009450885467231,303.8662109375,3,7,0,4,0.9138942956924,0.9579256176949,0.7818003892899,7.061999797821,0.8327699899673,1022,0,0.9774951338768,0.05412461236119
215,135.7663574219,130977,25.88150024414,2.921000003815,22,0.3150684833527,0.7230919599533,0,30.07632064819,1.14090025425,0,0.03326810151339,0.0001180927647511,0.9784736037254,0.0412591509521,25.88150024414,-0.009450885467231,279.5149230957,1,6,0,3,0.9119373559952,0.9598825573921,0.7700586915016,6.751999855042,0.8288450241089,1022,0,0.9774951338768,0.05430385097861
216,133.596496582,134076,25.67149925232,2.92192196846,22,0.2984344363213,0.6908023357391,0,30.66144752502,1.033268094063,0,0.02935420721769,0.0001145351561718,0.9784736037254,0.04005936905742,25.67149925232,-0.009450885467231,282.4028015137,1,8,0,4,0.9266144633293,0.9540117383003,0.7632094025612,6.683000087738,0.8460649847984,1022,0,0.9774951338768,0.05443736538291
217,133.1680603027,138611,25.83049964905,2.920000076294,22,0.2866927683353,0.6868884563446,0,28.36399269104,1.069471716881,0,0.02446183934808,0.0001119809603551,0.9774951338768,0.03986696526408,25.83049964905,-0.009885395877063,262.2023620605,1,7,0,1,0.9295498728752,0.9559686779976,0.7602739930153,7.291500091553,0.8378750085831,1022,0,0.9774951338768,0.05458276346326
218,131.362197876,144899,25.65349960327,2.920000076294,22,0.287671238184,0.6976516842842,0,32.91682815552,1.260273933411,0,0.03033268079162,0.0001088015196729,0.9784736037254,0.03862000256777,25.65349960327,-0.009450885467231,242.6437530518,2,10,0,5,0.8904109597206,0.9481409192085,0.7514677047729,8.780500411987,0.8486350178719,1022,0,0.9774951338768,0.0547281652689
219,131.2290039062,147747,25.39150047302,2.918081998825,22,0.2749510705471,0.685909986496,0,34.40313339233,1.088062644005,0,0.02739726006985,0.00010415482393,0.9784736037254,0.03803122788668,25.39150047302,-0.009450885467231,243.494720459,3,7,0,2,0.9138942956924,0.9520547986031,0.7279843688011,11.0579996109,0.8551650047302,1022,0,0.9774951338768,0.05491563677788
220,130.827331543,147772,25.62249946594,2.921078920364,22,0.2661448121071,0.6771036982536,0,31.2504901886,1.148728013039,0,0.03033268079162,0.0001022748110699,0.9794520735741,0.03468180820346,25.62249946594,-0.009016809985042,233.6114044189,2,14,0,9,0.8982387185097,0.9530332684517,0.7162426710129,6.807499885559,0.8362249732018,1022,0,0.9774951338768,0.05508572980762
221,130.5493011475,152330,25.72100067139,2.921078920364,22,0.2612524330616,0.6555773019791,0,32.45499038696,0.9579256176949,0,0.02739726006985,9.513621625956e-05,0.9794520735741,0.03425458073616,25.72100067139,-0.009016809985042,250.2631378174,4,5,0,3,0.897260248661,0.9510763287544,0.7064579129219,7.895500183105,0.8430749773979,1022,0,0.9774951338768,0.05527137219906
222,130.9727935791,155774,25.75799942017,2.919080972672,22,0.2534246444702,0.6624265909195,0,36.99021530151,0.8091976642609,0,0.03131115436554,9.199102350976e-05,0.9794520735741,0.03416487947106,25.75799942017,-0.009016809985042,229.8224029541,1,4,0,2,0.8835616707802,0.9510763287544,0.6947162151337,8.864999771118,0.8482199907303,1022,0,0.9774951338768,0.05541677027941
223,130.3290252686,158915,25.7590007782,2.915169715881,22,0.2544031441212,0.6555773019791,0,34.09490966797,0.8405088186264,0,0.04011741653085,8.714265277376e-05,0.9794520735741,0.03360916301608,25.7590007782,-0.009016809985042,251.3290252686,6,7,0,4,0.8806262016296,0.9471624493599,0.6771036982536,8.08749961853,0.8386350274086,1022,0,0.9774951338768,0.05560149252415
224,129.5660400391,163735,25.68849945068,2.916167736053,22,0.2377690821886,0.6614481210709,0,34.72309112549,1.02837574482,0,0.03131115436554,8.407410496147e-05,0.9804305434227,0.03330992162228,25.68849945068,-0.008583167567849,242.648727417,4,9,0,2,0.8923678994179,0.9520547986031,0.6682974696159,7.47100019455,0.8415349721909,1022,0,0.9784736037254,0.05575146526098
225,129.4557037354,167969,25.49950027466,2.915169715881,23,0.2318982332945,0.6604696512222,0,39.47455978394,0.8855185508728,0,0.04305283725262,7.987968274392e-05,0.9804305434227,0.03339306637645,25.49950027466,-0.008583167567849,254.5701751709,7,2,0,1,0.8825831413269,0.945205450058,0.6575342416763,8.086500167847,0.8492050170898,1022,0,0.9784736037254,0.05592521652579
226,129.4337310791,169593,25.76749992371,2.914171695709,23,0.2199413478374,0.6432062387466,0,37.12707519531,0.8836754560471,0,0.03812316805124,7.697892579017e-05,0.9794721603394,0.03415824845433,25.76749992371,-0.009007903747261,262.6516113281,2,8,0,4,0.8807429075241,0.9491690993309,0.644183754921,8.163499832153,0.8469750285149,1023,0,0.9775171279907,0.05604869872332
227,129.0242462158,173030,25.8125,2.915254354477,23,0.2228738963604,0.6451612710953,0,36.01955032349,1.018572807312,0,0.04789833724499,7.21828037058e-05,0.9794721603394,0.03509217873216,25.8125,-0.009007903747261,282.8781433105,8,7,0,3,0.8729227781296,0.9481915831566,0.6324535608292,9.678999900818,0.8518549799919,1023,0,0.9775171279907,0.05625699833035
228,128.8681335449,174167,25.5030002594,2.910269260406,23,0.2043010741472,0.6373411417007,0,40.96285629272,0.9990224838257,0,0.03910068422556,6.831559585407e-05,0.9804496765137,0.03607457131147,25.5030002594,-0.00857469253242,301.4706115723,7,12,0,7,0.8856304883957,0.9423264861107,0.6314760446548,8.219499588013,0.8606349825859,1023,0,0.9765396118164,0.05642875283957
229,128.3368377686,177368,25.56399917603,2.906467676163,23,0.1964809447527,0.6353861093521,0,38.05669784546,0.9589443206787,0,0.05474095791578,6.395648233593e-05,0.9804496765137,0.03634252026677,25.56399917603,-0.00857469253242,319.1335754395,7,12,0,8,0.8699902296066,0.9491690993309,0.6207233667374,8.854499816895,0.8435350060463,1023,0,0.9765396118164,0.05660689994693
230,129.05128479,164549,25.6905002594,2.908457756042,23,0.188660800457,0.6373411417007,0,38.54545211792,1.160312771797,0,0.05083088949323,6.021570516168e-05,0.9824047088623,0.04064442962408,25.6905002594,-0.007709564641118,317.5992431641,6,10,0,5,0.8660801649094,0.9481915831566,0.6109482049942,9.384499549866,0.8464599847794,1023,0,0.978494644165,0.05678596720099
231,129.5463409424,168073,25.67700004578,2.913432836533,23,0.1808406710625,0.6402736902237,0,33.02346038818,1.078201293945,0,0.05669599398971,6.04991982982e-05,0.9824047088623,0.0413510799408,25.67700004578,-0.007709564641118,319.379119873,9,15,1,11,0.8553274869919,0.9491690993309,0.6080156564713,9.682499885559,0.8537449836731,1023,0,0.9794721603394,0.05695132538676
232,129.657409668,170353,25.54299926758,2.911442756653,23,0.1749755591154,0.6314760446548,0,39.79471969604,1.107526898384,0,0.04985337331891,5.918122769799e-05,0.9824047088623,0.04160771891475,25.54299926758,-0.007709564641118,330.6354370117,5,10,1,6,0.8572825193405,0.9521016478539,0.5982404947281,7.753499984741,0.8545349836349,1023,0,0.9794721603394,0.05710207298398
233,129.3377838135,172998,25.43400001526,2.910536766052,23,0.1652003973722,0.6207233667374,0,39.76930618286,1.28347992897,0,0.0420332364738,5.832972965436e-05,0.9824047088623,0.04135885834694,25.43400001526,-0.007709564641118,350.3766784668,1,11,0,7,0.8514174222946,0.9491690993309,0.5913978219032,9.699999809265,0.8590250015259,1023,0,0.978494644165,0.05724185332656
234,128.9388580322,175724,25.52599906921,2.908548593521,23,0.1632453501225,0.6207233667374,0,35.75855255127,1.209188699722,0,0.04105572029948,5.724587390432e-05,0.9833822250366,0.04183264821768,25.52599906921,-0.007277646102011,339.771484375,7,6,0,4,0.8357771039009,0.9521016478539,0.5816226601601,8.407999992371,0.850839972496,1023,0,0.9794721603394,0.05740812420845
235,128.4127655029,178801,25.54750061035,2.911530733109,23,0.1700879782438,0.6256109476089,0,40.98533630371,1.173998117447,0,0.04594330489635,5.590411819867e-05,0.9833822250366,0.04190692305565,25.54750061035,-0.007277646102011,333.651550293,6,14,0,7,0.8435972332954,0.9530791640282,0.5796676278114,7.584000110626,0.8526600003242,1023,0,0.9794721603394,0.0576036311686
236,127.5123977661,181235,25.6609992981,2.907554626465,23,0.1593352854252,0.6236559152603,0,41.80058288574,1.330400705338,0,0.04789833724499,5.74685036554e-05,0.9833822250366,0.04199520125985,25.6609992981,-0.007277646102011,326.7561340332,5,8,0,3,0.8220918774605,0.9550341963768,0.5708699822426,9.935000419617,0.8437200188637,1023,0,0.981427192688,0.05777813121676
237,127.4160003662,184981,25.38949966431,2.910536766052,23,0.1632453501225,0.6334310770035,0,38.07038116455,1.32649075985,0,0.04887585714459,5.734595833928e-05,0.9833822250366,0.04279358312488,25.38949966431,-0.007277646102011,329.5212402344,8,13,1,9,0.846529841423,0.9491690993309,0.5620723366737,13.23900032043,0.8589550256729,1023,0,0.981427192688,0.05800834670663
238,127.0401611328,191463,25.52700042725,2.914427757263,23,0.1652003973722,0.6129032373428,0,42.92179870605,1.256109476089,0,0.05669599398971,5.793346645078e-05,0.9833822250366,0.04226404055953,25.52700042725,-0.007277646102011,327.518157959,5,12,0,6,0.8445748090744,0.9491690993309,0.5571847558022,10.13799953461,0.8497599959373,1023,0,0.981427192688,0.05819105729461
239,127.1411743164,193198,25.6515007019,2.915422916412,23,0.1681329458952,0.6138807535172,0,45.66960144043,1.372433900833,0,0.05669599398971,5.677551598637e-05,0.9824047088623,0.04198283702135,25.6515007019,-0.007709564641118,339.5698242188,6,10,0,4,0.8269794583321,0.9472140669823,0.547409594059,12.23050022125,0.85367000103,1023,0,0.981427192688,0.05838838592172
240,126.375,196864,25.33499908447,2.911530733109,23,0.1681329458952,0.6099706888199,0,40.03519058228,1.458455562592,0,0.05865102633834,5.790980139864e-05,0.9824047088623,0.04137881845236,25.33499908447,-0.007709564641118,314.778503418,2,10,0,5,0.8220918774605,0.9511241316795,0.5425220131874,8.682999610901,0.8621150255203,1023,0,0.9824047088623,0.05853913351893
241,126.5057907104,200957,25.28050041199,2.91351890564,23,0.1710654944181,0.6119257211685,0,44.8533706665,1.330400824547,0,0.05962854251266,5.876979412278e-05,0.9833822250366,0.04050120338798,25.28050041199,-0.007277646102011,335.1595458984,5,11,0,5,0.8269794583321,0.9560117125511,0.5347018837929,9.318499565125,0.8626499772072,1023,0,0.9824047088623,0.05870266631246
242,126.783782959,203812,25.42749977112,2.910536766052,23,0.1759530752897,0.5972629785538,0,48.01856994629,1.413489818573,0,0.04692082107067,6.091497925809e-05,0.9833822250366,0.03936471045017,25.42749977112,-0.007277646102011,324.7692565918,3,4,0,0,0.8338220715523,0.9599217772484,0.5239491462708,9.062000274658,0.8630549907684,1023,0,0.9824047088623,0.05887350067496
243,126.2519073486,206132,25.08049964905,2.905566692352,24,0.1749755591154,0.6001955270767,0,42.44965744019,1.427175045013,0,0.06842619925737,6.584647053387e-05,0.9833822250366,0.03823278471828,25.08049964905,-0.007277646102011,346.4875793457,3,5,0,2,0.8445748090744,0.9521016478539,0.5239491462708,14.44499969482,0.8753499984741,1023,0,0.9824047088623,0.05906352773309
244,125.9552230835,209797,25.37350082397,2.90367436409,24,0.1728515625,0.5986328125,0,46.1357421875,1.2939453125,0,0.0458984375,6.254018808249e-05,0.982421875,0.03809396550059,25.37350082397,-0.00770197622478,330.429901123,6,13,0,5,0.828125,0.9599609375,0.517578125,12.11800003052,0.8549450039864,1024,0,0.9814453125,0.05917012318969
245,126.079246521,212550,25.50650024414,2.912611722946,24,0.1787109375,0.607421875,0,49.404296875,1.3564453125,0,0.0634765625,6.415897223633e-05,0.9833984375,0.03727593645453,25.50650024414,-0.007270486094058,356.1452026367,4,13,0,8,0.830078125,0.9619140625,0.50390625,9.831500053406,0.8566300272942,1024,0,0.9814453125,0.05941107496619
246,126.3457260132,217346,25.55750083923,2.90367436409,24,0.1806640625,0.5947265625,0,45.4482421875,1.431640625,0,0.05078125,5.872377732885e-05,0.9833984375,0.03661902993917,25.55750083923,-0.007270486094058,371.4131469727,7,5,0,3,0.8125,0.9560546875,0.5,7.846500396729,0.8532050251961,1024,0,0.9814453125,0.05960181728005
247,126.2416381836,217706,25.7560005188,2.907646417618,25,0.1806640625,0.5966796875,0,49.0751953125,1.3896484375,0,0.06640625,6.108519301051e-05,0.9833984375,0.03695350512862,25.7560005188,-0.007270486094058,411.1648864746,6,10,0,1,0.806640625,0.962890625,0.4990234375,6.919000148773,0.8416150212288,1024,0,0.982421875,0.05978709459305
248,126.4317321777,221530,25.39749908447,2.905660390854,25,0.1843902468681,0.5834146142006,0,49.38731765747,1.296585440636,0,0.05268292501569,6.036439299351e-05,0.9824390411377,0.03722294792533,25.39749908447,-0.007694387342781,417.0765991211,10,10,0,7,0.8312194943428,0.9492682814598,0.4985365867615,8.869500160217,0.8583999872208,1025,0,0.981463432312,0.05994942784309
249,126.3309631348,225159,25.25149917603,2.900695085526,25,0.1882926821709,0.6019512414932,0,47.8595123291,1.373658537865,0,0.06731707602739,6.511712126667e-05,0.9824390411377,0.03689392656088,25.25149917603,-0.007694387342781,421.0444641113,9,11,0,4,0.8078048825264,0.9512194991112,0.4965853691101,10.67450046539,0.8689950108528,1025,0,0.981463432312,0.06011262536049
250,126.5352096558,229299,25.56949996948,2.89583325386,25,0.1951219439507,0.5756097435951,0,51.1443901062,1.427317142487,0,0.06536585092545,6.778947863495e-05,0.9824390411377,0.0366464741528,25.56949996948,-0.007694387342781,477.7551574707,11,12,0,6,0.8165853619576,0.9492682814598,0.487804889679,7.150000095367,0.847914993763,1025,0,0.981463432312,0.06028861179948
251,127.2983016968,232165,25.53750038147,2.89583325386,26,0.1912195086479,0.6000000238419,0,52.12683105469,1.394146442413,0,0.06829268485308,7.012267451501e-05,0.9834146499634,0.03681002557278,25.53750038147,-0.007263326086104,443.7130737305,8,16,0,9,0.8097561001778,0.9551219344139,0.4868292808533,7.728000164032,0.8534150123596,1025,0,0.9824390411377,0.0604755282402
252,126.9276351929,236646,25.66850090027,2.896825313568,26,0.1929824501276,0.578947365284,0,50.20565414429,1.462962865829,0,0.06822612136602,6.946222129045e-05,0.9824561476707,0.03626091405749,25.66850090027,-0.007686825469136,501.8749084473,7,16,0,4,0.8274853825569,0.9502924084663,0.4824561476707,6.1234998703,0.8419899940491,1026,0,0.9814814925194,0.06062883511186
253,127.4258041382,239461,25.97400093079,2.894841194153,26,0.1861598491669,0.5779727101326,0,54.01754379272,1.460038900375,0,0.07017543911934,6.822310388088e-05,0.9824561476707,0.03687865659595,25.97400093079,-0.007686825469136,522.0420532227,4,12,0,5,0.8235867619514,0.9483430981636,0.4795321524143,5.434500217438,0.8299300074577,1026,0,0.9814814925194,0.06080008298159
254,127.7898101807,241488,25.96899986267,2.900793552399,26,0.1851851791143,0.5799220204353,0,53.79142379761,1.53606235981,0,0.08479531854391,7.06545470166e-05,0.9824561476707,0.03780312091112,25.96899986267,-0.007686825469136,516.7701416016,10,18,1,7,0.8226121068001,0.9541910290718,0.4746588766575,5.208000183105,0.8425650000572,1026,0,0.9814814925194,0.06099228560925
255,128.5341644287,246387,25.57950019836,2.900793552399,26,0.189083814621,0.5760233998299,0,51.98050689697,1.442495107651,0,0.07699804753065,6.805828161305e-05,0.9824561476707,0.03905238583684,25.57950019836,-0.007686825469136,554.0717163086,10,11,0,8,0.8284600377083,0.9541910290718,0.4746588766575,5.75400018692,0.8617399930954,1026,0,0.9814814925194,0.06118903681636
256,128.582824707,253412,25.57600021362,2.902777671814,26,0.1851851791143,0.5419103503227,0,56.91033172607,1.584795236588,0,0.08089668303728,7.148077565944e-05,0.9824561476707,0.04005335271358,25.57600021362,-0.007686825469136,631.7242431641,8,15,0,4,0.8255360722542,0.949317753315,0.478557497263,6.557499885559,0.8576599955559,1026,0,0.9814814925194,0.06135300546885
257,128.9880218506,257066,25.74900054932,2.900793552399,26,0.1998050659895,0.5750487446785,0,58.12475585938,1.604288458824,0,0.07407407462597,7.080450450303e-05,0.9824561476707,0.04351022839546,25.74900054932,-0.007686825469136,547.8435668945,9,9,0,2,0.791423022747,0.9463937878609,0.468810915947,4.946499824524,0.8430799841881,1026,0,0.9824561476707,0.06155886873603
258,130.1150512695,263197,25.77199935913,2.896825313568,26,0.189083814621,0.5487329363823,0,55.2134513855,1.706627726555,0,0.07309941202402,7.410787657136e-05,0.9824561476707,0.04439640417695,25.77199935913,-0.007686825469136,588.4115600586,5,18,0,8,0.8128654956818,0.9434697628021,0.4629629552364,7.537499904633,0.8431249856949,1026,0,0.9824561476707,0.06173922494054
259,131.3815002441,266252,25.73749923706,2.89702963829,26,0.2066276818514,0.5438596606255,0,60.30604171753,1.907407402992,0,0.05945419147611,7.851616101107e-05,0.9824561476707,0.04724471643567,25.73749923706,-0.007686825469136,589.7944335938,4,23,0,8,0.8138401508331,0.9444444179535,0.4512670636177,7.827999591827,0.8494449853897,1026,0,0.980506837368,0.06194508448243
260,131.5546264648,269723,25.80500030518,2.893069267273,26,0.2056530267,0.5341130495071,0,60.31578826904,2.2095515728,0,0.06237816810608,8.139977580868e-05,0.9844054579735,0.04834960401058,25.80500030518,-0.006825987715274,569.4609985352,2,15,0,10,0.8313840031624,0.9463937878609,0.4561403393745,5.610499858856,0.8517749905586,1026,0,0.9785575270653,0.06211541965604
261,131.7783813477,273672,25.76399993896,2.892079114914,26,0.2085769921541,0.5458089709282,0,58.43372344971,1.950292468071,0,0.05750487372279,8.450112363789e-05,0.9844054579735,0.05087842419744,25.76399993896,-0.006825987715274,540.5276489258,4,22,0,10,0.8060429096222,0.9385964870453,0.4551656842232,5.747000217438,0.8482750058174,1026,0,0.9785575270653,0.06232401356101
262,132.1375732422,281871,25.87849998474,2.896039485931,26,0.2115009725094,0.5409356951714,0,62.61111068726,2.366471767426,0,0.06725145876408,8.643773617223e-05,0.9844054579735,0.05230761691928,25.87849998474,-0.006825987715274,536.0427856445,7,24,1,14,0.8079922199249,0.9366471767426,0.4522417187691,6.297500133514,0.8470299839973,1026,0,0.9775828719139,0.06250254809856
263,132.7610321045,287334,25.76300048828,2.904950380325,26,0.2261208593845,0.5448343157768,0,65.77192687988,2.430799245834,0,0.06725145876408,8.792765584076e-05,0.9844054579735,0.05504395440221,25.76300048828,-0.006825987715274,541.823059082,7,25,0,9,0.8206627964973,0.9415204524994,0.4551656842232,5.05999994278,0.8486350178719,1026,0,0.9775828719139,0.06271842122078
264,134.25440979,290603,25.78700065613,2.904950380325,26,0.2270955145359,0.5370370149612,0,62.3557510376,2.456140518188,0,0.06042885035276,8.633373363409e-05,0.9844054579735,0.05752177536488,25.78700065613,-0.006825987715274,561.8497314453,3,20,2,10,0.810916185379,0.9337232112885,0.4541910290718,4.6265001297,0.8436949849129,1026,0,0.9785575270653,0.06292152404785
265,134.9310302734,292588,26.01849937439,2.899109840393,26,0.2339181303978,0.53996104002,0,64.62865447998,2.805068254471,0,0.06920077651739,8.728331158636e-05,0.9844054579735,0.0609081722796,26.01849937439,-0.006825987715274,587.018737793,4,17,0,8,0.8167641162872,0.940545797348,0.4561403393745,5.328499794006,0.8318650126457,1026,0,0.9795321822166,0.0631464868784
266,136.2385559082,320331,25.9015007019,2.907022714615,26,0.2378167659044,0.5477582812309,0,66.26412963867,2.958089590073,0,0.06920077651739,8.781215001363e-05,0.9853801131248,0.05863622203469,25.9015007019,-0.006396207027137,606.5165405273,10,29,0,12,0.8021442294121,0.9259259104729,0.4561403393745,3.825500011444,0.8444349765778,1026,0,0.9814814925194,0.06339516490698
267,137.0525054932,324699,25.86849975586,2.905138254166,26,0.2436647117138,0.5419103503227,0,79.70175933838,2.930799007416,0,0.06432748585939,8.94380355021e-05,0.9853801131248,0.06932266801596,25.86849975586,-0.006396207027137,636.0726318359,4,15,0,10,0.7982456088066,0.9483430981636,0.4561403393745,3.999499797821,0.8454549908638,1026,0,0.9834308028221,0.0635928362608
268,137.8712005615,327118,26.02000045776,2.911067247391,26,0.2426900565624,0.5458089709282,0,69.12281036377,4.886939525604,0,0.0779727101326,9.109629900195e-05,0.9863547682762,0.07112112641335,26.02000045776,-0.005966851953417,702.7413330078,7,25,0,15,0.8070175647736,0.9444444179535,0.4629629552364,3.799999952316,0.8358799815178,1026,0,0.9834308028221,0.06384695321321
269,138.5642242432,329574,26.03100013733,2.915019750595,26,0.2485380172729,0.5428850054741,0,68.67738342285,4.942495346069,0,0.07309941202402,9.070696978597e-05,0.9863547682762,0.07264529168606,26.03100013733,-0.005966851953417,746.9610595703,8,22,0,11,0.7962962985039,0.9444444179535,0.4629629552364,3.734999895096,0.8388900160789,1026,0,0.9834308028221,0.06413391232491
270,139.0941772461,329021,26.06100082397,2.917984247208,26,0.2397660762072,0.5477582812309,0,79.64619445801,4.824561595917,0,0.0916179344058,9.091285028262e-05,0.9863547682762,0.07573072612286,26.06100082397,-0.005966851953417,822.9499511719,15,24,0,14,0.8001949191093,0.9366471767426,0.4668616056442,3.414999961853,0.8389049768448,1026,0,0.9834308028221,0.06442629545927
271,139.9066619873,328684,25.85250091553,2.917241334915,26,0.2387914210558,0.5604288578033,0,70.16178894043,5.327485084534,0,0.09454190731049,8.721478661755e-05,0.9863547682762,0.07858003675938,25.85250091553,-0.005966851953417,817.3883056641,9,21,0,12,0.7933723330498,0.928849875927,0.4697855710983,3.766999959946,0.8444399833679,1026,0,0.9834308028221,0.06473691016436
272,140.2857208252,329057,26.16449928284,2.915271043777,26,0.2368421107531,0.571150124073,0,68.95710754395,5.397660732269,0,0.09844054281712,8.772758155828e-05,0.9892787337303,0.08089783787727,26.16449928284,-0.004681326914579,821.9389648438,11,17,0,9,0.8050682544708,0.9307992458344,0.4736842215061,4.747000217438,0.8311250209808,1026,0,0.9834308028221,0.06495733559132
273,141.0838623047,329311,26.12549972534,2.917241334915,26,0.2358674407005,0.5633528232574,0,78.35185241699,5.260233879089,0,0.08869395405054,8.413347677561e-05,0.9892787337303,0.08328904956579,26.12549972534,-0.004681326914579,968.7075195312,7,27,0,13,0.791423022747,0.9278752207756,0.4844054579735,5.293000221252,0.837475001812,1026,0,0.9844054579735,0.0652479082346
274,142.2764282227,331333,26.08250045776,2.92019701004,26,0.2378167659044,0.5896686315536,0,71.05458068848,5.806043148041,0,0.08869395405054,8.711755799595e-05,0.9892787337303,0.08602825552225,26.08250045776,-0.004681326914579,906.042175293,7,30,0,15,0.791423022747,0.9395711421967,0.4941520392895,7.1234998703,0.8392400145531,1026,0,0.9853801131248,0.06546195596457
275,142.8899841309,330400,26.15049934387,2.923152685165,26,0.2417154014111,0.5662767887115,0,70.55262756348,6.200779438019,0,0.1003898605704,8.437994256383e-05,0.9892787337303,0.08796307444572,26.15049934387,-0.004681326914579,1123.026733398,11,24,0,13,0.7884989976883,0.940545797348,0.5058479309082,3.158499956131,0.8344900012016,1026,0,0.9853801131248,0.06576983630657
276,143.4305267334,331801,26.23649978638,2.926181077957,26,0.2387914210558,0.5760233998299,0,76.73781585693,5.818713188171,0,0.1013645231724,8.744853403186e-05,0.9892787337303,0.09011124074459,26.23649978638,-0.004681326914579,1113.915405273,21,22,0,10,0.8011695742607,0.940545797348,0.5155945420265,3.412499904633,0.8303800225258,1026,0,0.9853801131248,0.06605766713619
277,144.3283233643,333398,26.16699981689,2.932086706161,26,0.2456140369177,0.5847952961922,0,72.40740966797,6.241714954376,0,0.1150097474456,9.163626236841e-05,0.9902533888817,0.0918991714716,26.16699981689,-0.004253663122654,1127.764038086,12,34,0,18,0.8138401508331,0.928849875927,0.5214424729347,2.941999912262,0.8297049999237,1026,0,0.9844054579735,0.0663336366415
278,145.0259246826,334493,26.12350082397,2.935039281845,26,0.2456140369177,0.5838206410408,0,71.80019378662,6.467836380005,0,0.1013645231724,9.142414637608e-05,0.9902533888817,0.09592428058386,26.12350082397,-0.004253663122654,1181.284912109,14,22,0,14,0.8060429096222,0.9385964870453,0.5243664979935,4.737500190735,0.8328449726105,1026,0,0.9863547682762,0.06660327315331
279,145.8228759766,334234,26.19449996948,2.933136701584,26,0.2563352882862,0.610136449337,0,76.32846069336,6.667641639709,0,0.1169590651989,9.630276326789e-05,0.9902533888817,0.09825451672077,26.19449996948,-0.004253663122654,1116.207519531,13,19,0,9,0.7836257219315,0.9356725215912,0.5263158082962,4.1875,0.8344849944115,1026,0,0.9873294234276,0.06685558706522
280,146.6934356689,334464,26.00399971008,2.937069892883,26,0.2651072144508,0.5994151830673,0,72.97368621826,6.68908405304,0,0.1013645231724,9.246261470253e-05,0.9912280440331,0.1006057485938,26.00399971008,-0.00382641935721,1225.334350586,10,24,0,16,0.7982456088066,0.9473684430122,0.5370370149612,3.221499919891,0.8496000170708,1026,0,0.9883040785789,0.06715164333582
281,147.3459472656,333197,26.03199958801,2.941986322403,26,0.2660818696022,0.618908405304,0,72.52144622803,7.042885303497,0,0.1179337203503,9.712692553876e-05,0.9912280440331,0.1050309613347,26.03199958801,-0.00382641935721,1268.533813477,13,28,0,15,0.8031188845634,0.9444444179535,0.5526315569878,2.764499902725,0.8395699858665,1026,0,0.9873294234276,0.06749957799911
282,148.4946289062,336969,26.00349998474,2.943952798843,26,0.2758284509182,0.6120857596397,0,75.29434967041,7.508771896362,0,0.1179337203503,9.781825792743e-05,0.9912280440331,0.1048523783684,26.00349998474,-0.00382641935721,1400.444580078,15,20,0,7,0.8118908405304,0.9522417187691,0.5614035129547,3.074500083923,0.8385400176048,1026,0,0.9883040785789,0.06781836599112
283,149.3794250488,335814,26.29249954224,2.945972442627,26,0.279727101326,0.6120857596397,0,74.86354827881,6.951267242432,0,0.1286549717188,0.0001028681072057,0.9912280440331,0.1055316329002,26.29249954224,-0.00382641935721,1602.510620117,14,25,0,13,0.7875243425369,0.9629629850388,0.5750487446785,4.442500114441,0.8194649815559,1026,0,0.9892787337303,0.06817179918289
284,149.952545166,333729,26.42200088501,2.949901819229,26,0.2884990274906,0.6393762230873,0,72.20077514648,7.046783924103,0,0.1306042820215,0.0001047524056048,0.9922027587891,0.1074554473162,26.42200088501,-0.003399570006877,1457.656738281,16,21,1,14,0.8021442294121,0.9561403393745,0.5808966755867,3.397500038147,0.8164600133896,1026,0,0.9892787337303,0.06850977241993
285,150.4241333008,331761,26.1965007782,2.950884103775,26,0.2884990274906,0.6461988091469,0,73.7865524292,7.728070259094,0,0.1315789520741,0.0001063961608452,0.9922027587891,0.107836663723,26.1965007782,-0.003399570006877,1636.180419922,13,23,0,7,0.8050682544708,0.9590643048286,0.5847952961922,2.085000038147,0.8219400048256,1026,0,0.9892787337303,0.06886683404446
286,151.6218414307,328332,26.44000053406,2.954813241959,26,0.2953216433525,0.6549707651138,0,73.50194549561,7.127680301666,0,0.1354775875807,0.0001059967835317,0.9922027587891,0.107604496181,26.44000053406,-0.003399570006877,1674.647460938,13,32,0,17,0.8167641162872,0.9580896496773,0.5945419073105,1.384999990463,0.8049499988556,1026,0,0.9902533888817,0.06917198002338
287,152.1967010498,325814,26.43000030518,2.947937250137,26,0.3138401508331,0.6549707651138,0,70.38596343994,6.838206768036,0,0.1432748585939,0.0001059420901584,0.9922027587891,0.1080739349127,26.43000030518,-0.003399570006877,1984.936645508,16,14,0,7,0.8060429096222,0.961013674736,0.6062378287315,1.044999957085,0.8040249943733,1026,0,0.9892787337303,0.06952356547117
288,152.867980957,322481,26.51250076294,2.944007873535,26,0.3060428798199,0.6783625483513,0,71.65692138672,7.475633621216,0,0.1325536072254,0.0001075237960322,0.9922027587891,0.1080032587051,26.51250076294,-0.003399570006877,1889.004272461,15,19,0,9,0.7884989976883,0.949317753315,0.6169590353966,1.533499956131,0.8020899891853,1026,0,0.9902533888817,0.06986059993505
289,153.229888916,320441,26.62899971008,2.950884103775,26,0.3235867321491,0.6803119182587,0,70.96491241455,6.765107154846,0,0.1569200754166,0.0001108643482439,0.9922027587891,0.1082570552826,26.62899971008,-0.003399570006877,2242.387207031,20,27,1,17,0.8118908405304,0.961013674736,0.6325535774231,1.379500031471,0.7908599972725,1026,0,0.9892787337303,0.07019398361444
290,153.7927093506,318314,26.67600059509,2.950884103775,26,0.320662766695,0.6773878931999,0,69.31773376465,6.702729225159,0,0.1296296268702,0.0001136633654824,0.9922027587891,0.1091972067952,26.67600059509,-0.003399570006877,2343.934814453,18,13,0,7,0.8148148059845,0.9619883298874,0.6374269127846,1.606500029564,0.7899050116539,1026,0,0.9902533888817,0.07056380063295
291,154.4967041016,316320,26.65699958801,2.949852466583,26,0.3265107274055,0.6978557705879,0,70.4259185791,7.580896377563,0,0.1617933660746,0.0001150694442913,0.9922027587891,0.109095223248,26.65699958801,-0.003399570006877,2469.046630859,14,24,0,10,0.8001949191093,0.9639376401901,0.650097489357,1.125,0.7913299798965,1026,0,0.9902533888817,0.07093635946512
292,155.2467041016,316888,26.55699920654,2.954768896103,26,0.3313840031624,0.6861598491669,0,69.90837860107,6.704678535461,0,0.1510721296072,0.0001184235516121,0.9912280440331,0.1086219772696,26.55699920654,-0.00382641935721,2609.529541016,24,25,1,11,0.8167641162872,0.968810915947,0.6530214548111,1.49899995327,0.7868199944496,1026,0,0.9892787337303,0.07132801413536
293,155.9291534424,313076,26.59900093079,2.956778049469,26,0.3411306142807,0.700779736042,0,69.76802825928,6.735867500305,0,0.1715399622917,0.0001225815358339,0.9912280440331,0.1091811582446,26.59900093079,-0.00382641935721,2735.162597656,12,20,0,12,0.8323586583138,0.9639376401901,0.6559454202652,1.928500056267,0.7724850177765,1026,0,0.9902533888817,0.07171514630318
294,156.4455413818,309845,26.76549911499,2.955839157104,26,0.35867446661,0.700779736042,0,68.24561309814,7.212475776672,0,0.1637426912785,0.0001230732304975,0.9922027587891,0.1091481223702,26.76549911499,-0.003399570006877,2696.631835938,17,21,1,8,0.8421052694321,0.9678362607956,0.6666666865349,0.8309999704361,0.7577250003815,1026,0,0.9902533888817,0.0720649510622
295,157.3743896484,305758,26.55599975586,2.958742618561,26,0.3732943534851,0.7105262875557,0,67.62670898438,6.737816810608,0,0.179337233305,0.0001271022338187,0.9931774139404,0.1093969717622,26.55599975586,-0.002973165595904,2803.486572266,13,23,1,8,0.8284600377083,0.9678362607956,0.6715399622917,0.6514999866486,0.7773399949074,1026,0,0.9902533888817,0.07242471724749
296,158.1092681885,303965,26.62549972534,2.962671995163,26,0.380116969347,0.708576977253,0,66.69590759277,6.540935993195,0,0.1783625781536,0.0001313496322837,0.9922027587891,0.1090125516057,26.62549972534,-0.003399570006877,2828.069335938,9,20,0,8,0.8313840031624,0.9658869504929,0.6803119182587,0.6775000095367,0.7615950107574,1026,0,0.9902533888817,0.07280545681715
297,159.2479553223,323060,26.46150016785,2.958783149719,26,0.3869395852089,0.7339181303978,0,66.7845993042,6.873294353485,0,0.1598440557718,0.0001344987103948,0.9922027587891,0.1010524332523,26.46150016785,-0.003399570006877,2555.006103516,15,22,0,13,0.8382066488266,0.9580896496773,0.6822612285614,0.6489999890327,0.755029976368,1026,0,0.9892787337303,0.07311876118183
298,160.2891693115,318492,26.46050071716,2.959764480591,26,0.4035087823868,0.7153996229172,0,79.26315307617,6.557505130768,0,0.1656920015812,0.0001410962577211,0.9931774139404,0.1010480672121,26.46050071716,-0.002973165595904,2781.104736328,16,26,0,13,0.8313840031624,0.9590643048286,0.6939570903778,0.936999976635,0.7551699876785,1026,0,0.9892787337303,0.07347583025694
299,161.0128479004,315343,26.49900054932,2.958783149719,26,0.4152046740055,0.7387914061546,0,65.78167724609,6.222222328186,0,0.1725146174431,0.0001447159593226,0.9931774139404,0.1010582149029,26.49900054932,-0.002973165595904,2528.108154297,14,21,0,7,0.8460038900375,0.961013674736,0.7037037014961,1.455500006676,0.7317500114441,1026,0,0.9892787337303,0.07386204600334
300,161.885345459,312925,26.52750015259,2.956820487976,26,0.4269005954266,0.7212475538254,0,65.43957519531,6.556530475616,0,0.1686159819365,0.000151201049448,0.9931774139404,0.1009379252791,26.52750015259,-0.002973165595904,2731.080810547,5,24,0,6,0.8528265357018,0.961013674736,0.7115010023117,0.6330000162125,0.7103750109673,1026,0,0.9912280440331,0.07418721169233
301,162.3492126465,308274,26.64450073242,2.95490193367,26,0.4424951374531,0.729044854641,0,75.47465515137,6.262183189392,0,0.1617933660746,0.0001534469192848,0.9931774139404,0.1020066589117,26.64450073242,-0.002973165595904,2778.547851562,12,16,0,11,0.8557505011559,0.9571149945259,0.7153996229172,0.4435000121593,0.7114449739456,1026,0,0.9922027587891,0.07459526509047
302,163.1838378906,304105,26.51899909973,2.958823442459,26,0.4502924084663,0.7261208295822,0,63.76803207397,6.079921722412,0,0.1569200754166,0.0001579985691933,0.9941520690918,0.1034215167165,26.51899909973,-0.002547179348767,2723.384765625,12,24,0,13,0.8664717078209,0.9697855710983,0.7231968641281,0.3185000121593,0.7371900081635,1026,0,0.9922027587891,0.07500246912241
303,163.9275360107,298215,26.63500022888,2.960784196854,27,0.4649122953415,0.729044854641,0,63.12085723877,6.664717197418,0,0.1666666716337,0.0001602669944987,0.9941520690918,0.105346813798,26.63500022888,-0.002547179348767,2873.221435547,12,17,0,8,0.8469785451889,0.9736841917038,0.7280701994896,0.7120000123978,0.7285000085831,1026,0,0.9922027587891,0.07536591589451
304,164.9350585938,291194,26.57099914551,2.95107626915,28,0.4722492694855,0.7215189933777,0,69.98734283447,6.313534259796,0,0.1635832488537,0.0001650425110711,0.993184030056,0.1076121106744,26.57099914551,-0.002970272442326,2938.388916016,7,18,0,8,0.877312541008,0.9678675532341,0.7283349633217,0.5780000090599,0.715399980545,1027,0,0.9922103285789,0.07563649863005
305,165.8445129395,286055,26.64150047302,2.956947088242,28,0.4892996251583,0.7295719981194,0,60.47178649902,6.154669284821,0,0.1624513566494,0.000173292515683,0.9941634535789,0.1088287234306,26.64150047302,-0.002542206086218,2944.595458984,15,22,0,14,0.8667315244675,0.9649805426598,0.724708199501,0.1700000017881,0.6998199820518,1028,0,0.989299595356,0.07595109194517
306,166.4295043945,280448,26.58749961853,2.952101707458,28,0.4931906759739,0.7315174937248,0,59.94844436646,6.452334403992,0,0.1556420177221,0.0001710867945803,0.9941634535789,0.1107870265841,26.58749961853,-0.002542206086218,2895.006591797,8,20,0,8,0.8735408782959,0.9669260978699,0.7334630489349,0.2440000027418,0.683974981308,1028,0,0.9902724027634,0.07634202390909
307,167.1326751709,275144,26.48349952698,2.953079223633,29,0.5,0.739299595356,0,64.69358062744,6.268482208252,0,0.1575875431299,0.0001796003489289,0.9951362013817,0.1139694154263,26.48349952698,-0.00211747479625,2813.287841797,12,15,0,10,0.8803501725197,0.9717898964882,0.7354085445404,0.2049999982119,0.6805800199509,1028,0,0.9902724027634,0.07667569071054
308,167.7403717041,268604,26.44249916077,2.954056739807,29,0.4936831891537,0.735665678978,0,57.44023513794,6.281826972961,0,0.1477162241936,0.0001802859624149,0.9941691160202,0.1177309378982,26.44249916077,-0.00253973249346,2892.532714844,12,14,0,3,0.8746355772018,0.9669582247734,0.7434402108192,0.2449999898672,0.6775299906731,1029,0,0.9902818202972,0.07695353776217
309,168.5353546143,263192,26.35050010681,2.957966804504,29,0.5034013390541,0.7385811209679,0,55.84256744385,6.539358615875,0,0.1545189470053,0.0001847121457104,0.9941691160202,0.1238753423095,26.35050010681,-0.00253973249346,2835.540527344,10,19,0,12,0.8785228133202,0.9718173146248,0.7482993006706,0.2284999936819,0.6533600091934,1029,0,0.9902818202972,0.07731408625841
310,168.6627655029,256672,26.33250045776,2.958904027939,29,0.510204076767,0.7473275065422,0,60.10689926147,6.932944297791,0,0.161321669817,0.0001906534307636,0.9941691160202,0.1271038502455,26.33250045776,-0.00253973249346,2688.363769531,12,23,0,14,0.8717201352119,0.9737609624863,0.7512147426605,0.1344999969006,0.6290850043297,1029,0,0.9902818202972,0.07769919931889
311,169.3687744141,250034,26.34449958801,2.951171875,29,0.510204076767,0.7560738325119,0,53.80757904053,6.412050247192,0,0.1593780368567,0.0001907832338475,0.9931972622871,0.1306022405624,26.34449958801,-0.00296448613517,2538.005371094,15,24,0,14,0.8833819031715,0.9718173146248,0.7541302442551,0.04250000044703,0.6174049973488,1029,0,0.9922254681587,0.0780642926693
312,169.4429931641,249248,26.35950088501,2.94140625,29,0.5247813463211,0.7580174803734,0,51.60544204712,6.614188671112,0,0.161321669817,0.0001947211858351,0.9951409101486,0.1334895342588,26.35950088501,-0.002115419600159,2532.492675781,13,20,0,7,0.885325551033,0.9689018726349,0.7628765702248,0.03350000083447,0.6168450117111,1029,0,0.9922254681587,0.07842483371496
313,170.0310974121,241065,26.47699928284,2.9541015625,29,0.5257531404495,0.7813411355019,0,58.32264328003,7.047619342804,0,0.146744415164,0.0001920004142448,0.9951409101486,0.137481585145,26.47699928284,-0.002115419600159,2294.464111328,13,30,0,14,0.8901846408844,0.9708454608917,0.7687074542046,0.07500000298023,0.6236000061035,1029,0,0.9922254681587,0.07881266623735
314,170.0411834717,234651,26.28949928284,2.9560546875,30,0.5306122303009,0.7696793079376,0,49.62390518188,6.283770561218,0,0.1632653027773,0.0001965556584764,0.9951409101486,0.1418404281139,26.28949928284,-0.002115419600159,2486.818359375,12,15,0,5,0.8872691988945,0.9727891087532,0.7774538397789,0.06049999967217,0.6068549752235,1029,0,0.9922254681587,0.07915686815977
315,170.4290466309,228494,26.39150047302,2.9560546875,30,0.5281553268433,0.7679611444473,0,47.97766876221,6.612621307373,0,0.1475728154182,0.0001934695028467,0.9941747784615,0.1464896202087,26.39150047302,-0.002537258900702,2556.115234375,13,21,0,14,0.8776699304581,0.9669902920723,0.7815533876419,0.06400000303984,0.5997750163078,1030,0,0.9912621378899,0.07941115647554
316,170.489074707,221800,26.29899978638,2.9580078125,30,0.5339806079865,0.7601941823959,0,53.09805679321,7.212621212006,0,0.1543689370155,0.0002006609429372,0.9941747784615,0.1507664620876,26.29899978638,-0.002537258900702,2629.328125,10,19,0,13,0.8922330141068,0.9747572541237,0.7844660282135,0.04949999973178,0.5720850229263,1030,0,0.9912621378899,0.07972602546215
317,171.0609130859,205939,26.10549926758,2.9609375,30,0.5456310510635,0.7621359229088,0,45.50679779053,6.46019411087,0,0.155339807272,0.0001967427524505,0.9941747784615,0.1625529825687,26.10549926758,-0.002537258900702,2655.162597656,13,20,0,11,0.8902912735939,0.9699029326439,0.7893204092979,0.03050000034273,0.5726299881935,1030,0,0.9912621378899,0.08013887703419
318,171.9814453125,199341,26.26549911499,2.958984375,30,0.5339806079865,0.76116502285,0,38.59999847412,6.646602153778,0,0.1563106775284,0.0001978433429031,0.9941747784615,0.1713746786118,26.26549911499,-0.002537258900702,2608.240722656,7,23,1,11,0.8873786330223,0.9747572541237,0.7912621498108,0.07299999892712,0.5984399914742,1030,0,0.9932038784027,0.08052445203066
319,172.8527374268,191305,26.39299964905,2.96484375,30,0.5417475700378,0.7834951281548,0,47.42621231079,7.562135696411,0,0.1669902950525,0.0001978653017431,0.9941747784615,0.1780612170696,26.39299964905,-0.002537258900702,2335.930175781,13,17,0,7,0.8961164951324,0.9776698946953,0.7941747307777,0.06750000268221,0.5914049744606,1030,0,0.9932038784027,0.08093820512295
320,173.4718017578,184778,26.14999961853,2.962890625,31,0.550485432148,0.7689320445061,0,40.89611816406,6.591262340546,0,0.1543689370155,0.0001966714771697,0.9941747784615,0.1854116767645,26.14999961853,-0.002537258900702,2363.504882812,11,12,0,2,0.8932038545609,0.9718446731567,0.7912621498108,0.03649999946356,0.5687149763107,1030,0,0.9932038784027,0.08130566775799
321,174.1929779053,179097,26.12249946594,2.9619140625,31,0.5567409992218,0.7720659375191,0,35.09214401245,6.714839935303,0,0.1580989360809,0.0002001179382205,0.9932104945183,0.1925548762083,26.12249946594,-0.002958700293675,2272.728515625,8,12,0,8,0.8923375606537,0.9747817516327,0.7904946804047,0.04300000146031,0.5674300193787,1031,0,0.9922405481339,0.08151056617498
322,174.670211792,172099,26.13649940491,2.956097602844,31,0.5596508383751,0.7672162652016,0,42.46071624756,7.50145483017,0,0.1367604285479,0.000196712106117,0.9932104945183,0.2006868124008,26.13649940491,-0.002958700293675,2175.844482422,11,11,0,8,0.907856464386,0.9728419184685,0.796314239502,0.04250000044703,0.5699350237846,1031,0,0.9922405481339,0.08186228573322
323,175.7060852051,165571,26.04050064087,2.958048820496,31,0.5712900161743,0.7710960507393,0,36.35402297974,6.706110954285,0,0.1464597433805,0.0002044366265181,0.9941803812981,0.2090281546116,26.04050064087,-0.002534811384976,2084.249755859,4,28,0,12,0.8913676142693,0.9689621925354,0.8011639118195,0.0489999987185,0.5770050287247,1031,0,0.9922405481339,0.0821723267436
324,176.1992950439,158789,25.96050071716,2.968780517578,31,0.555771112442,0.7749757766724,0,31.73714828491,6.773036003113,0,0.1251212358475,0.0001973328762688,0.9941803812981,0.2195429205894,25.96050071716,-0.002534811384976,2011.615234375,8,27,0,10,0.907856464386,0.9796314239502,0.80989331007,0.01449999958277,0.557365000248,1031,0,0.9912706017494,0.08250497281551
325,177.041519165,152156,25.95450019836,2.970731735229,31,0.5596508383751,0.7807953357697,0,36.85354232788,7.547041893005,0,0.1309408396482,0.0002064197324216,0.9941803812981,0.2273456156254,25.95450019836,-0.002534811384976,1931.069458008,12,31,1,14,0.8962172865868,0.9728419184685,0.8176527619362,0.009999999776483,0.5420799851418,1031,0,0.9932104945183,0.08286215364933
326,177.7718658447,145996,25.97800064087,2.965853691101,31,0.5664403438568,0.7730358839035,0,32.31231689453,6.623666763306,0,0.1416100859642,0.0002007846196648,0.9941803812981,0.2351434230804,25.97800064087,-0.002534811384976,1997.651733398,8,16,0,8,0.8962172865868,0.9728419184685,0.8176527619362,0.007499999832362,0.5160650014877,1031,0,0.9932104945183,0.08326461166143
327,178.0347290039,139675,26.12899971008,2.965853691101,32,0.5683802366257,0.777885556221,0,28.051404953,6.640155315399,0,0.144519880414,0.000202273382456,0.9941803812981,0.2468587756157,26.12899971008,-0.002534811384976,1944.448852539,17,16,0,5,0.9000970125198,0.9709020256996,0.8205625414848,0.007499999832362,0.5190799832344,1031,0,0.9932104945183,0.08362630754709
328,178.2380981445,134036,26.17200088501,2.963937520981,32,0.5620155334473,0.7781007885933,0,31.84399223328,7.461240291595,0,0.1395348906517,0.0002010316093219,0.9932170510292,0.2528201341629,26.17200088501,-0.00295583344996,1957.184570312,17,17,0,11,0.9166666865349,0.9767441749573,0.8246123790741,0.009999999776483,0.5108249783516,1032,0,0.9922480583191,0.08389752358198
329,178.9049224854,127276,25.99049949646,2.961013555527,32,0.5678294301033,0.7810077667236,0,28.57848930359,6.514534950256,0,0.1501937955618,0.0001966993295355,0.9941860437393,0.2595697641373,25.99049949646,-0.002532337792218,1927.079223633,4,20,0,11,0.9060077667236,0.9806201457977,0.8246123790741,0.008500000461936,0.4936949908733,1032,0,0.9932170510292,0.08425428718328
330,179.1693725586,121601,25.98850059509,2.963937520981,32,0.5639534592628,0.7645348906517,0,24.24031066895,6.111434459686,0,0.1531007736921,0.0002012869808823,0.9941860437393,0.2697839736938,25.98850059509,-0.002532337792218,2140.169189453,16,16,0,6,0.900193810463,0.966085255146,0.8226743936539,0.002000000094995,0.5157250165939,1032,0,0.9932170510292,0.08465728163719
331,179.2378387451,115718,26.15449905396,2.963937520981,32,0.5639534592628,0.7655038833618,0,27.29166793823,7.164729118347,0,0.1346899271011,0.0001971243473236,0.9941860437393,0.2768281400204,26.15449905396,-0.002532337792218,2058.399414062,8,15,0,5,0.9127907156944,0.9718992114067,0.823643386364,0.002000000094995,0.518029987812,1032,0,0.9932170510292,0.08499961346388
332,179.1277313232,110015,25.6280002594,2.963937520981,32,0.5542635917664,0.7664728760719,0,24.81589317322,6.127907276154,0,0.143410846591,0.000204791649594,0.9941860437393,0.2827250957489,25.6280002594,-0.002532337792218,2081.190917969,9,13,0,3,0.9108527302742,0.9689922332764,0.8284883499146,0.0,0.4952949881554,1032,0,0.9932170510292,0.08540261536837
333,179.9782562256,102507,25.48200035095,2.964912176132,32,0.5591085553169,0.7771317958832,0,21.12790679932,5.781976699829,0,0.1356589198112,0.0002026980655501,0.9941860437393,0.2983015775681,25.48200035095,-0.002532337792218,1986.504760742,12,20,0,11,0.9108527302742,0.9767441749573,0.8352712988853,0.003000000026077,0.4767650067806,1032,0,0.9922480583191,0.08573400229216
334,180.0219726562,97227,25.49200057983,2.968811035156,33,0.5532945990562,0.7810077667236,0,22.15503883362,6.649224758148,0,0.1385658979416,0.0002002044057008,0.9941860437393,0.3075791597366,25.49200057983,-0.002532337792218,1940.767822266,6,20,0,10,0.9166666865349,0.9699612259865,0.8372092843056,0.004499999806285,0.470340013504,1032,0,0.991279065609,0.0860717818141
335,179.0365600586,91871,25.48900032043,2.969785690308,33,0.5401742458344,0.7734752893448,0,21.2216835022,5.723136425018,0,0.1423039734364,0.000199026602786,0.9932236075401,0.3147130310535,25.48900032043,-0.002952966606244,2004.22277832,10,18,0,10,0.9099709391594,0.973862528801,0.8393030166626,0.009999999776483,0.4571099877357,1033,0,0.9912875294685,0.08633679896593
336,179.6789703369,85340,25.52549934387,2.968811035156,33,0.5392062067986,0.7812197208405,0,17.87221717834,5.257502555847,0,0.1384317576885,0.0001916670007631,0.9932236075401,0.334239512682,25.52549934387,-0.002952966606244,1854.740966797,12,16,0,3,0.9177153706551,0.973862528801,0.8431752324104,0.002000000094995,0.4416350126266,1033,0,0.9912875294685,0.08664708584547
337,180.0962982178,80746,25.10950088501,2.969815015793,33,0.545014500618,0.7928364276886,0,17.65246772766,6.219748497009,0,0.1200387254357,0.0001963404065464,0.9932236075401,0.3227528333664,25.10950088501,-0.002952966606244,1743.530517578,9,16,0,11,0.9225556850433,0.9728944897652,0.8470474481583,0.001000000047497,0.4335750043392,1033,0,0.9922555685043,0.08694380521774
338,180.5919189453,76648,24.82449913025,2.964946508408,33,0.5469506382942,0.795740544796,0,17.90609741211,4.484994888306,0,0.1161665022373,0.0001932027516887,0.9941916465759,0.3332376480103,24.82449913025,-0.002529890276492,1622.669799805,6,12,0,5,0.9177153706551,0.973862528801,0.8470474481583,0.0,0.4340749979019,1033,0,0.9922555685043,0.08725689351559
339,181.1691131592,72406,24.5890007019,2.962999105453,33,0.5440464615822,0.795740544796,0,15.43852901459,4.134559631348,0,0.1161665022373,0.000196349225007,0.9941916465759,0.3425544798374,24.5890007019,-0.002529890276492,1565.353393555,10,13,0,9,0.9215875864029,0.9777347445488,0.8489835262299,0.002499999944121,0.4144499897957,1033,0,0.9922555685043,0.08754460513592
340,181.9888458252,68492,24.71299934387,2.962025403976,33,0.5508228540421,0.795740544796,0,14.80348491669,4.770571231842,0,0.1210067793727,0.000197591361939,0.9941916465759,0.3548881709576,24.71299934387,-0.002529890276492,1614.79284668,9,18,0,10,0.8983542919159,0.9787027835846,0.8547918796539,0.05249999836087,0.4195599853992,1033,0,0.9922555685043,0.08791008591652
341,182.8267364502,64515,24.76600074768,2.960116624832,33,0.54791867733,0.8044530749321,0,15.24298095703,4.218780517578,0,0.1229428872466,0.0001931437291205,0.9941916465759,0.3666744232178,24.76600074768,-0.002529890276492,1480.111816406,11,20,0,9,0.9235237240791,0.9757986664772,0.8586640954018,0.0,0.4048500061035,1033,0,0.9922555685043,0.0882493108511
342,183.2350616455,61052,24.5389995575,2.955252885818,33,0.5401742458344,0.8015488982201,0,12.90319442749,3.762826919556,0,0.1423039734364,0.0001960447116289,0.9951597452164,0.3741564452648,24.5389995575,-0.002107199747115,1571.547485352,16,13,0,3,0.9080348610878,0.9816069602966,0.8567279577255,0.003500000108033,0.4072499871254,1033,0,0.9932236075401,0.08865913748741
343,183.8176574707,57634,24.66300010681,2.955252885818,33,0.5401742458344,0.8092933297157,0,12.42981624603,4.36979675293,0,0.1432720273733,0.0001864044606918,0.9951597452164,0.3843911588192,24.66300010681,-0.002107199747115,1429.469238281,10,19,0,8,0.9225556850433,0.976766705513,0.8567279577255,0.0,0.4025999903679,1033,0,0.9932236075401,0.08896223455667
344,184.6328887939,53220,24.93849945068,2.956225633621,33,0.5333978533745,0.8121975064278,0,12.59244918823,3.828654527664,0,0.1384317576885,0.0001904174860101,0.9951597452164,0.4035513103008,24.93849945068,-0.002107199747115,1499.598999023,10,16,0,6,0.9167473316193,0.9806389212608,0.8606001734734,0.0,0.3850699961185,1033,0,0.9941916465759,0.08929697424173
345,185.2127685547,50227,25.10650062561,2.959143877029,33,0.5353339910507,0.8054211139679,0,10.27783203125,3.529525518417,0,0.1181026101112,0.0001842157944338,0.9951597452164,0.4119696617126,25.10650062561,-0.002107199747115,1405.121459961,12,18,0,13,0.9235237240791,0.9835430979729,0.8586640954018,0.0,0.3906199932098,1033,0,0.9941916465759,0.08959644287825
346,185.7906036377,47198,25.41500091553,2.957240104675,33,0.5314617753029,0.8063891530037,0,10.55663108826,4.092933177948,0,0.1374637037516,0.0001909248821903,0.9951597452164,0.4181745052338,25.41500091553,-0.002107199747115,1533.041015625,10,12,0,1,0.9215875864029,0.979670882225,0.8615682721138,0.0599999986589,0.4184849858284,1033,0,0.9941916465759,0.08990041911602
347,186.3372344971,44200,25.4435005188,2.958211898804,33,0.5314617753029,0.8073571920395,0,10.49370765686,3.458857774734,0,0.1200387254357,0.000184962147614,0.9961277842522,0.4284389019012,25.4435005188,-0.001684946357273,1382.259033203,5,20,0,11,0.9254598021507,0.9864472150803,0.8644723892212,0.05400000140071,0.4160900115967,1033,0,0.9941916465759,0.09021616727114
348,186.0879974365,41502,25.12849998474,2.954324483871,33,0.5324298143387,0.8073571920395,0,8.48015499115,3.126815080643,0,0.1355275958776,0.0001907072000904,0.9961277842522,0.435930788517,25.12849998474,-0.001684946357273,1493.145874023,11,8,0,4,0.9167473316193,0.9806389212608,0.8673765659332,0.001000000047497,0.3919799923897,1033,0,0.9951597452164,0.09055903553963
349,186.100402832,38877,25.27199935913,2.955296516418,33,0.5256534218788,0.8015488982201,0,8.515005111694,3.514036893845,0,0.1219748333097,0.0001837370800786,0.9961277842522,0.4426781833172,25.27199935913,-0.001684946357273,1408.836914062,9,10,0,3,0.9196515083313,0.9777347445488,0.8770571351051,0.0,0.3849000036716,1033,0,0.9951597452164,0.09084676206112
350,186.9479980469,36441,25.27899932861,2.956268310547,33,0.5140367746353,0.7996127605438,0,8.61180973053,3.028073549271,0,0.1374637037516,0.0001844990911195,0.9961277842522,0.4497955739498,25.27899932861,-0.001684946357273,1577.659179688,9,17,0,9,0.9244917631149,0.9845111370087,0.8722168207169,0.0,0.3774249851704,1033,0,0.9951597452164,0.09118510037661
351,187.1086578369,33964,24.97750091553,2.953352689743,33,0.5275895595551,0.818973839283,0,7.051306724548,2.737657308578,0,0.1200387254357,0.0001781362952897,0.9961277842522,0.4608114361763,24.97750091553,-0.001684946357273,1296.087280273,13,7,0,3,0.9332042336464,0.9816069602966,0.8693127036095,0.0,0.3722400069237,1033,0,0.9951597452164,0.09149992465973
352,187.5392303467,31794,24.76849937439,2.954324483871,33,0.524685382843,0.818973839283,0,6.902226448059,3.017424821854,0,0.1345595419407,0.0001793211122276,0.9961277842522,0.4598980844021,24.76849937439,-0.001684946357273,1372.116455078,11,15,0,8,0.9283639788628,0.9864472150803,0.8693127036095,0.0,0.373055011034,1033,0,0.9951597452164,0.09183826297522
353,187.4049072266,29585,24.64699935913,2.950437307358,33,0.521781206131,0.8257502317429,0,7.038722515106,2.649564266205,0,0.1132623404264,0.0001782984036254,0.9961277842522,0.4670610129833,24.64699935913,-0.001684946357273,1181.460083008,6,14,0,6,0.9283639788628,0.9825749993324,0.8664085268974,0.0,0.3652049899101,1033,0,0.9961277842522,0.09211784601212
354,187.7068634033,27297,24.3719997406,2.954324483871,33,0.5179089903831,0.8131655454636,0,5.870280742645,2.347531318665,0,0.1151984483004,0.0001806813525036,0.9961277842522,0.4782943129539,24.3719997406,-0.001684946357273,1301.441040039,7,12,0,3,0.9351403713226,0.979670882225,0.8654404878616,0.0,0.3471649885178,1033,0,0.9961277842522,0.09243454039097
355,187.197845459,25366,24.47500038147,2.952380895615,33,0.5285575985909,0.818973839283,0,5.509196281433,2.485963344574,0,0.1045498549938,0.0001828174863476,0.9961277842522,0.4852558672428,24.47500038147,-0.001684946357273,1183.871459961,7,11,0,6,0.9361084103584,0.9825749993324,0.8615682721138,0.0,0.3396100103855,1033,0,0.9961277842522,0.09268878400326
356,186.6105041504,23642,24.23049926758,2.952380895615,34,0.5150048136711,0.8209099769592,0,5.57502412796,2.240077495575,0,0.1113262325525,0.0001811886322685,0.9961277842522,0.4914981722832,24.23049926758,-0.001684946357273,1217.245483398,8,13,0,7,0.9351403713226,0.979670882225,0.8615682721138,0.0,0.3331199884415,1033,0,0.9961277842522,0.09299815446138
357,186.3421020508,22163,24.04000091553,2.953352689743,34,0.5125725269318,0.8172147274017,0,4.714700222015,1.988394618034,0,0.1150870397687,0.000182604737347,0.9951643943787,0.4852231144905,24.04000091553,-0.002105170860887,1203.523193359,8,16,0,7,0.9361702203751,0.983559012413,0.8607349991798,0.0,0.3295849859715,1034,0,0.9951643943787,0.09322635829449
358,186.6203155518,20656,23.90699958801,2.94757270813,35,0.5106382966042,0.8123791217804,0,4.489361763,2.066730976105,0,0.1208897456527,0.0001780303864507,0.9951643943787,0.4866866767406,23.90699958801,-0.002105170860887,1251.069946289,8,10,0,5,0.9226305484772,0.9816247820854,0.8597679138184,0.001000000047497,0.3274149894714,1034,0,0.9951643943787,0.09353546053171
359,187.3524169922,19254,23.93950080872,2.942718505859,35,0.5004830956459,0.8115941882133,0,4.483091831207,1.931400895119,0,0.1227053105831,0.00017639802536,0.9951691031456,0.4923652112484,23.93950080872,-0.002103116130456,1236.797607422,12,19,0,6,0.9159420132637,0.9806763529778,0.8521739244461,0.0005000000237487,0.3324350118637,1035,0,0.993236720562,0.09374213963747
360,188.1327362061,17920,23.92650032043,2.942718505859,35,0.5033816695213,0.8164251446724,0,3.908212661743,1.738164186478,0,0.1236714944243,0.0001748505310388,0.9951691031456,0.4966517984867,23.92650032043,-0.002103116130456,1219.319335938,11,11,0,5,0.9294685721397,0.9768115878105,0.8579710125923,0.001000000047497,0.3252899944782,1035,0,0.9942029118538,0.09407170116901
361,188.9239349365,16740,23.92000007629,2.94083404541,35,0.5043478012085,0.7980676293373,0,3.616425275803,1.706280231476,0,0.1120772957802,0.0001725354813971,0.9951691031456,0.4958184063435,23.92000007629,-0.002103116130456,1257.101318359,7,11,1,5,0.9169082045555,0.9787439703941,0.8560386300087,0.0,0.3233850002289,1035,0,0.9942029118538,0.09435979276896
362,190.6975097656,15547,24.15550041199,2.938894271851,35,0.4908212423325,0.7893719673157,0,3.727536201477,1.577777862549,0,0.11980676651,0.0001732758973958,0.9961352944374,0.5006110668182,24.15550041199,-0.001681672059931,1292.842407227,6,7,0,6,0.9236714839935,0.9777777791023,0.8541063070297,0.0,0.3159950077534,1035,0,0.9942029118538,0.09464783966541
363,191.1272735596,14418,24.07049942017,2.934044599533,35,0.5033816695213,0.7922705411911,0,3.107246398926,1.366183519363,0,0.1082125604153,0.0001702940353425,0.9961352944374,0.5105423927307,24.07049942017,-0.001681672059931,1203.97265625,14,11,0,5,0.9342995285988,0.9719806909561,0.8473429679871,0.0,0.3043900132179,1035,0,0.9942029118538,0.09492774307728
364,191.3586273193,13416,23.79299926758,2.934044599533,35,0.5004830956459,0.7864734530449,0,2.832850217819,1.388405799866,0,0.1275362372398,0.0001751814124873,0.9961352944374,0.5119260549545,23.79299926758,-0.001681672059931,1238.276367188,8,11,0,7,0.9178743958473,0.9787439703941,0.8463768362999,0.0,0.29550999403,1035,0,0.9942029118538,0.09523023664951
365,193.593460083,12476,23.60000038147,2.935014486313,35,0.5082125663757,0.7855072617531,0,3.038647413254,1.324637770653,0,0.107246376574,0.0001768440124579,0.9961352944374,0.5113016963005,23.60000038147,-0.001681672059931,1115.593994141,11,11,0,1,0.9314009547234,0.9729468822479,0.840579688549,0.0,0.2765949964523,1035,0,0.9951691031456,0.09545869380236
366,194.1542053223,11554,23.70599937439,2.929194927216,35,0.5004830956459,0.7758454084396,0,2.569082021713,1.146859884262,0,0.1091787442565,0.0001801157195587,0.9961352944374,0.5087415575981,23.70599937439,-0.001681672059931,1173.162841797,4,11,0,8,0.9342995285988,0.9806763529778,0.8347826004028,0.0,0.270359992981,1035,0,0.9951691031456,0.09573499858379
367,194.4312286377,10707,23.90900039673,2.92046546936,35,0.4869565069675,0.7845410704613,0,2.228985309601,1.128502488136,0,0.1004830896854,0.0001777185534593,0.9961352944374,0.514429807663,23.90900039673,-0.001681672059931,998.4839477539,7,4,0,3,0.9381642341614,0.9816424846649,0.8289855122566,0.0,0.2635250091553,1035,0,0.9951691031456,0.09599688649178
368,194.5249481201,9953,23.95149993896,2.921435594559,35,0.496618360281,0.7797101736069,0,2.378743886948,1.090821266174,0,0.1053140088916,0.0001742133172229,0.9961352944374,0.5123078227043,23.95149993896,-0.001681672059931,995.2431030273,6,10,0,6,0.933333337307,0.9816424846649,0.8289855122566,0.0,0.2657949924469,1035,0,0.9961352944374,0.09622534364462
369,194.6879425049,9297,24.1280002594,2.913676023483,35,0.483091801405,0.7681159377098,0,2.070531368256,0.9053139686584,0,0.09855072200298,0.0001717621926218,0.9961352944374,0.5160804390907,24.1280002594,-0.001681672059931,966.8062744141,7,9,0,4,0.9236714839935,0.9845410585403,0.8193236589432,0.0,0.2659449875355,1035,0,0.9961352944374,0.09647368639708
370,194.5523834229,8692,24.18549919128,2.912706136703,36,0.4763284921646,0.7816424965858,0,1.79710149765,0.9236714839935,0,0.09082125872374,0.0001732512464514,0.9961352944374,0.5207086801529,24.18549919128,-0.001681672059931,891.8643188477,5,15,0,10,0.9304347634315,0.9797101616859,0.8231884241104,0.0,0.2636350095272,1035,0,0.9961352944374,0.09672743082047
371,194.1228942871,8041,24.49550056458,2.910766363144,36,0.4681467115879,0.748069524765,0,1.879343628883,0.8822393417358,0,0.08397683501244,0.0001735111291055,0.9951737523079,0.5263026952744,24.49550056458,-0.002101087011397,963.340637207,4,12,0,7,0.9276061654091,0.9816602468491,0.8233590722084,0.0,0.2825999855995,1036,0,0.9942085146904,0.09687133878469
372,193.9853668213,7393,24.64800071716,2.902131795883,36,0.4845559895039,0.7586872577667,0,1.625482678413,0.7606177330017,0,0.08783783763647,0.0001751751406118,0.9951737523079,0.5436223745346,24.64800071716,-0.002101087011397,933.1356201172,11,7,0,3,0.9179536700249,0.9787644743919,0.8185328245163,0.0,0.2834349870682,1036,0,0.9942085146904,0.0971275344491
373,193.8048706055,6869,24.5030002594,2.897286891937,36,0.4700772166252,0.7461389899254,0,1.397683382034,0.7722007632256,0,0.09362934529781,0.0001764424669091,0.9961389899254,0.5484058856964,24.5030002594,-0.001680060871877,942.7729492188,8,14,0,6,0.922779917717,0.9749034643173,0.8204632997513,0.0,0.2566649913788,1036,0,0.9942085146904,0.09740535914898
374,193.4200439453,6363,24.69199943542,2.885658979416,36,0.4681467115879,0.7615830302238,0,1.592664003372,0.7548262476921,0,0.09459459781647,0.0001743468164932,0.9961389899254,0.5539839863777,24.69199943542,-0.001680060871877,912.921081543,9,12,0,5,0.9218146800995,0.9797297120094,0.8166022896767,0.0,0.2548699975014,1036,0,0.9942085146904,0.09764353185892
375,193.9043121338,5876,24.6189994812,2.884689807892,36,0.4768339693546,0.7413127422333,0,1.282818436623,0.6196911334991,0,0.09555984288454,0.0001724347093841,0.9961389899254,0.5662015080452,24.6189994812,-0.001680060871877,945.4722900391,13,13,1,8,0.9372586607933,0.9739382266998,0.8137065768242,0.0,0.2417449951172,1036,0,0.9942085146904,0.09785822033882
376,193.8168945312,5428,24.45700073242,2.880698442459,36,0.4662162065506,0.7490347623825,0,1.093629360199,0.6177606582642,0,0.09362934529781,0.0001696040708339,0.9961389899254,0.5742446780205,24.45700073242,-0.001680060871877,954.285949707,8,12,0,5,0.9343629479408,0.9816602468491,0.8194980621338,0.0,0.2449200004339,1036,0,0.9932432174683,0.09815140068531
377,193.6378936768,5042,24.30550003052,2.885548114777,36,0.4681467115879,0.7538610100746,0,1.19401550293,0.6129344105721,0,0.1023166030645,0.0001684875169303,0.9951737523079,0.5769535899162,24.30550003052,-0.002101087011397,857.1528930664,7,15,0,12,0.9324324131012,0.9749034643173,0.8185328245163,0.0,0.2362750023603,1036,0,0.9932432174683,0.0983841791749
378,193.9364776611,4692,24.35400009155,2.873908758163,36,0.4575289487839,0.7306950092316,0,1.056949853897,0.5279922485352,0,0.1003860980272,0.0001630978513276,0.9951737523079,0.5814151763916,24.35400009155,-0.002101087011397,990.1734008789,6,8,0,3,0.9285714030266,0.9787644743919,0.8137065768242,0.0,0.2267599999905,1036,0,0.9932432174683,0.09863585978746
379,191.8610534668,4362,24.74250030518,2.861299753189,36,0.4488416910172,0.7326254844666,0,0.8706563711166,0.4903475046158,0,0.08687258511782,0.000160549316206,0.9951737523079,0.5841357111931,24.74250030518,-0.002101087011397,902.3433227539,9,10,0,4,0.920849442482,0.9710424542427,0.8098455667496,0.0,0.2317049950361,1036,0,0.9942085146904,0.09884242713451
380,190.9589080811,4088,25.22249984741,2.856450080872,36,0.4353281855583,0.7403475046158,0,0.9527027010918,0.4768339693546,0,0.1071428582072,0.0001564362173667,0.9951737523079,0.586839556694,25.22249984741,-0.002101087011397,910.07421875,5,10,0,5,0.9150578975677,0.9681467413902,0.8030887842178,0.001000000047497,0.2245749980211,1036,0,0.9942085146904,0.09912567585707
381,191.1610717773,3781,25.40699958801,2.854510068893,36,0.4372586905956,0.726833999157,0,0.8146718144417,0.4189189076424,0,0.09073358774185,0.00015260008513,0.9951737523079,0.5940227508545,25.40699958801,-0.002101087011397,889.7298583984,6,17,0,7,0.9333977103233,0.9749034643173,0.7992277741432,0.305999994278,0.2313300073147,1036,0,0.9942085146904,0.09932958334684
382,190.373336792,3534,25.42049980164,2.852427244186,36,0.4391891956329,0.7142857313156,0,0.7191119790077,0.4208494126797,0,0.09555984288454,0.0001503465755377,0.9951737523079,0.6004527211189,25.42049980164,-0.002101087011397,943.1884155273,5,12,1,7,0.920849442482,0.9691119790077,0.7992277741432,0.6620000004768,0.2590849995613,1036,0,0.9942085146904,0.09955239295959
383,190.1541900635,3253,25.55200004578,2.843689203262,36,0.4324324429035,0.7364864945412,0,0.7828184962273,0.4391891956329,0,0.07722007483244,0.0001470027782489,0.9942085146904,0.6031355857849,25.55200004578,-0.002522521652281,797.6114501953,2,13,0,6,0.922779917717,0.9729729890823,0.8021235466003,0.04450000077486,0.2513000071049,1036,0,0.9942085146904,0.09979055076838
384,189.5086975098,3016,25.53100013733,2.8407766819,36,0.4266409277916,0.7297297120094,0,0.726833999157,0.3880308866501,0,0.08880309015512,0.0001499204809079,0.9942085146904,0.6110742688179,25.53100013733,-0.002522521652281,787.026550293,6,11,0,9,0.9333977103233,0.9671814441681,0.7992277741432,0.09650000184774,0.2470050007105,1036,0,0.9942085146904,0.09999621659517
385,189.4774169922,2811,25.57399940491,2.839805841446,36,0.4343629479408,0.726833999157,0,0.555984556675,0.3310810923576,0,0.06949806958437,0.0001479850907344,0.9942085146904,0.6189967989922,25.57399940491,-0.002522521652281,750.13671875,6,17,0,9,0.9189189076424,0.9700772166252,0.7886100411415,0.002499999944121,0.2459000051022,1036,0,0.9932432174683,0.1002136319876
386,190.1533508301,2601,25.61949920654,2.833980560303,36,0.4169884026051,0.7403475046158,0,0.6245173811913,0.3214285671711,0,0.06756756454706,0.0001496090844739,0.9942085146904,0.6193771362305,25.61949920654,-0.002522521652281,695.208190918,7,5,0,3,0.904440164566,0.9671814441681,0.7915058135986,0.003500000108033,0.2271250039339,1036,0,0.9932432174683,0.1003886759281
387,189.9831237793,2414,25.5594997406,2.820388317108,36,0.4256756901741,0.7297297120094,0,0.5617761015892,0.3011583089828,0,0.07046332210302,0.0001496277545812,0.9942085146904,0.6180613040924,25.5594997406,-0.002522521652281,684.2107543945,4,12,0,6,0.9218146800995,0.9613899588585,0.7837837934494,0.0,0.2080000042915,1036,0,0.9932432174683,0.1006412357092
388,191.12159729,2250,25.83099937439,2.811650514603,36,0.4083011448383,0.7171814441681,0,0.4546332061291,0.2557915151119,0,0.07432432472706,0.0001471973082516,0.9942085146904,0.6191111207008,25.83099937439,-0.002522521652281,688.989074707,5,7,0,6,0.8967181444168,0.9720077514648,0.7760617733002,0.0,0.2046650052071,1036,0,0.9932432174683,0.1008974388242
389,189.7462615967,2071,26.26899909973,2.802912712097,36,0.4160231649876,0.7152509689331,0,0.4951737523079,0.2654440104961,0,0.07432432472706,0.0001521107478766,0.9942085146904,0.6190246343613,26.26899909973,-0.002522521652281,690.6063842773,11,7,0,3,0.9121621847153,0.9652509689331,0.7770270109177,0.0,0.2102349996567,1036,0,0.9932432174683,0.1011040061712
390,188.745300293,1942,26.40699958801,2.794946432114,36,0.4025096595287,0.7239382266998,0,0.4247104227543,0.2210424691439,0,0.08204632997513,0.0001482235675212,0.9942085146904,0.6235839128494,26.40699958801,-0.002522521652281,646.1780395508,9,10,0,5,0.8957529067993,0.9691119790077,0.7760617733002,0.001500000013039,0.207574993372,1036,0,0.9932432174683,0.101359307766
391,188.9876556396,1816,26.60600090027,2.7910592556,36,0.3947876393795,0.7142857313156,0,0.3918918967247,0.2413127422333,0,0.08301158249378,0.0001510897127446,0.9932432174683,0.6211453676224,26.60600090027,-0.002944392152131,658.0790405273,8,13,0,4,0.8957529067993,0.9662162065506,0.7770270109177,0.002499999944121,0.2041999995708,1036,0,0.9922779798508,0.101574011147
392,188.775100708,1676,26.46299934387,2.778425693512,36,0.4025096595287,0.7142857313156,0,0.3764478862286,0.2084942162037,0,0.07625482976437,0.0001460207131458,0.9932432174683,0.6276849508286,26.46299934387,-0.002944392152131,678.4156494141,3,8,0,2,0.9073359370232,0.9642857313156,0.7712355256081,0.06049999967217,0.2240999937057,1036,0,0.9922779798508,0.1018428578973
393,187.8594360352,1573,26.70450019836,2.770651102066,37,0.3957529067993,0.7162162065506,0,0.3571428656578,0.1949806958437,0,0.07818532735109,0.0001442947686883,0.9932432174683,0.6274634599686,26.70450019836,-0.002944392152131,672.6138305664,8,8,0,3,0.9034749269485,0.9642857313156,0.773166000843,0.04800000041723,0.2217600047588,1036,0,0.9922779798508,0.1020259708166
394,187.9761962891,1454,26.91799926758,2.760932922363,37,0.3789778351784,0.6972034573555,0,0.2950819730759,0.1706846803427,0,0.07425265014172,0.0001442912907805,0.9922854304314,0.6210454106331,26.91799926758,-0.003363385330886,750.7572021484,6,7,0,4,0.9103182554245,0.9672130942345,0.7743490934372,0.05900000035763,0.2063450068235,1037,0,0.9903568029404,0.1021790504456
395,187.2401580811,1345,26.7859992981,2.758017539978,37,0.3818707764149,0.7164898514748,0,0.3346190750599,0.1918997019529,0,0.08003856986761,0.0001411813282175,0.9922854304314,0.6148698925972,26.7859992981,-0.003363385330886,681.623840332,6,11,0,5,0.8948891162872,0.9672130942345,0.7656701803207,0.03200000151992,0.2082449942827,1037,0,0.9903568029404,0.1023377254605
396,187.0318756104,1241,27.09600067139,2.751214742661,37,0.3828350901604,0.7020250558853,0,0.2786885201931,0.1571841835976,0,0.08293153345585,0.0001431821438018,0.9922854304314,0.6067687273026,27.09600067139,-0.003363385330886,751.8760375977,14,4,0,2,0.9074252843857,0.9623914957047,0.7618129253387,0.02649999968708,0.2171600013971,1037,0,0.9903568029404,0.1025630682707
397,186.4831085205,1166,27.39800071716,2.739552974701,37,0.3731918931007,0.6952748298645,0,0.2536162137985,0.1427193880081,0,0.07232401520014,0.0001358201407129,0.9922854304314,0.6037735939026,27.39800071716,-0.003363385330886,724.7400512695,7,2,0,1,0.8939247727394,0.9623914957047,0.7560269832611,0.06449999660254,0.2285500019789,1037,0,0.9903568029404,0.1027550473809
398,186.0948638916,1095,27.75200080872,2.735665798187,37,0.3751205503941,0.705882370472,0,0.2420443594456,0.1417550742626,0,0.0752169713378,0.0001384814240737,0.9922854304314,0.6118721365929,27.75200080872,-0.003363385330886,723.6236572266,6,8,0,4,0.8919961452484,0.9643201828003,0.7637415528297,0.02400000020862,0.2145050019026,1037,0,0.9903568029404,0.1029947698116
399,185.3471374512,1021,27.67049980164,2.725947618484,37,0.3539054989815,0.6962391734123,0,0.2227579653263,0.1215043365955,0,0.06075216829777,0.0001319204893662,0.9922854304314,0.612144947052,27.67049980164,-0.003363385330886,678.8068237305,7,8,1,6,0.8968177437782,0.9537126421928,0.7569913268089,0.004999999888241,0.2025250047445,1037,0,0.9903568029404,0.1032002046704
400,185.864440918,1168,27.70000076294,2.716504812241,37,0.3693346083164,0.6991320848465,0,0.2054001837969,0.1118611395359,0,0.08486017584801,0.0001343310432276,0.9922854304314,0.5085616707802,27.70000076294,-0.003363385330886,720.5918579102,7,11,0,6,0.8919961452484,0.9556412696838,0.7531340122223,0.0,0.1931650042534,1037,0,0.9903568029404,0.1034183055162
401,186.1230163574,1506,27.70999908447,2.715257644653,37,0.3674059808254,0.7010607719421,0,0.3317261338234,0.1108968183398,0,0.07135969400406,0.0001306998747168,0.9932497739792,0.3638778328896,27.70999908447,-0.002941525075585,612.9889526367,11,5,0,2,0.8871745467186,0.9604628682137,0.7454195022583,0.0,0.188069999218,1037,0,0.9903568029404,0.103606633842
402,185.7519683838,1391,27.70549964905,2.711089611053,37,0.3596914112568,0.684667289257,0,0.4484088718891,0.1002893000841,0,0.08486017584801,0.0001337964349659,0.9922854304314,0.3702372312546,27.70549964905,-0.003363385330886,709.9821777344,12,10,0,6,0.8948891162872,0.9498553276062,0.7463837862015,0.0,0.1912800073624,1037,0,0.9903568029404,0.1038382425904
403,185.8543243408,1308,27.73999977112,2.704280138016,37,0.3567984700203,0.6894888877869,0,0.1764705777168,0.1031822562218,0,0.07810993492603,0.0001314670080319,0.9913211464882,0.3608562648296,27.73999977112,-0.003785629523918,617.6926879883,7,12,0,7,0.9064609408379,0.954676926136,0.7405979037285,0.0,0.1741449981928,1037,0,0.9903568029404,0.1040139719844
404,186.1509094238,1220,27.81749916077,2.697470903397,37,0.3539054989815,0.6721311211586,0,0.2632594108582,0.08389585465193,0,0.08100289106369,0.000129749183543,0.9913211464882,0.3565573692322,27.81749916077,-0.003785629523918,691.3984985352,9,6,0,3,0.8852459192276,0.9517840147018,0.7309547066689,0.0,0.1679649949074,1037,0,0.9884281754494,0.1042014360428
405,185.5691375732,1134,28.17700004578,2.689688682556,37,0.3510125279427,0.6721311211586,0,0.3558341264725,0.08293153345585,0,0.0752169713378,0.0001292456581723,0.9913211464882,0.3527336716652,28.17700004578,-0.003785629523918,634.416015625,3,8,0,4,0.8968177437782,0.9517840147018,0.7290260195732,0.03900000080466,0.1839500069618,1037,0,0.9874638319016,0.1043898016214
406,186.0623779297,1082,28.17449951172,2.677042722702,37,0.3461909294128,0.662487924099,0,0.1446480304003,0.0703953653574,0,0.07039537280798,0.0001259756245418,0.9913211464882,0.3493530452251,28.17449951172,-0.003785629523918,673.5205078125,11,4,0,2,0.8871745467186,0.9479267001152,0.7222757935524,0.0625,0.2133699953556,1037,0,0.9864994883537,0.1045601442456
407,185.2868499756,1010,28.22299957275,2.665369749069,37,0.3442623019218,0.6595950126648,0,0.2198649942875,0.07907425612211,0,0.06846673041582,0.000130420041387,0.9913211464882,0.3475247621536,28.22299957275,-0.003785629523918,641.0592651367,4,3,0,1,0.8948891162872,0.9517840147018,0.7213114500046,0.1829999983311,0.2083600014448,1037,0,0.9864994883537,0.1047430858016
408,185.6571960449,942,28.02899932861,2.659533023834,37,0.3510125279427,0.6702024936676,0,0.294117629528,0.06075216829777,0,0.07328832894564,0.0001257671247004,0.9913211464882,0.3619957566261,28.02899932861,-0.003785629523918,622.2947998047,2,5,0,1,0.8900675177574,0.950819671154,0.7126325964928,0.241500005126,0.2053599953651,1037,0,0.9845708608627,0.1049053370953
409,186.4004058838,903,28.10799980164,2.648490667343,37,0.3500482141972,0.6538090705872,0,0.1234329789877,0.06268081068993,0,0.06653808802366,0.0001287414634135,0.9913211464882,0.3521594703197,28.10799980164,-0.003785629523918,634.7086181641,11,3,0,1,0.8987463712692,0.9431051015854,0.7068466544151,0.1180000007153,0.2090850025415,1037,0,0.9836065769196,0.105090983212
410,185.9249420166,876,28.18300056458,2.636452198029,37,0.3481195867062,0.656702041626,0,0.1687560230494,0.06075217202306,0,0.08486017584801,0.0001219258847414,0.9903568029404,0.3504566252232,28.18300056458,-0.004208310972899,633.0863647461,7,6,0,2,0.8784956336021,0.9440694451332,0.7029893994331,0.1264999955893,0.2131550014019,1037,0,0.9836065769196,0.1053081601858
411,185.9753112793,852,28.67900085449,2.6328125,37,0.3510125279427,0.6460945010185,0,0.2507232427597,0.042430087924,0,0.06750240921974,0.0001215081065311,0.9893924593925,0.3532863855362,28.67900085449,-0.004631403833628,620.1522827148,4,3,2,2,0.8669238090515,0.9411764740944,0.6933462023735,0.2370000034571,0.2149949967861,1037,0,0.9836065769196,0.1054424569011
412,185.5983581543,809,28.93300056458,2.627201557159,37,0.3481195867062,0.6412729024887,0,0.1350048184395,0.05496624857187,0,0.0694310516119,0.0001208082976518,0.9874638319016,0.3411619365215,28.93300056458,-0.005478802602738,649.5084228516,6,8,0,5,0.8678881525993,0.9431051015854,0.6885246038437,0.02999999932945,0.2193049937487,1037,0,0.9826422333717,0.1056434288621
413,184.9630432129,780,29.24349975586,2.614481449127,37,0.3442623019218,0.654773414135,0,0.1581485122442,0.05785920843482,0,0.06364513188601,0.0001193006537505,0.9855352044106,0.3371794819832,29.24349975586,-0.006327857729048,560.3455810547,9,8,0,4,0.8871745467186,0.9363548755646,0.684667289257,0.5055000185966,0.2196899950504,1037,0,0.9826422333717,0.1057732105255
414,184.2601623535,768,29.56649971008,2.6013712883,37,0.3384763598442,0.6460945010185,0,0.2391514033079,0.05110896751285,0,0.06653808802366,0.0001208947287523,0.9855352044106,0.3294270932674,29.56649971008,-0.006327857729048,595.3302612305,2,3,0,1,0.8698167800903,0.9392478466034,0.6798456907272,0.1829999983311,0.2669099867344,1037,0,0.9826422333717,0.1059345155954
415,185.0080718994,767,29.88949966431,2.589215755463,37,0.3404050171375,0.6509160995483,0,0.1407907307148,0.04339440539479,0,0.0482160076499,0.0001153067714768,0.9845708608627,0.3116036653519,29.88949966431,-0.006753021851182,538.9219970703,2,7,0,6,0.8717454075813,0.9411764740944,0.6721311211586,0.7329999804497,0.2848699986935,1037,0,0.9816778898239,0.1060949414968
416,184.9047546387,806,29.62999916077,2.576055049896,37,0.3346191048622,0.6489874720573,0,0.1427193880081,0.04339440539479,0,0.06364513188601,0.0001180492035928,0.9836065769196,0.27171215415,29.62999916077,-0.007178576197475,549.2573242188,4,3,0,1,0.8717454075813,0.9382835030556,0.6634522676468,0.4194999933243,0.2759500145912,1037,0,0.9807136058807,0.1062517389655
417,184.1260223389,749,29.82449913025,2.568204164505,37,0.3326904475689,0.6422372460365,0,0.2487946003675,0.04050144553185,0,0.053037609905,0.0001138048537541,0.9826422333717,0.2803738415241,29.82449913025,-0.007604574318975,535.502746582,3,6,0,2,0.8707811236382,0.9392478466034,0.658630669117,0.00650000013411,0.2383950054646,1037,0,0.9787849783897,0.1064274907112
418,182.3079986572,714,29.86650085449,2.550539731979,37,0.3269045352936,0.6441658735275,0,0.1137897744775,0.031822565943,0,0.05689489096403,0.0001157608858193,0.9826422333717,0.2745098173618,29.86650085449,-0.007604574318975,552.8985595703,3,6,0,4,0.8640308380127,0.9324975609779,0.6557376980782,0.04650000110269,0.2127149999142,1037,0,0.9787849783897,0.1066032722592
419,182.4108276367,673,29.70700073242,2.541257381439,37,0.3124397397041,0.6364513039589,0,0.1321118623018,0.04050144553185,0,0.05400192737579,0.0001121611130657,0.9826422333717,0.2763744294643,29.70700073242,-0.007604574318975,522.4163208008,6,3,0,0,0.8688524365425,0.9373192191124,0.654773414135,0.2354999929667,0.219775006175,1037,0,0.9787849783897,0.1068042591214
420,181.6867523193,658,29.9344997406,2.531956672668,37,0.3114753961563,0.6335583329201,0,0.1986499577761,0.03953712806106,0,0.06268081068993,0.0001116375497077,0.9816778898239,0.2629179358482,29.9344997406,-0.008030991069973,549.930847168,2,8,0,5,0.8505303859711,0.9267116785049,0.6576663255692,0.2709999978542,0.2292149960995,1037,0,0.9749276638031,0.1070061326027
421,180.0693054199,676,30.08300018311,2.51130771637,38,0.3105110824108,0.6219865083694,0,0.1089681759477,0.03375120460987,0,0.05593056976795,0.0001123771362472,0.9807136058807,0.2396449744701,30.08300018311,-0.008457799442112,512.3387451172,8,3,0,2,0.8524590134621,0.9218900799751,0.654773414135,0.1825000047684,0.2810299992561,1037,0,0.9739633798599,0.1071737334132
422,178.8679962158,831,30.44549942017,2.49950838089,38,0.3034681975842,0.624277472496,0,0.1512524038553,0.03371869027615,0,0.06069364026189,0.000113982197945,0.9797688126564,0.2009626924992,30.44549942017,-0.008876388892531,519.1958618164,9,4,0,1,0.8631984591484,0.9248554706573,0.6396917104721,0.1420000046492,0.2627300024033,1038,0,0.9720616340637,0.1072568893433
423,178.2459716797,1045,30.24650001526,2.499015808105,38,0.3073217868805,0.5924855470657,0,0.2697494924068,0.04046242684126,0,0.05684007704258,0.0001129467709688,0.9797688126564,0.1464114785194,30.24650001526,-0.008876388892531,537.373840332,3,9,0,5,0.8709055781364,0.9238920807838,0.6348747611046,0.1159999966621,0.2381200045347,1038,0,0.9710982441902,0.1074000447989
424,177.6949462891,1067,30.27899932861,2.489655256271,38,0.3025048077106,0.6098265647888,0,0.2495183050632,0.02215799689293,0,0.04913294687867,0.0001153128469014,0.9788054227829,0.1283973753452,30.27899932861,-0.009303633123636,486.3371276855,7,4,0,2,0.8371868729591,0.9200385212898,0.6310212016106,0.2395000010729,0.2563599944115,1038,0,0.9701348543167,0.1075495257974
425,177.9215240479,1269,30.67250061035,2.479290008545,38,0.2976878583431,0.5751445293427,0,0.1724470108747,0.02408477850258,0,0.05491329357028,0.0001133593104896,0.9778420329094,0.1048069372773,30.67250061035,-0.009731298312545,502.6096496582,1,3,0,2,0.8314065337181,0.9248554706573,0.6213873028755,0.05299999937415,0.2414350062609,1038,0,0.9691714644432,0.1076737567782
426,177.0160064697,1177,30.62949943542,2.47035574913,38,0.2976878583431,0.5789980888367,0,0.3747591674328,0.03275530040264,0,0.04816955700517,0.0001165503708762,0.9768785834312,0.1045029759407,30.62949943542,-0.01015941239893,464.8946838379,3,0,0,0,0.8458574414253,0.9229286909103,0.6136801838875,0.03700000047684,0.2343849986792,1038,0,0.9691714644432,0.1077898740768
427,178.1653594971,1682,30.90049934387,2.45544552803,38,0.2870905697346,0.5587668418884,0,0.2186897844076,0.02601156011224,0,0.04046242684126,0.0001165237626992,0.9749518036842,0.06718192994595,30.90049934387,-0.01101685315371,455.574432373,5,2,0,0,0.8439306616783,0.9104046225548,0.6088631749153,0.0434999987483,0.2437500059605,1038,0,0.9682080745697,0.1079015433788
428,177.510635376,1698,30.98150062561,2.442021846771,38,0.2890173494816,0.5789980888367,0,0.5134874582291,0.02215799689293,0,0.03757225349545,0.000116729112051,0.9730250239372,0.06595995277166,30.98150062561,-0.01187599077821,407.0064697266,0,5,0,1,0.8477842211723,0.9104046225548,0.6001926660538,0.09049999713898,0.2389100044966,1038,0,0.9672446846962,0.1080168038607
429,177.715133667,2436,31.13899993896,2.436507940292,39,0.2842004001141,0.5626204013824,0,0.3680154085159,0.02215799503028,0,0.03853564709425,0.0001133985133492,0.9720616340637,0.0451559945941,31.13899993896,-0.01230619754642,384.828918457,5,2,0,1,0.8323699235916,0.9084778428078,0.5963391065598,0.0625,0.2235800027847,1038,0,0.9672446846962,0.1081500500441
430,176.3031463623,2554,31.20649909973,2.421627044678,39,0.2858517765999,0.5553416609764,0,0.6852743029594,0.01732435077429,0,0.03849855810404,0.0001092444508686,0.9701636433601,0.04698511958122,31.20649909973,-0.01315500494093,409.2474060059,3,2,0,1,0.8498556017876,0.917228102684,0.5899903774261,0.1389999985695,0.2299699932337,1039,0,0.9663137793541,0.1081988885999
431,176.0348815918,2410,31.17600059509,2.410536766052,39,0.2781520783901,0.5457170605659,0,0.6005774736404,0.01154956687242,0,0.03176130726933,0.0001084258910851,0.9701636433601,0.05352697148919,31.17600059509,-0.01315500494093,359.2436218262,2,1,0,0,0.830606341362,0.8999037742615,0.5822906494141,0.03350000083447,0.2274899929762,1039,0,0.9653512835503,0.1083194091916
432,176.4734802246,2293,31.21599960327,2.407554626465,39,0.2820019125938,0.5264677405357,0,0.3282001912594,0.03176130726933,0,0.03176130726933,0.0001066160766641,0.9682387113571,0.05800261721015,31.21599960327,-0.01401755772531,415.3334960938,7,7,0,2,0.828681409359,0.9008662104607,0.5736284852028,0.1199999973178,0.2397049963474,1039,0,0.9634263515472,0.1084552332759
433,175.9315032959,2452,31.27549934387,2.395418405533,39,0.2839268445969,0.5264677405357,0,0.5880654454231,0.02309913374484,0,0.03368623554707,0.0001068485580618,0.9682387113571,0.05954322963953,31.27549934387,-0.01401755772531,355.2408752441,2,4,0,2,0.8373435735703,0.8941289782524,0.5659287571907,0.1840000003576,0.2556799948215,1039,0,0.960538983345,0.108570381999
434,175.3735351562,2462,31.16200065613,2.38247013092,39,0.2762271463871,0.5447545647621,0,0.6689124107361,0.01924927905202,0,0.03657362982631,0.0001049471611623,0.9663137793541,0.05970755591989,31.16200065613,-0.0148818269372,355.2373046875,1,3,0,1,0.826756477356,0.8893166780472,0.5572665929794,0.07450000196695,0.2574599981308,1039,0,0.9595764875412,0.1087007969618
435,175.6183929443,2357,31.42250061035,2.379241466522,39,0.2820019125938,0.5168431401253,0,0.3849855661392,0.03368623554707,0,0.03946102038026,0.0001003162542474,0.9663137793541,0.0721255838871,31.42250061035,-0.0148818269372,369.0213012695,4,5,0,2,0.8055822849274,0.8902791142464,0.547641992569,0.8874999880791,0.2896600067616,1039,0,0.956689119339,0.1088465377688
436,175.2109375,2329,31.35300064087,2.37700009346,39,0.2733397483826,0.5149182081223,0,0.4841193556786,0.02021174319088,0,0.04619826748967,9.415216482012e-05,0.9643888473511,0.07814512401819,31.35300064087,-0.0157478209585,401.1382446289,3,11,0,6,0.8229066133499,0.8941289782524,0.5437921285629,0.25,0.2951000034809,1039,0,0.9557266831398,0.1089769676328
437,175.5792541504,2371,31.47900009155,2.369999885559,39,0.2666025161743,0.5081809163094,0,0.6140519976616,0.03464869782329,0,0.04716072976589,8.958570106188e-05,0.9624639153481,0.08688317239285,31.47900009155,-0.01661554537714,383.5262451172,1,7,0,2,0.8152069449425,0.8729547858238,0.5332050323486,0.2169999927282,0.2948749959469,1039,0,0.9538017511368,0.1091253384948
438,174.0,2330,31.72249984741,2.361723423004,39,0.2589027881622,0.5139557123184,0,0.4600577652454,0.04234841093421,0,0.0481231957674,8.567880286137e-05,0.9624639153481,0.0957081541419,31.72249984741,-0.01661554537714,390.4531860352,2,7,0,3,0.8046198487282,0.8777670860291,0.5274302363396,0.4614999890327,0.2947300076485,1039,0,0.9538017511368,0.1092458516359
439,173.8022766113,2188,31.86549949646,2.350401639938,40,0.2540904581547,0.4995187819004,0,0.4725697636604,0.04523580148816,0,0.04331087693572,8.224599150708e-05,0.960538983345,0.1000914052129,31.86549949646,-0.01748500391841,395.6502990723,8,7,0,4,0.8103945851326,0.8854668140411,0.5168431401253,0.1870000064373,0.3082849979401,1039,0,0.9499518871307,0.1093996763229
440,174.7807617188,2317,32.16199874878,2.345381498337,40,0.2461538463831,0.5,0,0.5269230604172,0.03365384787321,0,0.04230769351125,7.796942372806e-05,0.9576923251152,0.1096245124936,32.16199874878,-0.01877399347723,385.1749572754,2,10,0,6,0.7846153974533,0.8692307472229,0.508653819561,0.1324999928474,0.3116500079632,1040,0,0.9432692527771,0.1093969494104
441,174.7722930908,2309,32.10049819946,2.334003925323,40,0.2442307621241,0.4855769276619,0,0.4903846383095,0.04326923191547,0,0.03269230946898,7.685548916925e-05,0.9576923251152,0.1169337406754,32.10049819946,-0.01877399347723,382.3645324707,2,3,0,0,0.7865384817123,0.8826923370361,0.5048077106476,0.2874999940395,0.3307749927044,1040,0,0.9413461685181,0.1095056831837
442,174.893737793,2253,32.70050048828,2.32729101181,40,0.2269230782986,0.4932692348957,0,0.4519230723381,0.04807692393661,0,0.02884615398943,7.39437455195e-05,0.9557692408562,0.1189525052905,32.70050048828,-0.01964695006609,367.5051574707,3,10,0,5,0.7798076868057,0.8798077106476,0.4961538314819,0.1949999928474,0.323399990797,1040,0,0.9403846263885,0.1096108332276
443,175.2168273926,2151,31.84300041199,2.314833402634,40,0.2346153855324,0.4749999940395,0,0.4875000119209,0.05769230797887,0,0.03653846308589,7.376646681223e-05,0.9548076987267,0.1264528185129,31.84300041199,-0.02008408866823,358.9670715332,5,12,0,6,0.8000000119209,0.8673076629639,0.4932692348957,0.6409999728203,0.3726899921894,1040,0,0.9384615421295,0.1097213625908
444,175.4096832275,2215,32.21049880981,2.309403419495,40,0.2230769246817,0.4846153855324,0,0.439423084259,0.03750000149012,0,0.02500000037253,7.362894393736e-05,0.9528846144676,0.1331828385592,32.21049880981,-0.02095968648791,344.1233215332,0,11,0,1,0.7740384340286,0.8692307472229,0.4836538434029,1.011000037193,0.3624300062656,1040,0,0.9384615421295,0.1098318845034
445,174.7752838135,2289,31.92650032043,2.300303220749,41,0.2182692289352,0.4567307829857,0,0.5374999642372,0.06730769574642,0,0.02500000037253,7.201491098385e-05,0.9509615302086,0.1266928762197,31.92650032043,-0.02183705195785,345.9576416016,0,10,0,5,0.7682692408562,0.86442309618,0.4759615361691,1.106500029564,0.3787299990654,1040,0,0.9365384578705,0.1099307462573
446,174.149810791,2158,32.09349822998,2.31129193306,41,0.2103746384382,0.4658981859684,0,0.5072045922279,0.05667627230287,0,0.02785782888532,7.008761895122e-05,0.9500480294228,0.1316033303738,32.09349822998,-0.02225443907082,321.4561157227,3,16,0,8,0.7896253466606,0.8549471497536,0.4687800109386,0.2479999810457,0.3816649913788,1041,0,0.9317963719368,0.1099535152316
447,174.4498138428,3362,31.85950088501,2.309887886047,41,0.2113352566957,0.4495677351952,0,0.4111431539059,0.04803073778749,0,0.03073967248201,6.980164471315e-05,0.9442843198776,0.08179654926062,31.85950088501,-0.02489722147584,313.0321655273,2,12,0,5,0.7723342776299,0.8616714477539,0.4610950946808,0.3264999985695,0.3465450108051,1041,0,0.9289144873619,0.1100846081972
448,174.7649230957,3236,31.94499969482,2.296334028244,41,0.1950048059225,0.4591738581657,0,1.245917439461,0.05379442870617,0,0.03170028701425,6.798122194596e-05,0.9423630833626,0.08529048413038,31.94499969482,-0.02578173577785,284.7117614746,1,11,0,8,0.7713736891747,0.8520653247833,0.455331414938,0.21099999547,0.330864995718,1041,0,0.9250720739365,0.1101744100451
449,173.876159668,3191,32.39599990845,2.293877601624,41,0.194044187665,0.4466858804226,0,0.5225744843483,0.0605187304318,0,0.02497598528862,6.982810737099e-05,0.9433237314224,0.08586649596691,32.39599990845,-0.02533924020827,280.0206604004,3,13,0,7,0.759846329689,0.8501440882683,0.4486071169376,0.3379999995232,0.32539498806,1041,0,0.9241114258766,0.110315322876
450,174.5679626465,3630,32.50450134277,2.293156385422,41,0.1921229660511,0.457252651453,0,0.4169068336487,0.04995196685195,0,0.02977905794978,6.941016908968e-05,0.9414024949074,0.07548209279776,32.50450134277,-0.02622465603054,269.0075378418,2,13,0,6,0.7704130411148,0.8482228517532,0.44380402565,0.1509999930859,0.3111900091171,1041,0,0.9231508374214,0.1104446277022
451,174.8557891846,3388,32.66749954224,2.28804898262,41,0.188280493021,0.4380403459072,0,1.353506326675,0.04130643606186,0,0.02401537075639,7.209960313048e-05,0.9404419064522,0.08264462649822,32.66749954224,-0.02666802704334,283.0127868652,4,9,0,6,0.7588856816292,0.847262263298,0.4370797276497,0.4269999861717,0.309475004673,1041,0,0.9221901893616,0.1105766147375
452,175.3553924561,3212,32.59099960327,2.29158115387,41,0.1873198896646,0.455331414938,0,0.4678193926811,0.0547550432384,0,0.02497598528862,7.087853737175e-05,0.9404419064522,0.08686176687479,32.59099960327,-0.02666802704334,270.8075561523,1,10,0,7,0.7550432085991,0.8376560807228,0.4341978728771,0.230499997735,0.3368700146675,1041,0,0.9202689528465,0.1107166483998
453,176.0696868896,3306,33.08399963379,2.287769794464,41,0.1815561950207,0.4380403459072,0,0.3756003975868,0.04995197057724,0,0.03073967248201,6.787401798647e-05,0.9356387853622,0.08681185543537,33.08399963379,-0.02889178320765,294.6404418945,2,8,0,4,0.7387127876282,0.8299711942673,0.4313160479069,0.426499992609,0.3333449959755,1041,0,0.9212296009064,0.1108944192529
454,175.9571685791,3180,32.81999969482,2.284536123276,41,0.1757925003767,0.4620557129383,0,1.250720500946,0.04899135231972,0,0.02881844341755,6.784893776057e-05,0.934678196907,0.1000000014901,32.81999969482,-0.02933788858354,272.5690612793,4,12,0,7,0.7540826201439,0.8376560807228,0.4361191093922,0.8209999799728,0.3692649900913,1041,0,0.9183477163315,0.1110443770885
455,175.6938781738,3917,32.88199996948,2.276573896408,41,0.1748318970203,0.4399615824223,0,0.4985590875149,0.04130643606186,0,0.04226705059409,6.341667904053e-05,0.9317963719368,0.08246106654406,32.88199996948,-0.03067898564041,331.7060852051,8,8,0,4,0.7425552606583,0.8222862482071,0.4293948113918,0.3824999928474,0.3793100118637,1041,0,0.9183477163315,0.1111907213926
456,176.4890441895,4914,32.84000015259,2.271975278854,41,0.166186362505,0.455331414938,0,0.867435157299,0.04995196685195,0,0.03362151607871,6.093469710322e-05,0.930835723877,0.06512006372213,32.84000015259,-0.03112695924938,304.4922180176,0,14,0,10,0.7415946125984,0.8309317827225,0.423631131649,0.931500017643,0.3761549890041,1041,0,0.9135446548462,0.1113361418247
457,175.1835174561,6414,32.74750137329,2.280082941055,41,0.162343904376,0.4428434073925,0,1.745437145233,0.0576368868351,0,0.04514889419079,5.724384755013e-05,0.9289144873619,0.06251949071884,32.74750137329,-0.03202426433563,347.8737182617,5,9,0,5,0.7387127876282,0.8194044232368,0.421709895134,0.6955000162125,0.388110011816,1041,0,0.9106628298759,0.1115157008171
458,175.515045166,6178,33.00899887085,2.267912864685,41,0.1681075841188,0.4370797276497,0,1.495677232742,0.05091258138418,0,0.0365033634007,5.42716588825e-05,0.9260326623917,0.06523146480322,33.00899887085,-0.0333736948669,368.697845459,7,5,0,1,0.7348703145981,0.8309317827225,0.4245917499065,1.126999974251,0.4258950054646,1041,0,0.9106628298759,0.1116539686918
459,176.0393981934,6125,32.78900146484,2.266112327576,41,0.1642651259899,0.4505283236504,0,0.8607108592987,0.05187319591641,0,0.04514889419079,5.489159593708e-05,0.9250720739365,0.06514285504818,32.78900146484,-0.03382442891598,368.3662414551,7,7,0,2,0.7060518860817,0.8270893096924,0.4226705133915,0.9869999885559,0.4351400136948,1041,0,0.9106628298759,0.1117832660675
460,175.7878723145,5911,32.44699859619,2.269791603088,41,0.1575408279896,0.4524495601654,0,1.621517777443,0.09798271209002,0,0.03458213433623,5.232771582087e-05,0.9241114258766,0.07765183597803,32.44699859619,-0.03427565842867,359.4463195801,3,11,0,6,0.7348703145981,0.8242074847221,0.4255523681641,0.6679999828339,0.4254049956799,1041,0,0.9048991203308,0.1119044646621
461,175.6206970215,5520,32.67800140381,2.269030332565,41,0.1546589881182,0.4428434073925,0,1.341978907585,0.05571565777063,0,0.04226705059409,5.569572749664e-05,0.9221901893616,0.08061594516039,32.67800140381,-0.03517950326204,425.5453186035,6,8,0,5,0.7041306495667,0.8386167287827,0.4207492768764,0.6044999957085,0.3882650136948,1041,0,0.9039385318756,0.1120481416583
462,175.6882171631,5674,32.33100128174,2.278361320496,42,0.1565802097321,0.4582132697105,0,0.6810758709908,0.04610950872302,0,0.04034582152963,5.350484570954e-05,0.9212296009064,0.08195276558399,32.33100128174,-0.03563211858273,395.6018066406,7,7,0,2,0.7146974205971,0.8165225982666,0.4197886586189,0.8725000023842,0.422495007515,1041,0,0.8991354703903,0.1121828407049
463,175.2533569336,5377,32.2319984436,2.285414457321,43,0.1525911688805,0.4443378150463,0,1.588291764259,0.1285988390446,0,0.05086372420192,5.198837607168e-05,0.9136276245117,0.1002417728305,32.2319984436,-0.03923077881336,489.6014099121,7,25,0,10,0.7159308791161,0.8243762254715,0.4280230402946,1.56200003624,0.4579550027847,1042,0,0.8982725739479,0.1122428774834
464,175.0229949951,5877,32.0805015564,2.28315782547,43,0.1581975072622,0.4611696898937,0,1.16395008564,0.04985618591309,0,0.04218600317836,5.004461854696e-05,0.913710474968,0.08677896857262,32.0805015564,-0.03919139504433,459.4392700195,9,8,0,5,0.7066155076027,0.814956843853,0.4314477443695,1.21749997139,0.4417699873447,1043,0,0.8964525461197,0.1122893989086
465,174.988571167,7176,32.29100036621,2.285563707352,43,0.1409395933151,0.4582933783531,0,1.092042088509,0.06807286292315,0,0.06040268391371,4.754101246363e-05,0.910834133625,0.08347268402576,32.29100036621,-0.04056070372462,533.6584472656,8,16,0,5,0.7094918489456,0.8207094669342,0.4333652853966,1.072000026703,0.4467200040817,1043,0,0.8954937458038,0.112449772656
466,174.5143432617,6623,32.10599899292,2.304761886597,43,0.1505273282528,0.4458293318748,0,2.309683561325,0.1534036397934,0,0.05560882017016,4.944061220158e-05,0.9098753333092,0.08847954124212,32.10599899292,-0.04101810976863,566.9723510742,12,25,1,12,0.7018216848373,0.8216682672501,0.4237775504589,2.150000095367,0.4638450145721,1043,0,0.8935762047768,0.1126020774245
467,175.1320800781,7133,32.08449935913,2.299894332886,43,0.1514860987663,0.4554170668125,0,0.9654842019081,0.09875360131264,0,0.06807287037373,5.150793731445e-05,0.906040251255,0.08748072385788,32.08449935913,-0.04285250976682,616.3522338867,6,21,0,9,0.6855225563049,0.8178331851959,0.4189836978912,1.590499997139,0.4661949872971,1043,0,0.8906999230385,0.1127723380923
468,175.3584899902,7807,32.11149978638,2.293121576309,43,0.1581975072622,0.456375837326,0,1.43624162674,0.06999041140079,0,0.05273250117898,5.38215135748e-05,0.9079577922821,0.08415524661541,32.11149978638,-0.04193434119225,586.6890869141,10,9,0,5,0.7018216848373,0.8168743848801,0.4122723042965,1.465999960899,0.4517700076103,1043,0,0.8868648409843,0.1129049658775
469,176.2182159424,7948,32.32699966431,2.302966117859,43,0.1524448692799,0.456375837326,0,2.541706562042,0.1706615537405,0,0.06519655138254,5.491169576999e-05,0.906040251255,0.0817815810442,32.32699966431,-0.04285250976682,672.294128418,11,27,0,16,0.6912751793861,0.8072866797447,0.41323107481,1.191499948502,0.4478299915791,1043,0,0.8839884996414,0.1130420565605
470,175.4160308838,9037,32.35200119019,2.307529211044,43,0.1524448692799,0.4602109193802,0,1.221476435661,0.1093000918627,0,0.06040268391371,5.379147842177e-05,0.9050815105438,0.07801261544228,32.35200119019,-0.04331231117249,641.4717407227,6,14,0,8,0.6797698736191,0.8120805621147,0.4141898453236,1.134999990463,0.4565550088882,1043,0,0.8859060406685,0.1132284328341
471,175.3076934814,9460,32.43600082397,2.299045562744,43,0.1581975072622,0.4487056434155,0,2.094918489456,0.09971237182617,0,0.06615532189608,5.442272231448e-05,0.904122710228,0.0770613104105,32.43600082397,-0.04377262294292,776.216796875,5,7,0,4,0.6855225563049,0.8120805621147,0.4180249273777,1.932999968529,0.458310008049,1043,0,0.8859060406685,0.1134040355682
472,175.2312164307,9491,32.25749969482,2.317021369934,43,0.1524448692799,0.4573346078396,0,2.688398838043,0.1821668148041,0,0.05560882017016,5.187396527617e-05,0.904122710228,0.076914973557,32.25749969482,-0.04377262294292,686.5278320312,7,28,0,12,0.687440097332,0.8082454204559,0.4122723042965,1.275500059128,0.4788399934769,1043,0,0.8839884996414,0.1135715991259
473,174.9839324951,9328,32.18199920654,2.32377910614,43,0.1553211957216,0.4582933783531,0,1.470757484436,0.1275167763233,0,0.07094918191433,5.406860509538e-05,0.9012464284897,0.08769296854734,32.18199920654,-0.04515644535422,768.2476196289,8,19,0,11,0.6922339200974,0.8072866797447,0.4074784219265,1.697000026703,0.4994150102139,1043,0,0.8791946172714,0.1138189285994
474,176.1502990723,10059,31.87949943542,2.322683811188,43,0.169702783227,0.4467881023884,0,1.973154306412,0.09875360131264,0,0.06519655138254,5.378324567573e-05,0.9031639695168,0.07883487641811,31.87949943542,-0.04423339664936,757.8117675781,11,14,0,8,0.6740172505379,0.8063278794289,0.4103547334671,3.233500003815,0.5082049965858,1043,0,0.8811121582985,0.1139945462346
475,176.7108459473,11820,31.59350013733,2.331556558609,43,0.171620324254,0.4391179382801,0,2.979865789413,0.2032598257065,0,0.06807287037373,5.541356949834e-05,0.9002876281738,0.06895092874765,31.59350013733,-0.04561872035265,885.8956298828,9,24,0,13,0.6989453434944,0.8082454204559,0.4093959629536,3.709000110626,0.5317100286484,1043,0,0.8772770762444,0.1141343414783
476,177.1020355225,12221,31.34000015259,2.331556558609,43,0.1773729622364,0.4707574248314,0,2.73250246048,0.1179290488362,0,0.0469798669219,5.643569966196e-05,0.8993288874626,0.07601669430733,31.34000015259,-0.04608145728707,653.5387573242,1,11,0,7,0.6970278024673,0.7976989746094,0.41323107481,4.197500228882,0.5595499873161,1043,0,0.8763183355331,0.1143377497792
477,177.7336120605,12904,31.20949935913,2.33084321022,43,0.1869606971741,0.4467881023884,0,2.317353725433,0.120805375278,0,0.06519655138254,6.142519850982e-05,0.8993288874626,0.07338809967041,31.20949935913,-0.04608145728707,868.9485473633,6,13,0,7,0.6960690021515,0.8053691387177,0.4046021103859,3.581000089645,0.5581499934196,1043,0,0.8772770762444,0.1145044118166
478,178.6307067871,15215,31.4344997406,2.336528301239,43,0.195589646697,0.4602109193802,0,3.352828502655,0.2627037465572,0,0.04602109268308,6.1865648604e-05,0.8983700871468,0.06487019360065,31.4344997406,-0.04654471948743,806.3037719727,7,26,0,13,0.6692233681679,0.7976989746094,0.4103547334671,1.87399995327,0.5489699840546,1043,0,0.8763183355331,0.1146603375673
479,180.1680603027,16129,31.58499908447,2.347918987274,43,0.1946308761835,0.4745925068855,0,4.14189863205,0.1409395933151,0,0.07190795987844,6.676855991827e-05,0.9002876281738,0.06497613340616,31.58499908447,-0.04561872035265,816.7186279297,7,20,0,9,0.6845637559891,0.8005752563477,0.4113135039806,3.96199965477,0.5420449972153,1043,0,0.8744007945061,0.1148959845304
480,180.5708312988,17243,31.17350006104,2.343315601349,43,0.2003835141659,0.473633736372,0,3.101629972458,0.1601150482893,0,0.06136145815253,6.592252611881e-05,0.8983700871468,0.06095227226615,31.17350006104,-0.04654471948743,871.9752197266,5,11,0,7,0.6816874146461,0.7938638329506,0.4046021103859,3.582999944687,0.5665500164032,1043,0,0.8744007945061,0.1151271313429
481,181.1625061035,17409,30.99150085449,2.366167068481,44,0.20421859622,0.4726749658585,0,3.902204990387,0.2588686347008,0,0.07478427886963,7.07555518602e-05,0.8964525461197,0.0601413063705,30.99150085449,-0.04747269675136,977.5429077148,11,33,0,18,0.677852332592,0.7909875512123,0.4113135039806,2.34450006485,0.5693749785423,1043,0,0.8744007945061,0.1152983009815
482,180.0315856934,17396,31.54999923706,2.363927364349,44,0.2088122665882,0.4856321811676,0,4.219348907471,0.1494252830744,0,0.06704980880022,6.64915642119e-05,0.8946360349655,0.06426765024662,31.54999923706,-0.04835361614823,989.7778320312,7,18,0,6,0.6867815852165,0.7921456098557,0.418582379818,1.680999994278,0.5405650138855,1044,0,0.8735632300377,0.1154698505998
483,180.3475494385,18757,31.58650016785,2.373931646347,44,0.211685821414,0.4827586114407,0,3.261494159698,0.1695402413607,0,0.08620689809322,6.814632070018e-05,0.8975095748901,0.06243002787232,31.58650016785,-0.04696091264486,1083.175048828,10,15,0,7,0.6752873659134,0.7883141636848,0.420498073101,2.68799996376,0.5493549704552,1044,0,0.8726053833961,0.1156820431352
484,181.1471862793,19107,31.15449905396,2.391258001328,44,0.2107279747725,0.4779693484306,0,4.636015415192,0.2816092073917,0,0.09195402264595,6.779241812183e-05,0.8965517282486,0.06154812499881,31.15449905396,-0.04742464795709,1285.977661133,11,36,0,24,0.6695402264595,0.7892720103264,0.4243294894695,2.809000015259,0.5667549967766,1044,0,0.8706896305084,0.1159103363752
485,181.410369873,20861,31.31649971008,2.390608310699,44,0.2183908075094,0.4894635975361,0,4.427203178406,0.173371642828,0,0.09482758492231,6.87388019287e-05,0.8984674215317,0.06006423383951,31.31649971008,-0.04649766907096,1277.603027344,12,16,0,7,0.678160905838,0.7969348430634,0.4291187822819,2.188999891281,0.5596600174904,1044,0,0.8735632300377,0.1161654889584
486,180.4335479736,24066,31.21150016785,2.386339426041,44,0.2203065156937,0.4770115017891,0,4.519156932831,0.1915708780289,0,0.1053639873862,7.254055526573e-05,0.8975095748901,0.06033408269286,31.21150016785,-0.04696091264486,1509.971679688,12,15,0,8,0.6724137663841,0.7835249304771,0.4339080452919,2.512000083923,0.5648949742317,1044,0,0.8726053833961,0.1164125725627
487,180.9279632568,28105,31.46850013733,2.402777671814,44,0.2183908075094,0.4904214441776,0,6.55747127533,0.2950191497803,0,0.09195402264595,7.456836465281e-05,0.8975095748901,0.05394057929516,31.46850013733,-0.04696091264486,1490.860717773,11,34,0,16,0.678160905838,0.7911877632141,0.4386973083019,3.059499979019,0.5610600113869,1044,0,0.8687739372253,0.1165933907032
488,181.3319091797,33139,31.28499984741,2.404914617538,44,0.2212643623352,0.479885071516,0,7.016283512115,0.2595785558224,0,0.0986590012908,7.719570567133e-05,0.8965517282486,0.04991098120809,31.28499984741,-0.04742464795709,1790.077270508,11,19,0,9,0.6570881009102,0.7911877632141,0.4415708780289,3.718499898911,0.5759549736977,1044,0,0.8726053833961,0.1168861165643
489,180.9449157715,36106,30.90850067139,2.402347803116,44,0.219348654151,0.5095785260201,0,7.840996265411,0.2346743196249,0,0.09195402264595,7.853102579247e-05,0.8965517282486,0.04910541325808,30.90850067139,-0.04742464795709,1527.791137695,7,13,0,9,0.6724137663841,0.7978927493095,0.4492337107658,4.181000232697,0.5886300206184,1044,0,0.8745210766792,0.1171215474606
490,182.2842102051,33398,30.67399978638,2.416844367981,44,0.2279693484306,0.4885057508945,0,8.541187286377,0.3994252979755,0,0.100574709475,7.865802035667e-05,0.8975095748901,0.0542547442019,30.67399978638,-0.04696091264486,2005.732299805,8,31,0,18,0.6791187524796,0.7959769964218,0.4549808502197,2.385999917984,0.5974500179291,1044,0,0.8726053833961,0.1173372492194
491,182.2941131592,33777,30.95100021362,2.429028749466,45,0.2375478893518,0.5038314461708,0,5.622605323792,0.3132183849812,0,0.09770114719868,8.123879524646e-05,0.8984674215317,0.05802765116096,30.95100021362,-0.04649766907096,1870.963378906,17,21,0,10,0.670498073101,0.8093869686127,0.4549808502197,1.692000031471,0.5834149718285,1044,0,0.8735632300377,0.1176747828722
492,182.1525421143,36802,30.87999916077,2.440298557281,45,0.2382775098085,0.4851674735546,0,7.873684406281,0.3138756155968,0,0.1090909093618,8.042193076108e-05,0.8966507315636,0.05627411603928,30.87999916077,-0.04737669602036,2298.514648438,13,23,0,6,0.6889952421188,0.8009569644928,0.4583732187748,2.547499895096,0.5889850258827,1045,0,0.8736842274666,0.1177974268794
493,182.1957397461,38712,30.98150062561,2.448349237442,45,0.2526315748692,0.5033493041992,0,10.06985664368,0.4430621862411,0,0.1014354079962,8.42393055791e-05,0.8976076841354,0.05711407214403,30.98150062561,-0.0469134375453,2063.175048828,10,24,1,13,0.6784688830376,0.79712921381,0.4583732187748,2.421999931335,0.5840150117874,1045,0,0.8736842274666,0.118042498827
494,182.7082519531,39517,30.9109992981,2.447983026505,45,0.256459325552,0.4976076483727,0,7.291865825653,0.3760765790939,0,0.1004784703255,8.429142326349e-05,0.8985645771027,0.06298554688692,30.9109992981,-0.04645070806146,2232.708984375,9,27,0,15,0.6775119900703,0.7980861067772,0.4688995182514,3.62700009346,0.5881850123405,1045,0,0.8755980730057,0.1183277741075
495,182.774887085,38778,30.46850013733,2.471957683563,45,0.2669856548309,0.5177033543587,0,8.437320709229,0.4009569585323,0,0.09760765731335,8.990323112812e-05,0.9014354348183,0.07372736930847,30.46850013733,-0.04506537690759,1939.475341797,11,35,0,14,0.6746411323547,0.8028708100319,0.4746411442757,2.250999927521,0.6035199761391,1045,0,0.8755980730057,0.1185647249222
496,184.082611084,40208,30.7110004425,2.482029676437,45,0.2698564529419,0.5244019031525,0,9.278469085693,0.5617225170135,0,0.09856459498405,9.207239781972e-05,0.9043062329292,0.07948666810989,30.7110004425,-0.04368447512388,1936.895019531,13,26,0,10,0.6775119900703,0.8124402165413,0.4775119721889,2.755500078201,0.5876449942589,1045,0,0.8775119781494,0.1187677308917
497,184.002166748,42452,30.63349914551,2.488935709,45,0.2832535803318,0.5397129058838,0,8.49760723114,0.6066985726357,0,0.1071770340204,0.0001004253208521,0.9052631855011,0.08331762999296,30.63349914551,-0.04322514310479,1799.768432617,12,36,0,21,0.6717703342438,0.80191385746,0.4918660223484,2.513000011444,0.5941050052643,1045,0,0.8813397288322,0.1190262138844
498,185.0,43594,30.41650009155,2.503680229187,45,0.2851674556732,0.5425837039948,0,9.772249221802,0.6200957298279,0,0.09856459498405,0.0001018088660203,0.9081339836121,0.07462035864592,30.41650009155,-0.0418500714004,1901.67590332,6,37,0,16,0.6679425835609,0.8105263113976,0.5023923516273,2.243999958038,0.6007850170135,1045,0,0.8813397288322,0.1193356812
499,185.6666717529,45999,30.28300094604,2.524710893631,46,0.2909090816975,0.5483253598213,0,9.994257926941,0.7473683953285,0,0.111961722374,0.0001052595471265,0.9100478291512,0.07247983664274,30.28300094604,-0.04093578457832,1960.205078125,10,34,0,13,0.6784688830376,0.8105263113976,0.507177054882,3.095999956131,0.6053349971771,1045,0,0.8784688711166,0.1196128875017
500,185.2373657227,48098,30.16699981689,2.545073270798,46,0.3030592799187,0.5611854791641,0,10.1022939682,0.6558317542076,0,0.114722751081,0.0001045935641741,0.909177839756,0.07478481531143,30.16699981689,-0.04135115817189,2040.271484375,19,41,0,16,0.6826003789902,0.8097514510155,0.521032512188,2.387000083923,0.616289973259,1046,0,0.878585100174,0.119828209281
501,185.3620300293,49076,30.26799964905,2.553813934326,47,0.3087954223156,0.5678776502609,0,10.9837474823,0.7562141418457,0,0.1223709359765,0.0001037626934703,0.9120458960533,0.08056891709566,30.26799964905,-0.0399833060801,2081.543212891,12,29,0,14,0.6883364915848,0.8212237358093,0.5334607958794,3.638000011444,0.6157900094986,1046,0,0.8804971575737,0.1201373711228
502,186.4769287109,51940,30.27799987793,2.571725606918,47,0.3113658130169,0.5826169848442,0,10.6647567749,0.9035339355469,0,0.1365807056427,0.0001049254788086,0.9140400886536,0.07847516238689,30.27799987793,-0.03903475776315,2164.118896484,7,50,0,22,0.6914995312691,0.8175740242004,0.5425024032593,2.673000097275,0.6194949746132,1047,0,0.8825215101242,0.1203796714544
503,186.3506469727,52793,30.53100013733,2.575726032257,47,0.3247373402119,0.5873925685883,0,11.95510959625,0.7822349667549,0,0.1203438416123,0.000106488543679,0.9188156723976,0.08080616593361,30.53100013733,-0.03677160665393,2267.822509766,16,24,0,11,0.6914995312691,0.8252149224281,0.5539637207985,2.901499986649,0.6091200113297,1047,0,0.88443171978,0.120660841465
504,185.8483581543,52396,30.32799911499,2.590062141418,47,0.3228271305561,0.5902578830719,0,11.6943655014,0.8662846088409,0,0.1298949420452,0.0001092029560823,0.9207258820534,0.08489197492599,30.32799911499,-0.03586965054274,2546.261474609,9,34,0,15,0.6838586330414,0.8290353417397,0.5616045594215,2.584000110626,0.6136199831963,1047,0,0.8882521390915,0.1210438013077
505,185.94480896,53035,30.50149917603,2.612603187561,47,0.3361986577511,0.6017192006111,0,10.68385887146,0.9837631583214,0,0.1184336170554,0.0001101663146983,0.9226360917091,0.08684831112623,30.50149917603,-0.03496956080198,2406.295898438,16,43,0,18,0.6943648457527,0.8414517641068,0.5682903528214,2.587500095367,0.604984998703,1047,0,0.8911174535751,0.1213999837637
506,185.9978027344,52808,30.36300086975,2.635233163834,47,0.3419293165207,0.602674305439,0,12.03342914581,0.8882521390915,0,0.1337153762579,0.0001128405856434,0.9245463013649,0.09275110065937,30.36300086975,-0.03407133370638,2728.472167969,16,27,0,14,0.7029608488083,0.8319006562233,0.5778414607048,2.490999937057,0.6157299876213,1047,0,0.8930277228355,0.121765948832
507,185.1894226074,55299,30.29500007629,2.644260644913,47,0.3381088972092,0.6131805181503,0,11.54632282257,1.006685733795,0,0.1279847174883,0.0001087851633201,0.9216809868813,0.09184614568949,30.29500007629,-0.03541937470436,2571.928466797,14,29,0,14,0.7020057439804,0.8500477671623,0.589302778244,2.19000005722,0.6163449883461,1047,0,0.8949379324913,0.1221756488085
508,184.0559234619,55718,30.38999938965,2.658762931824,48,0.3447946608067,0.6294173598289,0,12.31518650055,1.09742128849,0,0.1289398223162,0.0001144828929682,0.923591196537,0.09458343684673,30.38999938965,-0.03452021628618,2551.755371094,10,31,0,15,0.7020057439804,0.8557783961296,0.5950334072113,2.480499982834,0.6127099990845,1047,0,0.8978032469749,0.1225158050656
509,185.2105255127,56688,30.19099998474,2.663580179214,48,0.3520992398262,0.6269084215164,0,12.35782432556,1.020992398262,0,0.1450381726027,0.0001124676200561,0.925572514534,0.0964754447341,30.19099998474,-0.03358955308795,2708.720214844,14,33,1,17,0.7137404680252,0.8559160232544,0.6049618124962,2.464999914169,0.6184750199318,1048,0,0.9007633328438,0.1228501424193
510,185.0529785156,57684,29.79150009155,2.680041074753,48,0.3635496199131,0.6507633328438,0,12.18129825592,1.112595438957,0,0.1335877925158,0.0001152324839495,0.9274809360504,0.09695929288864,29.79150009155,-0.03269500657916,2546.172851562,14,33,0,12,0.7032442688942,0.8664122223854,0.6202290058136,3.751499891281,0.6376799941063,1048,0,0.9045801758766,0.1231827735901
511,184.840713501,58066,29.82999992371,2.692070007324,48,0.3645038306713,0.6641221642494,0,12.85019111633,1.151717543602,0,0.1450381726027,0.0001157960650744,0.9274809360504,0.1003857702017,29.82999992371,-0.03269500657916,2475.336669922,15,22,0,8,0.7318702340126,0.8664122223854,0.6269084215164,4.133999824524,0.6375650167465,1048,0,0.909351170063,0.1235920712352
512,185.1545257568,59657,29.58049964905,2.692703008652,48,0.3740457892418,0.6660305261612,0,12.66602993011,1.152671813965,0,0.1469465643167,0.0001207351233461,0.9265267252922,0.09936805069447,29.58049964905,-0.03314204886556,2714.297851562,18,20,0,12,0.715648829937,0.8711832165718,0.6402671933174,2.804500102997,0.6392750144005,1048,0,0.9112595319748,0.1239924654365
513,185.2825622559,60927,29.50849914551,2.697341442108,48,0.3778626024723,0.6708015203476,0,13.18225193024,1.215648770332,0,0.1545801460743,0.0001250692293979,0.928435087204,0.09890525043011,29.50849914551,-0.03224845603108,2809.114746094,10,26,0,15,0.7318702340126,0.8740457892418,0.6536259651184,3.677999973297,0.6491450071335,1048,0,0.912213742733,0.1243518516421
514,184.452911377,63167,29.4015007019,2.70642209053,48,0.3959923684597,0.6708015203476,0,13.54103088379,1.237595438957,0,0.1583969444036,0.0001309013168793,0.9332060813904,0.09715516120195,29.4015007019,-0.03002244047821,2978.754150391,25,25,0,14,0.7375954389572,0.8797709941864,0.6641221642494,4.922500133514,0.6550999879837,1048,0,0.9141221642494,0.1247549578547
515,184.6441497803,58625,29.26250076294,2.711088418961,48,0.4026717543602,0.6927480697632,0,14.03912162781,1.279580116272,0,0.1717557311058,0.0001361249305774,0.936068713665,0.105415776372,29.26250076294,-0.02869226969779,2855.320068359,23,27,0,14,0.736641228199,0.8759542107582,0.672709941864,4.643000125885,0.6614400148392,1048,0,0.915076315403,0.125117957592
516,185.8165130615,58986,29.28499984741,2.719796895981,48,0.3979007601738,0.6937022805214,0,10.64503860474,1.18034350872,0,0.1660305410624,0.00013732300431,0.9379770755768,0.1061268746853,29.28499984741,-0.02780777588487,3026.726318359,17,25,0,15,0.736641228199,0.8788167834282,0.688931286335,2.849999904633,0.6550049781799,1048,0,0.9179389476776,0.125505015254
517,186.1934661865,59643,29.51749992371,2.728194713593,49,0.4198473393917,0.7146946787834,0,13.46660327911,1.286259531975,0,0.1583969444036,0.000141118245665,0.9398854970932,0.1075566262007,29.51749992371,-0.02692505344748,2992.956298828,11,25,0,15,0.7461832165718,0.8874045610428,0.702290058136,3.210000038147,0.6417449712753,1048,0,0.9188931584358,0.1259223520756
518,185.9786224365,59469,29.00250053406,2.73461151123,49,0.4299332797527,0.7216396331787,0,14.23546218872,1.283126831055,0,0.1582459509373,0.0001425627851859,0.9399427771568,0.1093006432056,29.00250053406,-0.02689858525991,3037.570068359,16,29,0,17,0.7530981898308,0.8951382040977,0.7187798023224,4.194499969482,0.6684899926186,1049,0,0.9180171489716,0.1261578351259
519,186.3045501709,60474,28.86149978638,2.739919424057,49,0.4232602417469,0.7254528403282,0,11.15824604034,1.245948553085,0,0.1658722609282,0.0001431526179658,0.9447092413902,0.1095181405544,28.86149978638,-0.02470183558762,3452.765136719,23,17,0,10,0.7702574133873,0.8989514112473,0.7330791354179,4.467000007629,0.6689450144768,1049,0,0.9180171489716,0.1266255229712
520,186.6459350586,60438,28.96649932861,2.740181207657,49,0.4413727223873,0.7292659878731,0,13.83698749542,1.320305109024,0,0.1954242140055,0.0001433514262317,0.9456625580788,0.1001522243023,28.96649932861,-0.0242638066411,3693.291992188,16,19,0,6,0.7721639871597,0.8979980945587,0.7397521734238,4.401500225067,0.6702449917793,1049,0,0.9237368702888,0.1270416080952
521,187.5707397461,60368,28.61949920654,2.737688541412,49,0.4423260390759,0.7397521734238,0,13.97712135315,1.017159223557,0,0.1925643533468,0.000143258497701,0.9466158151627,0.102918766439,28.61949920654,-0.02382624521852,3859.76953125,23,14,0,5,0.7635843753815,0.8999046683311,0.7502382993698,6.15700006485,0.6841350197792,1049,0,0.9265967607498,0.1274906694889
522,189.4703063965,60818,28.8390007019,2.73895573616,49,0.4461391866207,0.7416587471962,0,11.29075241089,0.9628217816353,0,0.193517640233,0.0001466774410801,0.9485223889351,0.1053471043706,28.8390007019,-0.02295241318643,3970.816162109,16,18,1,7,0.7836034297943,0.8913250565529,0.7597712278366,3.578500032425,0.6815850138664,1049,0,0.9304099082947,0.1278897821903
523,190.7470703125,60904,28.79949951172,2.72845697403,49,0.45948523283,0.7654909491539,0,13.92278385162,1.02192568779,0,0.1849380433559,0.0001498615747551,0.9494757056236,0.1091882288456,28.79949951172,-0.02251614257693,3626.948486328,15,15,0,8,0.7893231511116,0.8979980945587,0.7702574133873,3.473500013351,0.6891350150108,1049,0,0.9332697987556,0.1282906532288
524,190.8795166016,63352,28.79299926758,2.740000009537,49,0.4652049541473,0.7530981898308,0,13.99046707153,1.108674883842,0,0.1811248809099,0.0001560187811265,0.9513822793961,0.1085995733738,28.79299926758,-0.02164494246244,4121.9921875,18,25,0,12,0.7931362986565,0.9103908538818,0.777883708477,4.138000011444,0.6807850003242,1049,0,0.9351763725281,0.1287183016539
525,190.9054412842,65856,28.39749908447,2.737524986267,50,0.4890371859074,0.7607244849205,0,13.30981826782,1.113441348076,0,0.1944709271193,0.000161548552569,0.9532888531685,0.105381436646,28.39749908447,-0.02077548578382,3970.967773438,18,16,0,7,0.7836034297943,0.9132507443428,0.7864633202553,3.175499916077,0.7022349834442,1049,0,0.9389895200729,0.1291557252407
526,190.9285736084,60917,28.44899940491,2.740519046783,51,0.4942857027054,0.7638095021248,0,15.2952375412,1.143809556961,0,0.1923809498549,0.0001636590604903,0.9542857408524,0.1168803423643,28.44899940491,-0.02032156661153,3924.386474609,18,14,0,9,0.8047618865967,0.9076190590858,0.7895237803459,3.611500024796,0.6932950019836,1050,0,0.9390476346016,0.129389628768
527,191.3173065186,62006,28.73349952698,2.742771625519,51,0.5004757642746,0.7706945538521,0,11.15128421783,1.210275888443,0,0.2102759331465,0.0001689243072178,0.9533777236938,0.1195368170738,28.73349952698,-0.0207350011915,3796.024902344,14,23,0,11,0.8144624233246,0.9162701964378,0.7963843941689,2.418499946594,0.6718999743462,1051,0,0.9400570988655,0.1296514570713
528,191.2384490967,62096,28.74600028992,2.752238750458,51,0.5090389847755,0.7678401470184,0,13.74405384064,1.124643206596,0,0.1845861077309,0.0001663989969529,0.9543291926384,0.1200077310205,28.74600028992,-0.02030179090798,3860.318115234,12,28,0,16,0.829685986042,0.9124643206596,0.8001902699471,2.837500095367,0.6794049739838,1051,0,0.9419600367546,0.1299921125174
529,191.0831298828,64866,28.48349952698,2.749751806259,51,0.5204567313194,0.7725975513458,0,15.03805923462,1.264509916306,0,0.1931493878365,0.0001729863579385,0.9562321305275,0.1166250407696,28.48349952698,-0.01943666674197,3814.583740234,9,15,0,3,0.8363463282585,0.9200761318207,0.8030447363853,3.543999910355,0.69457000494,1051,0,0.9419600367546,0.1303540319204
530,192.3955841064,67389,28.76499938965,2.752976179123,51,0.5413891673088,0.7716460227966,0,13.23311138153,1.330161809921,0,0.1950523257256,0.0001708905474516,0.9581351280212,0.1144697219133,28.76499938965,-0.01857323758304,3657.253662109,17,18,0,6,0.8277830481529,0.9200761318207,0.8068506121635,3.141499996185,0.6780549883842,1051,0,0.9438629746437,0.1307096928358
531,193.8676452637,67233,28.70800018311,2.74950504303,51,0.5394862294197,0.7783063650131,0,15.2140827179,1.116079926491,0,0.1807802021503,0.0001772737596184,0.9590865969658,0.1146460846066,28.70800018311,-0.01814217865467,3476.856689453,15,16,0,9,0.8372977972031,0.925784945488,0.81351095438,2.643500089645,0.6809449791908,1051,0,0.9457659125328,0.1310813874006
532,196.0634155273,67827,28.48150062561,2.74925661087,51,0.5556612610817,0.7697430849075,0,14.84110450745,1.27402472496,0,0.1788772642612,0.0001802559563657,0.9609895348549,0.1157208755612,28.48150062561,-0.01728134229779,3486.901611328,8,19,1,13,0.8401522636414,0.9314938187599,0.8211227655411,4.6890001297,0.6933900117874,1051,0,0.946717441082,0.1314318329096
533,196.7655792236,69660,28.55200004578,2.764356374741,51,0.5661274790764,0.7773548960686,0,13.86108493805,1.379638433456,0,0.1588962823153,0.0001855066366261,0.9600380659103,0.1125610098243,28.55200004578,-0.01771154627204,3341.875244141,9,24,0,14,0.8458610773087,0.9295908808708,0.8258801102638,2.168499946594,0.685790002346,1051,0,0.9476689100266,0.1317910701036
534,197.274307251,71406,28.44549942017,2.764589548111,51,0.5689819455147,0.776403427124,0,16.21883964539,1.170313954353,0,0.1788772642612,0.0001931621081894,0.9609895348549,0.1115872636437,28.44549942017,-0.01728134229779,3249.582519531,12,18,0,12,0.8487154841423,0.9324452877045,0.8268315792084,2.500999927521,0.6773200035095,1051,0,0.9486203789711,0.132189437747
535,197.478805542,73242,28.31649971008,2.763833999634,51,0.5889629125595,0.7840152382851,0,15.92673683167,1.341579437256,0,0.1807802021503,0.0001909375860123,0.9619410037994,0.1109609231353,28.31649971008,-0.01685156300664,3270.262695312,12,18,1,8,0.8477640151978,0.9286394119263,0.8287345170975,4.738500118256,0.6924449801445,1051,0,0.9514747858047,0.1326785981655
536,198.9209899902,77382,28.17499923706,2.769535064697,51,0.5861084461212,0.7830637693405,0,15.27878189087,1.363463282585,0,0.1874405294657,0.0001956689666258,0.962892472744,0.1042490527034,28.17499923706,-0.01642220839858,3161.484130859,13,20,0,9,0.850618481636,0.9352996945381,0.8315889835358,4.082499980927,0.6975499987602,1051,0,0.9533777236938,0.1330066919327
537,199.9974975586,78229,28.14800071716,2.773491621017,52,0.5956231951714,0.7840152382851,0,18.34157943726,1.260704040527,0,0.1750713586807,0.0001939568610396,0.9619410037994,0.1036188602448,28.14800071716,-0.01685156300664,3293.586669922,11,13,0,5,0.8639391064644,0.9343482255936,0.8344433903694,5.921999931335,0.6992400288582,1051,0,0.9543291926384,0.1334281265736
538,201.1097259521,79779,28.06649971008,2.786350250244,52,0.5912547707558,0.7908745408058,0,16.9363117218,1.421102643013,0,0.1844106465578,0.0001941817317856,0.9610266089439,0.1044635772705,28.06649971008,-0.01726458780468,2942.662597656,6,24,0,13,0.8640684485435,0.9353612065315,0.8336501717567,4.30999994278,0.7029899954796,1052,0,0.9553232192993,0.1336699724197
539,201.7908172607,79837,27.79500007629,2.788537502289,52,0.599809885025,0.7880228161812,0,16.4667301178,1.359315633774,0,0.1711026579142,0.0001989179581869,0.9610266089439,0.1044377908111,27.79500007629,-0.01726458780468,3030.914550781,18,19,0,7,0.8640684485435,0.9382129311562,0.8384030461311,5.978000164032,0.7206950187683,1052,0,0.9553232192993,0.1340502351522
540,202.5126953125,80598,27.78400039673,2.79191327095,52,0.6036121845245,0.7965779304504,0,18.18535995483,1.331749081612,0,0.1587452441454,0.0001991974713746,0.9619771838188,0.105002604425,27.78400039673,-0.01683522947133,2756.471435547,6,28,1,18,0.8688212633133,0.9344106316566,0.8431559205055,5.489999771118,0.7213150262833,1052,0,0.9562737345695,0.1344225257635
541,202.8214263916,81511,27.64999961853,2.799212694168,53,0.5969581604004,0.7918251156807,0,17.66729927063,1.515209197998,0,0.1558935344219,0.0002027002919931,0.9638783335686,0.1049306243658,27.64999961853,-0.01597778312862,2754.798828125,5,24,0,11,0.879277586937,0.9382129311562,0.8412547707558,4.815499782562,0.7232999801636,1052,0,0.9572243094444,0.1347769349813
542,203.7519226074,81566,27.55699920654,2.803149700165,53,0.5868945717812,0.7996201515198,0,17.17853927612,1.370370388031,0,0.1471984833479,0.0002011811593547,0.9648622870445,0.1056199893355,27.55699920654,-0.01553466822952,2530.813476562,7,17,0,3,0.8679962158203,0.940170943737,0.847103536129,3.821500062943,0.7257300019264,1053,0,0.956315279007,0.135007455945
543,204.5294189453,81975,27.88599967957,2.809242963791,53,0.6020892858505,0.7910731434822,0,17.98670387268,1.347578287125,0,0.1566951572895,0.0002078040852211,0.9648622870445,0.09709057956934,27.88599967957,-0.01553466822952,2601.611572266,7,17,0,5,0.8822411894798,0.9449192881584,0.8452041745186,4.175000190735,0.7085450291634,1053,0,0.956315279007,0.1353776007891
544,204.8743743896,82641,27.68099975586,2.811023712158,54,0.5944918990135,0.7958214879036,0,17.77777671814,1.586894631386,0,0.1452991515398,0.000206204582355,0.9658119678497,0.09855882823467,27.68099975586,-0.01510741747916,2325.606445312,9,14,0,7,0.8822411894798,0.9439696073532,0.8480531573296,5.611000061035,0.7231150269508,1053,0,0.956315279007,0.135708630085
545,204.6041107178,76641,27.48749923706,2.818897724152,54,0.598671734333,0.7979127168655,0,17.68785476685,1.421252369881,0,0.1394686847925,0.0002098495897371,0.9639468789101,0.1087146550417,27.48749923706,-0.0159468986094,2307.934326172,8,16,0,10,0.8766603469849,0.939278960228,0.8510436415672,4.934000015259,0.731694996357,1054,0,0.9554079771042,0.1360002309084
546,205.0927886963,76971,27.24150085449,2.822025537491,54,0.5920303463936,0.8064516186714,0,14.25806427002,1.492409944534,0,0.134724855423,0.0002076648670482,0.9639468789101,0.1102493181825,27.24150085449,-0.0159468986094,1981.243164062,4,16,1,5,0.8870967626572,0.9440227746964,0.8529411554337,6.878499984741,0.7471600174904,1054,0,0.9554079771042,0.1363273859024
547,205.2538909912,76769,27.21299934387,2.832677125931,54,0.598671734333,0.8007590174675,0,17.46869087219,1.656546473503,0,0.1280834972858,0.0002086975582642,0.964895606041,0.114603549242,27.21299934387,-0.01551967207342,2009.936279297,8,20,0,9,0.8889943361282,0.9411764740944,0.8548387289047,6.77899980545,0.7442200183868,1054,0,0.9573054909706,0.1367157399654
548,206.0303039551,79100,27.3034992218,2.836453199387,54,0.5967742204666,0.8026565313339,0,17.38235282898,1.549335956573,0,0.11954459548,0.000211262551602,0.9639468789101,0.1147281900048,27.3034992218,-0.0159468986094,1750.446411133,10,20,0,11,0.8861480355263,0.9449715614319,0.8586337566376,6.521500110626,0.7400299906731,1054,0,0.9601517915726,0.1370455622673
549,205.837097168,78509,27.0,2.842519760132,54,0.5920303463936,0.8064516186714,0,16.07115745544,1.653700232506,0,0.1204933598638,0.0002147590130335,0.9629980921745,0.1171075925231,27.0,-0.01637457497418,1732.466064453,7,21,0,6,0.895635664463,0.9430739879608,0.8586337566376,5.506999969482,0.7612800002098,1054,0,0.9592030644417,0.137357711792
550,206.0941467285,78990,26.92749977112,2.845776081085,54,0.601518034935,0.8102467060089,0,17.05028533936,1.718216300011,0,0.1242884248495,0.0002173480897909,0.9639468789101,0.1180275976658,26.92749977112,-0.0159468986094,1528.570800781,9,19,0,10,0.8937381505966,0.9402276873589,0.8662239313126,6.435500144958,0.7659100294113,1054,0,0.9611005783081,0.1376485526562
551,205.6345214844,80839,26.91550064087,2.845776081085,54,0.5948766469955,0.8007590174675,0,17.71252250671,1.595825433731,0,0.1366223841906,0.0002160903386539,0.9658443927765,0.1166392490268,26.91550064087,-0.01509283669293,1684.328857422,9,12,0,3,0.8927893638611,0.933586359024,0.8643263578415,4.230999946594,0.765055000782,1054,0,0.9611005783081,0.1379917114973
552,204.7911224365,82077,26.8689994812,2.85392165184,54,0.5882353186607,0.7931689023972,0,17.30360603333,1.702087283134,0,0.1223908886313,0.0002126567997038,0.9658443927765,0.1161226630211,26.8689994812,-0.01509283669293,1584.473022461,10,17,0,11,0.9079696536064,0.9478178620338,0.868121445179,5.758500099182,0.7635599970818,1054,0,0.9611005783081,0.1383126825094
553,204.1056976318,85107,26.91049957275,2.853229045868,54,0.5844402313232,0.804554104805,0,17.86432647705,1.777039766312,0,0.1366223841906,0.0002118868869729,0.9677419066429,0.1127404347062,26.91049957275,-0.01424045208842,1608.409912109,6,11,0,5,0.9041745662689,0.9459202885628,0.8690702319145,4.817999839783,0.7622249722481,1054,0,0.9620493650436,0.1386647224426
554,203.5576477051,86239,26.95800018311,2.858121395111,54,0.5787476301193,0.79696393013,0,19.26280784607,1.656546473503,0,0.1261859536171,0.0002050464827335,0.969639480114,0.1106691882014,26.95800018311,-0.01338971033692,1557.104858398,9,17,0,6,0.8946868777275,0.9468690752983,0.8643263578415,6.748000144958,0.7623199820518,1054,0,0.9620493650436,0.1389715373516
555,203.8602142334,89724,26.71349906921,2.86483836174,54,0.5901328325272,0.794117629528,0,18.30265617371,1.794117569923,0,0.1328273266554,0.0002022330008913,0.969639480114,0.107362575829,26.71349906921,-0.01338971033692,1689.44140625,13,16,0,10,0.9070208668709,0.9487665891647,0.868121445179,5.192500114441,0.7714999914169,1054,0,0.9620493650436,0.1393191665411
556,203.3586883545,83243,26.73699951172,2.868756055832,54,0.5787476301193,0.7950664162636,0,19.98671722412,1.779886245728,0,0.1242884248495,0.00019557212363,0.9686906933784,0.1139314994216,26.73699951172,-0.01381487213075,1552.905151367,9,11,1,8,0.9089183807373,0.9516128897667,0.8671726584435,6.530000209808,0.7665749788284,1054,0,0.9629980921745,0.1396534889936
557,203.463684082,85461,26.66550064087,2.862169981003,54,0.5721062421799,0.7884250283241,0,15.55882358551,1.71821641922,0,0.1185958236456,0.0001950911100721,0.9686906933784,0.1113022342324,26.66550064087,-0.01381487213075,1679.641723633,7,7,0,4,0.9022770524025,0.9430739879608,0.868121445179,5.959499835968,0.772175014019,1054,0,0.964895606041,0.1399797201157
558,206.466293335,86715,26.95249938965,2.8662109375,54,0.5673624277115,0.7893738150597,0,19.42789459229,1.687855839729,0,0.1204933598638,0.000192972496734,0.9705882072449,0.1101539507508,26.95249938965,-0.01296498999,1537.716308594,11,18,0,9,0.9041745662689,0.9497153759003,0.8671726584435,5.262499809265,0.766470015049,1054,0,0.964895606041,0.14024746418
559,206.4269714355,87112,26.84000015259,2.865234375,54,0.571157515049,0.7874763011932,0,20.60246658325,1.801707744598,0,0.1309297978878,0.0001915737084346,0.9715369939804,0.1097093373537,26.84000015259,-0.01254065800458,1599.579833984,16,11,0,5,0.9060720801353,0.9506641626358,0.8643263578415,6.453000068665,0.7790650129318,1054,0,0.966793179512,0.1406083852053
560,206.1030578613,86718,26.34950065613,2.8662109375,55,0.5768501162529,0.7903226017952,0,16.58728599548,1.740986704826,0,0.106261856854,0.0001889425620902,0.9715369939804,0.1015590801835,26.34950065613,-0.01254065800458,1457.127197266,9,16,0,9,0.9089183807373,0.9506641626358,0.8586337566376,7.223499774933,0.8082399964333,1054,0,0.9686906933784,0.1408957093954
561,206.1218109131,89049,26.38800048828,2.8701171875,55,0.5658767819405,0.7781990766525,0,18.79620933533,1.739336490631,0,0.1184834092855,0.0001865524973255,0.9706161022186,0.09978775680065,26.38800048828,-0.01295250840485,1547.063354492,8,12,0,8,0.9042654037476,0.9516587853432,0.8559241890907,8.503999710083,0.8023300170898,1055,0,0.9677724838257,0.1410765647888
562,204.0823516846,90376,26.23200035095,2.874146223068,55,0.5601895451546,0.801895737648,0,21.49289131165,1.797156453133,0,0.1099526062608,0.0001792800903786,0.9706161022186,0.09986057877541,26.23200035095,-0.01295250840485,1335.858642578,10,16,0,5,0.9071090221405,0.9507108926773,0.8540284633636,9.904500007629,0.804014980793,1055,0,0.9658767580986,0.1413751095533
563,204.2616271973,94912,26.17000007629,2.876097679138,55,0.5516587495804,0.7952606678009,0,17.8454990387,1.807582974434,0,0.1137440726161,0.0001773436379153,0.9715639948845,0.09623651206493,26.17000007629,-0.01252858806401,1377.212158203,8,12,0,6,0.9080568552017,0.9516587853432,0.8521326780319,7.137000083923,0.8042799830437,1055,0,0.9658767580986,0.1416540890932
564,204.70262146,97728,26.23150062561,2.877192974091,55,0.5469194054604,0.7867298722267,0,21.3478679657,1.761137485504,0,0.1109004765749,0.00017266132636,0.9715639948845,0.09366814047098,26.23150062561,-0.01252858806401,1395.414428711,7,18,0,6,0.9137440919876,0.9516587853432,0.8502369523048,7.744999885559,0.8039349913597,1055,0,0.9677724838257,0.141945540905
565,206.1436920166,100483,26.07399940491,2.878167629242,55,0.542180120945,0.794312775135,0,22.90236854553,1.818009495735,0,0.1251184791327,0.0001741715968819,0.9725118279457,0.09197575598955,26.07399940491,-0.01210510823876,1361.780029297,10,15,0,8,0.9127961993217,0.9535545110703,0.8483412265778,10.21049976349,0.8150699734688,1055,0,0.9677724838257,0.1422289460897
566,204.9291992188,103201,25.9314994812,2.88401556015,55,0.5308057069778,0.7962085604668,0,20.37819862366,1.835071086884,0,0.1165876761079,0.0001742593740346,0.9725118279457,0.09044486284256,25.9314994812,-0.01210510823876,1276.296875,14,21,0,10,0.9042654037476,0.9554502367973,0.8530805706978,7.232999801636,0.8174899816513,1055,0,0.9677724838257,0.142499089241
567,204.8447723389,106698,26.00950050354,2.885102272034,55,0.525118470192,0.7838862538338,0,22.86256027222,1.876777172089,0,0.1327014267445,0.000173438937054,0.9725118279457,0.08741495013237,26.00950050354,-0.01210510823876,1343.320678711,12,9,0,2,0.9090047478676,0.9563981294632,0.8521326780319,5.784999847412,0.8119649887085,1055,0,0.9677724838257,0.1428090929985
568,202.8263397217,107951,26.05900001526,2.886939525604,55,0.527014195919,0.794312775135,0,25.00379180908,1.86919426918,0,0.117535546422,0.000173202730366,0.9734597206116,0.08457540720701,26.05900001526,-0.01168201398104,1212.812133789,12,9,0,2,0.9127961993217,0.9545023441315,0.8559241890907,8.027500152588,0.8159250020981,1055,0,0.9687203764915,0.1430741399527
569,202.2386779785,100389,26.01549911499,2.887049674988,55,0.5194312930107,0.792417049408,0,21.66635131836,1.773459672928,0,0.1099526062608,0.0001725500624161,0.9725118279457,0.09137455374002,26.01549911499,-0.01210510823876,1240.124755859,12,14,0,6,0.9080568552017,0.9582938551903,0.8549762964249,7.738999843597,0.8220099806786,1055,0,0.9696682691574,0.1433416903019
570,201.58934021,102818,25.97850036621,2.888997077942,55,0.5165876746178,0.794312775135,0,18.54407691956,1.836966872215,0,0.1137440726161,0.000174667686224,0.9734597206116,0.09014958143234,25.97850036621,-0.01168201398104,1142.016845703,6,9,0,5,0.9052132964134,0.9573459625244,0.8530805706978,6.818500041962,0.8217650055885,1055,0,0.9696682691574,0.1435834765434
571,200.6363677979,104024,25.94949913025,2.888997077942,55,0.5146919488907,0.7981042861938,0,25.61421775818,1.882464408875,0,0.1042653992772,0.000171672392753,0.9734597206116,0.08758555352688,25.94949913025,-0.01168201398104,1150.598510742,7,11,0,8,0.9137440919876,0.9601895809174,0.8492891192436,9.0609998703,0.8217750191689,1055,0,0.9706161022186,0.1439130306244
572,201.6625061035,105214,26.19300079346,2.888132333755,55,0.5109004974365,0.7791469097137,0,22.97156524658,1.721326947212,0,0.09857819974422,0.0001743955654092,0.9734597206116,0.08618625253439,26.19300079346,-0.01168201398104,1151.751831055,6,16,0,4,0.9127961993217,0.9620853066444,0.8511848449707,8.674500465393,0.8142700195312,1055,0,0.9696682691574,0.1441725641489
573,199.9657287598,107431,26.13349914551,2.892128229141,55,0.5061611533165,0.801895737648,0,19.7905216217,1.802843570709,0,0.09952607005835,0.0001688674819889,0.9744075536728,0.08568290621042,26.13349914551,-0.01125935837626,1084.062744141,10,16,0,8,0.9042654037476,0.9601895809174,0.8511848449707,5.671500205994,0.8159350156784,1055,0,0.9706161022186,0.1444728523493
574,198.5759429932,109944,25.87750053406,2.895043849945,55,0.5061611533165,0.7990521192551,0,26.15924072266,1.927962064743,0,0.1052132695913,0.0001677174004726,0.9753554463387,0.08300589025021,25.87750053406,-0.01083708647639,1007.027038574,4,13,0,8,0.9137440919876,0.9573459625244,0.8521326780319,7.462500095367,0.8354750275612,1055,0,0.9715639948845,0.1447200328112
575,200.9503173828,111896,25.91449928284,2.896015644073,55,0.4881516695023,0.7952606678009,0,24.30142021179,1.629383802414,0,0.101421803236,0.0001623006246518,0.9753554463387,0.08304139226675,25.91449928284,-0.01083708647639,1084.653686523,9,15,0,8,0.9109004735947,0.9611374139786,0.8521326780319,5.235000133514,0.824355006218,1055,0,0.9715639948845,0.1450300961733
576,200.0874938965,113153,25.8985004425,2.895145654678,55,0.4947867393494,0.8037914633751,0,21.75639915466,1.916587591171,0,0.09857819974422,0.0001604264834896,0.9753554463387,0.08370082825422,25.8985004425,-0.01083708647639,941.9928588867,3,10,0,4,0.9137440919876,0.9573459625244,0.8521326780319,6.56500005722,0.8235350251198,1055,0,0.9725118279457,0.1452922970057
577,199.0743103027,115995,25.8985004425,2.891367673874,55,0.4862559139729,0.7905213236809,0,26.36398124695,2.021800994873,0,0.1042653992772,0.0001585371355759,0.9763033390045,0.08214147388935,25.8985004425,-0.01041522528976,1032.197265625,11,14,0,7,0.923222720623,0.9649289250374,0.8502369523048,7.032499790192,0.8304399847984,1055,0,0.9725118279457,0.1455509662628
578,199.3174591064,119498,26.02199935913,2.895247220993,55,0.4909952580929,0.7962085604668,0,26.26635169983,1.744075775146,0,0.090995259583,0.0001603372802492,0.9772511720657,0.08180890232325,26.02199935913,-0.009993799962103,926.4161987305,10,15,0,11,0.9014217853546,0.9620853066444,0.8530805706978,6.133500099182,0.8289600014687,1055,0,0.9725118279457,0.1457910090685
579,198.0445861816,125022,25.89450073242,2.893307447433,55,0.4919431209564,0.7886255979538,0,24.56871986389,1.983886241913,0,0.0947867333889,0.0001676860119915,0.9772511720657,0.08172161877155,25.89450073242,-0.009993799962103,978.3291015625,6,9,0,5,0.9146919250488,0.9554502367973,0.8483412265778,7.061999797821,0.8327699899673,1055,0,0.9734597206116,0.1461001932621
580,195.1818237305,130788,25.88150024414,2.892441749573,55,0.4805687069893,0.789573431015,0,29.44170570374,2.263507127762,0,0.08246445655823,0.0001617749949219,0.9772511720657,0.07896748930216,25.88150024414,-0.009993799962103,890.9686889648,10,17,0,14,0.923222720623,0.9573459625244,0.8483412265778,6.751999855042,0.8288450241089,1055,0,0.9744075536728,0.1463499963284
581,195.8111419678,133997,25.67149925232,2.892441749573,55,0.4796208441257,0.7876777052879,0,30.09099388123,1.875829458237,0,0.09857819974422,0.0001644702424528,0.9781990647316,0.07658380270004,25.67149925232,-0.0095727564767,942.1617431641,4,16,0,7,0.9194312691689,0.9630331993103,0.8464455008507,6.683000087738,0.8460649847984,1055,0,0.9744075536728,0.1466431766748
582,195.9337310791,138258,25.83049964905,2.898255825043,55,0.4758293926716,0.7725118398666,0,27.05308151245,2.025592327118,0,0.09383886307478,0.0001566092832945,0.9781990647316,0.07710222899914,25.83049964905,-0.0095727564767,924.5278930664,8,18,0,9,0.9052132964134,0.9592416882515,0.8407582640648,7.291500091553,0.8378750085831,1055,0,0.9734597206116,0.1469000130892
583,195.2404632568,144705,25.65349960327,2.903100728989,55,0.4663507044315,0.7763032913208,0,31.50331687927,2.346919536591,0,0.09668246656656,0.0001578837254783,0.9781990647316,0.07501468807459,25.65349960327,-0.0095727564767,950.2514648438,6,20,0,9,0.9099525809288,0.9611374139786,0.8379147052765,8.780500411987,0.8486350178719,1055,0,0.9734597206116,0.1471835374832
584,195.1769866943,147615,25.39150047302,2.904069662094,55,0.460663497448,0.7734597325325,0,33.7374382019,2.052132606506,0,0.09668246656656,0.0001558649964863,0.9781990647316,0.0731090977788,25.39150047302,-0.0095727564767,871.85546875,10,11,0,7,0.9222748875618,0.9573459625244,0.8350710868835,11.0579996109,0.8551650047302,1055,0,0.9744075536728,0.1474191695452
585,193.8708648682,147891,25.62249946594,2.905038833618,56,0.4521327018738,0.7772511839867,0,29.81516647339,2.071089982986,0,0.1004739329219,0.0001564395206515,0.9781990647316,0.06701557338238,25.62249946594,-0.0095727564767,880.9451293945,12,7,0,4,0.9175355434418,0.9630331993103,0.8303317427635,6.807499885559,0.8362249732018,1055,0,0.9744075536728,0.1476743221283
586,193.4431152344,152456,25.72100067139,2.907066822052,56,0.4602272808552,0.7613636255264,0,31.56818199158,1.85700750351,0,0.08333333581686,0.0001535371557111,0.9772727489471,0.06676680594683,25.72100067139,-0.009984211996198,866.9916992188,8,13,0,6,0.9270833134651,0.9592803120613,0.8257575631142,7.895500183105,0.8430749773979,1056,0,0.9734848737717,0.147776901722
587,192.2082061768,156064,25.75799942017,2.907066822052,56,0.4469696879387,0.7689393758774,0,36.0625,1.587121248245,0,0.09185606241226,0.0001525295956526,0.9782196879387,0.06728009134531,25.75799942017,-0.009563601575792,852.518737793,3,15,0,3,0.9166666865349,0.9526515007019,0.8181818127632,8.864999771118,0.8482199907303,1056,0,0.9744318127632,0.1480167657137
588,190.2828063965,159059,25.7590007782,2.908123731613,56,0.4460227191448,0.7632575631142,0,32.8125,1.606060624123,0,0.08238636702299,0.0001494853349868,0.9782196879387,0.06632758677006,25.7590007782,-0.009563601575792,809.0941162109,8,17,0,8,0.9128788113594,0.9592803120613,0.8181818127632,8.08749961853,0.8386350274086,1056,0,0.9744318127632,0.1482779234648
589,189.4853820801,164053,25.68849945068,2.906098842621,56,0.4422348439693,0.7774621248245,0,33.49242401123,1.935606002808,0,0.08617424219847,0.0001499145728303,0.9791666865349,0.06547274440527,25.68849945068,-0.009143371134996,781.3700561523,8,6,0,5,0.9081439375877,0.9592803120613,0.8134469985962,7.47100019455,0.8415349721909,1056,0,0.9744318127632,0.1485504955053
590,188.4718170166,167728,25.49950027466,2.907156705856,56,0.4365530312061,0.7490530014038,0,38.72443008423,1.717803001404,0,0.08238636702299,0.0001523079408798,0.9782196879387,0.06536773592234,25.49950027466,-0.009563601575792,819.346496582,8,14,0,6,0.9100378751755,0.9535984992981,0.8077651262283,8.086500167847,0.8492050170898,1056,0,0.9734848737717,0.1487938910723
591,187.2662658691,169169,25.76749992371,2.910058021545,56,0.4280303120613,0.7765151262283,0,35.44128799438,1.643939495087,0,0.0795454531908,0.0001528837892693,0.9791666865349,0.06630647182465,25.76749992371,-0.009143371134996,724.9944458008,9,12,0,9,0.9100378751755,0.9545454382896,0.8068181872368,8.163499832153,0.8469750285149,1056,0,0.9734848737717,0.1490425616503
592,187.8211212158,172835,25.8125,2.909178733826,56,0.4251894056797,0.7642045617104,0,34.62784194946,1.971590876579,0,0.07765151560307,0.0001527656131657,0.9791666865349,0.06628865748644,25.8125,-0.009143371134996,714.7659912109,10,14,0,8,0.9128788113594,0.9592803120613,0.8096590638161,9.678999900818,0.8518549799919,1056,0,0.9734848737717,0.1492655575275
593,188.7209320068,174013,25.5030002594,2.912077188492,56,0.4441287815571,0.75,0,40.12121200562,1.848484873772,0,0.08617424219847,0.0001450234412914,0.9801136255264,0.06731106340885,25.5030002594,-0.008723572827876,782.2998657227,7,16,0,9,0.90625,0.9592803120613,0.804924249649,8.219499588013,0.8606349825859,1056,0,0.9744318127632,0.149523973465
594,187.9595336914,177037,25.56399917603,2.903568029404,56,0.4261363744736,0.7556818127632,0,36.54166793823,1.753787875175,0,0.07386363297701,0.0001427734241588,0.9801136255264,0.06627428531647,25.56399917603,-0.008723572827876,702.7463378906,7,13,0,8,0.9005681872368,0.9564393758774,0.8030303120613,8.854499816895,0.8435350060463,1056,0,0.976325750351,0.1497469991446
595,185.6880493164,164323,25.6905002594,2.906370639801,56,0.4128787815571,0.7452651262283,0,37.10037994385,2.121212244034,0,0.08333333581686,0.0001409139949828,0.9820075631142,0.07208363711834,25.6905002594,-0.00788516830653,787.7053833008,12,11,0,6,0.8967803120613,0.9545454382896,0.8011363744736,9.384499549866,0.8464599847794,1056,0,0.976325750351,0.1500195711851
596,183.8908081055,167744,25.67700004578,2.906370639801,56,0.4176136255264,0.742424249649,0,32.10321807861,1.963068127632,0,0.0767045468092,0.0001422325003659,0.9810606241226,0.07218737900257,25.67700004578,-0.008304154500365,751.4566650391,9,20,0,11,0.9090909361839,0.9592803120613,0.7954545617104,9.682499885559,0.8537449836731,1056,0,0.976325750351,0.150203615427
597,184.8440093994,169553,25.54299926758,2.904440164566,56,0.4147727191448,0.7329545617104,0,38.18371200562,1.785984873772,0,0.08428030461073,0.0001424744114047,0.9810606241226,0.07163541764021,25.54299926758,-0.008304154500365,820.3109130859,7,14,0,4,0.9015151262283,0.9535984992981,0.7926136255264,7.753499984741,0.8545349836349,1056,0,0.976325750351,0.1504566818476
598,184.7426300049,171873,25.43400001526,2.899613857269,56,0.4090909063816,0.7405303120613,0,38.16477203369,2.089015245438,0,0.07765151560307,0.0001369194942527,0.9810606241226,0.07139573991299,25.43400001526,-0.008304154500365,767.4428710938,7,19,0,13,0.8863636255264,0.9564393758774,0.7945075631142,9.699999809265,0.8590250015259,1056,0,0.976325750351,0.1506876945496
599,182.7234039307,174432,25.52599906921,2.908301115036,56,0.398674249649,0.7320075631142,0,34.66477203369,2.110795497894,0,0.07859848439693,0.0001379454915877,0.9810606241226,0.07203953713179,25.52599906921,-0.008304154500365,854.9144287109,6,23,0,11,0.8958333134651,0.9564393758774,0.7869318127632,8.407999992371,0.850839972496,1056,0,0.9772727489471,0.1509594023228
600,182.5636291504,177449,25.54750061035,2.905405521393,56,0.3910984992981,0.7291666865349,0,39.35984802246,1.898674249649,0,0.08996212482452,0.00013286259491,0.9810606241226,0.07172764837742,25.54750061035,-0.008304154500365,822.1345214844,10,13,0,7,0.8967803120613,0.9554924368858,0.7831439375877,7.584000110626,0.8526600003242,1056,0,0.976325750351,0.1512338072062
601,183.3928527832,180018,25.6609992981,2.910145044327,56,0.3977272808552,0.726325750351,0,39.88920593262,2.207386255264,0,0.09185606241226,0.0001311797386734,0.9810606241226,0.07129286974669,25.6609992981,-0.008304154500365,888.0454711914,16,20,0,11,0.9100378751755,0.9659090638161,0.7784090638161,9.935000419617,0.8437200188637,1056,0,0.9782196879387,0.1514701098204
602,180.9690704346,183646,25.38949966431,2.91690826416,56,0.3863636255264,0.7282196879387,0,37.01609802246,2.223484754562,0,0.0852272734046,0.0001274626265513,0.9801136255264,0.071991764009,25.38949966431,-0.008723572827876,822.7588500977,7,17,0,8,0.8967803120613,0.9640151262283,0.7727272510529,13.23900032043,0.8589550256729,1056,0,0.9782196879387,0.1516817063093
603,180.898223877,190003,25.52700042725,2.913043498993,56,0.3929924368858,0.7253788113594,0,41.00473403931,1.964015126228,0,0.08617424219847,0.000125297359773,0.9801136255264,0.07110940665007,25.52700042725,-0.008723572827876,863.1040649414,7,10,0,7,0.8967803120613,0.9573863744736,0.7717803120613,10.13799953461,0.8497599959373,1056,0,0.9782196879387,0.1519463062286
604,182.3549957275,191722,25.6515007019,2.912077188492,56,0.3882575631142,0.7272727489471,0,43.29734802246,2.201704502106,0,0.06723485141993,0.0001223788422067,0.9801136255264,0.07201051712036,25.6515007019,-0.008723572827876,772.7604370117,1,16,0,9,0.8863636255264,0.9564393758774,0.7765151262283,12.23050022125,0.85367000103,1056,0,0.9782196879387,0.1521251648664
605,180.2605438232,195355,25.33499908447,2.91690826416,56,0.3844696879387,0.7253788113594,0,38.94886398315,2.413825750351,0,0.07575757801533,0.0001247150066774,0.9801136255264,0.07291853427887,25.33499908447,-0.008723572827876,786.262512207,9,22,0,8,0.9034090638161,0.9545454382896,0.7708333134651,8.682999610901,0.8621150255203,1056,0,0.9782196879387,0.1523720920086
606,180.1813659668,199849,25.28050041199,2.915941953659,57,0.392045468092,0.7339015007019,0,43.10321807861,2.129734754562,0,0.07386363297701,0.0001259166892851,0.9801136255264,0.07299511134624,25.28050041199,-0.008723572827876,706.9175415039,8,12,0,6,0.9024621248245,0.9526515007019,0.773674249649,9.318499565125,0.8626499772072,1056,0,0.9782196879387,0.1526464372873
607,179.9803009033,202842,25.42749977112,2.910231590271,57,0.379375576973,0.7294228672981,0,45.92431259155,2.340586662292,0,0.08136234432459,0.0001278963318327,0.9791863560677,0.07309137284756,25.42749977112,-0.009134646505117,708.4370727539,9,10,0,7,0.8902554512024,0.9526963233948,0.7625354528427,9.062000274658,0.8630549907684,1057,0,0.9763481616974,0.1527318507433
608,178.4611663818,205507,25.08049964905,2.905678510666,58,0.3888363242149,0.7218543291092,0,41.55250549316,2.579943180084,0,0.08514664322138,0.0001262213190785,0.9801324605942,0.07240142673254,25.08049964905,-0.008715227246284,680.1585693359,9,21,0,12,0.8949857950211,0.9508041739464,0.7530747652054,14.44499969482,0.8753499984741,1057,0,0.9763481616974,0.1529776901007
609,178.9567260742,209070,25.37350082397,2.908565998077,58,0.3837428987026,0.7230623960495,0,44.51512145996,2.380907297134,0,0.09357278048992,0.0001248259068234,0.9820415973663,0.0729468613863,25.37350082397,-0.007870116271079,700.6036987305,7,18,0,6,0.9007561206818,0.946124792099,0.7514177560806,12.11800003052,0.8549450039864,1058,0,0.9754253029823,0.1530812978745
610,180.0024108887,211747,25.50650024414,2.905678510666,58,0.3742911219597,0.704158782959,0,47.70415878296,2.449905395508,0,0.07561437040567,0.0001213353389176,0.9820415973663,0.07315333932638,25.50650024414,-0.007870116271079,709.6345825195,14,11,0,8,0.8913043737411,0.9451795816422,0.7580340504646,9.831500053406,0.8566300272942,1058,0,0.9754253029823,0.1533197909594
611,178.5469818115,216361,25.55750083923,2.909528493881,58,0.3686200380325,0.7088847160339,0,43.68525695801,2.540642738342,0,0.08223062753677,0.0001245452294825,0.9820415973663,0.07144540548325,25.55750083923,-0.007870116271079,725.3668823242,2,20,0,14,0.8837429285049,0.9489603042603,0.7618147730827,7.846500396729,0.8532050251961,1058,0,0.9744801521301,0.1535237729549
612,178.0266418457,216522,25.7560005188,2.910490751266,59,0.3705103993416,0.7164461016655,0,47.41682434082,2.581285476685,0,0.0793950855732,0.0001247178879566,0.9820415973663,0.07215894758701,25.7560005188,-0.007870116271079,679.0166015625,4,11,0,8,0.8827977180481,0.9499054551125,0.7608695626259,6.919000148773,0.8416150212288,1058,0,0.9773156642914,0.153789639473
613,176.9612579346,220598,25.39749908447,2.91145324707,59,0.3796033859253,0.7138810157776,0,47.69216537476,2.617563724518,0,0.08498583734035,0.0001275472895941,0.9811142683029,0.07180935144424,25.39749908447,-0.00828040856868,744.5532836914,10,16,0,9,0.8847969770432,0.954674243927,0.7450425028801,8.869500160217,0.8583999872208,1059,0,0.9763928055763,0.1538977175951
614,177.033493042,224658,25.25149917603,2.909528493881,60,0.3616619408131,0.7025495767593,0,46.71860122681,2.59395647049,0,0.08781869709492,0.0001265254832106,0.9811142683029,0.07128613442183,25.25149917603,-0.00828040856868,790.6096191406,9,13,0,6,0.879131257534,0.9537299275398,0.7478753328323,10.67450046539,0.8689950108528,1059,0,0.9773371219635,0.154094517231
615,177.7627868652,228564,25.56949996948,2.906820297241,60,0.3566037714481,0.7056604027748,0,49.52641296387,2.685849189758,0,0.09622641652822,0.0001252953807125,0.9801886677742,0.07145919650793,25.56949996948,-0.008690322749317,831.1194458008,11,21,0,10,0.8830188512802,0.9490566253662,0.7433962225914,7.150000095367,0.847914993763,1060,0,0.9783018827438,0.1542198210955
616,176.8639526367,230965,25.53750038147,2.905950069427,60,0.3622641563416,0.6896226406097,0,49.96886825562,2.712264299393,0,0.09622641652822,0.0001214294607053,0.9820754528046,0.07183339446783,25.53750038147,-0.007855144329369,911.7703857422,15,21,0,9,0.880188703537,0.9528301954269,0.7424528598785,7.728000164032,0.8534150123596,1060,0,0.977358520031,0.1544799804688
617,176.8412628174,235934,25.66850090027,2.912667989731,60,0.3603773713112,0.7009434103966,0,48.73207473755,2.557547092438,0,0.1047169789672,0.0001194324868266,0.9830188751221,0.07050700485706,25.66850090027,-0.007438143249601,927.3991699219,12,22,0,15,0.878301858902,0.958490550518,0.7396226525307,6.1234998703,0.8419899940491,1060,0,0.9792453050613,0.1547259539366
618,175.7420806885,238602,25.97400093079,2.914587259293,60,0.3575471639633,0.6924528479576,0,52.16886901855,2.881132125854,0,0.09056603908539,0.0001168753733509,0.9830188751221,0.07072447240353,25.97400093079,-0.007438143249601,936.713684082,9,16,0,6,0.8688679337502,0.9490566253662,0.7311320900917,5.434500217438,0.8299300074577,1060,0,0.9783018827438,0.1549912393093
619,175.5022583008,241216,25.96899986267,2.912751674652,60,0.3584905564785,0.6971698403358,0,51.77735900879,2.844339609146,0,0.09905660152435,0.000117515992315,0.9830188751221,0.07159972935915,25.96899986267,-0.007438143249601,928.0003662109,9,12,0,4,0.8764150738716,0.9452829957008,0.7339622378349,5.208000183105,0.8425650000572,1060,0,0.9792453050613,0.155192270875
620,175.1517791748,246154,25.57950019836,2.91083407402,60,0.3594339489937,0.708490550518,0,50.61226272583,2.687735795975,0,0.07830188423395,0.0001155727804871,0.9839622378349,0.07128058373928,25.57950019836,-0.007021569181234,879.8687744141,10,14,1,8,0.8650943636894,0.9575471878052,0.7358490824699,5.75400018692,0.8617399930954,1060,0,0.9792453050613,0.1554241776466
621,174.2078704834,252914,25.57600021362,2.906999111176,60,0.3547169864178,0.6952829957008,0,54.72830200195,2.850943565369,0,0.09056603908539,0.0001180896215374,0.9839622378349,0.07025708258152,25.57600021362,-0.007021569181234,930.3099975586,7,14,0,7,0.8735849261284,0.9528301954269,0.7339622378349,6.557499885559,0.8576599955559,1060,0,0.9783018827438,0.1556586176157
622,173.9004364014,256528,25.74900054932,2.909003734589,60,0.3537735939026,0.6896226406097,0,55.83301925659,2.978302001953,0,0.08207546919584,0.0001169483730337,0.9839622378349,0.07073301821947,25.74900054932,-0.007021569181234,929.2654418945,10,22,0,13,0.880188703537,0.9566037654877,0.7301886677742,4.946499824524,0.8430799841881,1060,0,0.9801886677742,0.1559433788061
623,172.6580047607,262841,25.77199935913,2.915789365768,60,0.3481132090092,0.6962264180183,0,53.86981201172,2.846226453781,0,0.0867924541235,0.0001164245331893,0.9849056601524,0.07044562697411,25.77199935913,-0.006605366710573,963.9301757812,15,23,0,12,0.8660377264023,0.958490550518,0.7292453050613,7.537499904633,0.8431249856949,1060,0,0.9811320900917,0.1561911702156
624,172.5437164307,265774,25.73749923706,2.912918567657,60,0.3509433865547,0.7028301954269,0,58.329246521,2.989622592926,0,0.08962263911963,0.0001173402633867,0.9858490824699,0.07103027403355,25.73749923706,-0.006189563777298,881.3237304688,7,20,0,7,0.8849056363106,0.9528301954269,0.7320754528046,7.827999591827,0.8494449853897,1060,0,0.9811320900917,0.1564230918884
625,171.6582336426,269441,25.80500030518,2.916746377945,60,0.3537735939026,0.7056604027748,0,57.77641677856,3.152830123901,0,0.07641509175301,0.000118358671898,0.9858490824699,0.07142194360495,25.80500030518,-0.006189563777298,882.1006469727,10,20,0,15,0.8877358436584,0.9547169804573,0.7330188751221,5.610499858856,0.8517749905586,1060,0,0.9801886677742,0.1566893309355
626,170.8818511963,273076,25.76399993896,2.917703390121,60,0.3537735939026,0.6915094256401,0,56.93019104004,3.10471701622,0,0.08301886916161,0.0001203063075081,0.9858490824699,0.07150389999151,25.76399993896,-0.006189563777298,900.7166137695,7,21,0,8,0.8735849261284,0.9575471878052,0.7311320900917,5.747000217438,0.8482750058174,1060,0,0.9811320900917,0.1569158881903
627,169.798324585,281287,25.87849998474,2.915789365768,60,0.3632075488567,0.6952829957008,0,60.32641601562,3.18962264061,0,0.08113207668066,0.0001229843619512,0.9858490824699,0.07065737247467,25.87849998474,-0.006189563777298,882.6434326172,16,16,0,5,0.8707547187805,0.9518867731094,0.727358520031,6.297500133514,0.8470299839973,1060,0,0.9811320900917,0.1571512818336
628,170.2473144531,286571,25.76300048828,2.916746377945,60,0.3547169864178,0.6849056482315,0,62.59056472778,3.344339609146,0,0.08113207668066,0.0001269642234547,0.9858490824699,0.06994426995516,25.76300048828,-0.006189563777298,871.8854370117,8,14,0,4,0.8735849261284,0.9622641801834,0.7245283126831,5.05999994278,0.8486350178719,1060,0,0.9792453050613,0.1573743224144
629,169.9141693115,289501,25.78700065613,2.921531200409,60,0.3650943338871,0.67735850811,0,60.8811340332,3.239622592926,0,0.08301886916161,0.000129722073325,0.9858490824699,0.07012756168842,25.78700065613,-0.006189563777298,908.5098266602,10,20,0,7,0.8839622735977,0.9613207578659,0.7207547426224,4.6265001297,0.8436949849129,1060,0,0.9820754528046,0.1576459556818
630,170.1459655762,291911,26.01849937439,2.92440199852,60,0.367924541235,0.6999999880791,0,62.09434127808,3.323585033417,0,0.08113207668066,0.000132224522531,0.9858490824699,0.07041186839342,26.01849937439,-0.006189563777298,822.2600097656,8,12,1,5,0.8896226286888,0.9603773355484,0.7132075428963,5.328499794006,0.8318650126457,1060,0,0.9830188751221,0.157917574048
631,169.3640289307,319682,25.9015007019,2.926386117935,60,0.3707547187805,0.694339632988,0,63.77735900879,3.39905667305,0,0.08584905415773,0.0001303866738454,0.9858490824699,0.06523670256138,25.9015007019,-0.006189563777298,859.8067626953,9,20,0,13,0.8726415038109,0.9594339728355,0.7132075428963,3.825500011444,0.8444349765778,1060,0,0.9830188751221,0.1581670939922
632,169.4190063477,324183,25.86849975586,2.925501346588,60,0.3764151036739,0.7009434103966,0,77.34150695801,3.33867931366,0,0.08301886916161,0.0001295153633691,0.9867924451828,0.07272744178772,25.86849975586,-0.005774184595793,889.0305175781,6,19,0,10,0.8867924809456,0.9566037654877,0.708490550518,3.999499797821,0.8454549908638,1060,0,0.9839622378349,0.1584429591894
633,169.1528625488,326441,26.02000045776,2.921606063843,60,0.3801886737347,0.6905660629272,0,66.72547149658,4.728302001953,0,0.09811320900917,0.0001257439434994,0.9877358675003,0.0741022080183,26.02000045776,-0.005359175615013,930.9556884766,7,15,1,7,0.8650943636894,0.9528301954269,0.6962264180183,3.799999952316,0.8358799815178,1060,0,0.9849056601524,0.1587224304676
634,167.8789825439,329272,26.03100013733,2.927342176437,60,0.3745282888412,0.7056604027748,0,66.15754699707,4.849999904633,0,0.1000000014901,0.0001232434879057,0.9867924451828,0.0743974596262,26.03100013733,-0.005774184595793,891.5832519531,6,23,0,12,0.8726415038109,0.9575471878052,0.6999999880791,3.734999895096,0.8388900160789,1060,0,0.9839622378349,0.1589921414852
635,167.7006378174,328713,26.06100082397,2.93314242363,61,0.3764151036739,0.7160377502441,0,76.81604003906,4.741509437561,0,0.09339622408152,0.0001226672757184,0.9867924451828,0.07550051063299,26.06100082397,-0.005774184595793,846.5646972656,14,26,0,11,0.8641509413719,0.9641509652138,0.6962264180183,3.414999961853,0.8389049768448,1060,0,0.9839622378349,0.1592435091734
636,166.6806793213,328087,25.85250091553,2.930276870728,61,0.3807728588581,0.7115928530693,0,67.20829772949,5.04806804657,0,0.09707822650671,0.0001229194604093,0.9868049025536,0.07671745866537,25.85250091553,-0.005768701899797,916.659362793,7,15,0,5,0.8821865916252,0.9632422327995,0.695570230484,3.766999959946,0.8444399833679,1061,0,0.9839773774147,0.159374371171
637,165.7489471436,328586,26.16449928284,2.931231975555,61,0.371347784996,0.7078227996826,0,66.63148498535,4.958529949188,0,0.08765316009521,0.0001222882856382,0.9868049025536,0.07735265791416,26.16449928284,-0.005768701899797,928.751159668,11,16,0,9,0.8520264029503,0.9688972830772,0.6983977556229,4.747000217438,0.8311250209808,1061,0,0.9839773774147,0.1596166342497
638,165.3594970703,329310,26.12549972534,2.934097528458,61,0.383600383997,0.7332705259323,0,75.83599853516,4.970782279968,0,0.08765316009521,0.0001233995571965,0.9868049025536,0.07890133559704,26.12549972534,-0.005768701899797,872.0438232422,8,26,0,16,0.8784165978432,0.9679547548294,0.7021677494049,5.293000221252,0.837475001812,1061,0,0.9849199056625,0.1598755568266
639,164.4669494629,331184,26.08250045776,2.934097528458,61,0.385485380888,0.7153628468513,0,68.44863891602,5.242224693298,0,0.08859566599131,0.0001231454953086,0.9868049025536,0.08055038750172,26.08250045776,-0.005768701899797,958.4271240234,12,15,0,8,0.8642789721489,0.9622997045517,0.7087653279305,7.1234998703,0.8392400145531,1061,0,0.9858623743057,0.1601600795984
640,163.6693878174,329952,26.15049934387,2.93606877327,61,0.3722902834415,0.7389255166054,0,68.27993011475,5.389255046844,0,0.08671064674854,0.0001262321311515,0.9868049025536,0.08337273448706,26.15049934387,-0.005768701899797,898.9291381836,12,25,0,9,0.8671064972878,0.9670122265816,0.7153628468513,3.158499956131,0.8344900012016,1061,0,0.9858623743057,0.1604173183441
641,163.5010070801,331453,26.23649978638,2.93893122673,61,0.3722902834415,0.7115928530693,0,74.15928649902,5.529688835144,0,0.08859566599131,0.0001220207486767,0.9877474308014,0.08545706421137,26.23649978638,-0.005354091525078,1037.841796875,12,24,0,15,0.8548539280891,0.9604147076607,0.7134778499603,3.412499904633,0.8303800225258,1061,0,0.9858623743057,0.1607458591461
642,163.077545166,333140,26.16699981689,2.942802667618,61,0.3751178085804,0.7219604253769,0,69.65221405029,5.654099941254,0,0.1017907634377,0.0001233544026036,0.9877474308014,0.08814312517643,26.16699981689,-0.005354091525078,1016.194458008,14,12,0,5,0.8642789721489,0.9604147076607,0.7134778499603,2.941999912262,0.8297049999237,1061,0,0.9868049025536,0.1610594987869
643,164.0669403076,333774,26.12350082397,2.94000005722,61,0.3628652095795,0.7200754284859,0,69.8491973877,6.04429769516,0,0.1102733239532,0.0001188341921079,0.9886898994446,0.09308094531298,26.12350082397,-0.004939902573824,1045.983154297,12,18,0,7,0.8661639690399,0.9622997045517,0.7181903719902,4.737500190735,0.8328449726105,1061,0,0.9849199056625,0.1613315790892
644,163.9421081543,333781,26.19449996948,2.940952301025,61,0.3675777614117,0.7106503248215,0,73.74363708496,6.457116127014,0,0.09896324574947,0.0001207163877552,0.9896324276924,0.09583529084921,26.19449996948,-0.00452608242631,1080.099975586,11,24,0,11,0.8680490255356,0.9651272296906,0.7181903719902,4.1875,0.8344849944115,1061,0,0.9849199056625,0.1615985631943
645,162.3479156494,334307,26.00399971008,2.948571443558,61,0.3675777614117,0.719132900238,0,70.29312133789,6.23939704895,0,0.1196983978152,0.0001210615009768,0.9896324276924,0.09764378517866,26.00399971008,-0.00452608242631,1038.260986328,12,28,1,14,0.8840716481209,0.9622997045517,0.7200754284859,3.221499919891,0.8496000170708,1061,0,0.9849199056625,0.1618592888117
646,162.0218658447,332788,26.03199958801,2.947618961334,61,0.385485380888,0.7097077965736,0,69.94345092773,6.393025398254,0,0.09707822650671,0.0001213145951624,0.9896324276924,0.101785518229,26.03199958801,-0.00452608242631,1071.376342773,11,18,0,9,0.8859566450119,0.9688972830772,0.717247903347,2.764499902725,0.8395699858665,1061,0,0.9849199056625,0.1621023416519
647,161.5256958008,336809,26.00349998474,2.948571443558,61,0.3751178085804,0.7134778499603,0,72.98114776611,7.096135616302,0,0.1017907634377,0.0001230094203493,0.9896324276924,0.1021558195353,26.00349998474,-0.00452608242631,1055.93359375,9,19,0,10,0.8623939752579,0.9651272296906,0.7229028940201,3.074500083923,0.8385400176048,1061,0,0.9858623743057,0.1623516082764
648,161.1197662354,335397,26.29249954224,2.954285621643,62,0.383600383997,0.7031102776527,0,72.91139984131,6.695569992065,0,0.09048067778349,0.0001223977305926,0.9896324276924,0.1043450012803,26.29249954224,-0.00452608242631,1136.041870117,11,15,0,3,0.8708765506744,0.9698397517204,0.7295004725456,4.442500114441,0.8194649815559,1061,0,0.9868049025536,0.1626545637846
649,160.6831665039,333009,26.42200088501,2.955238103867,62,0.3907721340656,0.7306967973709,0,69.49811553955,6.7580037117,0,0.1026365384459,0.000124073922052,0.988700568676,0.1078979820013,26.42200088501,-0.004935216158628,1016.684936523,6,16,0,8,0.8832391500473,0.9670433402061,0.7297551631927,3.397500038147,0.8164600133896,1062,0,0.9868173003197,0.1627576053143
650,160.6086883545,330605,26.1965007782,2.94961977005,62,0.3898304998875,0.7241054773331,0,70.72128295898,7.525423526764,0,0.107344634831,0.0001247177715413,0.988700568676,0.1097805574536,26.1965007782,-0.004935216158628,1072.666503906,11,17,0,10,0.8870056271553,0.9670433402061,0.7306967973709,2.085000038147,0.8219400048256,1062,0,0.9877589344978,0.1630436331034
651,160.5936889648,327485,26.44000053406,2.950617313385,62,0.3898304998875,0.7071563005447,0,70.99529266357,7.00564956665,0,0.108286254108,0.0001234030642081,0.9905837774277,0.1113883107901,26.44000053406,-0.004108788911253,1181.080444336,16,23,0,10,0.8804143071175,0.969868183136,0.7363465428352,1.384999990463,0.8049499988556,1062,0,0.988700568676,0.1633251458406
652,160.6463623047,324576,26.43000030518,2.950617313385,62,0.3870056569576,0.7109227776527,0,67.99529266357,7.001883506775,0,0.11393596977,0.0001271593064303,0.9915254116058,0.1133571192622,26.43000030518,-0.003696151077747,1201.983276367,10,19,0,9,0.8653483986855,0.9670433402061,0.7306967973709,1.044999957085,0.8040249943733,1062,0,0.9877589344978,0.1636577993631
653,160.6763000488,321088,26.51250076294,2.949667692184,62,0.3926553726196,0.7175140976906,0,68.8380355835,7.661958694458,0,0.110169492662,0.0001267639163416,0.9915254116058,0.1139469519258,26.51250076294,-0.003696151077747,1204.539916992,13,22,0,9,0.8870056271553,0.9651600718498,0.7344632744789,1.533499956131,0.8020899891853,1062,0,0.9877589344978,0.1639148294926
654,159.5503845215,318922,26.62899971008,2.952516555786,62,0.4067796468735,0.7250470519066,0,68.27307128906,6.949152469635,0,0.107344634831,0.0001308673236053,0.9915254116058,0.1139306798577,26.62899971008,-0.003696151077747,1196.51184082,12,23,0,14,0.8813559412956,0.9726930260658,0.7288135886192,1.379500031471,0.7908599972725,1062,0,0.9877589344978,0.1641920208931
655,160.4826202393,317187,26.67600059509,2.953466176987,62,0.3992466926575,0.7354049086571,0,66.80226135254,6.911487579346,0,0.1007532924414,0.0001307367056143,0.9915254116058,0.1143300309777,26.67600059509,-0.003696151077747,1163.069946289,11,19,0,11,0.9020715355873,0.96233522892,0.7325800657272,1.606500029564,0.7899050116539,1062,0,0.9877589344978,0.1644638776779
656,161.1009674072,315204,26.65699958801,2.954459190369,63,0.3954802155495,0.7099811434746,0,67.30979156494,7.339924812317,0,0.119585685432,0.0001334331318503,0.9915254116058,0.1143069267273,26.65699958801,-0.003696151077747,1411.899536133,19,21,0,4,0.8860640525818,0.966101706028,0.7372881174088,1.125,0.7913299798965,1062,0,0.9877589344978,0.164718285203
657,161.0891418457,315742,26.55699920654,2.953554391861,63,0.3922859728336,0.7300094366074,0,67.52304840088,6.939793109894,0,0.1034807115793,0.0001334839034826,0.9915333986282,0.1132063493133,26.55699920654,-0.003692652564496,1261.595458984,12,21,0,10,0.8767638802528,0.9633113741875,0.7412981987,1.49899995327,0.7868199944496,1063,0,0.9896519184113,0.1648596674204
658,160.7284851074,312442,26.59900093079,2.956398010254,63,0.3941674530506,0.7281279563904,0,67.07902526855,6.587958335876,0,0.1213546544313,0.0001347332436126,0.9924741387367,0.1139123439789,26.59900093079,-0.003280801000074,1388.763916016,5,23,0,13,0.8955785632133,0.9708372354507,0.7422389388084,1.928500056267,0.7724850177765,1063,0,0.9905926585197,0.1651673316956
659,160.6666717529,309452,26.76549911499,2.960189580917,63,0.3941674530506,0.7130761742592,0,65.29633331299,7.211665153503,0,0.1128880530596,0.0001344794436591,0.9924741387367,0.1137882471085,26.76549911499,-0.003280801000074,1517.700561523,18,24,0,13,0.8861712217331,0.9633113741875,0.7460018992424,0.8309999704361,0.7577250003815,1063,0,0.9905926585197,0.1654539704323
660,160.611831665,305659,26.55599975586,2.961137533188,64,0.4054562449455,0.7441204190254,0,65.60488891602,6.81373500824,0,0.1157102510333,0.0001329324004473,0.9924741387367,0.1136953234673,26.55599975586,-0.003280801000074,1389.843017578,8,23,0,12,0.8946378231049,0.9670743346214,0.7488240599632,0.6514999866486,0.7773399949074,1063,0,0.9905926585197,0.1657819002867
661,161.5877990723,303501,26.62549972534,2.965876817703,64,0.4088345766068,0.7246240377426,0,64.50846099854,6.412593841553,0,0.1165413558483,0.0001323917822447,0.991541326046,0.1128991320729,26.62549972534,-0.003689180593938,1494.655273438,10,20,0,14,0.8740601539612,0.9605262875557,0.75,0.6775000095367,0.7615950107574,1064,0,0.9887217879295,0.1659369915724
662,161.7601470947,322701,26.46150016785,2.964928865433,64,0.4060150384903,0.7330827116966,0,63.96616363525,6.790413379669,0,0.1146616563201,0.0001286787883146,0.991541326046,0.1053389981389,26.46150016785,-0.003689180593938,1507.276123047,11,17,0,7,0.893796980381,0.9652255773544,0.7443609237671,0.6489999890327,0.755029976368,1064,0,0.9887217879295,0.1662434637547
663,161.3551330566,318055,26.46050071716,2.966824531555,64,0.4172932207584,0.7236841917038,0,76.48966217041,6.625,0,0.1231203004718,0.000132119472255,0.991541326046,0.1055194884539,26.46050071716,-0.003689180593938,1494.426513672,15,17,0,9,0.8787593841553,0.9614661931992,0.741541326046,0.936999976635,0.7551699876785,1064,0,0.9887217879295,0.1665148437023
664,161.8105010986,315108,26.49900054932,2.964928865433,64,0.4135338366032,0.7396616339684,0,63.11748123169,6.233082294464,0,0.1156015023589,0.0001310890365858,0.991541326046,0.1057383492589,26.49900054932,-0.003689180593938,1424.330932617,15,13,0,4,0.8881579041481,0.9680451154709,0.7471804618835,1.455500006676,0.7317500114441,1064,0,0.9896616339684,0.1668240875006
665,162.2299041748,312585,26.52750015259,2.967772483826,65,0.4191729426384,0.7377819418907,0,62.66823196411,6.641917705536,0,0.1109022572637,0.0001359752932331,0.991541326046,0.1053377464414,26.52750015259,-0.003689180593938,1388.873779297,10,22,0,11,0.8674812316895,0.962406039238,0.7471804618835,0.6330000162125,0.7103750109673,1064,0,0.9887217879295,0.1671095639467
666,163.0518493652,307309,26.64450073242,2.967772483826,65,0.434741795063,0.7305164337158,0,72.87230682373,6.384976387024,0,0.1070422530174,0.0001369347592117,0.9906103014946,0.1058446094394,26.64450073242,-0.004097159951925,1471.861816406,5,23,0,14,0.8967136144638,0.9633802771568,0.7558685541153,0.4435000121593,0.7114449739456,1065,0,0.9868544340134,0.1672764122486
667,163.7587432861,303144,26.51899909973,2.96208524704,65,0.4291079938412,0.7370892167091,0,60.83567810059,6.078873634338,0,0.1107981204987,0.0001382143236697,0.9906103014946,0.1070745289326,26.51899909973,-0.004097159951925,1363.143066406,10,12,0,5,0.897652566433,0.9652582406998,0.7577464580536,0.3185000121593,0.7371900081635,1065,0,0.9868544340134,0.1675616204739
668,164.0339660645,297450,26.63500022888,2.967803001404,65,0.441314548254,0.7502347230911,0,60.51173782349,6.491079807281,0,0.1230046972632,0.0001390247780364,0.9906103014946,0.1087644994259,26.63500022888,-0.004097159951925,1321.66418457,13,19,0,13,0.8807511925697,0.9652582406998,0.7615023255348,0.7120000123978,0.7285000085831,1065,0,0.9877934455872,0.167850330472
669,164.8909759521,290573,26.57099914551,2.964962005615,65,0.4215962588787,0.7305164337158,0,67.67699432373,6.406572818756,0,0.1098591536283,0.0001412805431755,0.9915493130684,0.111080519855,26.57099914551,-0.003685682313517,1376.770996094,11,14,0,8,0.8985915780067,0.9652582406998,0.7615023255348,0.5780000090599,0.715399980545,1065,0,0.9877934455872,0.1681118160486
670,165.8947296143,285292,26.64150047302,2.964015245438,65,0.4328638613224,0.7380281686783,0,57.832862854,6.16619682312,0,0.1136150211096,0.0001467761467211,0.9915493130684,0.1132488846779,26.64150047302,-0.003685682313517,1332.559326172,12,19,0,9,0.8929577469826,0.9727699756622,0.7577464580536,0.1700000017881,0.6998199820518,1065,0,0.9877934455872,0.1684030890465
671,166.3940582275,279829,26.58749961853,2.964015245438,65,0.4356807470322,0.7389671206474,0,57.33990478516,6.395305156708,0,0.09577465057373,0.0001458383339923,0.9915493130684,0.1153740286827,26.58749961853,-0.003685682313517,1303.568969727,13,27,0,15,0.8910797834396,0.9671361446381,0.7539905905724,0.2440000027418,0.683974981308,1065,0,0.9877934455872,0.16869173944
672,166.8834228516,274662,26.48349952698,2.967772483826,66,0.4403755962849,0.7361502051353,0,62.77840423584,6.292957305908,0,0.1051643192768,0.0001509250287199,0.9915493130684,0.1174134016037,26.48349952698,-0.003685682313517,1344.776733398,6,17,0,8,0.8967136144638,0.9605633616447,0.7615023255348,0.2049999982119,0.6805800199509,1065,0,0.9877934455872,0.1689839214087
673,166.5970916748,268506,26.44249916077,2.964928865433,66,0.4371482133865,0.7354596853256,0,55.22045135498,6.155722618103,0,0.1106941848993,0.0001472041330999,0.9896810650826,0.1199861466885,26.44249916077,-0.004504738841206,1319.085327148,10,17,0,8,0.8855534791946,0.9681050777435,0.7682926654816,0.2449999898672,0.6775299906731,1066,0,0.9868667721748,0.1691428124905
674,166.6617584229,263005,26.35050010681,2.968720436096,66,0.4446529150009,0.7317073345184,0,53.78986740112,6.380863189697,0,0.1153846159577,0.0001514461182524,0.9896810650826,0.1250926852226,26.35050010681,-0.004504738841206,1373.406616211,13,20,0,6,0.8864915370941,0.9652907848358,0.7720450162888,0.2284999936819,0.6533600091934,1066,0,0.987804889679,0.1694058477879
675,168.0822601318,256649,26.33250045776,2.963981151581,66,0.452157586813,0.7401500940323,0,58.49343109131,6.743902683258,0,0.1106941848993,0.0001529053406557,0.9896810650826,0.1273801922798,26.33250045776,-0.004504738841206,1330.457763672,12,18,0,11,0.9061913490295,0.9671669602394,0.7729831337929,0.1344999969006,0.6290850043297,1066,0,0.9887429475784,0.16968549788
676,168.9301452637,250114,26.34449958801,2.960189580917,66,0.4699812531471,0.7485928535461,0,51.52157592773,5.977485656738,0,0.1116322726011,0.0001546407293063,0.9896810650826,0.1302086263895,26.34449958801,-0.004504738841206,1337.249267578,8,12,1,4,0.8949343562126,0.9606003761292,0.7757973670959,0.04250000044703,0.6174049973488,1066,0,0.9896810650826,0.1699643433094
677,169.3876800537,249484,26.35950088501,2.956398010254,66,0.4530956745148,0.7467166781425,0,50.29831314087,6.380863189697,0,0.1247654780746,0.0001548896689201,0.9896810650826,0.1327099204063,26.35950088501,-0.004504738841206,1325.340332031,20,22,0,12,0.8939962387085,0.9709193110466,0.7795497179031,0.03350000083447,0.6168450117111,1066,0,0.9896810650826,0.1702859997749
678,169.4424438477,241305,26.47699928284,2.959241628647,66,0.4596622884274,0.7307692170143,0,56.88742828369,6.962476730347,0,0.1247654780746,0.0001488168927608,0.9896810650826,0.135790809989,26.47699928284,-0.004504738841206,1499.398803711,14,16,0,10,0.8883677124977,0.9681050777435,0.7786116600037,0.07500000298023,0.6236000061035,1066,0,0.9896810650826,0.1706076562405
679,170.7132568359,235048,26.28949928284,2.955450296402,66,0.452157586813,0.7392120361328,0,47.58724212646,6.096622943878,0,0.1266416460276,0.0001507827691967,0.9896810650826,0.139269426465,26.28949928284,-0.004504738841206,1388.777832031,9,13,0,4,0.8855534791946,0.969043135643,0.7795497179031,0.06049999967217,0.6068549752235,1066,0,0.9887429475784,0.1708724498749
680,170.5376281738,228969,26.39150047302,2.956398010254,66,0.4530956745148,0.7204502820969,0,46.50938034058,6.361163139343,0,0.1088180094957,0.0001487616682425,0.9896810650826,0.1448318362236,26.39150047302,-0.004504738841206,1572.965942383,10,18,0,8,0.8958724141121,0.9662289023399,0.7795497179031,0.06400000303984,0.5997750163078,1066,0,0.9887429475784,0.1711679399014
681,170.9820404053,222323,26.29899978638,2.958293914795,66,0.4606003761292,0.7279549837112,0,51.80675506592,6.992495059967,0,0.1125703528523,0.000153790548211,0.9896810650826,0.1481223255396,26.29899978638,-0.004504738841206,1486.487304688,10,20,0,8,0.893058180809,0.9681050777435,0.7795497179031,0.04949999973178,0.5720850229263,1066,0,0.9887429475784,0.1714177876711
682,170.3657684326,206641,26.10549926758,2.957386255264,66,0.456848025322,0.7345215678215,0,44.0,6.061913967133,0,0.1153846159577,0.0001547532447148,0.9896810650826,0.1583373993635,26.10549926758,-0.004504738841206,1483.622192383,12,19,0,9,0.8864915370941,0.9718574285507,0.7720450162888,0.03050000034273,0.5726299881935,1066,0,0.9887429475784,0.171710640192
683,169.8152160645,199879,26.26549911499,2.960227251053,66,0.4540337622166,0.7354596853256,0,37.17636108398,6.209193229675,0,0.1060037538409,0.00015548740339,0.990619122982,0.1637090444565,26.26549911499,-0.004093292634934,1445.863647461,6,23,0,13,0.8939962387085,0.9615384340286,0.7729831337929,0.07299999892712,0.5984399914742,1066,0,0.987804889679,0.1719534993172
684,170.8793487549,192182,26.39299964905,2.958372831345,66,0.4634146392345,0.7514071464539,0,46.00093841553,6.862101078033,0,0.1097560971975,0.0001525546977064,0.990619122982,0.1673205643892,26.39299964905,-0.004093292634934,1328.679443359,10,16,0,5,0.8949343562126,0.9662289023399,0.7776735424995,0.06750000268221,0.5914049744606,1066,0,0.9868667721748,0.1722401380539
685,170.3088226318,185552,26.14999961853,2.957426786423,66,0.4615384638309,0.7570356726646,0,39.5,5.934334278107,0,0.1041275784373,0.0001497951598139,0.9915572404861,0.1718116700649,26.14999961853,-0.003682209877297,1338.08605957,15,14,0,8,0.9024389982224,0.9709193110466,0.7814258933067,0.03649999946356,0.5687149763107,1066,0,0.987804889679,0.1725294440985
686,170.6443481445,179654,26.12249946594,2.962192773819,66,0.4549718499184,0.7560975551605,0,33.93808746338,5.99812412262,0,0.1144465282559,0.0001513344614068,0.9915572404861,0.1785710304976,26.12249946594,-0.003682209877297,1344.3203125,9,30,0,8,0.8949343562126,0.969043135643,0.7833020687103,0.04300000146031,0.5674300193787,1066,0,0.987804889679,0.172781124711
687,170.2121582031,172552,26.13649940491,2.961247682571,66,0.4549718499184,0.7476547956467,0,40.80487823486,6.799249649048,0,0.1069418415427,0.0001487991103204,0.9924952983856,0.1841879487038,26.13649940491,-0.003271542023867,1405.638793945,15,24,0,11,0.9015009403229,0.9681050777435,0.7870544195175,0.04250000044703,0.5699350237846,1066,0,0.987804889679,0.1730537712574
688,170.5059661865,166162,26.04050064087,2.960302352905,66,0.4662289023399,0.7579737305641,0,35.45966339111,5.94371509552,0,0.1041275784373,0.00015092913236,0.9924952983856,0.1910785883665,26.04050064087,-0.003271542023867,1366.877807617,10,9,0,2,0.9043151736259,0.9737336039543,0.7898686528206,0.0489999987185,0.5770050287247,1066,0,0.987804889679,0.1733702868223
689,171.1904602051,159622,25.96050071716,2.96121096611,66,0.4652908146381,0.7589118480682,0,30.54221343994,5.965291023254,0,0.1116322726011,0.0001478060585214,0.9924952983856,0.2002668827772,25.96050071716,-0.003271542023867,1351.448730469,8,23,0,4,0.8874296545982,0.9709193110466,0.7898686528206,0.01449999958277,0.557365000248,1066,0,0.9896810650826,0.1736297607422
690,171.1701812744,152778,25.95450019836,2.96121096611,66,0.4596622884274,0.7720450162888,0,35.50750732422,6.669793605804,0,0.1060037538409,0.0001500302751083,0.9915572404861,0.206279695034,25.95450019836,-0.003682209877297,1330.332763672,12,17,0,10,0.8996247649193,0.9671669602394,0.7908067703247,0.009999999776483,0.5420799851418,1066,0,0.9896810650826,0.1739681810141
691,169.7422485352,146524,25.97800064087,2.959318876266,66,0.4709193110466,0.7598499059677,0,31.07129478455,5.686679363251,0,0.1144465282559,0.0001507812266937,0.9915572404861,0.212715998292,25.97800064087,-0.003682209877297,1363.670288086,11,16,1,7,0.8939962387085,0.9793621301651,0.787992477417,0.007499999832362,0.5160650014877,1066,0,0.990619122982,0.1742637306452
692,170.6576843262,140110,26.12899971008,2.95553445816,66,0.4690431654453,0.7636022567749,0,27.43621063232,5.806754112244,0,0.1172607913613,0.0001507356209913,0.9915572404861,0.2210049182177,26.12899971008,-0.003682209877297,1424.080322266,15,13,0,6,0.9043151736259,0.9774859547615,0.7898686528206,0.007499999832362,0.5190799832344,1066,0,0.990619122982,0.1745276153088
693,171.3101959229,134568,26.17200088501,2.964995384216,66,0.4681050777435,0.7645403146744,0,30.93058204651,6.557223320007,0,0.1210131347179,0.0001523317332612,0.9915572404861,0.2261458933353,26.17200088501,-0.003682209877297,1362.658935547,10,22,0,9,0.9108818173409,0.9756097793579,0.7908067703247,0.009999999776483,0.5108249783516,1066,0,0.9896810650826,0.1748571842909
694,170.9102935791,128099,25.99049949646,2.961247682571,66,0.4709193110466,0.7701688408852,0,27.93808746338,5.58442735672,0,0.1181988716125,0.0001504751853645,0.9915572404861,0.2306731492281,25.99049949646,-0.003682209877297,1320.021606445,10,19,0,11,0.9052532911301,0.9737336039543,0.7870544195175,0.008500000461936,0.4936949908733,1066,0,0.9896810650826,0.1751517504454
695,171.6595916748,122249,25.98850059509,2.955576658249,66,0.4662289023399,0.7645403146744,0,23.81238365173,5.35272026062,0,0.1125703528523,0.0001501076767454,0.9924952983856,0.2396665811539,25.98850059509,-0.003271542023867,1325.952148438,8,17,0,9,0.9090056419373,0.9746716618538,0.7823639512062,0.002000000094995,0.5157250165939,1066,0,0.9896810650826,0.1754006743431
696,171.4913787842,116363,26.15449905396,2.951795816422,66,0.4615384638309,0.7626641392708,0,26.67260742188,6.153846263885,0,0.1144465282559,0.0001482424704591,0.9924952983856,0.2439864873886,26.15449905396,-0.003271542023867,1297.677734375,16,17,0,10,0.883677303791,0.9709193110466,0.7917448282242,0.002000000094995,0.518029987812,1066,0,0.9896810650826,0.1756934821606
697,171.4381713867,110688,25.6280002594,2.950850725174,66,0.4681050777435,0.7467166781425,0,24.27673530579,5.24108839035,0,0.1031894907355,0.000150795589434,0.9924952983856,0.2477142959833,25.6280002594,-0.003271542023867,1333.480957031,7,20,0,13,0.8949343562126,0.9803001880646,0.797373354435,0.0,0.4952949881554,1066,0,0.990619122982,0.1759451329708
698,171.9332427979,103438,25.48200035095,2.953686237335,66,0.4652908146381,0.7579737305641,0,20.6566619873,4.825516223907,0,0.1144465282559,0.0001518699864391,0.9924952983856,0.2593050897121,25.48200035095,-0.003271542023867,1280.365722656,8,17,0,10,0.8968105316162,0.9774859547615,0.797373354435,0.003000000026077,0.4767650067806,1066,0,0.990619122982,0.1762099713087
699,171.8426971436,98330,25.49200057983,2.960264921188,66,0.4718573987484,0.7701688408852,0,21.60225105286,5.575984954834,0,0.1050656661391,0.0001505725667812,0.9924952983856,0.263886898756,25.49200057983,-0.003271542023867,1198.681884766,17,24,0,13,0.9005628228188,0.9765478372574,0.800187587738,0.004499999806285,0.470340013504,1066,0,0.990619122982,0.1764519065619
700,171.5282287598,92976,25.48900032043,2.960264921188,66,0.4671669900417,0.7617260813713,0,20.70168876648,4.652908325195,0,0.1191369593143,0.0001539540098747,0.9915572404861,0.269306063652,25.48900032043,-0.003682209877297,1245.895996094,5,17,0,9,0.9052532911301,0.9746716618538,0.8058161139488,0.009999999776483,0.4571099877357,1066,0,0.990619122982,0.1767473518848
701,171.2336730957,86214,25.52549934387,2.958372831345,66,0.4756097495556,0.7636022567749,0,17.63602256775,4.401501178741,0,0.1069418415427,0.000151679123519,0.9915572404861,0.2804417014122,25.52549934387,-0.003682209877297,1198.977416992,10,18,0,7,0.9136960506439,0.9634146094322,0.8123827576637,0.002000000094995,0.4416350126266,1066,0,0.9915572404861,0.1770410090685
702,171.7246856689,81735,25.10950088501,2.954588413239,66,0.4709193110466,0.7542213797569,0,17.27298355103,5.013133049011,0,0.1078799217939,0.0001568484003656,0.9915572404861,0.2708876132965,25.10950088501,-0.003682209877297,1295.645385742,16,14,0,7,0.8958724141121,0.9765478372574,0.818949341774,0.001000000047497,0.4335750043392,1066,0,0.9915572404861,0.1773136109114
703,172.5642089844,77367,24.82449913025,2.953686237335,66,0.4690431654453,0.7439024448395,0,17.5647277832,3.648217439651,0,0.1191369593143,0.0001565741549712,0.9915572404861,0.2762159705162,24.82449913025,-0.003682209877297,1304.991943359,15,18,0,7,0.9043151736259,0.9699812531471,0.8151969909668,0.0,0.4340749979019,1066,0,0.9915572404861,0.1776055693626
704,172.4393310547,73331,24.5890007019,2.949008464813,66,0.4709193110466,0.7617260813713,0,14.95684814453,3.402439117432,0,0.1191369593143,0.00016140830121,0.9924952983856,0.2807680368423,24.5890007019,-0.003271542023867,1259.835205078,12,13,0,8,0.9043151736259,0.9774859547615,0.8151969909668,0.002499999944121,0.4144499897957,1066,0,0.9915572404861,0.1778659820557
705,172.4579467773,69134,24.71299934387,2.948113203049,67,0.4634146392345,0.7542213797569,0,14.49718570709,3.911819934845,0,0.1116322726011,0.0001601230324013,0.9934334158897,0.2866172790527,24.71299934387,-0.002861235989258,1256.710571289,9,18,0,8,0.9155722260475,0.969043135643,0.8114446401596,0.05249999836087,0.4195599853992,1066,0,0.9915572404861,0.1781255304813
706,171.6407928467,65241,24.76600074768,2.945282936096,67,0.4554826617241,0.7553889155388,0,14.79568958282,3.352389812469,0,0.115276478231,0.0001590782048879,0.9934395551682,0.2934504449368,24.76600074768,-0.002858551917598,1336.806152344,11,10,0,3,0.9100281000137,0.9775070548058,0.8144329786301,0.0,0.4048500061035,1067,0,0.9906279444695,0.1782695353031
707,173.1035003662,61855,24.5389995575,2.944339513779,67,0.4667291343212,0.7553889155388,0,12.53327083588,2.969072341919,0,0.1162136867642,0.000157462010975,0.9934395551682,0.2975507378578,24.5389995575,-0.002858551917598,1266.253051758,7,16,1,9,0.9147141575813,0.9718837738037,0.8088097572327,0.003500000108033,0.4072499871254,1067,0,0.9906279444695,0.1785199940205
708,173.5164489746,58313,24.66300010681,2.94339632988,68,0.4686035513878,0.7535145282745,0,12.30365467072,3.443299055099,0,0.1115276440978,0.000154477354954,0.9934395551682,0.3047176301479,24.66300010681,-0.002858551917598,1424.605957031,16,15,0,11,0.9109653234482,0.9718837738037,0.8078725337982,0.0,0.4025999903679,1067,0,0.9906279444695,0.1788301169872
709,172.960357666,54113,24.93849945068,2.937735795975,68,0.466292142868,0.7537453174591,0,12.4082403183,2.941947698593,0,0.1011235937476,0.0001536014751764,0.9925093650818,0.3175946772099,24.93849945068,-0.003265386680141,1322.128662109,5,15,0,6,0.9129213690758,0.9691011309624,0.804307103157,0.0,0.3850699961185,1068,0,0.9897003769875,0.1789103150368
710,173.238861084,51099,25.10650062561,2.934905767441,68,0.4644194841385,0.7434456944466,0,10.11142349243,2.705992460251,0,0.1001872643828,0.0001514438190497,0.9925093650818,0.3231178820133,25.10650062561,-0.003265386680141,1471.005737305,3,17,0,9,0.9110487103462,0.9709737896919,0.8033707737923,0.0,0.3906199932098,1068,0,0.9906367063522,0.1792384684086
711,174.205291748,48130,25.41500091553,2.940566062927,68,0.4559925198555,0.7640449404716,0,10.2443819046,3.138576745987,0,0.09456928819418,0.0001522230304545,0.9925093650818,0.326366096735,25.41500091553,-0.003265386680141,1195.180419922,10,33,0,20,0.9222846627235,0.9644194841385,0.8024344444275,0.0599999986589,0.4184849858284,1068,0,0.991573035717,0.179451957345
712,175.1100006104,45020,25.4435005188,2.93584895134,68,0.4644194841385,0.7621722817421,0,10.50468158722,2.726591587067,0,0.1020599231124,0.0001528426073492,0.9925093650818,0.333074182272,25.4435005188,-0.003265386680141,1300.229003906,12,14,1,7,0.9073033928871,0.9700374603271,0.8071160912514,0.05400000140071,0.4160900115967,1068,0,0.9925093650818,0.1797329634428
713,175.514465332,42276,25.12849998474,2.930188655853,68,0.4653558135033,0.7734082341194,0,8.329587936401,2.401685476303,0,0.09737827628851,0.0001541723759146,0.9925093650818,0.3368814587593,25.12849998474,-0.003265386680141,1096.442871094,10,17,0,8,0.9185393452644,0.966292142868,0.8061797618866,0.001000000047497,0.3919799923897,1068,0,0.9925093650818,0.1799989193678
714,176.0846710205,39741,25.27199935913,2.933962345123,68,0.466292142868,0.7602996230125,0,8.485954284668,2.62921333313,0,0.1151685416698,0.0001535012270324,0.9925093650818,0.3400015234947,25.27199935913,-0.003265386680141,1250.907714844,10,27,0,18,0.911985039711,0.9700374603271,0.8071160912514,0.0,0.3849000036716,1068,0,0.9925093650818,0.1802990436554
715,176.3776397705,37172,25.27899932861,2.927358388901,68,0.4644194841385,0.7621722817421,0,8.69756603241,2.386704206467,0,0.09925093501806,0.0001572960754856,0.9925093650818,0.3462552428246,25.27899932861,-0.003265386680141,1136.345336914,9,15,0,10,0.9016854166985,0.9719101190567,0.8080524206161,0.0,0.3774249851704,1068,0,0.9925093650818,0.1805467307568
716,176.3091583252,34640,24.97750091553,2.925471782684,68,0.4672284722328,0.7471910119057,0,6.971909999847,2.097378253937,0,0.1123595535755,0.000157042479259,0.9925093650818,0.3560912311077,24.97750091553,-0.003265386680141,1308.265380859,16,14,0,4,0.9054307341576,0.9803370833397,0.8080524206161,0.0,0.3722400069237,1068,0,0.9925093650818,0.1808416247368
717,177.6865997314,32540,24.76849937439,2.922641515732,69,0.4681648015976,0.7546816468239,0,6.699438095093,2.231273412704,0,0.09644194692373,0.0001586202415638,0.9925093650818,0.3591887056828,24.76849937439,-0.003265386680141,1160.293701172,8,16,0,5,0.9269663095474,0.9728464484215,0.8052434325218,0.0,0.373055011034,1068,0,0.9925093650818,0.1811250448227
718,177.2721252441,30323,24.64699935913,2.918867826462,69,0.4639850258827,0.7492983937263,0,7.175865650177,2.00374174118,0,0.12160898,0.0001575266360305,0.9915809035301,0.368466168642,24.64699935913,-0.003671845886856,1254.534179688,16,15,0,10,0.9214218854904,0.96819460392,0.8026192784309,0.0,0.3652049899101,1069,0,0.990645468235,0.1812782585621
719,177.3931121826,28175,24.3719997406,2.912346839905,69,0.4555659592152,0.7492983937263,0,5.650140762329,1.830682873726,0,0.1057062670588,0.0001570221065776,0.9915809035301,0.3778882026672,24.3719997406,-0.003671845886856,1160.686523438,14,15,0,7,0.8830682635307,0.9672591090202,0.799812912941,0.0,0.3471649885178,1069,0,0.990645468235,0.181543186307
720,178.0783996582,26058,24.47500038147,2.913289308548,69,0.4490177631378,0.7427502274513,0,5.347988605499,1.93826007843,0,0.1131898984313,0.0001567163853906,0.9925163984299,0.3844500780106,24.47500038147,-0.003262309124693,1229.462280273,8,17,0,10,0.9101964235306,0.9597755074501,0.799812912941,0.0,0.3396100103855,1069,0,0.990645468235,0.1817660927773
721,179.5314788818,24478,24.23049926758,2.906691789627,69,0.4630495905876,0.7324602603912,0,5.659494876862,1.728718400002,0,0.08980355411768,0.0001555857161293,0.9925163984299,0.3911675810814,24.23049926758,-0.003262309124693,1181.49609375,5,17,1,7,0.8980355262756,0.9672591090202,0.7988774776459,0.0,0.3331199884415,1069,0,0.990645468235,0.1820459216833
722,179.6356048584,22873,24.04000091553,2.901979207993,69,0.4611786603928,0.7352666258812,0,4.712815761566,1.559401273727,0,0.09260991215706,0.0001508159330115,0.9925163984299,0.3853014409542,24.04000091553,-0.003262309124693,1258.969360352,7,14,0,7,0.9120673537254,0.9700654745102,0.7979419827461,0.0,0.3295849859715,1069,0,0.990645468235,0.18228726089
723,179.8542327881,21433,23.90699958801,2.900094270706,69,0.4536950290203,0.7521047592163,0,4.284378051758,1.611786723137,0,0.08606173843145,0.0001537721982459,0.9925163984299,0.3895861506462,23.90699958801,-0.003262309124693,1086.983154297,6,22,0,11,0.9167446494102,0.971936404705,0.8007483482361,0.001000000047497,0.3274149894714,1069,0,0.990645468235,0.1825110763311
724,180.479019165,20040,23.93950080872,2.894439220428,69,0.4705332219601,0.7436856627464,0,4.638914585114,1.556594967842,0,0.1000935435295,0.000149838582729,0.9925163984299,0.3947105705738,23.93950080872,-0.003262309124693,1213.086303711,6,20,0,13,0.9064546227455,0.971936404705,0.7960711121559,0.0005000000237487,0.3324350118637,1069,0,0.9915809035301,0.1827890574932
725,179.5459594727,18751,23.92650032043,2.897363424301,70,0.4583723247051,0.7427502274513,0,3.873713731766,1.336763262749,0,0.08980355411768,0.0001527843705844,0.9925163984299,0.4033384919167,23.92650032043,-0.003262309124693,1114.631103516,13,27,0,15,0.9045837521553,0.9710009098053,0.790458381176,0.001000000047497,0.3252899944782,1069,0,0.9915809035301,0.1830232590437
726,179.4447784424,17483,23.92000007629,2.902071475983,70,0.4598130881786,0.7560747861862,0,3.515887975693,1.337383270264,0,0.1009345799685,0.0001491916918894,0.9925233721733,0.407538741827,23.92000007629,-0.003259257646278,1132.598144531,14,19,0,11,0.9121495485306,0.9672897458076,0.7887850403786,0.0,0.3233850002289,1070,0,0.9906542301178,0.1831247210503
727,178.4636535645,16372,24.15550041199,2.902071475983,70,0.4504672884941,0.749532699585,0,3.827102661133,1.330841064453,0,0.08224298804998,0.0001526285486761,0.9925233721733,0.4150989353657,24.15550041199,-0.003259257646278,1056.999145508,8,17,0,8,0.8962616920471,0.9672897458076,0.7906541824341,0.0,0.3159950077534,1070,0,0.9906542301178,0.1833457350731
728,177.5211639404,15207,24.07049942017,2.894538640976,70,0.4616822302341,0.7616822719574,0,3.163551330566,1.140186905861,0,0.09906542301178,0.0001499283825979,0.9925233721733,0.4249358773232,24.07049942017,-0.003259257646278,1111.151977539,12,14,0,5,0.9102803468704,0.9700934290886,0.7897196412086,0.0,0.3043900132179,1070,0,0.9906542301178,0.1836461424828
729,176.9081726074,14208,23.79299926758,2.893596887589,70,0.4579439163208,0.7588785290718,0,2.833644866943,1.210280418396,0,0.08785046637058,0.0001524321851321,0.9925233721733,0.4298282563686,23.79299926758,-0.003259257646278,1007.279663086,11,9,0,6,0.9112149477005,0.9691588878632,0.7906541824341,0.0,0.29550999403,1070,0,0.9906542301178,0.1838680505753
730,177.884185791,13215,23.60000038147,2.895480155945,70,0.4523364603519,0.7644859552383,0,3.08878493309,1.105607509613,0,0.1046728938818,0.0001550782180857,0.9925233721733,0.4339008629322,23.60000038147,-0.003259257646278,1090.350585938,9,22,0,11,0.9168224334717,0.9616822600365,0.7934579253197,0.0,0.2765949964523,1070,0,0.9915887713432,0.1842165589333
731,178.045501709,12228,23.70599937439,2.896421909332,70,0.4485981166363,0.7663551568985,0,2.571962833405,0.9719626307487,0,0.09532710164785,0.0001550049055368,0.9925233721733,0.4304873943329,23.70599937439,-0.003259257646278,959.1965332031,8,15,0,5,0.9177570343018,0.9719626307487,0.8000000119209,0.0,0.270359992981,1070,0,0.9915887713432,0.1845055818558
732,176.9747772217,11389,23.90900039673,2.89265537262,70,0.4514018595219,0.7663551568985,0,2.175700902939,0.963551402092,0,0.113084115088,0.0001553054171382,0.9925233721733,0.439985960722,23.90900039673,-0.003259257646278,1103.53527832,14,13,0,4,0.9140186905861,0.9710280299187,0.8000000119209,0.0,0.2635250091553,1070,0,0.9915887713432,0.1848234087229
733,177.1839599609,10608,23.95149993896,2.891713857651,70,0.445794403553,0.7532710433006,0,2.524298906326,0.982243001461,0,0.1000000014901,0.0001479886414018,0.9925233721733,0.4457013607025,23.95149993896,-0.003259257646278,1060.354614258,10,14,0,5,0.9065420627594,0.9672897458076,0.8000000119209,0.0,0.2657949924469,1070,0,0.9925233721733,0.1850977838039
734,177.2761535645,9920,24.1280002594,2.885122299194,70,0.438317745924,0.7598130702972,0,2.073831796646,0.8121495246887,0,0.1084112152457,0.0001481546933064,0.9925233721733,0.4526209533215,24.1280002594,-0.003259257646278,1136.814086914,8,8,0,4,0.9018691778183,0.9663551449776,0.7971962690353,0.0,0.2659449875355,1070,0,0.9925233721733,0.1853598803282
735,177.2442321777,9216,24.18549919128,2.880414247513,70,0.4467289745808,0.7439252138138,0,1.763551354408,0.8102803826332,0,0.1000000014901,0.0001437645696569,0.9925233721733,0.4602864682674,24.18549919128,-0.003259257646278,1094.320678711,10,11,0,7,0.9028037190437,0.9766355156898,0.7943925261497,0.0,0.2636350095272,1070,0,0.9925233721733,0.1855721026659
736,177.2877807617,8517,24.49550056458,2.874764680862,70,0.4411214888096,0.7560747861862,0,1.985046744347,0.8093457818031,0,0.09813084453344,0.0001461914216634,0.9925233721733,0.4707056581974,24.49550056458,-0.003259257646278,1097.719238281,9,12,0,4,0.8962616920471,0.9700934290886,0.7906541824341,0.0,0.2825999855995,1070,0,0.9925233721733,0.1858027279377
737,175.6720733643,7951,24.64800071716,2.871939659119,70,0.4364486038685,0.7429906725883,0,1.665420532227,0.7308411598206,0,0.09439252316952,0.000146779770148,0.9925233721733,0.490630120039,24.64800071716,-0.003259257646278,1034.095825195,6,16,0,9,0.8897196054459,0.9654205441475,0.7897196412086,0.0,0.2834349870682,1070,0,0.9925233721733,0.186049118638
738,176.0690155029,7430,24.5030002594,2.862523555756,70,0.438317745924,0.7485981583595,0,1.438317656517,0.6831775307655,0,0.08411215245724,0.0001456711033825,0.9925233721733,0.4977119863033,24.5030002594,-0.003259257646278,1036.519287109,10,11,0,5,0.9112149477005,0.9738317728043,0.7925233840942,0.0,0.2566649913788,1070,0,0.9925233721733,0.1863067746162
739,175.403717041,6794,24.69199943542,2.852165699005,70,0.4448598027229,0.7514018416405,0,1.573831796646,0.6841121912003,0,0.08037383109331,0.0001468617847422,0.9925233721733,0.5054459571838,24.69199943542,-0.003259257646278,925.8853759766,9,13,0,6,0.9056074619293,0.9794392585754,0.7925233840942,0.0,0.2548699975014,1070,0,0.9925233721733,0.1865242421627
740,175.6512145996,6350,24.6189994812,2.842749595642,70,0.4429906606674,0.7607476711273,0,1.36542057991,0.6252336502075,0,0.08130840957165,0.0001457735925214,0.9925233721733,0.5149606466293,24.6189994812,-0.003259257646278,917.635925293,7,8,0,5,0.9140186905861,0.9738317728043,0.7934579253197,0.0,0.2417449951172,1070,0,0.9925233721733,0.1867731660604
741,175.0659790039,5908,24.45700073242,2.830508470535,70,0.4504672884941,0.7411214709282,0,1.118691682816,0.5644859671593,0,0.08598130941391,0.0001482564985054,0.9925233721733,0.5177724957466,24.45700073242,-0.003259257646278,918.3910522461,6,13,1,4,0.8999999761581,0.9728971719742,0.7887850403786,0.0,0.2449200004339,1070,0,0.9915887713432,0.186999335885
742,175.0631561279,5479,24.30550003052,2.831449985504,70,0.4429906606674,0.7448598146439,0,1.297196269035,0.5850467681885,0,0.09345794469118,0.0001450013951398,0.9925233721733,0.5219930410385,24.30550003052,-0.003259257646278,976.7153930664,10,14,0,7,0.8925233483315,0.9700934290886,0.7897196412086,0.0,0.2362750023603,1070,0,0.9915887713432,0.1872622221708
743,175.4607086182,5061,24.35400009155,2.832391738892,70,0.4542056024075,0.7560747861862,0,1.099065423012,0.5233644843102,0,0.08504673093557,0.0001470879797125,0.9925233721733,0.5319107174873,24.35400009155,-0.003259257646278,869.8298950195,13,14,0,7,0.9102803468704,0.9663551449776,0.7813084125519,0.0,0.2267599999905,1070,0,0.9915887713432,0.1875023841858
744,174.0741424561,4738,24.74250030518,2.829566955566,70,0.4439252316952,0.7364485859871,0,0.9233645200729,0.4495327174664,0,0.1065420582891,0.000144692719914,0.9925233721733,0.5358800888062,24.74250030518,-0.003259257646278,1006.566162109,14,13,0,6,0.9009345769882,0.9691588878632,0.782243013382,0.0,0.2317049950361,1070,0,0.9915887713432,0.1877923607826
745,173.487991333,4380,25.22249984741,2.828625202179,70,0.4523364603519,0.7439252138138,0,1.036448597908,0.463551402092,0,0.08971962332726,0.0001464129454689,0.9925233721733,0.5374429225922,25.22249984741,-0.003259257646278,907.3101806641,13,9,0,4,0.9074766635895,0.9719626307487,0.7841121554375,0.001000000047497,0.2245749980211,1070,0,0.9906542301178,0.1880011111498
746,173.7889862061,4059,25.40699958801,2.821092367172,70,0.4523364603519,0.7196261882782,0,0.8672897219658,0.3999999761581,0,0.09252336621284,0.0001468762202421,0.9925233721733,0.5454545617104,25.40699958801,-0.003259257646278,1075.318725586,10,12,0,3,0.9168224334717,0.963551402092,0.7794392704964,0.305999994278,0.2313300073147,1070,0,0.9906542301178,0.188261449337
747,172.4627990723,3788,25.42049980164,2.810556173325,70,0.445794403553,0.7299065589905,0,0.7327103018761,0.3616822361946,0,0.08130840957165,0.0001434769947082,0.9925233721733,0.5469905138016,25.42049980164,-0.003259257646278,973.6575317383,3,11,0,7,0.8803738355637,0.9710280299187,0.7747663259506,0.6620000004768,0.2590849995613,1070,0,0.9906542301178,0.188481464982
748,173.4545440674,3552,25.55200004578,2.803015947342,70,0.4327102899551,0.7093458175659,0,0.8121495246887,0.3925233781338,0,0.09719625860453,0.0001429424883099,0.9915887713432,0.5433558821678,25.55200004578,-0.0036683997605,1139.560302734,13,10,0,5,0.9074766635895,0.9691588878632,0.768224298954,0.04450000077486,0.2513000071049,1070,0,0.9906542301178,0.1887015551329
749,173.4484558105,3256,25.53100013733,2.791705846786,70,0.4373831748962,0.7093458175659,0,0.6822429895401,0.3429906368256,0,0.09158878773451,0.0001369088713545,0.9915887713432,0.5546683073044,25.53100013733,-0.0036683997605,1096.038818359,6,10,0,7,0.9102803468704,0.963551402092,0.7644859552383,0.09650000184774,0.2470050007105,1070,0,0.9906542301178,0.1889697164297
750,172.1956481934,3038,25.57399940491,2.792648553848,70,0.4280373752117,0.7186915874481,0,0.5859813094139,0.311214953661,0,0.09532710164785,0.0001357810979243,0.9915887713432,0.5576036572456,25.57399940491,-0.0036683997605,1056.806518555,9,16,0,7,0.895327091217,0.9682242870331,0.7598130702972,0.002499999944121,0.2459000051022,1070,0,0.9906542301178,0.189197614789
751,170.6350402832,2810,25.61949920654,2.782075405121,70,0.4177570044994,0.7289719581604,0,0.6579439043999,0.333644837141,0,0.08691588789225,0.0001330922532361,0.9915887713432,0.5647686719894,25.61949920654,-0.0036683997605,966.8436279297,6,6,0,1,0.895327091217,0.9616822600365,0.7607476711273,0.003500000108033,0.2271250039339,1070,0,0.9897196292877,0.1893853843212
752,170.2330322266,2596,25.5594997406,2.772641420364,71,0.4214953184128,0.7224299311638,0,0.5644859671593,0.2700934410095,0,0.07663551717997,0.000131939392304,0.9906542301178,0.5658705830574,25.5594997406,-0.004077901598066,987.1892089844,7,6,0,3,0.8999999761581,0.9579439163208,0.7644859552383,0.0,0.2080000042915,1070,0,0.9906542301178,0.1896037608385
753,169.1119384766,2414,25.83099937439,2.768867969513,71,0.4285714328289,0.7292250394821,0,0.4631185829639,0.2287581712008,0,0.07563025504351,0.0001303759490838,0.9897292256355,0.5654515624046,25.83099937439,-0.004483605735004,893.0192260742,8,11,0,6,0.9038282036781,0.9645191431046,0.7637721896172,0.0,0.2046650052071,1071,0,0.9887955188751,0.1896415650845
754,168.38722229,2250,26.26899909973,2.755660295486,72,0.4220354855061,0.740429520607,0,0.5415499806404,0.2661064565182,0,0.06816060096025,0.0001302648452111,0.9897292256355,0.5777778029442,26.26899909973,-0.004483605735004,868.6755371094,4,8,0,5,0.9028944969177,0.9561157822609,0.7619047760963,0.0,0.2102349996567,1071,0,0.9878618121147,0.1898753345013
755,167.8442840576,2097,26.40699958801,2.74622631073,72,0.4281716346741,0.7248134613037,0,0.4393656849861,0.2378731369972,0,0.06809701770544,0.0001343811891275,0.988805949688,0.5774916410446,26.40699958801,-0.00488892942667,838.7763061523,8,12,0,6,0.895522415638,0.9598880410194,0.7630596756935,0.001500000013039,0.207574993372,1072,0,0.9860074520111,0.1898926645517
756,168.9963378906,1947,26.60600090027,2.731385469437,72,0.4337686598301,0.7397388219833,0,0.3815298676491,0.2033582031727,0,0.06902985274792,0.0001340957533102,0.988805949688,0.573189496994,26.60600090027,-0.00488892942667,795.9260864258,7,13,0,6,0.9076492786407,0.9570895433426,0.7574626803398,0.002499999944121,0.2041999995708,1072,0,0.9850746393204,0.1901360303164
757,169.4853973389,1802,26.46299934387,2.721960306168,72,0.4076492488384,0.7136194109917,0,0.4440298676491,0.2266791015863,0,0.07742537558079,0.0001393902784912,0.9897388219833,0.5893451571465,26.46299934387,-0.004479394759983,816.43359375,12,10,0,1,0.9104477763176,0.953358232975,0.7621268630028,0.06049999967217,0.2240999937057,1072,0,0.9850746393204,0.1903434544802
758,169.575088501,1678,26.70450019836,2.713207483292,72,0.4244402945042,0.7369403243065,0,0.3479477465153,0.190298512578,0,0.07929104566574,0.0001362933689961,0.9897388219833,0.5935637950897,26.70450019836,-0.004479394759983,782.3539428711,4,8,0,5,0.9048507213593,0.953358232975,0.7621268630028,0.04800000041723,0.2217600047588,1072,0,0.9850746393204,0.1905571371317
759,168.6559143066,1558,26.91799926758,2.697828054428,72,0.4225746393204,0.7042910456657,0,0.2994402945042,0.1399253755808,0,0.07276119291782,0.0001343662588624,0.988805949688,0.6020539402962,26.91799926758,-0.00488892942667,833.5209960938,7,3,0,1,0.9039179086685,0.9496268630028,0.7602611780167,0.05900000035763,0.2063450068235,1072,0,0.9850746393204,0.1907541751862
760,167.5027160645,1452,26.7859992981,2.699432849884,72,0.4263059794903,0.7108209133148,0,0.364738792181,0.2145522385836,0,0.08582089841366,0.00013121808297,0.9878731369972,0.6039944887161,26.7859992981,-0.005298824049532,851.4985961914,6,14,0,8,0.8964552283287,0.9477611780167,0.7574626803398,0.03200000151992,0.2082449942827,1072,0,0.9832089543343,0.1910017430782
761,167.064743042,1355,27.09600067139,2.696597337723,72,0.4197761118412,0.6884328126907,0,0.2929104268551,0.1623134315014,0,0.07742537558079,0.0001260230346816,0.9869403243065,0.5963099598885,27.09600067139,-0.005709106568247,864.6932983398,8,14,0,5,0.9020522236824,0.9430969953537,0.7481343150139,0.02649999968708,0.2171600013971,1072,0,0.9813432693481,0.1911952495575
762,168.236038208,1260,27.39800071716,2.6909263134,72,0.4076492488384,0.6912313699722,0,0.2695895731449,0.1371268630028,0,0.08861940354109,0.0001282463781536,0.9869403243065,0.5928571224213,27.39800071716,-0.005709106568247,873.2601318359,10,10,0,5,0.8936567306519,0.9552238583565,0.7527984976768,0.06449999660254,0.2285500019789,1072,0,0.9813432693481,0.1914105415344
763,167.9364776611,1150,27.75200080872,2.687145471573,73,0.4113805890083,0.6865671873093,0,0.2695895433426,0.1483208835125,0,0.07929104566574,0.0001250072091352,0.9869403243065,0.6000000238419,27.75200080872,-0.005709106568247,829.5772705078,7,7,0,1,0.8852611780167,0.9552238583565,0.7462686300278,0.02400000020862,0.2145050019026,1072,0,0.9813432693481,0.1916372776031
764,167.8180236816,1054,27.67049980164,2.677693843842,73,0.4007455706596,0.7008387446404,0,0.213420316577,0.115563839674,0,0.07362534850836,0.0001287318300456,0.9860205054283,0.598671734333,27.67049980164,-0.006114053539932,790.3420410156,5,9,0,3,0.8863000869751,0.9468778967857,0.7390493750572,0.004999999888241,0.2025250047445,1073,0,0.979496717453,0.1916372478008
765,166.9964141846,1195,27.70000076294,2.673604488373,73,0.3960857391357,0.6756756901741,0,0.2041006535292,0.1183597445488,0,0.06523764878511,0.0001258602569578,0.9860205054283,0.4903765618801,27.70000076294,-0.006114053539932,828.3645629883,3,11,0,6,0.8956197500229,0.9440820217133,0.7362534999847,0.0,0.1931650042534,1073,0,0.979496717453,0.1918157339096
766,167.8714294434,1488,27.70999908447,2.662878751755,73,0.386766076088,0.6738117337227,0,0.340167760849,0.1202236711979,0,0.05219012126327,0.0001286775659537,0.9850885272026,0.3588709533215,27.70999908447,-0.006524739321321,817.7001953125,6,7,0,5,0.8835042119026,0.945013999939,0.7306616902351,0.0,0.188069999218,1073,0,0.979496717453,0.1919925063848
767,168.9964294434,1384,27.70549964905,2.657495260239,73,0.4016775488853,0.6821994185448,0,0.3830382227898,0.09692451357841,0,0.06523764878511,0.0001278599083889,0.9841565489769,0.3634392917156,27.70549964905,-0.006935813929886,758.9739990234,6,7,0,6,0.8797762989998,0.9440820217133,0.7287977337837,0.0,0.1912800073624,1073,0,0.979496717453,0.1922119855881
768,168.6453857422,1325,27.73999977112,2.642925024033,73,0.3858340978622,0.6719478368759,0,0.1705498546362,0.08760485053062,0,0.05498601868749,0.0001257260009879,0.9822926521301,0.3607547283173,27.73999977112,-0.007759104948491,761.1779785156,10,8,0,4,0.8713886141777,0.9394221901894,0.7185461521149,0.0,0.1741449981928,1073,0,0.979496717453,0.1924018859863
769,170.3000030518,1237,27.81749916077,2.628679990768,73,0.39515376091,0.6756756901741,0,0.2479030787945,0.0820130482316,0,0.06057782098651,0.0001300754229305,0.9813606739044,0.3573160767555,27.81749916077,-0.00817134976387,701.6159667969,10,5,0,2,0.8732525706291,0.9468778967857,0.7120223641396,0.0,0.1679649949074,1073,0,0.9785647988319,0.1925821751356
770,170.0863342285,1146,28.17700004578,2.619183301926,74,0.3876980543137,0.6654240489006,0,0.319664478302,0.07362534850836,0,0.0531220883131,0.0001240178971784,0.9813606739044,0.3525305390358,28.17700004578,-0.00817134976387,700.8739624023,4,4,0,2,0.8788443803787,0.9506057500839,0.7120223641396,0.03900000080466,0.1839500069618,1073,0,0.9785647988319,0.1927650272846
771,169.1672668457,1103,28.17449951172,2.603988647461,74,0.3854748606682,0.6638733744621,0,0.1322160214186,0.0623836144805,0,0.06331471353769,0.0001301052689087,0.9804469347,0.3408885002136,28.17449951172,-0.008575906977057,667.0657958984,9,4,0,1,0.8743016719818,0.9245809912682,0.7094972133636,0.0625,0.2133699953556,1074,0,0.9785847067833,0.1927552521229
772,168.197845459,1019,28.22299957275,2.591642856598,74,0.3836126625538,0.6545623540878,0,0.244878962636,0.07076350599527,0,0.04655493423343,0.0001241079444299,0.9804469347,0.3307164013386,28.22299957275,-0.008575906977057,664.7136230469,6,6,0,3,0.8649907112122,0.9348230957985,0.7067039012909,0.1829999983311,0.2083600014448,1074,0,0.9785847067833,0.1929344981909
773,167.4270477295,937,28.02899932861,2.581748962402,74,0.3826815783978,0.6601489782333,0,0.2737430334091,0.0595903173089,0,0.0614525154233,0.0001281080476474,0.9804469347,0.340448230505,28.02899932861,-0.008575906977057,613.0623168945,6,6,0,3,0.8780260682106,0.9329608678818,0.70111733675,0.241500005126,0.2053599953651,1074,0,0.9785847067833,0.1930876225233
774,167.0106964111,890,28.10799980164,2.574144601822,74,0.3780260682106,0.6508380174637,0,0.1135940402746,0.05400372669101,0,0.05865921825171,0.000125474500237,0.979515850544,0.3348314464092,28.10799980164,-0.008988532237709,627.2649536133,6,7,0,3,0.869646191597,0.9348230957985,0.6983240246773,0.1180000007153,0.2090850025415,1074,0,0.9785847067833,0.1932582110167
775,167.989440918,855,28.18300056458,2.560836553574,76,0.3733705878258,0.6564245820045,0,0.2029795199633,0.0614525154233,0,0.0595903173089,0.0001255216047866,0.979515850544,0.3438596427441,28.18300056458,-0.008988532237709,584.07421875,7,3,0,2,0.8798882961273,0.9273743033409,0.6936685442924,0.1264999955893,0.2131550014019,1074,0,0.9776536226273,0.1934331208467
776,167.650177002,826,28.67900085449,2.5484790802,76,0.369888484478,0.641263961792,0,0.232342004776,0.05297397822142,0,0.06040892377496,0.000124719721498,0.9776951670647,0.3510895967484,28.67900085449,-0.009796531870961,624.3915405273,7,5,0,3,0.8717471957207,0.925650537014,0.694237947464,0.2370000034571,0.2149949967861,1076,0,0.974907040596,0.1932447403669
777,168.2723999023,793,28.93300056458,2.534220457077,76,0.3550185859203,0.6356877088547,0,0.1087360605597,0.04089219495654,0,0.05669144913554,0.0001200329643325,0.9776951670647,0.3430012464523,28.93300056458,-0.009796531870961,621.2233886719,6,2,0,0,0.8671003580093,0.925650537014,0.689591050148,0.02999999932945,0.2193049937487,1076,0,0.974907040596,0.1933915764093
778,167.1050720215,748,29.24349975586,2.527566432953,76,0.3736059367657,0.647769510746,0,0.1644981503487,0.04832713678479,0,0.04832713678479,0.000119577292935,0.9776951670647,0.3435828983784,29.24349975586,-0.009796531870961,571.0163574219,2,5,0,4,0.866171002388,0.936802983284,0.6802973747253,0.5055000185966,0.2196899950504,1076,0,0.975836455822,0.1935304999352
779,167.8933868408,747,29.56649971008,2.519962072372,76,0.348513007164,0.6347583532333,0,0.1923791915178,0.04460966587067,0,0.04832713678479,0.0001154299388872,0.9776951670647,0.3346720337868,29.56649971008,-0.009796531870961,569.700012207,7,6,0,4,0.8531598448753,0.925650537014,0.6812267899513,0.1829999983311,0.2669099867344,1076,0,0.9739776849747,0.1937076449394
780,169.3060150146,754,29.88949966431,2.5038022995,76,0.3578066825867,0.640334546566,0,0.1198884770274,0.03159851208329,0,0.04553903266788,0.0001144452908193,0.9776951670647,0.312997341156,29.88949966431,-0.009796531870961,569.1743164062,0,3,0,1,0.8568773269653,0.9275093078613,0.6802973747253,0.7329999804497,0.2848699986935,1076,0,0.972118973732,0.1938675045967
781,170.0109558105,781,29.62999916077,2.490961074829,76,0.354089230299,0.627323448658,0,0.1570632010698,0.04182156175375,0,0.05204461142421,0.0001108054202632,0.9776951670647,0.2880921959877,29.62999916077,-0.009796531870961,570.3276367188,10,3,0,2,0.8540892004967,0.925650537014,0.6784386634827,0.4194999933243,0.2759500145912,1076,0,0.9693308472633,0.1940498650074
782,170.0992584229,729,29.82449913025,2.482397794724,76,0.3494423925877,0.6347583532333,0,0.179368019104,0.03624535351992,0,0.04553903266788,0.0001106694180635,0.9767658114433,0.3004115223885,29.82449913025,-0.01020955014974,549.7944946289,4,3,0,1,0.8689591288567,0.9302973747253,0.6775093078613,0.00650000013411,0.2383950054646,1076,0,0.9693308472633,0.1941914558411
783,170.4926452637,705,29.86650085449,2.47855091095,76,0.3438661694527,0.612453520298,0,0.1096654310822,0.03159851208329,0,0.05483271554112,0.0001070636717486,0.9767658114433,0.2978723347187,29.86650085449,-0.01020955014974,577.93359375,5,6,0,1,0.8531598448753,0.9237918257713,0.6802973747253,0.04650000110269,0.2127149999142,1076,0,0.968401491642,0.1943721324205
784,170.6483459473,662,29.70700073242,2.465648889542,76,0.348513007164,0.6310408711433,0,0.1366170942783,0.04460966587067,0,0.04925650730729,0.0001032169020618,0.974907040596,0.300604224205,29.70700073242,-0.01103679370135,524.9185791016,7,8,0,4,0.858736038208,0.9200743436813,0.6700743436813,0.2354999929667,0.219775006175,1076,0,0.9665427803993,0.194491147995
785,170.4117584229,647,29.9344997406,2.453154802322,76,0.3299256563187,0.6105948090553,0,0.1886617094278,0.04182156175375,0,0.05669144913554,0.0001014931694954,0.9739776849747,0.2735703289509,29.9344997406,-0.01145099289715,520.8934936523,3,2,0,2,0.859665453434,0.9135687947273,0.6607806682587,0.2709999978542,0.2292149960995,1076,0,0.9656133651733,0.1946205496788
786,169.8239746094,682,30.08300018311,2.442105293274,76,0.320631980896,0.609665453434,0,0.1050185859203,0.02973977662623,0,0.04832713678479,9.732545004226e-05,0.972118973732,0.2492668628693,30.08300018311,-0.01228058058769,502.4713745117,4,2,0,0,0.872676551342,0.92286247015,0.6524163484573,0.1825000047684,0.2810299992561,1076,0,0.964684009552,0.1947603672743
787,170.2867889404,850,30.44549942017,2.43624162674,76,0.3252788186073,0.6013011336327,0,0.1524163484573,0.03996282815933,0,0.05855018645525,0.0001013256041915,0.9711896181107,0.1894117593765,30.44549942017,-0.01269596908242,479.0051879883,4,5,1,3,0.83828997612,0.9098513126373,0.6459107995033,0.1420000046492,0.2627300024033,1076,0,0.9637546539307,0.1948793828487
788,169.4360961914,1121,30.24650001526,2.420901298523,76,0.316914498806,0.6031598448753,0,0.2704460918903,0.03531598672271,0,0.04646840319037,9.669810242485e-05,0.9693308472633,0.1347011625767,30.24650001526,-0.01352796703577,451.0705566406,6,6,1,4,0.84200745821,0.91542750597,0.640334546566,0.1159999966621,0.2381200045347,1076,0,0.9637546539307,0.1950132250786
789,171.0990447998,1169,30.27899932861,2.414025068283,76,0.3104089200497,0.5836431384087,0,0.2667286098003,0.02137546613812,0,0.04275092855096,0.0001014001245494,0.9693308472633,0.1274593621492,30.27899932861,-0.01352796703577,459.6687011719,4,3,0,3,0.8355018496513,0.9135687947273,0.6356877088547,0.2395000010729,0.2563599944115,1076,0,0.9618958830833,0.1951208859682
790,171.5725250244,1323,30.67250061035,2.403458118439,76,0.313197016716,0.5715613365173,0,0.197026014328,0.02695167250931,0,0.04275092855096,9.440710709896e-05,0.9674721360207,0.1080876812339,30.67250061035,-0.01436153426766,444.5212097168,2,3,0,1,0.8355018496513,0.9107806682587,0.6310408711433,0.05299999937415,0.2414350062609,1076,0,0.9618958830833,0.1952467858791
791,172.4465637207,1253,30.62949943542,2.400192975998,76,0.2983271479607,0.57713752985,0,0.3605948090553,0.02788104116917,0,0.03810409083962,9.583360224497e-05,0.9674721360207,0.09976057708263,30.62949943542,-0.01436153426766,424.1699523926,3,4,0,2,0.8299256563187,0.9005576372147,0.627323448658,0.03700000047684,0.2343849986792,1076,0,0.9600371718407,0.195388302207
792,173.1412200928,1666,30.90049934387,2.390549659729,76,0.3039033412933,0.5762081742287,0,0.2258364260197,0.0167286247015,0,0.03624535351992,9.204701927956e-05,0.9637546539307,0.06842736899853,30.90049934387,-0.01603351160884,382.6012573242,1,6,0,4,0.8429368138313,0.905204474926,0.6152416467667,0.0434999987483,0.2437500059605,1076,0,0.9591078162193,0.1954916119576
793,172.8939361572,1663,30.98150062561,2.381870746613,76,0.2936803102493,0.5622676610947,0,0.452602237463,0.02788104116917,0,0.03624535351992,9.166014933726e-05,0.9637546539307,0.06915213167667,30.98150062561,-0.01603351160884,402.8282775879,6,6,0,3,0.8122676610947,0.8996282815933,0.609665453434,0.09049999713898,0.2389100044966,1076,0,0.9563196897507,0.1956271380186
794,173.3391113281,2364,31.13899993896,2.380308866501,76,0.2899628281593,0.5724906921387,0,0.3671003580093,0.02509293705225,0,0.03810409083962,9.235253673978e-05,0.9637546539307,0.04653130471706,31.13899993896,-0.01603351160884,347.9233093262,3,6,0,2,0.8215613365173,0.8949813842773,0.6013011336327,0.0625,0.2235800027847,1076,0,0.9535316228867,0.1957401037216
795,174.213180542,2467,31.20649909973,2.371014595032,76,0.2825278937817,0.5659851431847,0,0.6245353221893,0.01301115285605,0,0.02695167250931,9.018169657793e-05,0.9628252983093,0.04904742538929,31.20649909973,-0.01645250618458,351.0641784668,2,3,0,1,0.844795525074,0.8986988663673,0.5938661694527,0.1389999985695,0.2299699932337,1076,0,0.9535316228867,0.1958529949188
796,173.484375,2313,31.17600059509,2.362669229507,76,0.2862453460693,0.5678438544273,0,0.538104057312,0.02323420159519,0,0.02509293705225,8.970118506113e-05,0.9618958830833,0.05490704625845,31.17600059509,-0.01687193475664,333.4912414551,1,6,0,3,0.8262081742287,0.8996282815933,0.58828997612,0.03350000083447,0.2274899929762,1076,0,0.9498141407967,0.1959519982338
797,173.567565918,2224,31.21599960327,2.348837137222,76,0.283457249403,0.5622676610947,0,0.304832726717,0.02137546613812,0,0.03438661620021,8.735236770008e-05,0.960966527462,0.05620503425598,31.21599960327,-0.01729173958302,330.057800293,4,5,0,1,0.82342004776,0.9024163484573,0.5864312052727,0.1199999973178,0.2397049963474,1076,0,0.9498141407967,0.1960631757975
798,173.3531799316,2392,31.27549934387,2.347572803497,76,0.279739767313,0.5473977923393,0,0.570631980896,0.01858736202121,0,0.0260223057121,8.67896960699e-05,0.9591078162193,0.05685618892312,31.27549934387,-0.01813256926835,348.1440429688,3,6,0,4,0.806691467762,0.8949813842773,0.5817843675613,0.1840000003576,0.2556799948215,1076,0,0.9488847851753,0.1961752027273
799,172.3095245361,2450,31.16200065613,2.335602998734,76,0.2602230608463,0.5436803102493,0,0.591078042984,0.02137546427548,0,0.02973977662623,8.383069507545e-05,0.957249045372,0.05673469230533,31.16200065613,-0.0189750585705,342.0510559082,0,3,0,0,0.8187732100487,0.897769510746,0.57342004776,0.07450000196695,0.2574599981308,1076,0,0.9479553699493,0.1963151246309
800,172.1371765137,2357,31.42250061035,2.331707239151,77,0.2611524164677,0.5381041169167,0,0.4042750895023,0.033457249403,0,0.0241635683924,8.143913873937e-05,0.9553903341293,0.06364022195339,31.42250061035,-0.01981915719807,342.9419250488,0,2,0,2,0.816914498806,0.887546479702,0.5659851431847,0.8874999880791,0.2896600067616,1076,0,0.947026014328,0.1964340507984
801,173.1048431396,2331,31.35300064087,2.328125,77,0.2441968470812,0.5292479395866,0,0.4967502355576,0.02599814161658,0,0.02971216291189,7.863787323004e-05,0.9517177343369,0.06992706656456,31.35300064087,-0.02149183861911,340.254486084,3,7,0,5,0.8152275085449,0.8876509070396,0.5571030378342,0.25,0.2951000034809,1077,0,0.945218205452,0.1963740736246
802,173.3548431396,2373,31.47900009155,2.310243844986,77,0.2358402907848,0.5199628472328,0,0.5654596090317,0.03064066916704,0,0.02971216291189,7.722618465777e-05,0.9507892131805,0.08428149670362,31.47900009155,-0.02191575616598,344.0330810547,4,3,0,3,0.7994428873062,0.8774373531342,0.5515320301056,0.2169999927282,0.2948749959469,1077,0,0.9433611631393,0.196486055851
803,174.5722961426,2371,31.72249984741,2.30243897438,77,0.2330547869205,0.5199628472328,0,0.4150417745113,0.02878365851939,0,0.03156917542219,7.61029223213e-05,0.9517177343369,0.0906790420413,31.72249984741,-0.02149183861911,317.6631469727,3,6,0,4,0.8180130124092,0.8811513185501,0.5450325012207,0.4614999890327,0.2947300076485,1077,0,0.9424327015877,0.1965728104115
804,174.8732147217,2223,31.86549949646,2.302052736282,77,0.2284122556448,0.5125347971916,0,0.4763231277466,0.04178272932768,0,0.02785515412688,7.46704172343e-05,0.9517177343369,0.09401709586382,31.86549949646,-0.02149183861911,310.6417541504,4,8,0,2,0.7966573834419,0.870009303093,0.5385329723358,0.1870000064373,0.3082849979401,1077,0,0.9387186765671,0.196666508913
805,175.6979522705,2326,32.16199874878,2.293542146683,78,0.2144846767187,0.5078923106194,0,0.4763231277466,0.04085422307253,0,0.02321262843907,7.579915836686e-05,0.9498607516289,0.09630266577005,32.16199874878,-0.02234005741775,299.6930541992,3,7,0,2,0.8077994585037,0.8709377646446,0.525533914566,0.1324999928474,0.3116500079632,1077,0,0.9359331727028,0.1967663168907
806,175.1873779297,2335,32.10049819946,2.280547380447,78,0.2170686423779,0.4962894320488,0,0.4962894320488,0.03988868370652,0,0.01948051899672,7.515167817473e-05,0.9480519294739,0.1006423979998,32.10049819946,-0.02316787466407,278.5881347656,2,8,0,4,0.8061224222183,0.8552875518799,0.5250464081764,0.2874999940395,0.3307749927044,1078,0,0.9341372847557,0.1966722458601
807,174.826965332,2325,32.70050048828,2.275220394135,78,0.2124304324389,0.4814471304417,0,0.5046382546425,0.05658626928926,0,0.02133580669761,7.402263145195e-05,0.9489796161652,0.1015053763986,32.70050048828,-0.02274311706424,288.729888916,3,13,0,7,0.8051947951317,0.8525046110153,0.5241187214851,0.1949999928474,0.323399990797,1078,0,0.9304267168045,0.1967615485191
808,175.4630737305,2225,31.84300041199,2.272548913956,78,0.2040816396475,0.4554730951786,0,0.4703154265881,0.0454545468092,0,0.01948051899672,7.275088864844e-05,0.9471243023872,0.107415728271,31.84300041199,-0.02359301969409,294.4002685547,1,11,0,6,0.778293132782,0.8543599247932,0.5176252126694,0.6409999728203,0.3726899921894,1078,0,0.9285714030266,0.1968629509211
809,174.3585662842,2300,32.21049880981,2.268627405167,78,0.2142857164145,0.4628942608833,0,0.4285714328289,0.02782931365073,0,0.02226345054805,6.931427924428e-05,0.9461966753006,0.1147826090455,32.21049880981,-0.02401858195662,285.7589111328,1,11,0,6,0.7773655056953,0.8478664159775,0.5074211359024,1.011000037193,0.3624300062656,1078,0,0.9276437759399,0.1969574838877
810,173.5742645264,2378,31.92650032043,2.264763832092,78,0.1985157728195,0.4647495448589,0,0.5306122899055,0.05102040618658,0,0.01948051899672,6.79008080624e-05,0.9461966753006,0.108915053308,31.92650032043,-0.02401858195662,263.3040466309,5,10,0,3,0.7940630912781,0.8395176529884,0.5,1.106500029564,0.3787299990654,1078,0,0.9267161488533,0.1970606893301
811,173.7151489258,2247,32.09349822998,2.266009807587,78,0.1929499059916,0.4647495448589,0,0.4870129823685,0.04916512221098,0,0.03061224520206,6.545477663167e-05,0.9424861073494,0.1125945672393,32.09349822998,-0.02572504431009,264.9801025391,1,8,0,4,0.7690166831017,0.8358070254326,0.4842300415039,0.2479999810457,0.3816649913788,1078,0,0.9248608350754,0.1971612125635
812,173.7753448486,3615,31.85950088501,2.259368896484,78,0.2003710567951,0.4628942608833,0,0.4053803384304,0.03617810457945,0,0.02133580669761,6.491196108982e-05,0.9415584206581,0.07358229905367,31.85950088501,-0.02615272812545,261.927947998,4,11,0,5,0.7801484465599,0.8320964574814,0.4666048288345,0.3264999985695,0.3465450108051,1078,0,0.9211502671242,0.1972625851631
813,173.6379699707,3433,31.94499969482,2.258671998978,78,0.191094622016,0.4480519592762,0,1.27087187767,0.05102040618658,0,0.0231910943985,6.453814421548e-05,0.9406307935715,0.08389163762331,31.94499969482,-0.02658080868423,285.9884643555,3,11,0,9,0.778293132782,0.8311688303947,0.4582560360432,0.21099999547,0.330864995718,1078,0,0.9220778942108,0.1973770558834
814,174.1075744629,3387,32.39599990845,2.255952358246,78,0.1901669800282,0.4508348703384,0,0.4758812487125,0.05565862730145,0,0.02411873824894,6.221301009646e-05,0.9359925985336,0.08709772676229,32.39599990845,-0.02872758544981,266.3565979004,5,10,0,5,0.7912801504135,0.8460111021996,0.4610389471054,0.3379999995232,0.32539498806,1078,0,0.9211502671242,0.1974984109402
815,175.1357269287,3712,32.50450134277,2.252736330032,78,0.1938775479794,0.4304267168045,0,0.4369202256203,0.05009276419878,0,0.02504638209939,6.180272612255e-05,0.9350649118423,0.07650861889124,32.50450134277,-0.02915824018419,291.8184204102,3,9,0,5,0.7625231742859,0.8302412033081,0.4554730951786,0.1509999930859,0.3111900091171,1078,0,0.9165120720863,0.1976258605719
816,175.5956573486,3469,32.66749954224,2.253240346909,78,0.1762523204088,0.4443413615227,0,1.386827468872,0.05751391127706,0,0.0231910943985,6.085248605814e-05,0.9322820305824,0.07985009998083,32.66749954224,-0.03045268729329,267.2419128418,7,18,0,8,0.7504638433456,0.8274582624435,0.4461966753006,0.4269999861717,0.309475004673,1078,0,0.9137291312218,0.1977290809155
817,176.1176452637,3344,32.59099960327,2.245508909225,78,0.1716140955687,0.4322820007801,0,0.4294990897179,0.04916512221098,0,0.02411873824894,5.935450462857e-05,0.9304267168045,0.08283492922783,32.59099960327,-0.03131783008575,286.2322692871,5,9,0,2,0.7653061151505,0.8302412033081,0.4332096576691,0.230499997735,0.3368700146675,1078,0,0.9146567583084,0.1978392004967
818,177.5736694336,3489,33.08399963379,2.240240335464,78,0.1706864535809,0.4424860775471,0,0.3766233921051,0.04545454308391,0,0.0231910943985,5.697838423657e-05,0.9294990897179,0.08569790422916,33.08399963379,-0.0317510291934,264.130859375,1,9,0,2,0.7244898080826,0.8228200078011,0.4257884919643,0.426499992609,0.3333449959755,1078,0,0.9118738174438,0.197932779789
819,177.1522979736,3331,32.81999969482,2.248497009277,78,0.1669758856297,0.4322820007801,0,1.2773655653,0.04730983451009,0,0.02597402594984,5.174800025998e-05,0.9267161488533,0.105373762548,32.81999969482,-0.03305326774716,281.3310546875,3,11,0,5,0.7356215119362,0.8256029486656,0.4220779240131,0.8209999799728,0.3692649900913,1078,0,0.9081632494926,0.1980368047953
820,176.5454559326,4081,32.88199996948,2.24321603775,78,0.1614100188017,0.4322820007801,0,0.4359925687313,0.05102040991187,0,0.02411873824894,5.070636325399e-05,0.9257885217667,0.08502817898989,32.88199996948,-0.03348821029067,289.5227355957,4,9,0,4,0.7337662577629,0.8228200078011,0.4220779240131,0.3824999928474,0.3793100118637,1078,0,0.9035250544548,0.198165088892
821,176.1796875,5059,32.84000015259,2.241935491562,78,0.1521335840225,0.4369202256203,0,0.8877551555634,0.046382188797,0,0.02782931365073,4.692525180872e-05,0.9230055809021,0.06720695644617,32.84000015259,-0.03479567170143,279.4858703613,2,15,0,10,0.742115020752,0.8126159310341,0.4165120720863,0.931500017643,0.3761549890041,1078,0,0.9007421135902,0.1982682198286
822,174.9147338867,6519,32.74750137329,2.233097791672,78,0.1604823768139,0.4443413615227,0,1.794063091278,0.07606679201126,0,0.02411873824894,4.635791628971e-05,0.9202226400375,0.06089891120791,32.74750137329,-0.0361070856452,268.8430175781,3,9,0,5,0.7374768257141,0.8098330497742,0.4137291312218,0.6955000162125,0.388110011816,1078,0,0.897031545639,0.198367908597
823,175.3442993164,6282,33.00899887085,2.232323169708,78,0.1474953591824,0.4211502671242,0,1.423933148384,0.0435992591083,0,0.03153988718987,4.488672857406e-05,0.9192950129509,0.06208213791251,33.00899887085,-0.03654509410262,328.4455566406,7,13,0,5,0.7170686721802,0.8116883039474,0.4155844151974,1.126999974251,0.4258950054646,1078,0,0.897031545639,0.1985118538141
824,174.4264221191,6152,32.78900146484,2.224924087524,78,0.1530612260103,0.4322820007801,0,0.8450835347176,0.04823747649789,0,0.03061224520206,4.499583519646e-05,0.9183673262596,0.06046814098954,32.78900146484,-0.0369835793972,301.024017334,7,9,1,6,0.7235621809959,0.8163265585899,0.4109461903572,0.9869999885559,0.4351400136948,1078,0,0.8942486047745,0.1986323744059
825,174.2462615967,5924,32.44699859619,2.232415914536,78,0.1419294923544,0.4341372847557,0,1.53617811203,0.09647495299578,0,0.02968460135162,4.481678843149e-05,0.9155844449997,0.06802836060524,32.44699859619,-0.03830159455538,324.5505065918,5,15,0,9,0.7105751633644,0.8116883039474,0.4100185632706,0.6679999828339,0.4254049956799,1078,0,0.8914656639099,0.1987546086311
826,174.6709747314,5524,32.67800140381,2.223926305771,78,0.1456400752068,0.4202226400375,0,1.312615990639,0.04267161339521,0,0.03525046259165,4.353107942734e-05,0.9100185632706,0.07331643998623,32.67800140381,-0.04094974696636,368.666015625,8,7,0,4,0.7263450622559,0.8070501089096,0.4109461903572,0.6044999957085,0.3882650136948,1078,0,0.8905380368233,0.19890204072
827,174.2857208252,5700,32.33100128174,2.226899385452,78,0.1428571492434,0.4294990599155,0,0.6808905601501,0.03803339228034,0,0.03710575029254,4.320373773226e-05,0.907235622406,0.07456140220165,32.33100128174,-0.04227990657091,387.9248352051,9,9,0,2,0.7087198495865,0.804267168045,0.4146567583084,0.8725000023842,0.422495007515,1078,0,0.8877550959587,0.1990191042423
828,173.3555603027,5346,32.2319984436,2.232510328293,78,0.139146566391,0.4359925687313,0,1.589981436729,0.1122448965907,0,0.03988868370652,4.324224573793e-05,0.9035250544548,0.08417508751154,32.2319984436,-0.04405980184674,403.5336608887,5,21,0,9,0.7161409854889,0.7866419553757,0.417439699173,1.56200003624,0.4579550027847,1078,0,0.8877550959587,0.1991647183895
829,173.6716156006,5861,32.0805015564,2.229102134705,78,0.144712433219,0.4192949831486,0,1.097402572632,0.05102040991187,0,0.0435992591083,4.244005685905e-05,0.9016697406769,0.07063640654087,32.0805015564,-0.04495250433683,486.3327026367,8,9,0,4,0.7059369087219,0.7996289134026,0.4118738472462,1.21749997139,0.4417699873447,1078,0,0.8858998417854,0.1993051916361
830,173.5745849609,7168,32.29100036621,2.219814300537,78,0.1298701316118,0.4359925687313,0,1.056586265564,0.05658626928926,0,0.046382188797,4.173035631538e-05,0.8988867998123,0.05998883768916,32.29100036621,-0.04629499837756,465.6356811523,10,8,0,3,0.6975881457329,0.7931354641914,0.4044526815414,1.072000026703,0.4467200040817,1078,0,0.8840445280075,0.1994543373585
831,173.490020752,6542,32.10599899292,2.237551927567,79,0.1326530575752,0.4359925687313,0,2.205009222031,0.1113172546029,0,0.05287569388747,3.991589983343e-05,0.8988867998123,0.0645062699914,32.10599899292,-0.04629499837756,527.7808227539,6,27,0,14,0.6920222640038,0.7838590145111,0.4025973975658,2.150000095367,0.4638450145721,1078,0,0.8812615871429,0.1995835006237
832,173.0735321045,6997,32.08449935913,2.239085197449,79,0.1362372636795,0.418906390667,0,0.8767377138138,0.06302131712437,0,0.05097312480211,3.941272370866e-05,0.8934198617935,0.06717164814472,32.08449935913,-0.0489443987608,577.2992553711,8,9,0,5,0.691380918026,0.7998146414757,0.4022242724895,1.590499997139,0.4661949872971,1079,0,0.878591299057,0.1995285004377
833,172.7016601562,7685,32.11149978638,2.240124702454,79,0.1380908191204,0.4328081607819,0,1.324374318123,0.05375347658992,0,0.04819276928902,3.978241511504e-05,0.8915662765503,0.06324008107185,32.11149978638,-0.04984636977315,573.0435180664,7,14,0,8,0.6876737475395,0.7988878488541,0.3929564356804,1.465999960899,0.4517700076103,1079,0,0.8776645064354,0.1996722966433
834,173.1286773682,7858,32.32699966431,2.251297950745,79,0.1334569007158,0.4161260426044,0,2.468025922775,0.1223354935646,0,0.04263206571341,4.08937667089e-05,0.8915662765503,0.058539070189,32.32699966431,-0.04984636977315,619.9689331055,4,27,0,9,0.6839666366577,0.7979610562325,0.3929564356804,1.191499948502,0.4478299915791,1079,0,0.8748841285706,0.199784040451
835,171.7045898438,8893,32.35200119019,2.24973988533,79,0.1353104710579,0.418906390667,0,1.188137173653,0.07043558359146,0,0.04633920267224,4.277018888388e-05,0.8924930691719,0.05599910020828,32.35200119019,-0.04939515143633,666.8930664062,9,13,0,7,0.6839666366577,0.7840592861176,0.3873957395554,1.134999990463,0.4565550088882,1079,0,0.8748841285706,0.1999572813511
836,173.039932251,9361,32.43600082397,2.2390396595,79,0.1306765526533,0.4216867387295,0,1.968489289284,0.0528266876936,0,0.04726598784328,4.243194052833e-05,0.8906394839287,0.05458818376064,32.43600082397,-0.05029805377126,627.8939819336,5,8,0,4,0.6793327331543,0.7766450643539,0.3864689469337,1.932999968529,0.458310008049,1079,0,0.873030602932,0.2000655978918
837,173.0840911865,9364,32.25749969482,2.24947810173,79,0.1464318782091,0.4281742274761,0,2.633920431137,0.1501390188932,0,0.05004633963108,4.368519512354e-05,0.8878591060638,0.05478427931666,32.25749969482,-0.05165594816208,635.3544921875,8,29,0,15,0.6682112812996,0.7859128713608,0.3911028802395,1.275500059128,0.4788399934769,1079,0,0.8711770176888,0.2001833617687
838,172.9927062988,9235,32.18199920654,2.25052189827,79,0.1464318782091,0.4235403239727,0,1.399443984032,0.0824837833643,0,0.04355885088444,4.432107380126e-05,0.8878591060638,0.06063887476921,32.18199920654,-0.05165594816208,681.891418457,7,18,0,9,0.6811862587929,0.7794253826141,0.3892492949963,1.697000026703,0.4994150102139,1079,0,0.8683966398239,0.2003920674324
839,172.8268890381,9871,31.87949943542,2.260460138321,81,0.1473586708307,0.4161260426044,0,1.866543054581,0.06765523552895,0,0.05004633963108,4.74262451462e-05,0.8878591060638,0.0554148517549,31.87949943542,-0.05165594816208,758.8028564453,2,15,0,5,0.6784059405327,0.7784985899925,0.3929564356804,3.233500003815,0.5082049965858,1079,0,0.8674699068069,0.2005185335875
840,172.4106750488,11861,31.59350013733,2.258368253708,81,0.1581868678331,0.4199815094471,0,2.861239671707,0.1554116606712,0,0.04532840102911,4.790145612787e-05,0.8843663334846,0.04426271095872,31.59350013733,-0.05336780101061,764.4625244141,14,21,0,11,0.6753006577492,0.7779833674431,0.389454215765,3.709000110626,0.5317100286484,1081,0,0.8658649325371,0.2003282755613
841,172.695098877,12294,31.34000015259,2.254716873169,81,0.1572617888451,0.417206287384,0,2.644773483276,0.06475485116243,0,0.06012950837612,5.107701872475e-05,0.8843663334846,0.04612005874515,31.34000015259,-0.05336780101061,798.0588378906,7,9,0,2,0.6882516145706,0.7733579874039,0.3913043439388,4.197500228882,0.5595499873161,1081,0,0.8677150607109,0.2005038261414
842,172.673828125,12880,31.20949935913,2.23609662056,81,0.1674375534058,0.4320074021816,0,2.246993541718,0.06382978707552,0,0.05642923340201,5.306120874593e-05,0.8825162053108,0.04479813575745,31.20949935913,-0.05427731201053,753.7592163086,7,7,0,3,0.6743755936623,0.7853838801384,0.3987049162388,3.581000089645,0.5581499934196,1081,0,0.8658649325371,0.200673237443
843,173.6471710205,15286,31.4344997406,2.261554718018,81,0.1655874252319,0.4338575303555,0,3.088806629181,0.1674375534058,0,0.05457909405231,5.55846709176e-05,0.8815911412239,0.0384011529386,31.4344997406,-0.05473278090358,792.5059204102,6,34,0,14,0.6725254654884,0.7779833674431,0.4014801084995,1.87399995327,0.5489699840546,1081,0,0.8603145480156,0.2007890790701
844,173.9614715576,16149,31.58499908447,2.261554718018,81,0.1831637322903,0.4301572740078,0,4.050879001617,0.07493061572313,0,0.06753006577492,6.00015737291e-05,0.880666077137,0.03963093832135,31.58499908447,-0.05518873035908,844.7561645508,11,13,0,6,0.6623497009277,0.7705827951431,0.4033302366734,3.96199965477,0.5420449972153,1081,0,0.8584643602371,0.2009965479374
845,174.3604431152,17143,31.17350006104,2.270811319351,82,0.1831637322903,0.4310823380947,0,2.95559668541,0.08603145182133,0,0.04995374754071,5.989115015836e-05,0.880666077137,0.03744968771935,31.17350006104,-0.05518873035908,894.4724731445,5,17,0,9,0.6734505295753,0.7733579874039,0.4061054587364,3.582999944687,0.5665500164032,1081,0,0.8575392961502,0.2011876255274
846,173.7252349854,17333,30.99150085449,2.281348705292,83,0.1829944550991,0.4426987171173,0,3.743992567062,0.176524952054,0,0.06377079337835,6.282333924901e-05,0.8770794868469,0.03790457546711,30.99150085449,-0.05696104466915,917.1083984375,10,26,0,12,0.6515711545944,0.7680221796036,0.4112754166126,2.34450006485,0.5693749785423,1082,0,0.8567467927933,0.2011494040489
847,174.0037384033,17373,31.54999923706,2.281645536423,84,0.1809787601233,0.4552170038223,0,4.076638698578,0.08494921028614,0,0.05078485608101,6.021955414326e-05,0.8762696385384,0.0413860604167,31.54999923706,-0.05736223980784,844.5209350586,11,18,0,10,0.6611264944077,0.755309343338,0.4072022140026,1.680999994278,0.5405650138855,1083,0,0.855032324791,0.2011681348085
848,173.9169769287,18720,31.58650016785,2.287526369095,84,0.1835793405771,0.4409594237804,0,3.083948373795,0.1005535051227,0,0.07011070102453,6.289630255196e-05,0.8745387196541,0.04391025751829,31.58650016785,-0.05822096019983,1066.601074219,5,16,0,9,0.6420664191246,0.7666051387787,0.4151291549206,2.68799996376,0.5493549704552,1084,0,0.854243516922,0.2011540830135
849,174.1455230713,19160,31.15449905396,2.301268577576,84,0.1909594088793,0.4511070251465,0,4.425276756287,0.1835793405771,0,0.05627306178212,5.995523315505e-05,0.8726937174797,0.04253653436899,31.15449905396,-0.05913815274835,1030.770385742,8,24,0,16,0.6872693896294,0.7675276994705,0.4234317243099,2.809000015259,0.5667549967766,1084,0,0.8496310114861,0.2013006359339
850,175.8826751709,20804,31.31649971008,2.304670810699,84,0.1992619931698,0.466789662838,0,4.331181049347,0.1374538689852,0,0.0710332095623,6.259999645408e-05,0.8726937174797,0.04330898076296,31.31649971008,-0.05913815274835,1077.401489258,12,16,0,10,0.6531365513802,0.7684502005577,0.4197416901588,2.188999891281,0.5596600174904,1084,0,0.8514760136604,0.2015637457371
851,175.6075439453,24382,31.21150016785,2.302547693253,84,0.2029520273209,0.4677121639252,0,4.302583217621,0.1245387420058,0,0.07841328531504,6.313992344076e-05,0.869003713131,0.04208022356033,31.21150016785,-0.06097836792469,1075.20703125,14,14,0,8,0.6466789841652,0.7675276994705,0.4234317243099,2.512000083923,0.5648949742317,1084,0,0.8487085103989,0.2017465084791
852,175.195022583,27988,31.46850013733,2.312101840973,84,0.2112546116114,0.4787822961807,0,6.369003772736,0.2075645774603,0,0.07564575970173,6.65453117108e-05,0.869003713131,0.03965985402465,31.46850013733,-0.06097836792469,1152.39453125,11,22,0,7,0.6577490568161,0.7601476311684,0.4317343235016,3.059499979019,0.5610600113869,1084,0,0.8468634486198,0.2019154876471
853,175.1187744141,33201,31.28499984741,2.319872379303,84,0.2140221446753,0.4723247289658,0,6.64298915863,0.2011070102453,0,0.07749077677727,6.849884084659e-05,0.869003713131,0.03698683902621,31.28499984741,-0.06097836792469,1215.611572266,9,20,0,10,0.6651291251183,0.7702952027321,0.4381918907166,3.718499898911,0.5759549736977,1084,0,0.8450184464455,0.2021516859531
854,176.7379608154,36284,30.90850067139,2.321997880936,84,0.2066420614719,0.4760147631168,0,7.637454032898,0.1761992573738,0,0.07841328531504,6.748006853741e-05,0.8680811524391,0.03784037008882,30.90850067139,-0.06143967434764,1405.04309082,9,22,0,10,0.6494464874268,0.7619926333427,0.4446494579315,4.181000232697,0.5886300206184,1084,0,0.8404058814049,0.2023638039827
855,176.6155395508,33563,30.67399978638,2.324496269226,84,0.216789662838,0.476937264204,0,8.288744926453,0.2758302688599,0,0.07749077677727,6.925972411409e-05,0.8680811524391,0.04290438815951,30.67399978638,-0.06143967434764,1389.35534668,10,24,0,14,0.6595941185951,0.7666051387787,0.450184494257,2.385999917984,0.5974500179291,1084,0,0.8394833803177,0.2025508582592
856,176.7549438477,33791,30.95100021362,2.352067947388,84,0.2223247289658,0.4760147631168,0,5.323801040649,0.2776752710342,0,0.09040590375662,6.811200000811e-05,0.8699262142181,0.04669882357121,30.95100021362,-0.06051758304238,1670.528076172,16,39,0,16,0.6466789841652,0.7656826376915,0.4575645625591,1.692000031471,0.5834149718285,1084,0,0.8385608792305,0.202791467309
857,176.5546875,36939,30.87999916077,2.360169410706,84,0.2241697460413,0.4797047972679,0,7.613468647003,0.2370848655701,0,0.08394833654165,7.077260670485e-05,0.8699262142181,0.04640082269907,30.87999916077,-0.06051758304238,1488.978027344,13,31,0,14,0.6512914896011,0.7675276994705,0.4566420614719,2.547499895096,0.5889850258827,1084,0,0.8357933759689,0.2029785513878
858,177.0697631836,38900,30.98150062561,2.37765955925,84,0.2352398484945,0.483394831419,0,9.8892993927,0.3404059112072,0,0.09870848804712,7.201810512925e-05,0.8708487153053,0.04701799526811,30.98150062561,-0.06005728617311,1682.962402344,9,31,0,16,0.6595941185951,0.7712177038193,0.4594095945358,2.421999931335,0.5840150117874,1084,0,0.8376383781433,0.2031621783972
859,176.3255767822,39693,30.9109992981,2.381509065628,84,0.2361623644829,0.4870848655701,0,7.088561058044,0.3145756423473,0,0.08302582800388,7.443693175446e-05,0.8671586513519,0.05202428624034,30.9109992981,-0.06190144270658,1464.503173828,11,25,0,14,0.6512914896011,0.7619926333427,0.4695571959019,3.62700009346,0.5881850123405,1084,0,0.8385608792305,0.2033337801695
860,176.7786407471,38965,30.46850013733,2.385350227356,84,0.2407749146223,0.489852398634,0,8.102398872375,0.2979704737663,0,0.07933579385281,7.890446431702e-05,0.8680811524391,0.06054151058197,30.46850013733,-0.06143967434764,1672.972167969,9,22,0,10,0.6734317541122,0.7702952027321,0.4695571959019,2.250999927521,0.6035199761391,1084,0,0.8367158770561,0.2035346329212
861,176.7855682373,40459,30.7110004425,2.400848388672,84,0.2472324669361,0.4870848655701,0,9.178044319153,0.4511070251465,0,0.06734317541122,7.706231554039e-05,0.869003713131,0.06512766331434,30.7110004425,-0.06097836792469,1583.52746582,2,36,0,16,0.6586715579033,0.7656826376915,0.4787822961807,2.755500078201,0.5876449942589,1084,0,0.8376383781433,0.2037173807621
862,178.1528015137,42697,30.63349914551,2.41966176033,84,0.2583025693893,0.493542432785,0,8.050738334656,0.4880073666573,0,0.08487084507942,8.332964353031e-05,0.8699262142181,0.07145701348782,30.63349914551,-0.06051758304238,1748.352539062,15,41,0,16,0.6568265557289,0.7656826376915,0.4824723303318,2.513000011444,0.5941050052643,1084,0,0.8385608792305,0.2039802521467
863,178.8410797119,43950,30.41650009155,2.438689231873,84,0.256457567215,0.4981549680233,0,9.365313529968,0.476937264204,0,0.07749077677727,8.215881098295e-05,0.8726937174797,0.06384527683258,30.41650009155,-0.05913815274835,1664.947143555,8,30,0,15,0.6678966879845,0.7684502005577,0.4880073666573,2.243999958038,0.6007850170135,1084,0,0.8385608792305,0.2042527496815
864,178.9690551758,46095,30.28300094604,2.451206684113,84,0.2712177038193,0.5129151344299,0,9.70202922821,0.6429889202118,0,0.08394833654165,8.321781206178e-05,0.8726937174797,0.06247965991497,30.28300094604,-0.05913815274835,1740.962646484,11,44,0,21,0.6651291251183,0.7693727016449,0.4843173325062,3.095999956131,0.6053349971771,1084,0,0.8404058814049,0.2045259773731
865,178.765625,48195,30.16699981689,2.467995882034,84,0.2822878360748,0.5110701322556,0,9.795203208923,0.5101475715637,0,0.08763837814331,8.520310075255e-05,0.8791512846947,0.06623093783855,30.16699981689,-0.0559363886714,1780.307617188,16,30,0,14,0.6632841229439,0.7656826376915,0.4889298975468,2.387000083923,0.616289973259,1084,0,0.8385608792305,0.204803571105
866,178.0457305908,49237,30.26799964905,2.483228445053,84,0.2776752710342,0.5304428339005,0,10.55627250671,0.6282287836075,0,0.09317342936993,8.533921209164e-05,0.8791512846947,0.072648614645,30.26799964905,-0.0559363886714,1786.092163086,5,33,1,17,0.670664191246,0.7822878360748,0.4981549680233,3.638000011444,0.6157900094986,1084,0,0.8413284420967,0.2050691097975
867,177.6083526611,52040,30.27799987793,2.503657341003,85,0.2905904054642,0.5249077677727,0,10.46217727661,0.8514760136604,0,0.08579336106777,8.965935558081e-05,0.8800737857819,0.07307840138674,30.27799987793,-0.05548091977835,1793.325561523,14,46,0,21,0.6808118224144,0.7804428339005,0.5046125650406,2.673000097275,0.6194949746132,1084,0,0.8450184464455,0.2052975744009
868,177.1394348145,53129,30.53100013733,2.515088558197,85,0.2976958453655,0.5354838967323,0,11.50230407715,0.7050691246986,0,0.1050691232085,9.122809569817e-05,0.8820276260376,0.07658717781305,30.53100013733,-0.05451781302691,1912.12902832,9,37,0,16,0.6728110313416,0.7769585251808,0.5142857432365,2.901499986649,0.6091200113297,1085,0,0.845161318779,0.205402970314
869,178.0412597656,52772,30.32799911499,2.532091140747,85,0.304147452116,0.5474654436111,0,11.36497688293,0.8451612591743,0,0.09124424308538,9.699464135338e-05,0.8857142925262,0.08201318979263,30.32799911499,-0.05270634591579,1688.199707031,11,46,0,26,0.6617511510849,0.7834101319313,0.5152073502541,2.584000110626,0.6136199831963,1085,0,0.8479262590408,0.2057096064091
870,179.6064300537,53616,30.50149917603,2.554752111435,85,0.3078340888023,0.5576036572456,0,10.34746551514,0.977880179882,0,0.09861750900745,0.0001020935160341,0.8903225660324,0.08454565703869,30.50149917603,-0.05045261979103,1779.650634766,7,39,0,20,0.6672810912132,0.7926267385483,0.5281106233597,2.587500095367,0.604984998703,1085,0,0.848847925663,0.2059732228518
871,178.4354858398,53285,30.36300086975,2.564366579056,85,0.3087557554245,0.5705069303513,0,11.78341007233,0.8248847723007,0,0.08479262888432,0.0001022527721943,0.8921658992767,0.09000656753778,30.36300086975,-0.04955438151956,1711.337768555,12,32,0,17,0.6672810912132,0.8027649521828,0.5382488369942,2.490999937057,0.6157299876213,1085,0,0.8552995324135,0.2062988430262
872,178.5628814697,55843,30.29500007629,2.578189373016,85,0.3032258152962,0.5705069303513,0,11.22672843933,0.9345622062683,0,0.09493087232113,0.0001060292124748,0.8949308991432,0.09113048762083,30.29500007629,-0.04821049794555,1888.818725586,14,32,0,15,0.6682027578354,0.7990783452988,0.5502304434776,2.19000005722,0.6163449883461,1085,0,0.8571428656578,0.2066080719233
873,178.0804138184,56266,30.38999938965,2.585889577866,85,0.3207373321056,0.5806451439857,0,11.92903232574,1.088479280472,0,0.1096774190664,0.0001016634487314,0.8958525061607,0.09547506272793,30.38999938965,-0.04776348918676,1892.922973633,15,35,0,18,0.6764976978302,0.8138248920441,0.5631336569786,2.480499982834,0.6127099990845,1085,0,0.85806453228,0.2069672942162
874,177.735534668,57154,30.19099998474,2.596134185791,85,0.3188939988613,0.5788018703461,0,12.12073802948,1.064516067505,0,0.1124423965812,0.0001039142516674,0.9013825058937,0.1003954261541,30.19099998474,-0.04509087651968,2099.003662109,13,35,0,17,0.6764976978302,0.8082949519157,0.5741935372353,2.464999914169,0.6184750199318,1085,0,0.8626728057861,0.2073256373405
875,177.7151794434,58037,29.79150009155,2.613428354263,85,0.326267272234,0.5898617506027,0,11.73364067078,1.115207433701,0,0.1142857149243,0.0001032701184158,0.9059907793999,0.1029515638947,29.79150009155,-0.04287622496486,2128.791259766,17,29,0,13,0.6635944843292,0.826728105545,0.5797234773636,3.751499891281,0.6376799941063,1085,0,0.8682027459145,0.2076728343964
876,178.2054901123,58534,29.82999992371,2.633027553558,85,0.3336405456066,0.6036866307259,0,12.4350233078,1.262672781944,0,0.1096774190664,0.0001058736888808,0.9059907793999,0.1062971949577,29.82999992371,-0.04287622496486,2088.763671875,19,32,0,18,0.6811059713364,0.8248847723007,0.5935483574867,4.133999824524,0.6375650167465,1085,0,0.8737327456474,0.208017423749
877,177.7600250244,60226,29.58049964905,2.64604473114,85,0.3373271822929,0.6055299639702,0,12.29769611359,1.231336355209,0,0.1225806474686,0.000109515262011,0.9041474461555,0.1064158305526,29.58049964905,-0.04376074299216,2334.939208984,14,37,0,20,0.6903225779533,0.8442396521568,0.6064516305923,2.804500102997,0.6392750144005,1085,0,0.8764976859093,0.2083593308926
878,178.907119751,61218,29.50849914551,2.667004108429,85,0.3493087589741,0.6350230574608,0,12.65530014038,1.217511534691,0,0.1041474640369,0.0001105015253415,0.9087557792664,0.105981901288,29.50849914551,-0.04155281558633,2074.728515625,16,38,0,20,0.6958525180817,0.8442396521568,0.6156681776047,3.677999973297,0.6491450071335,1085,0,0.8820276260376,0.2087046205997
879,179.4459075928,63300,29.4015007019,2.67441868782,85,0.3456221222878,0.6506912708282,0,13.27188968658,1.286635875702,0,0.1198156699538,0.000113339337986,0.910599052906,0.1049920991063,29.4015007019,-0.04067280888557,2215.947753906,14,26,0,13,0.688479244709,0.848847925663,0.6230414509773,4.922500133514,0.6550999879837,1085,0,0.8838709592819,0.2090440839529
880,178.8896636963,58633,29.26250076294,2.673366785049,85,0.3576036989689,0.6525345444679,0,13.68571472168,1.287557601929,0,0.1161290332675,0.0001127046270994,0.9115207195282,0.1158903688192,29.26250076294,-0.04023345559835,2439.722900391,14,30,0,17,0.6857143044472,0.8516129255295,0.6387096643448,4.643000125885,0.6614400148392,1085,0,0.8894008994102,0.209385201335
881,181.2184753418,58895,29.28499984741,2.683266878128,86,0.3668202757835,0.6691244244576,0,10.29124450684,1.344700455666,0,0.1456221193075,0.0001117326755775,0.9170507192612,0.117972664535,29.28499984741,-0.03760664537549,2602.812744141,24,49,0,24,0.6949308514595,0.861751139164,0.6470046043396,2.849999904633,0.6550049781799,1085,0,0.8930875658989,0.209769308567
882,181.6444549561,59327,29.51749992371,2.685827493668,86,0.3655616939068,0.6758747696877,0,12.93001842499,1.406998157501,0,0.1436464041471,0.0001103127142414,0.9244935512543,0.1205521970987,29.51749992371,-0.03409611433744,2780.384765625,19,30,0,16,0.7108655571938,0.8655617237091,0.6602209806442,3.210000038147,0.6417449712753,1086,0,0.8931860327721,0.2099290639162
883,181.8908538818,58975,29.00250053406,2.698616504669,86,0.3812154829502,0.6906077265739,0,13.67679595947,1.387661218643,0,0.1565377563238,0.0001081598747987,0.9290975928307,0.1215430274606,29.00250053406,-0.03193866461515,2926.369384766,24,32,0,9,0.7117863893509,0.864640891552,0.6721915006638,4.194499969482,0.6684899926186,1086,0,0.8931860327721,0.2102931290865
884,181.2657623291,60233,28.86149978638,2.714708805084,86,0.3876611292362,0.6998158097267,0,10.59852695465,1.362799286842,0,0.1537753194571,0.0001085232943296,0.9318600296974,0.1200504675508,28.86149978638,-0.03064931742847,2916.961425781,21,34,0,18,0.7219153046608,0.8664824962616,0.6850828528404,4.467000007629,0.6689450144768,1086,0,0.8968692421913,0.2106700390577
885,182.0611419678,60067,28.96649932861,2.720631837845,86,0.4005524814129,0.7090239524841,0,13.42725658417,1.424493551254,0,0.1473296433687,0.000111641267722,0.9327808618546,0.1099938377738,28.96649932861,-0.03022037446499,3084.995849609,18,25,0,15,0.7209944725037,0.8729282021523,0.6979742050171,4.401500225067,0.6702449917793,1086,0,0.9014732837677,0.2110357284546
886,182.7564239502,59802,28.61949920654,2.722879648209,86,0.4042357206345,0.7228360772133,0,13.45948410034,1.049723744392,0,0.1528545171022,0.0001159164239652,0.9327808618546,0.1120531111956,28.61949920654,-0.03022037446499,2971.448242188,18,23,0,8,0.7283609509468,0.8848987221718,0.7099447250366,6.15700006485,0.6841350197792,1086,0,0.9042357206345,0.2114049196243
887,184.7909393311,60057,28.8390007019,2.728796958923,86,0.4134438335896,0.7283609509468,0,10.98342609406,1.054327845573,0,0.1464088410139,0.0001214284129674,0.933701634407,0.1130426079035,28.8390007019,-0.02979188039899,3059.785644531,14,18,0,13,0.7458563446999,0.8802946805954,0.7219153046608,3.578500032425,0.6815850138664,1086,0,0.909760594368,0.2117645889521
888,186.3220672607,60290,28.79949951172,2.733990192413,86,0.4217311143875,0.7403314709663,0,13.27900505066,1.070902347565,0,0.1593001782894,0.000125392965856,0.933701634407,0.1156576573849,28.79949951172,-0.02979188039899,3032.114257812,12,25,0,12,0.7440147399902,0.8904235959053,0.7292817831039,3.473500013351,0.6891350150108,1086,0,0.9189686775208,0.2122336030006
889,186.6389465332,62750,28.79299926758,2.734714031219,87,0.4300184249878,0.7421731352806,0,13.25966835022,1.103130698204,0,0.1675874739885,0.0001265289611183,0.9346224665642,0.1138645410538,28.79299926758,-0.02936378493905,3209.448730469,22,14,0,7,0.7458563446999,0.8802946805954,0.7449355721474,4.138000011444,0.6807850003242,1086,0,0.9226519465446,0.2126690596342
890,188.1472930908,65166,28.39749908447,2.738446474075,87,0.4452621936798,0.756209731102,0,12.75712966919,1.082796692848,0,0.180312782526,0.0001244389277417,0.9328426718712,0.1094896122813,28.39749908447,-0.03019159473479,3161.408935547,19,23,0,10,0.756209731102,0.88868445158,0.7543698549271,3.175499916077,0.7022349834442,1087,0,0.9245629906654,0.2128379791975
891,189.6416473389,60479,28.44899940491,2.740922451019,87,0.4461821615696,0.753449857235,0,14.57405662537,1.187672495842,0,0.1821527183056,0.0001265083992621,0.9356026053429,0.1223730519414,28.44899940491,-0.02890858054161,3370.781982422,19,27,0,21,0.7727690935135,0.8942042589188,0.7635694742203,3.611500024796,0.6932950019836,1087,0,0.9273229241371,0.213237002492
892,189.260848999,61456,28.73349952698,2.75318312645,87,0.4581416845322,0.7589696645737,0,10.79576778412,1.221711158752,0,0.1849126070738,0.0001278265553992,0.9374424815178,0.1240725070238,28.73349952698,-0.02805537171662,3405.510498047,18,29,0,15,0.7727690935135,0.8942042589188,0.771849155426,2.418499946594,0.6718999743462,1087,0,0.9273229241371,0.2136083841324
893,188.0301818848,61451,28.74600028992,2.750243902206,87,0.4710211455822,0.7543698549271,0,13.11867523193,1.101195931435,0,0.1683532595634,0.0001313267130172,0.9392824172974,0.1236432269216,28.74600028992,-0.02720380760729,3608.194580078,13,21,0,12,0.7994480133057,0.9024838805199,0.7782888412476,2.837500095367,0.6794049739838,1087,0,0.9282428622246,0.2139650434256
894,187.6534423828,64427,28.48349952698,2.760975599289,87,0.4866605401039,0.7654094099998,0,14.27046871185,1.293468236923,0,0.1609935611486,0.0001378168381052,0.9429622888565,0.1206016093493,28.48349952698,-0.02550567686558,3450.293212891,18,22,1,10,0.7985280752182,0.906163752079,0.7838086485863,3.543999910355,0.69457000494,1087,0,0.9282428622246,0.2143373191357
895,188.702911377,66750,28.76499938965,2.764362335205,87,0.4894204139709,0.7727690935135,0,12.8978843689,1.313707470894,0,0.1609935611486,0.0001432242715964,0.9429622888565,0.1188764050603,28.76499938965,-0.02550567686558,3366.072509766,9,18,1,8,0.8031278848648,0.9015639424324,0.789328455925,3.141499996185,0.6780549883842,1087,0,0.9291628599167,0.2146941870451
896,189.4549255371,66784,28.70800018311,2.762645959854,87,0.4986200630665,0.7847285866737,0,14.43514251709,1.124195098877,0,0.1554737836123,0.0001484750537202,0.9448022246361,0.1186062544584,28.70800018311,-0.02465909346938,3266.961669922,17,14,0,7,0.812327504158,0.908923625946,0.7948482036591,2.643500089645,0.6809449791908,1087,0,0.9282428622246,0.215063855052
897,191.0617675781,67352,28.48150062561,2.766536951065,88,0.5142594575882,0.7856485843658,0,14.20883178711,1.3219871521,0,0.1766329407692,0.0001543809776194,0.9457221627235,0.1200112849474,28.48150062561,-0.02423643320799,3337.088623047,10,21,1,10,0.812327504158,0.9116835594177,0.8049678206444,4.6890001297,0.6933900117874,1087,0,0.9310027360916,0.2154601961374
898,191.3681335449,69314,28.55200004578,2.772815465927,88,0.5257353186607,0.78125,0,13.375,1.314338207245,0,0.1645220518112,0.0001536514464533,0.9448529481888,0.1187494620681,28.55200004578,-0.02463577874005,3396.023925781,15,22,0,12,0.825367629528,0.9154411554337,0.8115808963776,2.168499946594,0.685790002346,1088,0,0.9338235259056,0.2156547307968
899,190.8567199707,71402,28.44549942017,2.777453899384,88,0.5367646813393,0.78125,0,15.53584575653,1.154411792755,0,0.1737132370472,0.0001573108020239,0.9466911554337,0.116831459105,28.44549942017,-0.02379168011248,3569.304931641,13,17,1,5,0.8318014740944,0.9172794222832,0.8198529481888,2.500999927521,0.6773200035095,1088,0,0.9356617927551,0.2160988748074
900,190.6664733887,73232,28.31649971008,2.774975776672,88,0.5523896813393,0.778492629528,0,15.56893348694,1.428308844566,0,0.1700367629528,0.0001625360455364,0.9457720518112,0.1170253455639,28.31649971008,-0.0242135245353,3583.080078125,16,17,0,8,0.8373161554337,0.9099264740944,0.8198529481888,4.738500118256,0.6924449801445,1088,0,0.9365808963776,0.2164880782366
901,191.9933776855,77346,28.17499923706,2.781007766724,88,0.5523896813393,0.7987132072449,0,14.86580944061,1.410845518112,0,0.1819852888584,0.0001638011308387,0.9476103186607,0.1094044968486,28.17499923706,-0.02337021939456,3359.427734375,20,20,0,12,0.8483455777168,0.9154411554337,0.8262867927551,4.082499980927,0.6975499987602,1088,0,0.9384191036224,0.2168377041817
902,192.5116119385,78452,28.14800071716,2.785091876984,88,0.5689338445663,0.7886029481888,0,17.9007358551,1.227022051811,0,0.15625,0.0001681994617684,0.9485294222832,0.1091622933745,28.14800071716,-0.02294919453561,3340.476318359,5,17,0,10,0.8483455777168,0.9209558963776,0.8290441036224,5.921999931335,0.6992400288582,1088,0,0.940257370472,0.2171856462955
903,191.7287597656,79969,28.06649971008,2.794202804565,88,0.5643382072449,0.8005514740944,0,16.31525802612,1.533088207245,0,0.1636029481888,0.000169477192685,0.9494485259056,0.1083920001984,28.06649971008,-0.0225285757333,3242.895263672,16,30,0,14,0.8501838445663,0.9255514740944,0.8336396813393,4.30999994278,0.7029899954796,1088,0,0.9411764740944,0.2175291925669
904,192.0466156006,79920,27.79500007629,2.79440164566,88,0.5799632072449,0.7950367927551,0,15.95955848694,1.373161792755,0,0.1507352888584,0.00017359823687,0.9512867927551,0.1083833798766,27.79500007629,-0.02168853394687,3124.422363281,9,16,0,7,0.8446691036224,0.9209558963776,0.8354779481888,5.978000164032,0.7206950187683,1088,0,0.9393382072449,0.2178839445114
905,191.8238525391,80561,27.78400039673,2.797297239304,88,0.5836396813393,0.8060661554337,0,17.6148891449,1.328125,0,0.1498161703348,0.0001770889939507,0.9522058963776,0.110140144825,27.78400039673,-0.02126913331449,2995.814697266,8,15,0,5,0.8538603186607,0.9209558963776,0.8382353186607,5.489999771118,0.7213150262833,1088,0,0.9411764740944,0.2182669937611
906,192.0438995361,81128,27.64999961853,2.8021235466,88,0.5900735259056,0.8161764740944,0,16.99540519714,1.525735378265,0,0.1415441185236,0.0001804592757253,0.9522058963776,0.1110220849514,27.64999961853,-0.02126913331449,2628.993164062,14,20,0,10,0.8648896813393,0.9264705777168,0.8428308963776,4.815499782562,0.7232999801636,1088,0,0.9411764740944,0.2185745388269
907,193.1564788818,80966,27.55699920654,2.805207252502,88,0.5992646813393,0.8088235259056,0,16.28125,1.402573466301,0,0.140625,0.000184032265679,0.9522058963776,0.1122940480709,27.55699920654,-0.02126913331449,2796.195800781,10,16,0,8,0.8639705777168,0.9292279481888,0.8492646813393,3.821500062943,0.7257300019264,1088,0,0.9430146813393,0.2188975811005
908,193.1796112061,81514,27.88599967957,2.806358337402,88,0.5983455777168,0.8290441036224,0,17.22242736816,1.416360378265,0,0.1314338296652,0.0001850691623986,0.953125,0.1028044298291,27.88599967957,-0.0208501406014,2285.658203125,6,19,0,7,0.8667279481888,0.9264705777168,0.8556985259056,4.175000190735,0.7085450291634,1088,0,0.9439338445663,0.219172462821
909,193.5187072754,82351,27.68099975586,2.808653831482,88,0.5983455777168,0.8134191036224,0,17.26746177673,1.625,0,0.1323529481888,0.000184676668141,0.9540441036224,0.1043946072459,27.68099975586,-0.02043155021966,2449.738769531,8,13,0,5,0.8713235259056,0.9292279481888,0.8602941036224,5.611000061035,0.7231150269508,1088,0,0.9457720518112,0.2195418775082
910,193.386932373,76480,27.48749923706,2.813282012939,88,0.6029411554337,0.8189338445663,0,16.81433868408,1.387867689133,0,0.1185661777854,0.0001897042093333,0.955882370472,0.1158080548048,27.48749923706,-0.01959554851055,2145.519287109,17,14,0,7,0.8786764740944,0.934742629528,0.8667279481888,4.934000015259,0.731694996357,1088,0,0.9494485259056,0.2198966443539
911,191.7368469238,76835,27.24150085449,2.816169500351,88,0.6167279481888,0.8088235259056,0,13.80882358551,1.510110378265,0,0.1369485259056,0.0001926337718032,0.9549632072449,0.1184746548533,27.24150085449,-0.02001336216927,2238.773925781,9,19,0,10,0.8740808963776,0.9365808963776,0.8676470518112,6.878499984741,0.7471600174904,1088,0,0.950367629528,0.2202385365963
912,192.805480957,76548,27.21299934387,2.826756477356,88,0.6194853186607,0.815257370472,0,17.09650802612,1.698529362679,0,0.1213235259056,0.0001939309877343,0.9549632072449,0.1235042065382,27.21299934387,-0.02001336216927,1976.720214844,8,27,0,12,0.8805146813393,0.9365808963776,0.8713235259056,6.77899980545,0.7442200183868,1088,0,0.9494485259056,0.220567509532
913,193.1147155762,78973,27.3034992218,2.828681468964,88,0.6185661554337,0.8198529481888,0,16.64705848694,1.513786792755,0,0.1387867629528,0.0001995966158574,0.9549632072449,0.1215858608484,27.3034992218,-0.02001336216927,1964.181518555,8,13,0,4,0.8869485259056,0.9365808963776,0.872242629528,6.521500110626,0.7400299906731,1088,0,0.9494485259056,0.2209026068449
914,193.3838348389,78306,27.0,2.84215593338,88,0.6259191036224,0.8106617927551,0,15.82720565796,1.816176533699,0,0.1204044148326,0.0001953242026502,0.9549632072449,0.1242305859923,27.0,-0.02001336216927,1909.685180664,11,24,0,15,0.8805146813393,0.9448529481888,0.8694853186607,5.506999969482,0.7612800002098,1088,0,0.950367629528,0.2212212979794
915,193.6288604736,78581,26.92749977112,2.848893165588,88,0.612132370472,0.8051470518112,0,16.38602828979,1.788602948189,0,0.1323529481888,0.0002000637468882,0.9549632072449,0.1255647093058,26.92749977112,-0.02001336216927,1973.044799805,8,18,1,8,0.8851103186607,0.9365808963776,0.8740808963776,6.435500144958,0.7659100294113,1088,0,0.9512867927551,0.2215322107077
916,192.6931152344,80711,26.91550064087,2.850961446762,88,0.6194853186607,0.815257370472,0,16.80974197388,1.598345637321,0,0.1130514740944,0.0001986184506677,0.9549632072449,0.1239236295223,26.91550064087,-0.02001336216927,1836.148071289,7,13,0,3,0.887867629528,0.9375,0.8704044222832,4.230999946594,0.765055000782,1088,0,0.953125,0.2218535095453
917,190.39894104,82140,26.8689994812,2.855907678604,88,0.6020220518112,0.8106617927551,0,17.16084480286,1.784926533699,0,0.1204044148326,0.000197298330022,0.955882370472,0.1222059875727,26.8689994812,-0.01959554851055,1820.3671875,13,18,0,7,0.8897058963776,0.9420955777168,0.8676470518112,5.758500099182,0.7635599970818,1088,0,0.953125,0.2221446782351
918,190.4254760742,85321,26.91049957275,2.856184005737,88,0.609375,0.8106617927551,0,17.25735282898,1.814338207245,0,0.1020220592618,0.0001932966843015,0.9568014740944,0.1185522899032,26.91049957275,-0.01917816512287,1770.847045898,7,16,0,9,0.8952205777168,0.9375,0.8676470518112,4.817999839783,0.7622249722481,1088,0,0.9522058963776,0.2224520742893
919,190.3643798828,86602,26.95800018311,2.854266643524,88,0.612132370472,0.8106617927551,0,18.76654434204,1.609375,0,0.09926470369101,0.0001933671592269,0.9586396813393,0.1183113530278,26.95800018311,-0.01834459789097,1694.615600586,6,10,0,7,0.8979779481888,0.9375,0.8694853186607,6.748000144958,0.7623199820518,1088,0,0.953125,0.2227647006512
920,188.7166595459,89991,26.71349906921,2.858101606369,88,0.6102941036224,0.799632370472,0,18.01654434204,1.922794103622,0,0.1020220592618,0.000191195300431,0.9586396813393,0.1131002008915,26.71349906921,-0.01834459789097,1742.884643555,9,10,0,4,0.9071691036224,0.9411764740944,0.8713235259056,5.192500114441,0.7714999914169,1088,0,0.953125,0.2231031656265
921,188.5042724609,83390,26.73699951172,2.857416152954,89,0.5955882072449,0.7858455777168,0,19.53400802612,1.834558844566,0,0.1020220592618,0.0001909515704028,0.9586396813393,0.119174964726,26.73699951172,-0.01834459789097,1722.609863281,12,15,0,9,0.90625,0.9448529481888,0.8713235259056,6.530000209808,0.7665749788284,1088,0,0.9540441036224,0.2234501838684
922,188.0056152344,85527,26.66550064087,2.860553979874,89,0.6033057570457,0.8071625232697,0,14.94949531555,1.675849437714,0,0.1092745661736,0.0001896301837405,0.95959597826,0.1168753728271,26.66550064087,-0.01791158132255,1513.77734375,15,25,0,11,0.90174472332,0.9403122067451,0.8696051239967,5.959499835968,0.772175014019,1089,0,0.9531680345535,0.2235332429409
923,189.9572601318,86859,26.95249938965,2.861773014069,89,0.5968778729439,0.7860422134399,0,18.86409568787,1.776859521866,0,0.1046831980348,0.0001891198917292,0.9614325165749,0.1152327358723,26.95249938965,-0.01708119548857,1576.733398438,10,15,0,9,0.9063360691071,0.9403122067451,0.873278260231,5.262499809265,0.766470015049,1089,0,0.9540863037109,0.2238344699144
924,190.8073730469,87092,26.84000015259,2.865586280823,89,0.5941230654716,0.7860422134399,0,20.04040336609,1.834710717201,0,0.1056014671922,0.0001866814127425,0.9632690548897,0.1146144270897,26.84000015259,-0.01625239290297,1498.193115234,5,17,0,9,0.9044995307922,0.9403122067451,0.873278260231,6.453000068665,0.7790650129318,1089,0,0.9550045728683,0.2240963131189
925,189.5322113037,86420,26.34950065613,2.869523763657,89,0.5886133909225,0.8016529083252,0,15.80808067322,1.693296670914,0,0.100091829896,0.000185886878171,0.9632690548897,0.1065262705088,26.34950065613,-0.01625239290297,1352.877441406,8,20,0,8,0.9035812616348,0.9430670142174,0.8723599910736,7.223499774933,0.8082399964333,1089,0,0.9568411111832,0.2244010269642
926,189.0056762695,88687,26.38800048828,2.871428489685,89,0.5876951217651,0.8016529083252,0,18.15518760681,1.738291978836,0,0.1019283756614,0.0001808982196962,0.9641873240471,0.1035326495767,26.38800048828,-0.01583858206868,1307.475219727,11,10,0,2,0.9118457436562,0.9449035525322,0.8677685856819,8.503999710083,0.8023300170898,1089,0,0.9568411111832,0.224637106061
927,188.1040496826,89846,26.23200035095,2.878211259842,89,0.5720844864845,0.8044077157974,0,20.96327018738,1.844811797142,0,0.1046831980348,0.000180472197826,0.9641873240471,0.1025755181909,26.23200035095,-0.01583858206868,1250.9375,7,21,0,12,0.9008264541626,0.9458218812943,0.8659320473671,9.904500007629,0.804014980793,1089,0,0.9568411111832,0.2249091416597
928,190.2684326172,94400,26.17000007629,2.881178617477,89,0.5812672376633,0.7878788113594,0,17.18090057373,1.769513249397,0,0.09550046175718,0.0001727851922624,0.9651055932045,0.09789194911718,26.17000007629,-0.01542516704649,1298.133911133,9,9,1,4,0.9155188202858,0.9430670142174,0.8686868548393,7.137000083923,0.8042799830437,1089,0,0.9586777091026,0.225181221962
929,191.87059021,97227,26.23150062561,2.881291627884,89,0.5684114098549,0.8016529083252,0,20.67401313782,1.737373709679,0,0.09550046175718,0.0001757996215019,0.9660238623619,0.09523075073957,26.23150062561,-0.01501214504242,1242.688476562,7,19,0,9,0.9100092053413,0.9458218812943,0.8714416623116,7.744999885559,0.8039349913597,1089,0,0.95959597826,0.2254953831434
930,192.5516204834,99957,26.07399940491,2.876660346985,89,0.5619834661484,0.8016529083252,0,22.33241462708,1.854912757874,0,0.0863177254796,0.000168383543496,0.9669421315193,0.09324008971453,26.07399940491,-0.0145995169878,1195.216308594,6,11,0,5,0.9127640128136,0.9467401504517,0.8677685856819,10.21049976349,0.8150699734688,1089,0,0.9614325165749,0.2257691472769
931,192.8411712646,102984,25.9314994812,2.874053001404,89,0.5546372532845,0.8025711774826,0,19.58585929871,1.771349787712,0,0.1028466448188,0.0001711154181976,0.9678604006767,0.0901887640357,25.9314994812,-0.01418727915734,1186.242553711,13,15,0,7,0.9127640128136,0.9531680345535,0.8659320473671,7.232999801636,0.8174899816513,1089,0,0.9623507857323,0.2260951548815
932,192.2261962891,106596,26.00950050354,2.878787994385,90,0.5601469278336,0.8053259849548,0,22.30853843689,1.736455440521,0,0.0918273627758,0.000161812917213,0.9696969985962,0.08819280564785,26.00950050354,-0.01336394902319,1131.362060547,13,11,0,7,0.9063360691071,0.9485766887665,0.8631772398949,5.784999847412,0.8119649887085,1089,0,0.9623507857323,0.2263911664486
933,192.3192749023,108010,26.05900001526,2.88720369339,90,0.5486238598824,0.7981651425362,0,24.23119354248,1.860550522804,0,0.09357798099518,0.0001648297475185,0.9688073396683,0.08496435731649,26.05900001526,-0.01376257929951,1165.196044922,13,17,0,6,0.9064220190048,0.9495412707329,0.8623853325844,8.027500152588,0.8159250020981,1090,0,0.9614678621292,0.2264286279678
934,192.367477417,100352,26.01549911499,2.890047311783,90,0.5513761639595,0.7963302731514,0,20.99633026123,1.74036693573,0,0.09908256679773,0.0001569906162331,0.9678899049759,0.09185666590929,26.01549911499,-0.01417404040694,1134.404418945,13,16,0,10,0.9119266271591,0.9559633135796,0.8633027672768,7.738999843597,0.8220099806786,1090,0,0.9623852968216,0.2267296612263
935,191.8519592285,103139,25.97850036621,2.886471033096,90,0.5376147031784,0.7944954037666,0,18.06605529785,1.777981638908,0,0.1027522906661,0.0001567663712194,0.9678899049759,0.08989810198545,25.97850036621,-0.01417404040694,1110.150024414,8,13,0,4,0.9201834797859,0.9568807482719,0.8559632897377,6.818500041962,0.8217650055885,1090,0,0.9642201662064,0.2269525527954
936,191.0363616943,104276,25.94949913025,2.887523651123,90,0.5229358077049,0.7972477078438,0,24.80825805664,1.869724750519,0,0.09449541568756,0.0001530421868665,0.9697247743607,0.08772871643305,25.94949913025,-0.01335150934756,1056.852905273,7,18,0,8,0.9165137410164,0.9559633135796,0.8550458550453,9.0609998703,0.8217750191689,1090,0,0.9651376008987,0.2272500395775
937,188.946105957,105313,26.19300079346,2.885633230209,90,0.5229358077049,0.8055045604706,0,21.95596313477,1.599082589149,0,0.09908256679773,0.0001510683650849,0.970642209053,0.08624766021967,26.19300079346,-0.0129408268258,995.2990722656,7,12,0,7,0.909174323082,0.9550458788872,0.8568807244301,8.674500465393,0.8142700195312,1090,0,0.9660550355911,0.2274652421474
938,187.8108062744,107300,26.13349914551,2.885633230209,90,0.5064220428467,0.8018348813057,0,19.2165145874,1.733027458191,0,0.08532109856606,0.0001509189896751,0.970642209053,0.0859739035368,26.13349914551,-0.0129408268258,966.4606323242,6,14,0,6,0.9064220190048,0.9504587054253,0.8541284203529,5.671500205994,0.8159350156784,1090,0,0.9678899049759,0.227702781558
939,188.1976013184,109543,25.87750053406,2.890462636948,90,0.5045871734619,0.8027523159981,0,25.42568778992,1.864220142365,0,0.08715596050024,0.000145394296851,0.970642209053,0.08304501324892,25.87750053406,-0.0129408268258,928.9686279297,10,14,0,8,0.9073394536972,0.95229357481,0.8513761758804,7.462500095367,0.8354750275612,1090,0,0.9678899049759,0.227940261364
940,186.3134307861,111594,25.91449928284,2.892351388931,90,0.5036697387695,0.8045871853828,0,23.52844047546,1.573394417763,0,0.08348623663187,0.0001476123434259,0.9715596437454,0.08334677666426,25.91449928284,-0.01253053359687,899.0650024414,7,15,0,6,0.8990825414658,0.9577981829643,0.8577981591225,5.235000133514,0.824355006218,1090,0,0.9678899049759,0.2281752824783
941,186.4207305908,112661,25.8985004425,2.89518404007,90,0.5073394775391,0.7926605343819,0,21.19724845886,1.829357743263,0,0.08440367132425,0.0001395514700562,0.9715596437454,0.08387995511293,25.8985004425,-0.01253053359687,924.6892700195,10,12,0,9,0.9146788716316,0.9541284441948,0.861467897892,6.56500005722,0.8235350251198,1090,0,0.9678899049759,0.2284513711929
942,185.1829223633,115485,25.8985004425,2.892452716827,90,0.4935779869556,0.7935779690742,0,25.24770736694,1.935779809952,0,0.08623853325844,0.000142557095387,0.9715596437454,0.08285059034824,25.8985004425,-0.01253053359687,901.5872192383,7,16,0,9,0.9165137410164,0.9504587054253,0.8568807244301,7.032499790192,0.8304399847984,1090,0,0.9697247743607,0.2287127673626
943,183.7453460693,119078,26.02199935913,2.896324157715,90,0.4871559739113,0.7880734205246,0,25.29541397095,1.728440403938,0,0.08899082243443,0.0001371478720102,0.9724770784378,0.08205545693636,26.02199935913,-0.01212062686682,903.2688598633,8,12,0,5,0.9211009144783,0.9550458788872,0.8550458550453,6.133500099182,0.8289600014687,1090,0,0.970642209053,0.2289477437735
944,184.0310516357,124404,25.89450073242,2.896421909332,90,0.4889908134937,0.7862385511398,0,23.82110214233,1.886238574982,0,0.08807339519262,0.0001407592790201,0.9733945131302,0.08060029894114,25.89450073242,-0.01171110570431,871.55078125,11,13,0,7,0.9027522802353,0.9568807482719,0.8550458550453,7.061999797821,0.8327699899673,1090,0,0.970642209053,0.2291878461838
945,182.467086792,130145,25.88150024414,2.895480155945,90,0.4688073396683,0.7853211164474,0,28.19265937805,2.155045747757,0,0.07798165082932,0.0001416926825186,0.9743119478226,0.07740596681833,25.88150024414,-0.01130197197199,835.3413085938,6,7,0,3,0.9036697149277,0.9513761401176,0.8513761758804,6.751999855042,0.8288450241089,1090,0,0.9697247743607,0.2293826192617
946,182.5379943848,133591,25.67149925232,2.891713857651,90,0.476146787405,0.7853211164474,0,28.91100883484,1.823853254318,0,0.07522935420275,0.0001417961757397,0.9743119478226,0.07513231039047,25.67149925232,-0.01130197197199,840.9838256836,7,14,0,7,0.9036697149277,0.9614678621292,0.8458715677261,6.683000087738,0.8460649847984,1090,0,0.970642209053,0.2296450585127
947,182.5914611816,137655,25.83049964905,2.90122294426,90,0.4651376008987,0.7871559858322,0,26.33853149414,1.854128360748,0,0.08073394745588,0.0001419602922397,0.9743119478226,0.07485380023718,25.83049964905,-0.01130197197199,824.1940917969,6,22,0,9,0.9220183491707,0.9605504870415,0.8440366983414,7.291500091553,0.8378750085831,1090,0,0.970642209053,0.2298945784569
948,182.3495483398,144128,25.65349960327,2.903104305267,90,0.4532110095024,0.7880734205246,0,30.3559627533,2.144036531448,0,0.07706422358751,0.0001390372926835,0.975229382515,0.07210257649422,25.65349960327,-0.01089322287589,835.5891113281,6,13,0,6,0.9220183491707,0.9605504870415,0.8440366983414,8.780500411987,0.8486350178719,1090,0,0.970642209053,0.2301337569952
949,182.351852417,147062,25.39150047302,2.90404510498,90,0.4532110095024,0.7944954037666,0,32.55596160889,1.855045795441,0,0.07522935420275,0.0001403374772053,0.975229382515,0.07063007354736,25.39150047302,-0.01089322287589,788.4197387695,8,8,0,1,0.9100917577744,0.9577981829643,0.8440366983414,11.0579996109,0.8551650047302,1090,0,0.9715596437454,0.2303318530321
950,182.1890258789,147252,25.62249946594,2.910546064377,90,0.4422018229961,0.7871559858322,0,28.99357795715,1.895412802696,0,0.0788990855217,0.0001372759434162,0.975229382515,0.06491592526436,25.62249946594,-0.01089322287589,821.5795898438,9,14,0,6,0.9082568883896,0.9587156176567,0.8394495248795,6.807499885559,0.8362249732018,1090,0,0.970642209053,0.2305634021759
951,180.9698791504,151786,25.72100067139,2.912429332733,90,0.4449541270733,0.7963302731514,0,30.44128417969,1.728440403938,0,0.06697247922421,0.0001395226863679,0.9743119478226,0.06430105865002,25.72100067139,-0.01130197197199,766.5219726562,7,16,0,7,0.9119266271591,0.9568807482719,0.8412843942642,7.895500183105,0.8430749773979,1090,0,0.9715596437454,0.2307880371809
952,179.69090271,155171,25.75799942017,2.913371086121,90,0.4220183491707,0.7761467695236,0,35.02752304077,1.495412826538,0,0.07064220309258,0.0001343443000223,0.9743119478226,0.06410346925259,25.75799942017,-0.01130197197199,810.6237182617,12,15,0,5,0.9064220190048,0.9532110095024,0.8339449763298,8.864999771118,0.8482199907303,1090,0,0.9715596437454,0.231001496315
953,177.2228851318,158242,25.7590007782,2.914312601089,90,0.4293577969074,0.7807339429855,0,31.49816513062,1.472477078438,0,0.06146788969636,0.0001354880660074,0.9743119478226,0.06285309791565,25.7590007782,-0.01130197197199,772.9406738281,6,11,0,4,0.9073394536972,0.9559633135796,0.8311926722527,8.08749961853,0.8386350274086,1090,0,0.9715596437454,0.2312492132187
954,177.1736602783,163555,25.68849945068,2.914312601089,90,0.4256880879402,0.7688073515892,0,32.31284332275,1.757798194885,0,0.06422018259764,0.0001355641288683,0.9743119478226,0.06136162206531,25.68849945068,-0.01130197197199,791.6141967773,11,15,0,7,0.9027522802353,0.9568807482719,0.8229357600212,7.47100019455,0.8415349721909,1090,0,0.9724770784378,0.2314962595701
955,177.316116333,167307,25.49950027466,2.915254354477,90,0.4165137708187,0.7779816389084,0,37.22385406494,1.51926612854,0,0.06238532066345,0.0001384669303661,0.9743119478226,0.06113312765956,25.49950027466,-0.01130197197199,720.6612548828,7,9,0,3,0.9073394536972,0.9587156176567,0.8238531947136,8.086500167847,0.8492050170898,1090,0,0.9733945131302,0.2317166179419
956,178.2153320312,168763,25.76749992371,2.911487817764,90,0.4155963361263,0.758715569973,0,34.17064285278,1.463302731514,0,0.06605504453182,0.0001364475028822,0.9743119478226,0.06138786301017,25.76749992371,-0.01130197197199,743.3120117188,5,14,0,7,0.9073394536972,0.9577981829643,0.8275229334831,8.163499832153,0.8469750285149,1090,0,0.9733945131302,0.2318941056728
957,179.5731048584,172667,25.8125,2.907808065414,90,0.4119265973568,0.770642220974,0,33.76605606079,1.793578028679,0,0.06513761729002,0.0001372468104819,0.9743119478226,0.06207323819399,25.8125,-0.01130197197199,682.3786621094,11,13,0,9,0.9055045843124,0.95229357481,0.8183486461639,9.678999900818,0.8518549799919,1090,0,0.9724770784378,0.2321323603392
958,178.8130340576,174164,25.5030002594,2.909774541855,90,0.4155963361263,0.7651376128197,0,39.0,1.661467909813,0,0.07064220309258,0.000134506757604,0.975229382515,0.06416366249323,25.5030002594,-0.01089322287589,652.2769165039,6,19,0,7,0.9036697149277,0.9596330523491,0.8110091686249,8.219499588013,0.8606349825859,1090,0,0.9724770784378,0.2323475182056
959,177.6167144775,177286,25.56399917603,2.919096946716,90,0.4036697149277,0.7642201781273,0,35.67064285278,1.564220190048,0,0.07064220309258,0.0001364611962344,0.9761468172073,0.06467515975237,25.56399917603,-0.0104848574847,648.0911865234,8,17,0,11,0.8972477316856,0.9550458788872,0.8091742992401,8.854499816895,0.8435350060463,1090,0,0.9724770784378,0.2325592637062
960,177.7649993896,164596,25.6905002594,2.920978307724,90,0.4055045843124,0.7440366744995,0,36.06605529785,1.928440332413,0,0.06697247922421,0.0001314135879511,0.975229382515,0.07109528779984,25.6905002594,-0.01089322287589,656.8153686523,9,18,0,9,0.9027522802353,0.9550458788872,0.8000000119209,9.384499549866,0.8464599847794,1090,0,0.9733945131302,0.232757344842
961,176.3250732422,168102,25.67700004578,2.915413618088,90,0.4165137708187,0.7550458908081,0,31.62752342224,1.896330237389,0,0.0798165127635,0.0001318259892287,0.975229382515,0.07284862548113,25.67700004578,-0.01089322287589,623.1143798828,10,12,0,5,0.9027522802353,0.9532110095024,0.8036697506905,9.682499885559,0.8537449836731,1090,0,0.9733945131302,0.2329725325108
962,175.4215240479,170103,25.54299926758,2.917293310165,91,0.4055045843124,0.7376146912575,0,37.18715667725,1.744036793709,0,0.06788990646601,0.000127085542772,0.9761468172073,0.07311452180147,25.54299926758,-0.0104848574847,633.1811523438,7,15,0,9,0.9082568883896,0.9596330523491,0.8000000119209,7.753499984741,0.8545349836349,1090,0,0.9724770784378,0.2331928610802
963,175.4535980225,172778,25.43400001526,2.917293310165,92,0.417048573494,0.7314390540123,0,37.1833190918,2.163153171539,0,0.06691109389067,0.0001270222855965,0.9752520918846,0.07341790944338,25.43400001526,-0.01088310964406,650.3920288086,5,12,0,8,0.9065077900887,0.9541704654694,0.7928506135941,9.699999809265,0.8590250015259,1091,0,0.9715856909752,0.2331898659468
964,174.2389831543,175550,25.52599906921,2.920187711716,93,0.4111721515656,0.7316849827766,0,33.63095092773,2.087912082672,0,0.0595238097012,0.0001231190399267,0.9743589758873,0.07449159771204,25.52599906921,-0.01128100976348,618.5102539062,8,21,0,9,0.9056776762009,0.9514651894569,0.7912088036537,8.407999992371,0.850839972496,1092,0,0.971611738205,0.2331903278828
965,173.9282836914,178813,25.54750061035,2.918309926987,93,0.4053064882755,0.7209514975548,0,38.2049407959,1.816102385521,0,0.05672461166978,0.0001219683254021,0.9743824601173,0.07501132786274,25.54750061035,-0.01127054262906,653.815246582,4,12,0,4,0.9057639241219,0.9606587290764,0.788655102253,7.584000110626,0.8526600003242,1093,0,0.9716376662254,0.2332035303116
966,174.4286651611,181344,25.6609992981,2.926829338074,93,0.4080512225628,0.7191216945648,0,38.90759277344,2.186642408371,0,0.06312900036573,0.0001201271661557,0.9743824601173,0.07483015954494,25.6609992981,-0.01127054262906,628.407409668,9,28,0,12,0.886550784111,0.9469350576401,0.7895699739456,9.935000419617,0.8437200188637,1093,0,0.9716376662254,0.2334266901016
967,174.9186859131,184887,25.38949966431,2.924015045166,93,0.3952424526215,0.7172918319702,0,35.66239929199,2.196706295013,0,0.06770356744528,0.000117081013741,0.97529733181,0.07555966824293,25.38949966431,-0.01086296420544,654.0213623047,13,15,0,7,0.9103385210037,0.9551692605019,0.7849954366684,13.23900032043,0.8589550256729,1093,0,0.9716376662254,0.2336378544569
968,174.67137146,191065,25.52700042725,2.925891160965,93,0.3961573541164,0.7227813601494,0,40.1738319397,2.020128011703,0,0.07593778520823,0.000115969342005,0.97529733181,0.07503205537796,25.52700042725,-0.01086296420544,603.8634033203,6,16,0,9,0.8947849869728,0.9524245262146,0.7859103679657,10.13799953461,0.8497599959373,1093,0,0.9725525975227,0.2338516563177
969,172.9467163086,192647,25.6515007019,2.928705453873,93,0.3924977183342,0.7273558974266,0,42.17017364502,2.225068569183,0,0.07136321812868,0.0001118916552514,0.97529733181,0.07572918385267,25.6515007019,-0.01086296420544,611.3580322266,6,17,0,8,0.8975297212601,0.9515095949173,0.7795059680939,12.23050022125,0.85367000103,1093,0,0.9725525975227,0.2340619266033
970,174.0993347168,195731,25.33499908447,2.925093650818,93,0.3851784169674,0.7273558974266,0,37.41719818115,2.410796165466,0,0.06861848384142,0.0001129844895331,0.97529733181,0.07666644454002,25.33499908447,-0.01086296420544,566.013671875,9,15,0,7,0.8984446525574,0.9469350576401,0.773101568222,8.682999610901,0.8621150255203,1093,0,0.9725525975227,0.2342270165682
971,172.9573516846,200006,25.28050041199,2.928838968277,93,0.3870082199574,0.7264409661293,0,41.62030792236,2.230557918549,0,0.06312900036573,0.00010844735516,0.9771271944046,0.07643270492554,25.28050041199,-0.01004889979959,595.5318603516,10,14,0,8,0.8892955183983,0.9505947232246,0.7657822370529,9.318499565125,0.8626499772072,1093,0,0.97346752882,0.2344707101583
972,171.5372009277,203163,25.42749977112,2.926099061966,93,0.3787740170956,0.7063128948212,0,44.39615631104,2.412625789642,0,0.05763952434063,0.0001102336900658,0.9771271944046,0.07679055631161,25.42749977112,-0.01004889979959,598.2325439453,4,18,0,7,0.886550784111,0.9606587290764,0.763952434063,9.062000274658,0.8630549907684,1093,0,0.97346752882,0.2346323430538
973,171.5159912109,205833,25.08049964905,2.922357320786,93,0.3677950501442,0.712717294693,0,40.33760452271,2.614821434021,0,0.06312900036573,0.0001061600196408,0.9780420660973,0.07509485632181,25.08049964905,-0.00964246597141,635.8057861328,13,9,0,3,0.8838060498238,0.9533394575119,0.7612076997757,14.44499969482,0.8753499984741,1093,0,0.9743824601173,0.2349179536104
974,170.383972168,209141,25.37350082397,2.928905487061,93,0.3659652471542,0.7090576291084,0,43.22506713867,2.31838965416,0,0.06587374210358,0.0001065967444447,0.9780420660973,0.07477730512619,25.37350082397,-0.00964246597141,608.0556640625,5,16,1,11,0.8966148495674,0.9460201263428,0.7593778371811,12.11800003052,0.8549450039864,1093,0,0.9743824601173,0.2351059913635
975,169.1706542969,211895,25.50650024414,2.929841041565,93,0.3540713489056,0.712717294693,0,45.89935684204,2.51601099968,0,0.06770356744528,0.0001048422564054,0.9780420660973,0.07449444383383,25.50650024414,-0.00964246597141,653.4920043945,5,16,0,10,0.888380587101,0.9524245262146,0.7630375027657,9.831500053406,0.8566300272942,1093,0,0.9743824601173,0.2353385835886
976,167.8211669922,216814,25.55750083923,2.921495437622,93,0.3604757487774,0.7053979635239,0,42.63586425781,2.497712612152,0,0.05855443701148,0.0001026275422191,0.9780420660973,0.0717389062047,25.55750083923,-0.00964246597141,649.8380737305,9,19,0,9,0.8828911185265,0.9515095949173,0.7566331028938,7.846500396729,0.8532050251961,1093,0,0.97529733181,0.2355832010508
977,167.02784729,216627,25.7560005188,2.921495437622,93,0.3549862802029,0.7264409661293,0,46.21408843994,2.437328577042,0,0.07044830918312,0.0001028454935295,0.9789569973946,0.07217475026846,25.7560005188,-0.009236385114491,642.8567504883,9,27,0,12,0.8728270530701,0.9615736603737,0.7566331028938,6.919000148773,0.8416150212288,1093,0,0.9771271944046,0.2357926815748
978,166.4613037109,220220,25.39749908447,2.928972005844,93,0.3449222445488,0.7090576291084,0,45.90850830078,2.504117012024,0,0.06404391676188,0.0001005543308565,0.9789569973946,0.07144219428301,25.39749908447,-0.009236385114491,643.2642211914,12,17,0,11,0.8938700556755,0.9560841917992,0.7593778371811,8.869500160217,0.8583999872208,1093,0,0.9771271944046,0.2360012531281
979,166.759979248,224006,25.25149917603,2.924510717392,93,0.3403476774693,0.7209514975548,0,45.34949874878,2.485818862915,0,0.07044830918312,0.0001049056591,0.9789569973946,0.07020347565413,25.25149917603,-0.009236385114491,646.3712768555,12,17,0,8,0.8966148495674,0.9505947232246,0.750228703022,10.67450046539,0.8689950108528,1093,0,0.9780420660973,0.2362313270569
980,166.7998809814,227830,25.56949996948,2.925442695618,93,0.3403476774693,0.6989936232567,0,47.84080505371,2.458371400833,0,0.06404391676188,0.0001029178311001,0.9817017316818,0.0697493776679,25.56949996948,-0.008020442910492,657.7386474609,9,16,0,10,0.8847209811211,0.9542543292046,0.750228703022,7.150000095367,0.847914993763,1093,0,0.9780420660973,0.236400693655
981,165.551940918,230334,25.53750038147,2.923578739166,93,0.3330283761024,0.7182067632675,0,48.09880828857,2.626715660095,0,0.07136321812868,0.0001063714589691,0.9817017316818,0.06913438439369,25.53750038147,-0.008020442910492,657.8748168945,8,19,0,6,0.8856358528137,0.9515095949173,0.7511436343193,7.728000164032,0.8534150123596,1093,0,0.9780420660973,0.2366528660059
982,165.6854095459,235033,25.66850090027,2.915270090103,93,0.3311985433102,0.7017383575439,0,47.03293991089,2.458371400833,0,0.06495882570744,0.0001042276708176,0.9817017316818,0.06825424730778,25.66850090027,-0.008020442910492,671.5159301758,13,19,0,5,0.8856358528137,0.9597437977791,0.7419945001602,6.1234998703,0.8419899940491,1093,0,0.9780420660973,0.2368384301662
983,164.5705718994,237738,25.97400093079,2.920856714249,93,0.3330283761024,0.6944190263748,0,50.56450271606,2.594693422318,0,0.07593778520823,0.0001045983372023,0.9826166629791,0.06804549694061,25.97400093079,-0.007615875918418,732.0323486328,11,24,0,10,0.8774016499519,0.9588289260864,0.7438243627548,5.434500217438,0.8299300074577,1093,0,0.9789569973946,0.2370924055576
984,162.8313598633,240490,25.96899986267,2.923649787903,93,0.3247941434383,0.6870997548103,0,50.0311050415,2.725525856018,0,0.08417200297117,0.0001032462532748,0.9826166629791,0.06836459040642,25.96899986267,-0.007615875918418,711.8449707031,10,25,0,13,0.8838060498238,0.9515095949173,0.7447392344475,5.208000183105,0.8425650000572,1093,0,0.9789569973946,0.2373411506414
985,162.8211212158,245450,25.57950019836,2.926443099976,93,0.3211344778538,0.688014626503,0,48.68801498413,2.523330450058,0,0.08691674470901,0.0001027771577355,0.9826166629791,0.06678753346205,25.57950019836,-0.007615875918418,741.5780029297,15,18,0,7,0.8947849869728,0.9579139947891,0.739249765873,5.75400018692,0.8617399930954,1093,0,0.9771271944046,0.2375507056713
986,161.4274291992,252322,25.57600021362,2.924581050873,93,0.3247941434383,0.6816102266312,0,53.17017364502,2.677035570145,0,0.07868252694607,0.0001035852037603,0.9826166629791,0.06446524709463,25.57600021362,-0.007615875918418,733.7766113281,8,17,0,11,0.8774016499519,0.9579139947891,0.7337602972984,6.557499885559,0.8576599955559,1093,0,0.9798719286919,0.2377644330263
987,159.3425750732,255931,25.74900054932,2.923649787903,94,0.3366880118847,0.7063128948212,0,54.17200469971,2.712717294693,0,0.07593778520823,0.0001012741413433,0.9826166629791,0.06331393867731,25.74900054932,-0.007615875918418,693.378112793,4,19,0,8,0.8673375844955,0.9542543292046,0.7310155630112,4.946499824524,0.8430799841881,1093,0,0.9798719286919,0.2379765212536
988,157.6885528564,262144,25.77199935913,2.926511526108,94,0.3244972527027,0.6800731420517,0,51.5612449646,2.510968923569,0,0.06581352651119,0.0001019023184199,0.981718480587,0.06105422973633,25.77199935913,-0.008013034239411,738.5661010742,8,18,0,12,0.8775137066841,0.9634369015694,0.7248628735542,7.537499904633,0.8431249856949,1094,0,0.9789762496948,0.23797942698
989,157.0408935547,265277,25.73749923706,2.927374362946,94,0.3272394835949,0.6928701996803,0,56.36288833618,2.606032848358,0,0.07861060649157,0.000102827027149,0.9826325178146,0.06071012467146,25.73749923706,-0.007608868181705,754.7111816406,7,15,0,9,0.8866544961929,0.9552102088928,0.7202925086021,7.827999591827,0.8494449853897,1094,0,0.9798902869225,0.2381793409586
990,154.4813232422,268996,25.80500030518,2.927374362946,94,0.3281535506248,0.6910420656204,0,56.11334609985,2.680073261261,0,0.06581352651119,0.0001029618288158,0.981718480587,0.05980014428496,25.80500030518,-0.008013034239411,726.1351318359,9,15,0,4,0.8839122653008,0.9616087675095,0.7202925086021,5.610499858856,0.8517749905586,1094,0,0.9789762496948,0.238386169076
991,154.7731933594,272870,25.76399993896,2.923720836639,94,0.3345521092415,0.6855576038361,0,54.65539550781,2.53107881546,0,0.07221206277609,0.0001036141620716,0.981718480587,0.06012753397226,25.76399993896,-0.008013034239411,805.6865234375,12,17,0,9,0.8829981684685,0.9616087675095,0.7184643745422,5.747000217438,0.8482750058174,1094,0,0.9789762496948,0.2386740744114
992,156.3157958984,281117,25.87849998474,2.920074462891,94,0.3327239453793,0.7065813541412,0,58.30347442627,2.597806215286,0,0.06398537755013,0.0001019619958242,0.9826325178146,0.05944500118494,25.87849998474,-0.007608868181705,713.7231445312,5,21,0,7,0.872943341732,0.9597806334496,0.7093235850334,6.297500133514,0.8470299839973,1094,0,0.9780621528625,0.2388877272606
993,155.4518737793,286716,25.76300048828,2.916356801987,94,0.3327239453793,0.669104218483,0,60.81809997559,2.65996336937,0,0.06398537755013,0.0001017454196699,0.9835466146469,0.05939675495028,25.76300048828,-0.007205051835626,889.7056884766,10,23,0,15,0.8738573789597,0.9616087675095,0.7102376818657,5.05999994278,0.8486350178719,1094,0,0.9780621528625,0.2391422092915
994,155.140625,289605,25.78700065613,2.922862529755,94,0.3510054945946,0.6910420656204,0,58.34826660156,2.623400449753,0,0.06672760844231,0.0001024620432872,0.9835466146469,0.0594154112041,25.78700065613,-0.007205051835626,777.2230834961,8,25,0,16,0.8839122653008,0.9588665366173,0.7148080468178,4.6265001297,0.8436949849129,1094,0,0.9789762496948,0.2393941879272
995,154.8947296143,291744,26.01849937439,2.925650596619,94,0.3354661762714,0.6864716410637,0,60.21390151978,2.772394895554,0,0.07769652456045,0.0001033791049849,0.9835466146469,0.05984356254339,26.01849937439,-0.007205051835626,833.8283081055,14,18,0,11,0.8665447831154,0.9588665366173,0.7093235850334,5.328499794006,0.8318650126457,1094,0,0.9798902869225,0.2396025508642
996,154.352935791,319489,25.9015007019,2.924721240997,95,0.3482632637024,0.6974405646324,0,61.67915725708,2.809871912003,0,0.07861060649157,0.0001074316751328,0.9835466146469,0.05452457070351,25.9015007019,-0.007205051835626,781.0523071289,9,12,0,7,0.879341840744,0.9661791324615,0.7111517190933,3.825500011444,0.8444349765778,1094,0,0.9808043837547,0.2398212105036
997,154.15625,324181,25.86849975586,2.929368019104,95,0.3442922234535,0.6922374367714,0,74.70594024658,2.73607301712,0,0.07671232521534,0.0001057829213096,0.9826483726501,0.05916447937489,25.86849975586,-0.007601861376315,844.5483398438,14,25,0,12,0.873972594738,0.9534246325493,0.7022830843925,3.999499797821,0.8454549908638,1095,0,0.9799087047577,0.2398437559605
998,152.9884338379,326393,26.02000045776,2.929499149323,95,0.3406392633915,0.7022830843925,0,64.69589233398,3.707762479782,0,0.07579908519983,0.0001079546345863,0.9826483726501,0.0595325268805,26.02000045776,-0.007601861376315,823.8137207031,10,27,0,12,0.8821917772293,0.9552511572838,0.7123287916183,3.799999952316,0.8358799815178,1095,0,0.9808219075203,0.2400648146868
999,153.514175415,329220,26.03100013733,2.93049120903,96,0.350684940815,0.6876712441444,0,64.17625427246,3.832876682281,0,0.07671232521534,0.000103356091131,0.9844748973846,0.05913370847702,26.03100013733,-0.006795353256166,933.1231689453,10,28,0,19,0.8675799369812,0.9625570774078,0.6995433568954,3.734999895096,0.8388900160789,1095,0,0.9826483726501,0.240316644311
1000,152.9962158203,328255,26.06100082397,2.930555582047,96,0.3403284549713,0.7043795585632,0,74.79470825195,3.599452495575,0,0.08485401421785,0.0001031657593558,0.9844890236855,0.0600508749485,26.06100082397,-0.006789121776819,871.7033691406,10,16,0,6,0.8667883276939,0.9616788029671,0.706204354763,3.414999961853,0.8389049768448,1096,0,0.9817517995834,0.2403362095356
1001,154.7042541504,328480,25.85250091553,2.931481599808,96,0.3448905050755,0.703467130661,0,64.95893859863,3.86313867569,0,0.09215328097343,0.000101051715319,0.9854014515877,0.06063382700086,25.85250091553,-0.006386802531779,927.9198608398,11,23,0,12,0.8604014515877,0.9625912308693,0.7071167826653,3.766999959946,0.8444399833679,1096,0,0.9808394312859,0.2405918091536
1002,155.6348571777,328961,26.16449928284,2.929694652557,96,0.3439781069756,0.7153284549713,0,64.71715545654,3.943430662155,0,0.08941605687141,0.0001015385714709,0.9854014515877,0.06066980585456,26.16449928284,-0.006386802531779,886.450012207,10,23,0,12,0.8576642274857,0.9589415788651,0.7071167826653,4.747000217438,0.8311250209808,1096,0,0.9808394312859,0.2408050745726
1003,154.748626709,329123,26.12549972534,2.926919460297,96,0.3430656790733,0.6943430900574,0,73.1131362915,3.668795585632,0,0.09032846987247,0.0001024126104312,0.9863138794899,0.06125065684319,26.12549972534,-0.005984855815768,998.4377441406,16,14,0,9,0.8822992444038,0.9589415788651,0.7107664346695,5.293000221252,0.837475001812,1096,0,0.9808394312859,0.241044729948
1004,155.0640563965,331192,26.08250045776,2.931544780731,96,0.3485401570797,0.6870437860489,0,66.28740692139,3.978102207184,0,0.08485401421785,0.000105161270767,0.9863138794899,0.06143264472485,26.08250045776,-0.005984855815768,1014.530395508,9,27,0,12,0.877737224102,0.9543795585632,0.7025547623634,7.1234998703,0.8392400145531,1096,0,0.9808394312859,0.2412655353546
1005,155.8368835449,330361,26.15049934387,2.929694652557,96,0.3494525551796,0.706204354763,0,66.27554321289,3.969890594482,0,0.07846715301275,0.0001083603492589,0.9863138794899,0.06233786791563,26.15049934387,-0.005984855815768,949.6811523438,13,15,0,8,0.8704379796982,0.9607664346695,0.706204354763,3.158499956131,0.8344900012016,1096,0,0.9826642274857,0.2415367811918
1006,155.8797149658,331818,26.23649978638,2.931544780731,96,0.3649635016918,0.7043795585632,0,71.82390594482,3.798357725143,0,0.08120437711477,0.0001107122297981,0.9863138794899,0.06349264085293,26.23649978638,-0.005984855815768,929.3775634766,14,20,0,9,0.8713503479958,0.9653284549713,0.7043795585632,3.412499904633,0.8303800225258,1096,0,0.9844890236855,0.2417789697647
1007,155.2082519531,333282,26.16699981689,2.925138711929,96,0.3631386756897,0.6925182342529,0,67.59945678711,4.193430423737,0,0.08576641976833,0.0001141109023592,0.9863138794899,0.06446792930365,26.16699981689,-0.005984855815768,975.5648193359,8,23,0,12,0.872262775898,0.9680656790733,0.6998175382614,2.941999912262,0.8297049999237,1096,0,0.9854014515877,0.2420407831669
1008,154.7473754883,334026,26.12350082397,2.92428445816,96,0.3622262775898,0.6888686418533,0,67.59489440918,4.156934261322,0,0.07299269735813,0.0001140046369983,0.9872262477875,0.06703071296215,26.12350082397,-0.005583306774497,962.992980957,11,24,0,13,0.9005474448204,0.9625912308693,0.6952554583549,4.737500190735,0.8328449726105,1096,0,0.9835766553879,0.2422956824303
1009,153.7979125977,334089,26.19449996948,2.925207853317,96,0.369525551796,0.706204354763,0,71.48266601562,4.326642036438,0,0.08759123831987,0.0001133695332101,0.9881386756897,0.0689008012414,26.19449996948,-0.005182102322578,941.5922241211,11,18,0,5,0.8649635314941,0.9689781069756,0.7025547623634,4.1875,0.8344849944115,1096,0,0.9844890236855,0.2425455003977
1010,153.7408752441,334571,26.00399971008,2.923361063004,96,0.3740876019001,0.6879562139511,0,67.90054321289,4.530109405518,0,0.08211679011583,0.0001119015796576,0.9881386756897,0.06940829008818,26.00399971008,-0.005182102322578,979.092590332,12,14,0,6,0.8731752038002,0.9662408828735,0.6989051103592,3.221499919891,0.8496000170708,1096,0,0.9844890236855,0.2427578419447
1011,153.5595855713,333382,26.03199958801,2.92428445816,96,0.3649635016918,0.7025547623634,0,67.68065643311,4.377737045288,0,0.08941605687141,0.0001143865447375,0.9881386756897,0.07197149097919,26.03199958801,-0.005182102322578,1021.695007324,12,26,0,10,0.8759124279022,0.9662408828735,0.7116788029671,2.764499902725,0.8395699858665,1096,0,0.9844890236855,0.2430170923471
1012,153.5809783936,337500,26.00349998474,2.927054405212,96,0.3768248260021,0.6970803141594,0,70.30656433105,4.750912666321,0,0.07937955856323,0.0001144738998846,0.9881386756897,0.071682959795,26.00349998474,-0.005182102322578,1031.143432617,9,17,0,11,0.8822992444038,0.9662408828735,0.7107664346695,3.074500083923,0.8385400176048,1096,0,0.9844890236855,0.2432336211205
1013,154.5079650879,336185,26.29249954224,2.931671380997,96,0.372262775898,0.6970803141594,0,70.48996734619,4.625,0,0.08850365132093,0.0001162396220025,0.9881386756897,0.0733138024807,26.29249954224,-0.005182102322578,1143.969116211,12,20,0,8,0.8877737522125,0.9616788029671,0.7098540067673,4.442500114441,0.8194649815559,1096,0,0.9844890236855,0.243474945426
1014,155.6379852295,333760,26.42200088501,2.93074798584,96,0.3813868761063,0.6897810101509,0,67.84214782715,4.625912666321,0,0.08759123831987,0.0001140276217484,0.9881386756897,0.07607562094927,26.42200088501,-0.005182102322578,1166.091430664,11,14,1,5,0.872262775898,0.9644160866737,0.7089415788651,3.397500038147,0.8164600133896,1096,0,0.9854014515877,0.2437581270933
1015,156.1261138916,332202,26.1965007782,2.926267385483,96,0.3868613243103,0.703467130661,0,68.80383300781,5.121350288391,0,0.08576641976833,0.0001162971602753,0.9881386756897,0.07789236307144,26.1965007782,-0.005182102322578,1209.383544922,15,21,0,9,0.8941605687141,0.9589415788651,0.7107664346695,2.085000038147,0.8219400048256,1096,0,0.9863138794899,0.2440266013145
1016,156.208404541,329288,26.44000053406,2.927188873291,96,0.3859488964081,0.7089415788651,0,69.25365447998,4.87956237793,0,0.09580291807652,0.0001156539656222,0.9899635314941,0.08040074259043,26.44000053406,-0.004380804020911,1181.117553711,11,28,0,9,0.875,0.9571167826653,0.7116788029671,1.384999990463,0.8049499988556,1096,0,0.9863138794899,0.2443029284477
1017,156.3402709961,326738,26.43000030518,2.921731233597,97,0.377737224102,0.7217153310776,0,66.07025146484,5.000912189484,0,0.09671533107758,0.0001167134250863,0.9899635314941,0.08381026983261,26.43000030518,-0.004380804020911,1244.170166016,13,22,0,8,0.8677007555962,0.956204354763,0.7198905348778,1.044999957085,0.8040249943733,1096,0,0.9863138794899,0.2445767223835
1018,157.2886199951,323631,26.51250076294,2.928176879883,97,0.3919781148434,0.7174111008644,0,67.27256774902,5.50865983963,0,0.1039197817445,0.0001143978734035,0.9899726510048,0.0860702469945,26.51250076294,-0.004376803059131,1236.690307617,11,32,0,14,0.8805834054947,0.9662716388702,0.7192342877388,1.533499956131,0.8020899891853,1097,0,0.9854147434235,0.2446290105581
1019,157.3164978027,321174,26.62899971008,2.931859970093,97,0.3828623592854,0.7310847640038,0,67.34548187256,5.343664646149,0,0.1112123951316,0.0001142397886724,0.9899726510048,0.08764719218016,26.62899971008,-0.004376803059131,1243.75793457,12,26,0,14,0.8605287075043,0.965360045433,0.7228806018829,1.379500031471,0.7908599972725,1097,0,0.9863263368607,0.244893103838
1020,157.9212799072,318712,26.67600059509,2.931859970093,97,0.4029170572758,0.7365542650223,0,65.1467666626,5.258887767792,0,0.101185053587,0.0001146326103481,0.9899726510048,0.08935653418303,26.67600059509,-0.004376803059131,1161.70703125,16,18,0,7,0.8742023706436,0.9680948257446,0.7283500432968,1.606500029564,0.7899050116539,1097,0,0.9872379302979,0.2451359033585
1021,157.8547515869,316845,26.65699958801,2.93093919754,97,0.3910665512085,0.7329079508781,0,65.66271209717,5.624430179596,0,0.09024612605572,0.0001150346288341,0.9899726510048,0.0901955217123,26.65699958801,-0.004376803059131,1245.429077148,14,19,0,6,0.8933454751968,0.9644485116005,0.7310847640038,1.125,0.7913299798965,1097,0,0.9872379302979,0.245374545455
1022,157.1212158203,316721,26.55699920654,2.931859970093,97,0.4001823067665,0.7310847640038,0,66.10939025879,5.449407577515,0,0.09389243274927,0.0001190050097648,0.9899726510048,0.09050868451595,26.55699920654,-0.004376803059131,1180.094116211,8,18,0,10,0.8742023706436,0.9571558833122,0.7365542650223,1.49899995327,0.7868199944496,1097,0,0.9890610575676,0.2456087768078
1023,157.4703826904,313383,26.59900093079,2.932842731476,97,0.3983591496944,0.7146763801575,0,64.9197845459,5.338194847107,0,0.07930719852448,0.0001188397509395,0.9899726510048,0.09214603155851,26.59900093079,-0.004376803059131,1384.80090332,9,28,0,15,0.8814949989319,0.9671832323074,0.7402005195618,1.928500056267,0.7724850177765,1097,0,0.9890610575676,0.2459052205086
1024,157.5217437744,310513,26.76549911499,2.932965993881,97,0.3983591496944,0.7265269160271,0,63.46490478516,5.648131370544,0,0.09206928312778,0.0001184348511742,0.990884244442,0.09389623254538,26.76549911499,-0.0039770770818,1219.069946289,11,31,0,22,0.8906107544899,0.9571558833122,0.738377392292,0.8309999704361,0.7577250003815,1097,0,0.9899726510048,0.2461300194263
1025,156.8846740723,306358,26.55599975586,2.934802532196,97,0.4165906906128,0.7274384498596,0,63.94256973267,5.629899501801,0,0.09480401128531,0.0001198611644213,0.9927073717117,0.0954602137208,26.55599975586,-0.003178753191605,1263.359863281,15,26,0,15,0.8769370913506,0.965360045433,0.7447584271431,0.6514999866486,0.7773399949074,1097,0,0.9899726510048,0.2464708387852
1026,156.5457458496,304686,26.62549972534,2.935720920563,97,0.4165906906128,0.7310847640038,0,62.49134063721,5.478578090668,0,0.08659981936216,0.000120093820442,0.9927073717117,0.09656498581171,26.62549972534,-0.003178753191605,1193.494140625,9,19,0,11,0.8760254979134,0.965360045433,0.7438468337059,0.6775000095367,0.7615950107574,1097,0,0.9899726510048,0.2467315047979
1027,156.4909667969,324104,26.46150016785,2.935720920563,97,0.4202370047569,0.7265269160271,0,62.49863433838,5.82862329483,0,0.09753873944283,0.0001237258402398,0.9927073717117,0.09144286811352,26.46150016785,-0.003178753191605,1294.24621582,10,17,0,8,0.8760254979134,0.958979010582,0.7447584271431,0.6489999890327,0.755029976368,1097,0,0.9899726510048,0.2469922304153
1028,157.3268585205,319878,26.46050071716,2.938475608826,97,0.4211485981941,0.720145881176,0,74.6809463501,5.680036067963,0,0.08659981936216,0.000125985883642,0.9927073717117,0.0922789350152,26.46050071716,-0.003178753191605,1260.231811523,14,33,0,13,0.885141313076,0.9626253247261,0.7456700205803,0.936999976635,0.7551699876785,1097,0,0.9899726510048,0.2472639679909
1029,156.9575195312,316912,26.49900054932,2.938475608826,97,0.4275296330452,0.7247037291527,0,61.5733833313,5.497720718384,0,0.1057429388165,0.0001296100381296,0.9927073717117,0.09292800724506,26.49900054932,-0.003178753191605,1248.141845703,16,18,0,6,0.8814949989319,0.958979010582,0.7511394619942,1.455500006676,0.7317500114441,1097,0,0.9890610575676,0.2474965006113
1030,157.7179412842,314711,26.52750015259,2.934862375259,97,0.4329990744591,0.7265269160271,0,61.26071166992,5.707384109497,0,0.08842296898365,0.000130031228764,0.9927073717117,0.09379081428051,26.52750015259,-0.003178753191605,1225.642333984,5,24,0,14,0.8869644403458,0.9635369181633,0.7529626488686,0.6330000162125,0.7103750109673,1097,0,0.9899726510048,0.2477657347918
1031,157.2343444824,309798,26.64450073242,2.932110071182,97,0.4238833189011,0.7247037291527,0,70.95715332031,5.59526014328,0,0.09206928312778,0.0001366113719996,0.9936189651489,0.09567201882601,26.64450073242,-0.002780127804726,1250.954223633,11,18,0,11,0.8933454751968,0.9635369181633,0.7556973695755,0.4435000121593,0.7114449739456,1097,0,0.9917957782745,0.2480578422546
1032,156.6955108643,304965,26.51899909973,2.936755180359,97,0.4348222315311,0.7329079508781,0,59.91431045532,5.515041351318,0,0.08021877706051,0.000133868525154,0.9936189651489,0.09773580729961,26.51899909973,-0.002780127804726,1210.619384766,9,31,0,16,0.896991789341,0.9580674767494,0.7602552175522,0.3185000121593,0.7371900081635,1097,0,0.9917957782745,0.2483560293913
1033,158.3091430664,299235,26.63500022888,2.933089017868,97,0.4375569820404,0.7438468337059,0,58.7456703186,5.729261875153,0,0.08842296898365,0.0001366861979477,0.9945305585861,0.1006265953183,26.63500022888,-0.002381867961958,1191.739746094,11,23,0,15,0.894257068634,0.9726526737213,0.7602552175522,0.7120000123978,0.7285000085831,1097,0,0.9899726510048,0.248623535037
1034,158.2695922852,292281,26.57099914551,2.934862375259,97,0.4348222315311,0.7420237064362,0,66.03008270264,5.800364494324,0,0.1048313602805,0.0001352099789074,0.9945305585861,0.1032123193145,26.57099914551,-0.002381867961958,1261.800048828,12,25,0,12,0.8924338817596,0.9626253247261,0.7702825665474,0.5780000090599,0.715399980545,1097,0,0.990884244442,0.248880982399
1035,158.6062011719,286656,26.64150047302,2.931255817413,98,0.4421148598194,0.7556973695755,0,56.71923446655,5.665451049805,0,0.08659981936216,0.0001323376200162,0.9936189651489,0.1057748645544,26.64150047302,-0.002780127804726,1201.932250977,17,23,1,15,0.8906107544899,0.9598906040192,0.7702825665474,0.1700000017881,0.6998199820518,1097,0,0.990884244442,0.2491971105337
1036,158.8291931152,280812,26.58749961853,2.933150291443,99,0.4389799535275,0.7413479089737,0,55.5637512207,5.778688430786,0,0.1065573766828,0.0001349294470856,0.9936247467995,0.1085067614913,26.58749961853,-0.00277760066092,1355.642578125,11,22,0,8,0.8843351602554,0.969945371151,0.7732240557671,0.2440000027418,0.683974981308,1098,0,0.9899817705154,0.2492399513721
1037,160.1159820557,275147,26.48349952698,2.935041189194,99,0.4404003620148,0.7452229261398,0,61.22657012939,5.95814371109,0,0.09827115386724,0.0001312289241469,0.9936305880547,0.1107189953327,26.48349952698,-0.002775047672912,1350.475952148,23,26,0,13,0.8817106485367,0.9727024435997,0.7816196680069,0.2049999982119,0.6805800199509,1099,0,0.989080965519,0.2493005096912
1038,161.0633850098,268846,26.44249916077,2.94241309166,99,0.4449499547482,0.750682413578,0,53.7752532959,5.657870769501,0,0.1155596002936,0.0001346207718598,0.9945405125618,0.114150851965,26.44249916077,-0.002377521246672,1354.631958008,16,26,0,14,0.8935396075249,0.9736123681068,0.7898089289665,0.2449999898672,0.6775299906731,1099,0,0.9881710410118,0.2495608627796
1039,161.7658233643,263060,26.35050010681,2.94241309166,99,0.4485896229744,0.7579618096352,0,52.03093719482,5.91628742218,0,0.1028207466006,0.0001310365623794,0.9954504370689,0.1189576536417,26.35050010681,-0.001980358501896,1319.710693359,14,18,0,8,0.8780709505081,0.9672429561615,0.7916287779808,0.2284999936819,0.6533600091934,1099,0,0.9881710410118,0.2498646229506
1040,161.6137084961,256589,26.33250045776,2.94241309166,99,0.4431301057339,0.7479526996613,0,56.63057327271,6.17470407486,0,0.1091901734471,0.0001363295305055,0.9954504370689,0.1224526390433,26.33250045776,-0.001980358501896,1411.866577148,12,26,0,10,0.9071883559227,0.9699727296829,0.7952684164047,0.1344999969006,0.6290850043297,1099,0,0.9881710410118,0.2501257956028
1041,162.2543487549,249722,26.34449958801,2.94241309166,99,0.4485896229744,0.7543221116066,0,50.39490509033,5.725204944611,0,0.1046405807137,0.0001379540044582,0.9954504370689,0.1258279234171,26.34449958801,-0.001980358501896,1395.115722656,12,16,0,7,0.8944494724274,0.9699727296829,0.7943584918976,0.04250000044703,0.6174049973488,1099,0,0.989080965519,0.2504166066647
1042,162.8034362793,249246,26.35950088501,2.945155382156,99,0.4504094719887,0.7652411460876,0,48.16014862061,5.868061542511,0,0.1010009124875,0.0001360604364891,0.9954504370689,0.1298556476831,26.35950088501,-0.001980358501896,1319.14440918,12,25,0,12,0.8917197585106,0.9763421416283,0.7961783409119,0.03350000083447,0.6168450117111,1099,0,0.9899908900261,0.2506760656834
1043,162.4245758057,241179,26.47699928284,2.938756942749,99,0.456778883934,0.7606915235519,0,55.14194869995,6.602365970612,0,0.1101000905037,0.0001397653977619,0.9954504370689,0.1339876204729,26.47699928284,-0.001980358501896,1390.448974609,20,10,0,7,0.8926296830177,0.9681528806686,0.8080072999001,0.07500000298023,0.6236000061035,1099,0,0.9909008145332,0.2509404122829
1044,162.5545349121,235062,26.28949928284,2.936928749084,99,0.4504094719887,0.7606915235519,0,46.43949127197,5.920837402344,0,0.09645131975412,0.0001331758539891,0.9954504370689,0.1371255218983,26.28949928284,-0.001980358501896,1372.52734375,5,21,0,8,0.8862602114677,0.9699727296829,0.8107370138168,0.06049999967217,0.6068549752235,1099,0,0.9918107390404,0.2512226104736
1045,162.432510376,229221,26.39150047302,2.940584897995,99,0.4585987329483,0.7606915235519,0,44.60782623291,5.845314025879,0,0.1046405807137,0.0001379216118949,0.9954504370689,0.1408684253693,26.39150047302,-0.001980358501896,1457.611572266,8,25,0,12,0.8908098340034,0.9699727296829,0.8143767118454,0.06400000303984,0.5997750163078,1099,0,0.9936305880547,0.2515449821949
1046,162.4090270996,222749,26.29899978638,2.947897672653,99,0.4686078131199,0.7561419606209,0,50.60054397583,6.599636077881,0,0.09827115386724,0.0001322046737187,0.9954504370689,0.1435337513685,26.29899978638,-0.001980358501896,1398.071899414,15,26,0,13,0.8917197585106,0.9763421416283,0.8134667873383,0.04949999973178,0.5720850229263,1099,0,0.9936305880547,0.2518084645271
1047,163.1399688721,206783,26.10549926758,2.95063996315,99,0.4676979184151,0.7661510705948,0,42.97179412842,5.752501964569,0,0.1019108295441,0.0001354349951725,0.9954504370689,0.1546452045441,26.10549926758,-0.001980358501896,1433.474609375,15,28,0,14,0.8853503465652,0.974522292614,0.8098270893097,0.03050000034273,0.5726299881935,1099,0,0.9927206635475,0.2521112263203
1048,162.6099853516,199913,26.26549911499,2.948811769485,99,0.4713375866413,0.7834395170212,0,35.82438659668,5.882620334625,0,0.107370339334,0.0001362644106848,0.9954504370689,0.160965025425,26.26549911499,-0.001980358501896,1219.918457031,15,21,0,10,0.8989990949631,0.9699727296829,0.8080072999001,0.07299999892712,0.5984399914742,1099,0,0.9927206635475,0.2523730993271
1049,163.22706604,191703,26.39299964905,2.949725866318,99,0.4649681448936,0.7834395170212,0,44.85805511475,6.451319217682,0,0.1037306636572,0.0001362742623314,0.9954504370689,0.1667318791151,26.39299964905,-0.001980358501896,1340.643920898,8,25,0,10,0.8944494724274,0.9799817800522,0.8171064853668,0.06750000268221,0.5914049744606,1099,0,0.9936305880547,0.2526869177818
1050,163.6307678223,185151,26.14999961853,2.946069478989,99,0.4731574058533,0.7688807845116,0,38.2666053772,5.803457736969,0,0.1000909954309,0.0001420011540176,0.9954504370689,0.1705634891987,26.14999961853,-0.001980358501896,1346.085571289,9,21,0,12,0.9126478433609,0.9763421416283,0.8143767118454,0.03649999946356,0.5687149763107,1099,0,0.9936305880547,0.2528892457485
1051,164.0962677002,179269,26.12249946594,2.945155382156,99,0.4758871793747,0.7898089289665,0,32.76797103882,5.666059970856,0,0.1101000905037,0.0001368847151753,0.9954504370689,0.1749438047409,26.12249946594,-0.001980358501896,1372.247924805,14,13,0,7,0.9062784314156,0.9772520661354,0.8198361992836,0.04300000146031,0.5674300193787,1099,0,0.9936305880547,0.2532191574574
1052,163.9906768799,172177,26.13649940491,2.945155382156,99,0.469517737627,0.7752502560616,0,39.95359420776,6.206551551819,0,0.1119199246168,0.0001405982329743,0.9954504370689,0.1790366917849,26.13649940491,-0.001980358501896,1401.389770508,14,17,0,8,0.9044585824013,0.9799817800522,0.8243858218193,0.04250000044703,0.5699350237846,1099,0,0.9936305880547,0.2534929215908
1053,164.7628631592,165458,26.04050064087,2.943327188492,99,0.4731574058533,0.782529592514,0,34.42948150635,5.662420749664,0,0.125568702817,0.0001335889101028,0.9954504370689,0.1827412396669,26.04050064087,-0.001980358501896,1535.450073242,12,19,0,11,0.9062784314156,0.9754322171211,0.8307552337646,0.0489999987185,0.5770050287247,1099,0,0.9945405125618,0.2538170218468
1054,164.9495239258,158820,25.96050071716,2.939726114273,99,0.4840764403343,0.7907188534737,0,29.23202896118,5.39399433136,0,0.107370339334,0.0001352007820969,0.9954504370689,0.1894849538803,25.96050071716,-0.001980358501896,1423.270385742,18,17,1,4,0.9062784314156,0.9727024435997,0.8325750827789,0.01449999958277,0.557365000248,1099,0,0.9945405125618,0.2541188597679
1055,166.0271148682,152010,25.95450019836,2.938812732697,99,0.4722475111485,0.7834395170212,0,34.86169052124,5.927206516266,0,0.1228389441967,0.0001374834682792,0.9963603019714,0.1938622444868,25.95450019836,-0.00158358446788,1640.337890625,13,16,0,11,0.9181073904037,0.9763421416283,0.8334850072861,0.009999999776483,0.5420799851418,1099,0,0.9945405125618,0.2544387876987
1056,165.7878723145,145859,25.97800064087,2.938812732697,99,0.4868061840534,0.7807097434998,0,30.26842498779,5.356688022614,0,0.1119199246168,0.0001359372690786,0.9963603019714,0.1988015770912,25.97800064087,-0.00158358446788,1522.045288086,9,18,0,11,0.9062784314156,0.9781619906425,0.83712464571,0.007499999832362,0.5160650014877,1099,0,0.9945405125618,0.2546999156475
1057,165.6121826172,139568,26.12899971008,2.939726114273,99,0.4831665158272,0.7888990044594,0,26.19472312927,5.185623645782,0,0.1082802563906,0.0001406477822457,0.9963603019714,0.2055127322674,26.12899971008,-0.00158358446788,1577.674316406,12,15,1,5,0.9153776168823,0.9799817800522,0.8334850072861,0.007499999832362,0.5190799832344,1099,0,0.9945405125618,0.2549957334995
1058,165.6161499023,133869,26.17200088501,2.946118831635,99,0.4940855205059,0.7807097434998,0,30.11373901367,5.818926334381,0,0.09736123681068,0.0001384623319609,0.9963603019714,0.2078524529934,26.17200088501,-0.00158358446788,1445.130981445,10,20,0,11,0.909008204937,0.9754322171211,0.8343949317932,0.009999999776483,0.5108249783516,1099,0,0.9945405125618,0.2552134990692
1059,166.3476104736,127234,25.99049949646,2.94794511795,99,0.4977252185345,0.7879890799522,0,26.73885345459,4.936305522919,0,0.1091901734471,0.0001443051005481,0.9963603019714,0.2117987275124,25.99049949646,-0.00158358446788,1454.938110352,14,20,1,11,0.9071883559227,0.9845314025879,0.8280254602432,0.008500000461936,0.4936949908733,1099,0,0.9954504370689,0.2554567456245
1060,165.7587280273,121577,25.98850059509,2.946118831635,99,0.4931756258011,0.7879890799522,0,22.6114654541,4.723384857178,0,0.08735214173794,0.000144616162288,0.9963603019714,0.2185035049915,25.98850059509,-0.00158358446788,1305.886962891,8,17,1,9,0.913557767868,0.9808917045593,0.8280254602432,0.002000000094995,0.5157250165939,1099,0,0.9954504370689,0.25570499897
1061,165.2989959717,115704,26.15449905396,2.940693378448,99,0.4777069985867,0.7788898944855,0,25.80163764954,5.314831733704,0,0.1028207466006,0.0001483631058363,0.9963603019714,0.2242100536823,26.15449905396,-0.00158358446788,1439.22644043,7,19,0,10,0.9235668778419,0.9872611761093,0.8307552337646,0.002000000094995,0.518029987812,1099,0,0.9963603019714,0.2559661567211
1062,166.0117645264,110147,25.6280002594,2.944343090057,99,0.4904458522797,0.782529592514,0,23.4704284668,4.704277038574,0,0.07916287332773,0.000149015642819,0.9972702264786,0.2270783632994,25.6280002594,-0.001187146757729,1269.390014648,11,20,0,10,0.9262966513634,0.9781619906425,0.8307552337646,0.0,0.4952949881554,1099,0,0.9963603019714,0.2562434673309
1063,165.303237915,102844,25.48200035095,2.942518234253,99,0.4968152940273,0.786169230938,0,19.68243789673,4.317561149597,0,0.1128298416734,0.000148151855683,0.9972702264786,0.2382540553808,25.48200035095,-0.001187146757729,1331.64465332,18,17,0,8,0.913557767868,0.9845314025879,0.8307552337646,0.003000000026077,0.4767650067806,1099,0,0.9963603019714,0.2565487623215
1064,165.5363311768,97730,25.49200057983,2.941605806351,99,0.4877161085606,0.7852593064308,0,20.78616905212,4.82529592514,0,0.09918107092381,0.0001495446776971,0.9972702264786,0.2428834587336,25.49200057983,-0.001187146757729,1215.593017578,17,16,0,8,0.9208371043205,0.9827115535736,0.8325750827789,0.004499999806285,0.470340013504,1099,0,0.9954504370689,0.2568335831165
1065,165.3992919922,92288,25.48900032043,2.941605806351,99,0.4968152940273,0.7898089289665,0,20.22838973999,4.250227451324,0,0.120109193027,0.0001504135143477,0.9972702264786,0.2485155165195,25.48900032043,-0.001187146757729,1272.164672852,11,17,0,8,0.9262966513634,0.9799817800522,0.8343949317932,0.009999999776483,0.4571099877357,1099,0,0.9954504370689,0.2571177184582
1066,165.937713623,85732,25.52549934387,2.937043905258,99,0.5040946602821,0.7779799699783,0,16.83712387085,3.877161026001,0,0.1028207466006,0.0001522265956737,0.9972702264786,0.2605094909668,25.52549934387,-0.001187146757729,1241.931396484,5,19,0,8,0.9272065758705,0.9781619906425,0.8380345702171,0.002000000094995,0.4416350126266,1099,0,0.9954504370689,0.2573907673359
1067,165.1695556641,81475,25.10950088501,2.939780950546,99,0.4968152940273,0.7852593064308,0,16.54322052002,4.467697620392,0,0.1082802563906,0.0001551274472149,0.9972702264786,0.2510831654072,25.10950088501,-0.001187146757729,1295.222290039,15,24,0,12,0.9181073904037,0.9827115535736,0.8334850072861,0.001000000047497,0.4335750043392,1099,0,0.9954504370689,0.257691770792
1068,164.756942749,77126,24.82449913025,2.937956094742,100,0.5050045251846,0.7870791554451,0,17.35759735107,3.341219425201,0,0.09918107092381,0.0001545972481836,0.9972702264786,0.2568783462048,24.82449913025,-0.001187146757729,1198.444702148,12,11,0,7,0.9226569533348,0.9808917045593,0.8362147212029,0.0,0.4340749979019,1099,0,0.9963603019714,0.257917881012
1069,164.8137969971,72910,24.5890007019,2.930656909943,100,0.4954545497894,0.7799999713898,0,14.3618183136,3.04363656044,0,0.1027272716165,0.0001569668384036,0.9963636398315,0.2602798044682,24.5890007019,-0.001582129509188,1314.098632812,13,14,0,3,0.9290909171104,0.9790909290314,0.8390908837318,0.002499999944121,0.4144499897957,1100,0,0.9954545497894,0.2579459249973
1070,165.7922515869,69008,24.71299934387,2.936131477356,101,0.4972727298737,0.7718181610107,0,13.85909080505,3.416363716125,0,0.08545454591513,0.0001558757794555,0.9963636398315,0.2648388445377,24.71299934387,-0.001582129509188,1260.125488281,8,20,0,10,0.925454556942,0.9772727489471,0.8372727036476,0.05249999836087,0.4195599853992,1100,0,0.9954545497894,0.2581822276115
1071,165.9632263184,64893,24.76600074768,2.933454990387,101,0.4968210756779,0.7811080813408,0,14.39963626862,3.013623952866,0,0.08991825580597,0.0001564895792399,0.9954586625099,0.2728183269501,24.76600074768,-0.001976769883186,1259.250244141,8,19,0,10,0.9227974414825,0.9763851165771,0.8410536050797,0.0,0.4048500061035,1101,0,0.9945504069328,0.2582177817822
1072,165.9577484131,61449,24.5389995575,2.929808616638,101,0.5059037208557,0.787465929985,0,12.09082603455,2.667574882507,0,0.0890099927783,0.0001547353749629,0.996366918087,0.2759849727154,24.5389995575,-0.001580700627528,1133.332275391,12,15,0,8,0.9246140122414,0.9763851165771,0.8392370343208,0.003500000108033,0.4072499871254,1101,0,0.9945504069328,0.2584368288517
1073,166.8306884766,58060,24.66300010681,2.926162242889,101,0.4904632270336,0.7638510465622,0,11.77565860748,3.117166280746,0,0.09082651883364,0.0001521604135633,0.996366918087,0.2798656523228,24.66300010681,-0.001580700627528,1270.928344727,7,12,0,8,0.9237056970596,0.9736602902412,0.8374205231667,0.0,0.4025999903679,1101,0,0.9936421513557,0.2587107419968
1074,166.8042755127,53649,24.93849945068,2.930720090866,101,0.5040872097015,0.7738419771194,0,12.06812000275,2.762942790985,0,0.07811080664396,0.0001520795631222,0.996366918087,0.2911331057549,24.93849945068,-0.001580700627528,1114.765014648,8,23,0,12,0.9237056970596,0.9782016277313,0.8419618606567,0.0,0.3850699961185,1101,0,0.9927338957787,0.2589721977711
1075,167.0852508545,50577,25.10650062561,2.927073955536,101,0.5059037208557,0.7602179646492,0,9.623977661133,2.402361392975,0,0.0844686627388,0.0001530763111077,0.996366918087,0.2971311211586,25.10650062561,-0.001580700627528,1198.908813477,8,18,0,11,0.934604883194,0.9736602902412,0.8410536050797,0.0,0.3906199932098,1101,0,0.9936421513557,0.2592031657696
1076,167.4736785889,47700,25.41500091553,2.924339056015,101,0.497729331255,0.7593097090721,0,9.855586051941,2.707538604736,0,0.07901907712221,0.0001532806927571,0.996366918087,0.2995807230473,25.41500091553,-0.001580700627528,1141.72668457,5,22,0,4,0.9209809303284,0.967302441597,0.8401453495026,0.0599999986589,0.4184849858284,1101,0,0.9936421513557,0.2594204246998
1077,167.7364654541,44704,25.4435005188,2.925250768661,101,0.4950045347214,0.762034535408,0,10.16893768311,2.415985584259,0,0.07992734014988,0.0001547373540234,0.996366918087,0.3071313500404,25.4435005188,-0.001580700627528,1095.325561523,15,10,0,7,0.9255222678185,0.9727520346642,0.8410536050797,0.05400000140071,0.4160900115967,1101,0,0.9936421513557,0.2596717178822
1078,168.1806793213,42156,25.12849998474,2.91886973381,101,0.4986376166344,0.7711171507835,0,7.960944652557,2.104450464249,0,0.08628519624472,0.0001500180223957,0.996366918087,0.3128617405891,25.12849998474,-0.001580700627528,1005.76348877,10,21,0,12,0.9282470345497,0.9700272679329,0.8428701162338,0.001000000047497,0.3919799923897,1101,0,0.9936421513557,0.2599355876446
1079,168.6209411621,39581,25.27199935913,2.916211366653,101,0.4959128201008,0.7538601160049,0,8.18710231781,2.326067209244,0,0.09082651883364,0.000152606939082,0.996366918087,0.3161870539188,25.27199935913,-0.001580700627528,1096.186157227,10,19,0,5,0.9218891859055,0.9763851165771,0.8374205231667,0.0,0.3849000036716,1101,0,0.9954586625099,0.2601673901081
1080,168.611831665,37168,25.27899932861,2.919854164124,101,0.4950045347214,0.7611262202263,0,8.481380462646,2.148047208786,0,0.09627611190081,0.0001477948972024,0.9972752332687,0.3238807618618,25.27899932861,-0.001184966298752,1020.445678711,10,16,0,11,0.9264305233955,0.97093552351,0.8346957564354,0.0,0.3774249851704,1101,0,0.9954586625099,0.2604143619537
1081,168.974319458,34597,24.97750091553,2.915300607681,101,0.4959128201008,0.7756584882736,0,6.614895343781,1.897366046906,0,0.08356039971113,0.0001478707126807,0.9972752332687,0.3330924510956,24.97750091553,-0.001184966298752,998.8506469727,8,13,0,10,0.9246140122414,0.9727520346642,0.8374205231667,0.0,0.3722400069237,1101,0,0.9954586625099,0.2606621682644
1082,168.9417114258,32520,24.76849937439,2.909836053848,101,0.4850136339664,0.7656675577164,0,6.51044511795,1.998183488846,0,0.07720254361629,0.000147207203554,0.9972752332687,0.33766913414,24.76849937439,-0.001184966298752,1035.986572266,6,15,0,5,0.9200726747513,0.97093552351,0.8365122675896,0.0,0.373055011034,1101,0,0.996366918087,0.2609133124352
1083,168.5407409668,30392,24.64699935913,2.915300607681,102,0.4786557555199,0.7629427909851,0,6.986375808716,1.905540466309,0,0.08356039971113,0.0001430662960047,0.9972752332687,0.3483811616898,24.64699935913,-0.001184966298752,1054.975341797,4,18,0,9,0.9191644191742,0.9736602902412,0.8356040120125,0.0,0.3652049899101,1101,0,0.9945504069328,0.2611713409424
1084,168.1955718994,28280,24.3719997406,2.907103776932,102,0.4700544476509,0.7568058371544,0,5.478221416473,1.61705994606,0,0.08802177757025,0.0001443665969418,0.9963702559471,0.3623408675194,24.3719997406,-0.001579245785251,1067.624389648,22,11,0,7,0.9174228906631,0.9764065146446,0.8366606235504,0.0,0.3471649885178,1102,0,0.9918330311775,0.2611455619335
1085,167.5333404541,26221,24.47500038147,2.905282258987,102,0.4664246737957,0.7794918417931,0,5.214156150818,1.777677059174,0,0.0943738669157,0.0001386147196172,0.9963702559471,0.3715342581272,24.47500038147,-0.001579245785251,959.4691772461,12,13,0,3,0.9228675365448,0.9718693494797,0.8321233987808,0.0,0.3396100103855,1102,0,0.9918330311775,0.2613889873028
1086,167.7890930176,24561,24.23049926758,2.889799594879,102,0.4709618985653,0.7577132582664,0,5.522686004639,1.689655184746,0,0.07531760632992,0.0001426176168025,0.9963702559471,0.3825984299183,24.23049926758,-0.001579245785251,1033.946411133,10,11,0,5,0.921052634716,0.9727767705917,0.8312159776688,0.0,0.3331199884415,1102,0,0.9927404522896,0.2616705596447
1087,167.5383300781,22971,24.04000091553,2.890710353851,102,0.4736842215061,0.7758620977402,0,4.575317382812,1.524500966072,0,0.08620689809322,0.0001388567616232,0.9963702559471,0.3774759471416,24.04000091553,-0.001579245785251,917.4561157227,10,26,0,12,0.920145213604,0.9773139953613,0.8312159776688,0.0,0.3295849859715,1102,0,0.9918330311775,0.2618928551674
1088,167.6666717529,21542,23.90699958801,2.889799594879,102,0.4655172526836,0.750453710556,0,4.226860523224,1.503629803658,0,0.0834845751524,0.0001377198641421,0.9963702559471,0.3844582736492,23.90699958801,-0.001579245785251,1009.306640625,13,21,0,9,0.9183303117752,0.9754990935326,0.8221415877342,0.001000000047497,0.3274149894714,1102,0,0.9918330311775,0.2621176242828
1089,167.4512786865,20081,23.93950080872,2.880583524704,102,0.4709618985653,0.766787648201,0,4.611615180969,1.529038190842,0,0.07894736528397,0.0001372680126224,0.9963702559471,0.3927593231201,23.93950080872,-0.001579245785251,891.995300293,7,20,1,8,0.9147005677223,0.9754990935326,0.8203266859055,0.0005000000237487,0.3324350118637,1102,0,0.9918330311775,0.2623430788517
1090,167.5110778809,18866,23.92650032043,2.883211612701,102,0.4546279609203,0.7450090646744,0,3.738656997681,1.321234107018,0,0.0943738669157,0.0001395903527737,0.9954627752304,0.4051733314991,23.92650032043,-0.001974975690246,941.5239868164,14,21,0,11,0.921052634716,0.9764065146446,0.8176043629646,0.001000000047497,0.3252899944782,1102,0,0.9909256100655,0.2625830173492
1091,166.8598327637,17662,23.92000007629,2.888584375381,102,0.4500907361507,0.7713248729706,0,3.547186851501,1.343012809753,0,0.08892922103405,0.0001408458338119,0.9945553541183,0.4129770100117,23.92000007629,-0.002371040172875,835.7186279297,6,23,0,14,0.9165154099464,0.9745916724205,0.8157894611359,0.0,0.3233850002289,1102,0,0.9909256100655,0.2628019154072
1092,166.2886657715,16342,24.15550041199,2.890410900116,102,0.453720510006,0.7540835142136,0,3.715970754623,1.294010877609,0,0.08529945462942,0.0001417757594027,0.9936479330063,0.42185780406,24.15550041199,-0.002767466707155,846.5279541016,13,15,0,6,0.9174228906631,0.9791288375854,0.8185117840767,0.0,0.3159950077534,1102,0,0.9909256100655,0.2629808485508
1093,166.3859405518,15201,24.07049942017,2.886654376984,102,0.437386572361,0.7604355812073,0,3.062613487244,1.139745950699,0,0.07622504234314,0.0001406653318554,0.9936479330063,0.4382606446743,24.07049942017,-0.002767466707155,869.987121582,5,13,0,7,0.9147005677223,0.9736841917038,0.8157894611359,0.0,0.3043900132179,1102,0,0.9909256100655,0.2632141709328
1094,166.3722076416,14232,23.79299926758,2.882084131241,102,0.443738669157,0.7549909353256,0,2.724138021469,1.156079888344,0,0.08166968822479,0.0001381309994031,0.9927404522896,0.4447020888329,23.79299926758,-0.003164281137288,819.2874755859,7,12,0,7,0.9219600558281,0.9718693494797,0.8212341070175,0.0,0.29550999403,1102,0,0.9918330311775,0.2634643316269
1095,167.4820556641,13253,23.60000038147,2.880255937576,102,0.4410163462162,0.7459164857864,0,3.026315689087,1.157894730568,0,0.08892922103405,0.0001327997306362,0.9927404522896,0.4522749483585,23.60000038147,-0.003164281137288,911.8021240234,10,17,0,8,0.920145213604,0.9700544476509,0.8230490088463,0.0,0.2765949964523,1102,0,0.9918330311775,0.2637636959553
1096,167.8338928223,12290,23.70599937439,2.869287014008,102,0.4428312182426,0.7486388087273,0,2.469146966934,0.9854809641838,0,0.07803992927074,0.0001351566315861,0.9927404522896,0.4475996792316,23.70599937439,-0.003164281137288,838.4252319336,11,17,0,6,0.9110707640648,0.9691470265388,0.8139746189117,0.0,0.270359992981,1102,0,0.9918330311775,0.2639969587326
1097,167.6770324707,11447,23.90900039673,2.87282705307,102,0.4482758641243,0.7586206793785,0,2.182395458221,0.9718693494797,0,0.0834845751524,0.0001336030400125,0.9927404522896,0.4578492045403,23.90900039673,-0.003164281137288,860.109375,12,11,0,6,0.9092559218407,0.9673321247101,0.812159717083,0.0,0.2635250091553,1102,0,0.9909256100655,0.2642487287521
1098,168.2705535889,10667,23.95149993896,2.868252515793,102,0.4401088953018,0.7395644187927,0,2.426497459412,0.9872958064079,0,0.06533575057983,0.0001350745296804,0.9918330311775,0.4647042155266,23.95149993896,-0.003561432473361,858.3840332031,6,13,0,8,0.9165154099464,0.970961868763,0.8103448152542,0.0,0.2657949924469,1102,0,0.9900181293488,0.2645116150379
1099,168.6998291016,9997,24.1280002594,2.868252515793,103,0.4482758641243,0.7540835142136,0,2.043557167053,0.8502722382545,0,0.07350271940231,0.0001346745702904,0.9918330311775,0.4704411327839,24.1280002594,-0.003561432473361,846.3810424805,10,11,0,8,0.903811275959,0.9655172228813,0.8085299730301,0.0,0.2659449875355,1102,0,0.9900181293488,0.264722764492
1100,168.3023986816,9315,24.18549919128,2.858188390732,104,0.4324569404125,0.7298277616501,0,1.736174106598,0.835902094841,0,0.06890299171209,0.0001300264557358,0.9909338355064,0.4820182621479,24.18549919128,-0.003955342341214,864.3540039062,6,12,0,8,0.9147778749466,0.9746146798134,0.8005439639091,0.0,0.2636350095272,1103,0,0.9891206026077,0.2646820545197
1101,168.207611084,8579,24.49550056458,2.856358528137,104,0.4193840622902,0.7400362491608,0,1.967391252518,0.8686593770981,0,0.06521739065647,0.0001315199770033,0.9900362491608,0.4910828769207,24.49550056458,-0.004348903894424,841.9403686523,6,13,0,7,0.9193840622902,0.965579688549,0.7971014380455,0.0,0.2825999855995,1104,0,0.9891304373741,0.2646582424641
1102,167.8911895752,7949,24.64800071716,2.845379590988,105,0.4248188436031,0.7273550629616,0,1.621376752853,0.7119565010071,0,0.06431159377098,0.0001275456306757,0.9900362491608,0.5081142187119,24.64800071716,-0.004348903894424,817.833190918,5,8,0,4,0.9202898740768,0.971920311451,0.7925724387169,0.0,0.2834349870682,1104,0,0.9891304373741,0.2648984789848
1103,167.857635498,7426,24.5030002594,2.840805053711,105,0.4117647111416,0.7538461685181,0,1.42352938652,0.6751131415367,0,0.0588235296309,0.0001274294336326,0.9891402721405,0.5141395330429,24.5030002594,-0.004742115736008,735.7908935547,7,8,0,6,0.9095022678375,0.9674208164215,0.7927601933479,0.0,0.2566649913788,1105,0,0.9873303174973,0.2648380994797
1104,167.7874603271,6797,24.69199943542,2.849679231644,105,0.4171945750713,0.7303167581558,0,1.561990976334,0.6959276199341,0,0.06153846159577,0.000126440776512,0.9891402721405,0.5209651589394,24.69199943542,-0.004742115736008,799.3461303711,6,20,0,10,0.9122171998024,0.9601809978485,0.7972850799561,0.0,0.2548699975014,1105,0,0.9873303174973,0.2650943398476
1105,167.6503448486,6331,24.6189994812,2.841429948807,105,0.4090497791767,0.7574660778046,0,1.238914132118,0.561085999012,0,0.06063348427415,0.0001226189197041,0.9873303174973,0.5258253216743,24.6189994812,-0.005537527147681,711.6817016602,9,11,0,4,0.9113122224808,0.9647058844566,0.8009049892426,0.0,0.2417449951172,1105,0,0.9873303174973,0.2652896046638
1106,166.8149414062,5885,24.45700073242,2.84051322937,105,0.4117647111416,0.7266968488693,0,1.169230818748,0.5565611124039,0,0.06877828389406,0.000125280188513,0.9873303174973,0.5327102541924,24.45700073242,-0.005537527147681,814.1597290039,12,14,0,6,0.9076923131943,0.9628959298134,0.7972850799561,0.0,0.2449200004339,1105,0,0.9873303174973,0.2655366361141
1107,166.5860900879,5472,24.30550003052,2.838680028915,105,0.4208144843578,0.7466063499451,0,1.228054404259,0.5800905227661,0,0.07782805711031,0.0001205688968184,0.9873303174973,0.5363669395447,24.30550003052,-0.005537527147681,771.3960571289,16,20,0,11,0.9076923131943,0.9674208164215,0.7972850799561,0.0,0.2362750023603,1105,0,0.9864253401756,0.2657514810562
1108,165.7442626953,5063,24.35400009155,2.831347465515,105,0.4081448018551,0.7285068035126,0,1.017194628716,0.4805429875851,0,0.07782805711031,0.0001263969897991,0.9873303174973,0.540786087513,24.35400009155,-0.005537527147681,829.7161254883,10,12,0,6,0.9113122224808,0.9619909524918,0.7909502387047,0.0,0.2267599999905,1105,0,0.985520362854,0.2659688591957
1109,165.5393981934,4686,24.74250030518,2.832263946533,105,0.4054298698902,0.7402715086937,0,0.9411764740944,0.4904977381229,0,0.07330317050219,0.0001229087501997,0.9873303174973,0.543960750103,24.74250030518,-0.005537527147681,812.2205200195,12,24,0,10,0.9095022678375,0.9592760205269,0.7828054428101,0.0,0.2317049950361,1105,0,0.985520362854,0.2661819756031
1110,165.2847290039,4277,25.22249984741,2.824336767197,105,0.3981900513172,0.7339366674423,0,0.9891402721405,0.4841628968716,0,0.08416289836168,0.0001265893952223,0.9873303174973,0.5440729260445,25.22249984741,-0.005537527147681,811.5674438477,10,14,0,5,0.8859728574753,0.963800907135,0.7809954881668,0.001000000047497,0.2245749980211,1105,0,0.985520362854,0.2663858830929
1111,163.9257354736,3963,25.40699958801,2.818681240082,105,0.4063348472118,0.7429864406586,0,0.7963801026344,0.381900459528,0,0.07692307978868,0.000119698481285,0.9891402721405,0.5475649833679,25.40699958801,-0.004742115736008,793.2719116211,17,12,0,5,0.9004524946213,0.9674208164215,0.7782805562019,0.305999994278,0.2313300073147,1105,0,0.985520362854,0.2666354775429
1112,163.9965362549,3702,25.42049980164,2.816849708557,105,0.4099547564983,0.7185520529747,0,0.7321267127991,0.381900459528,0,0.08144796639681,0.0001186778390547,0.9882352948189,0.550243139267,25.42049980164,-0.005139639601111,847.0977172852,4,18,0,9,0.9022624492645,0.9583710432053,0.7764706015587,0.6620000004768,0.2590849995613,1105,0,0.985520362854,0.2668274343014
1113,164.3709411621,3430,25.55200004578,2.804944992065,105,0.4000000059605,0.7303167581558,0,0.7656108736992,0.3538461625576,0,0.07239819318056,0.0001167096561403,0.9882352948189,0.555393576622,25.55200004578,-0.005139639601111,808.5591430664,8,6,0,5,0.8895927667618,0.9610859751701,0.7719457149506,0.04450000077486,0.2513000071049,1105,0,0.985520362854,0.2670041620731
1114,165.3061218262,3206,25.53100013733,2.795600414276,105,0.3981900513172,0.7104072570801,0,0.655203640461,0.3067873418331,0,0.07058823853731,0.000115780690976,0.9882352948189,0.5714285969734,25.53100013733,-0.005139639601111,830.0461425781,7,10,0,5,0.8959276080132,0.9619909524918,0.7746606469154,0.09650000184774,0.2470050007105,1105,0,0.985520362854,0.2671936452389
1115,166.437286377,3002,25.57399940491,2.792850494385,105,0.3918552100658,0.7321267127991,0,0.5764706134796,0.2859728634357,0,0.06425339728594,0.0001166562724393,0.9873303174973,0.5719520449638,25.57399940491,-0.005537527147681,763.0717163086,11,14,0,7,0.898642539978,0.9610859751701,0.7746606469154,0.002499999944121,0.2459000051022,1105,0,0.9846153855324,0.2674033343792
1116,166.8253479004,2759,25.61949920654,2.786434412003,105,0.3900452554226,0.7113122344017,0,0.6425339579582,0.3149321377277,0,0.06787330657244,0.0001142504916061,0.9873303174973,0.5781080126762,25.61949920654,-0.005537527147681,765.3207397461,7,15,0,4,0.9004524946213,0.9592760205269,0.7719457149506,0.003500000108033,0.2271250039339,1105,0,0.9846153855324,0.2676072120667
1117,167.3715209961,2550,25.5594997406,2.780934810638,105,0.3954751193523,0.7221719622612,0,0.5067873597145,0.2389140278101,0,0.05972850695252,0.0001149215022451,0.9873303174973,0.5780392289162,25.5594997406,-0.005537527147681,720.7684936523,6,11,0,5,0.898642539978,0.9601809978485,0.7701357603073,0.0,0.2080000042915,1105,0,0.9864253401756,0.2677856385708
1118,166.7661437988,2397,25.83099937439,2.776351928711,105,0.389140278101,0.7067873477936,0,0.4597285091877,0.2561086118221,0,0.06153846159577,0.0001157891674666,0.9873303174973,0.5807259082794,25.83099937439,-0.005537527147681,705.0387573242,9,14,0,6,0.8796380162239,0.9592760205269,0.7638009190559,0.0,0.2046650052071,1105,0,0.9864253401756,0.2679768800735
1119,165.5942993164,2236,26.26899909973,2.768102645874,105,0.3927601873875,0.7140271663666,0,0.4941176474094,0.2597285211086,0,0.05701357498765,0.0001181623083539,0.9873303174973,0.5796064138412,26.26899909973,-0.005537527147681,679.9653320312,9,13,0,8,0.8995475172997,0.9529411792755,0.7638009190559,0.0,0.2102349996567,1105,0,0.985520362854,0.2681823968887
1120,164.9675140381,2082,26.40699958801,2.769019365311,106,0.3945701420307,0.691402733326,0,0.3873303234577,0.2009049803019,0,0.05791855230927,0.0001188063542941,0.9873303174973,0.5845341086388,26.40699958801,-0.005537527147681,704.0960693359,8,14,0,5,0.898642539978,0.9556561112404,0.7583710551262,0.001500000013039,0.207574993372,1105,0,0.9846153855324,0.2683600783348
1121,164.9394989014,1936,26.60600090027,2.754353761673,106,0.3978300094604,0.7070524692535,0,0.3942133784294,0.21609403193,0,0.05244122818112,0.0001194837459479,0.9864376187325,0.5852272510529,26.60600090027,-0.005930373910815,637.6337890625,4,12,0,10,0.9050632715225,0.947558760643,0.7513562440872,0.002499999944121,0.2041999995708,1106,0,0.983725130558,0.2683017849922
1122,165.0248718262,1789,26.46299934387,2.743354797363,106,0.3887884318829,0.7016274929047,0,0.4104882478714,0.199819162488,0,0.05515370890498,0.0001197941965074,0.9864376187325,0.5936277508736,26.46299934387,-0.005930373910815,649.9660644531,9,2,0,2,0.8878842592239,0.9502712488174,0.7486437559128,0.06049999967217,0.2240999937057,1106,0,0.983725130558,0.2685004472733
1123,165.0143890381,1662,26.70450019836,2.736021995544,107,0.3851718008518,0.7043399810791,0,0.3426763117313,0.1772151887417,0,0.05063291266561,0.0001190552357002,0.9864376187325,0.5920577645302,26.70450019836,-0.005930373910815,651.5116577148,6,5,0,2,0.8860759735107,0.9566003680229,0.7423146367073,0.04800000041723,0.2217600047588,1106,0,0.983725130558,0.2687056064606
1124,165.6192169189,1540,26.91799926758,2.726605415344,107,0.3803071379662,0.7009936571121,0,0.3107497692108,0.1788617968559,0,0.06594399362803,0.0001198248428409,0.9855465292931,0.6000000238419,26.91799926758,-0.006322867702693,664.8010864258,4,10,1,4,0.8988256454468,0.9512194991112,0.7398374080658,0.05900000035763,0.2063450068235,1107,0,0.9828364849091,0.268678188324
1125,164.9787597656,1461,26.7859992981,2.709174394608,107,0.3848238587379,0.6982836723328,0,0.3188798427582,0.1761517673731,0,0.06594399362803,0.0001151391188614,0.9846431612968,0.5995893478394,26.7859992981,-0.006721131037921,697.3014526367,13,3,0,1,0.8906955718994,0.9485095143318,0.7344173192978,0.03200000151992,0.2082449942827,1107,0,0.9801264405251,0.2688927054405
1126,163.8761291504,1367,27.09600067139,2.696330308914,107,0.3667570054531,0.6838301420212,0,0.3035230338573,0.1544715464115,0,0.07046070694923,0.0001155560676125,0.9846431612968,0.5998536944389,27.09600067139,-0.006721131037921,785.1598510742,11,7,0,3,0.8915989398956,0.9548328518867,0.7398374080658,0.02649999968708,0.2171600013971,1107,0,0.9783197641373,0.2691028118134
1127,164.4638519287,1277,27.39800071716,2.686238527298,107,0.3604336082935,0.6928635835648,0,0.2565492391586,0.1409214138985,0,0.07588075846434,0.0001097778513213,0.9846431612968,0.6045418977737,27.39800071716,-0.006721131037921,775.1848144531,12,9,0,6,0.8934056162834,0.94399279356,0.735320687294,0.06449999660254,0.2285500019789,1107,0,0.9783197641373,0.2693020403385
1128,163.8829803467,1177,27.75200080872,2.683486223221,107,0.3748870790005,0.67660343647,0,0.2583559155464,0.1373080313206,0,0.07046070694923,0.0001104563925765,0.9846431612968,0.6142735481262,27.75200080872,-0.006721131037921,823.7964477539,13,12,0,7,0.8726287484169,0.9503161907196,0.73261064291,0.02400000020862,0.2145050019026,1107,0,0.9774164557457,0.2694927752018
1129,162.8413848877,1100,27.67049980164,2.669117689133,107,0.3694670200348,0.6648600101471,0,0.2312556505203,0.1210478767753,0,0.07497741281986,0.0001077539345715,0.9846431612968,0.6054545640945,27.67049980164,-0.006721131037921,845.7617797852,8,6,0,3,0.897018969059,0.9476061463356,0.7244805693626,0.004999999888241,0.2025250047445,1107,0,0.9765130877495,0.2696684598923
1130,162.7386779785,1244,27.70000076294,2.65992641449,108,0.3694670200348,0.6675699949265,0,0.2041553705931,0.124661244452,0,0.06504064798355,0.0001071946026059,0.9828364849091,0.4927652776241,27.70000076294,-0.007518730126321,826.9291992188,8,7,0,2,0.8906955718994,0.9358627200127,0.7154471278191,0.0,0.1931650042534,1107,0,0.9765130877495,0.2698213160038
1131,161.6848449707,1543,27.70999908447,2.654058933258,108,0.3664259910583,0.6561371684074,0,0.3619133532047,0.129061371088,0,0.06498195230961,0.0001055324173649,0.9819494485855,0.3655216991901,27.70999908447,-0.007910869084299,835.0649414062,11,11,0,7,0.877256333828,0.9386281371117,0.7129963636398,0.0,0.188069999218,1108,0,0.9756317734718,0.2697439789772
1132,161.4185180664,1447,27.70549964905,2.649446487427,108,0.3718411624432,0.6777978539467,0,0.3907942175865,0.08754512667656,0,0.06137184053659,0.0001041723880917,0.9783393740654,0.3745680749416,27.70549964905,-0.009510467760265,734.6925048828,5,11,0,7,0.8799638748169,0.9332129955292,0.705776154995,0.0,0.1912800073624,1108,0,0.9738267064095,0.2698637247086
1133,160.6977996826,1383,27.73999977112,2.638965845108,108,0.3628158867359,0.6777978539467,0,0.1561371833086,0.08122743666172,0,0.05234656855464,0.0001039026683429,0.9783393740654,0.3745480775833,27.73999977112,-0.009510467760265,684.7952880859,1,5,0,3,0.8862816095352,0.9341155290604,0.7048736214638,0.0,0.1741449981928,1108,0,0.9738267064095,0.2700138688087
1134,160.0865936279,1291,27.81749916077,2.633086919785,108,0.3619133532047,0.6777978539467,0,0.2987364530563,0.1083032488823,0,0.04602888226509,0.0001042261865223,0.9774368405342,0.372579395771,27.81749916077,-0.009911295957863,657.0612182617,6,7,0,3,0.8664259910583,0.9268953204155,0.7003610134125,0.0,0.1679649949074,1108,0,0.9738267064095,0.2701598107815
1135,160.0436248779,1200,28.17700004578,2.615171194077,108,0.3619133532047,0.6669675111771,0,0.3438628017902,0.07671480625868,0,0.05324909836054,0.0001056708206306,0.976534307003,0.379166662693,28.17700004578,-0.01031249482185,629.6992797852,8,5,0,4,0.864620923996,0.9314079284668,0.6958483457565,0.03900000080466,0.1839500069618,1108,0,0.9720216393471,0.2703420817852
1136,160.6672363281,1150,28.17449951172,2.61702132225,109,0.3420577645302,0.6669675111771,0,0.1335739940405,0.07490975409746,0,0.04602888226509,0.0001062026349246,0.9756317734718,0.3747826218605,28.17449951172,-0.01071406435221,599.223815918,5,10,0,7,0.8718411326408,0.9296028614044,0.6940433382988,0.0625,0.2133699953556,1108,0,0.9702166318893,0.2704643905163
1137,160.8716278076,1079,28.22299957275,2.601851940155,109,0.3516681790352,0.6555455327034,0,0.2578899860382,0.08926961570978,0,0.05229936912656,0.0001057894987753,0.9747520089149,0.3679332733154,28.22299957275,-0.01110586151481,593.3959350586,7,6,0,4,0.8755635619164,0.9206492304802,0.6952209472656,0.1829999983311,0.2083600014448,1109,0,0.9684400558472,0.2703940272331
1138,161.2614593506,1018,28.02899932861,2.594444513321,109,0.3561767339706,0.6438232660294,0,0.2723174095154,0.05861136317253,0,0.04869251698256,0.0001066170516424,0.9738503098488,0.3664047122002,28.02899932861,-0.01150779332966,592.7141113281,7,9,0,3,0.8692515492439,0.9251577854156,0.6907123327255,0.241500005126,0.2053599953651,1109,0,0.9666365981102,0.2705642879009
1139,160.6482543945,973,28.10799980164,2.580555438995,109,0.3534716069698,0.6275924444199,0,0.1073038801551,0.05500451102853,0,0.05500450730324,0.0001066166514647,0.9738503098488,0.3586844801903,28.10799980164,-0.01150779332966,602.4296875,5,5,1,1,0.8584310412407,0.9233543872833,0.6862037777901,0.1180000007153,0.2090850025415,1109,0,0.9666365981102,0.2707420885563
1140,160.7493591309,927,28.18300056458,2.574074029922,109,0.3552750349045,0.6212804317474,0,0.1983769237995,0.05951307341456,0,0.04959422722459,0.0001078909845091,0.9738503098488,0.3603020608425,28.18300056458,-0.01150779332966,592.3095703125,10,7,0,4,0.8566275835037,0.9296663403511,0.6798917651176,0.1264999955893,0.2131550014019,1109,0,0.9648331999779,0.2708971500397
1141,160.4673614502,904,28.67900085449,2.560704469681,109,0.3471595942974,0.6122633218765,0,0.2290351688862,0.04959423094988,0,0.05680793523788,0.0001108568612835,0.9738503098488,0.3617256581783,28.67900085449,-0.01150779332966,601.7676391602,5,7,0,4,0.8746618628502,0.9188458323479,0.6771866679192,0.2370000034571,0.2149949967861,1109,0,0.9621280431747,0.271039545536
1142,160.7111663818,850,28.93300056458,2.54823756218,109,0.3435527384281,0.6158701777458,0,0.1154192984104,0.05320108309388,0,0.04147880896926,0.000110470027721,0.9729486107826,0.3482352793217,28.93300056458,-0.01191009767354,556.5135498047,2,7,0,5,0.8449053168297,0.9143372178078,0.6699729561806,0.02999999932945,0.2193049937487,1109,0,0.9612263441086,0.2711625993252
1143,160.7843017578,801,29.24349975586,2.539033412933,110,0.3444544672966,0.5852118730545,0,0.168620377779,0.05951307341456,0,0.04688908904791,0.0001104210241465,0.9720469117165,0.3495630323887,29.24349975586,-0.01231277547777,633.7281494141,5,9,0,4,0.8764652609825,0.9161406755447,0.6645626425743,0.5055000185966,0.2196899950504,1109,0,0.9612263441086,0.2713076174259
1144,159.8173522949,802,29.56649971008,2.525092840195,110,0.3432432413101,0.600900888443,0,0.1837837845087,0.04144144430757,0,0.04504504427314,0.0001073700695997,0.9693693518639,0.3441396653652,29.56649971008,-0.0135107152164,561.8762817383,4,6,0,4,0.845045030117,0.9153153300285,0.6576576828957,0.1829999983311,0.2669099867344,1110,0,0.9585585594177,0.2711836099625
1145,159.4371795654,822,29.88949966431,2.513035297394,110,0.3432432413101,0.5945945978165,0,0.1189189180732,0.03513513505459,0,0.0441441424191,0.0001035309032886,0.9693693518639,0.3150851726532,29.88949966431,-0.0135107152164,553.7658691406,1,6,0,2,0.846846818924,0.9117116928101,0.653153181076,0.7329999804497,0.2848699986935,1110,0,0.9594594836235,0.2713308930397
1146,159.0501251221,845,29.62999916077,2.507921695709,111,0.3297297358513,0.6090090274811,0,0.2036036103964,0.06126126274467,0,0.04504504427314,0.0001022914220812,0.9675675630569,0.2970414161682,29.62999916077,-0.01431869901717,491.8449401855,6,11,0,6,0.8576576709747,0.9054054021835,0.6441441178322,0.4194999933243,0.2759500145912,1110,0,0.9585585594177,0.2714647352695
1147,159.0532989502,799,29.82449913025,2.496268749237,111,0.3240323960781,0.6030603051186,0,0.1935193538666,0.02880288101733,0,0.04140413925052,9.895597759169e-05,0.9657965898514,0.3053817152977,29.82449913025,-0.0151143334806,507.3771972656,5,4,0,1,0.8550854921341,0.9117912054062,0.6390638947487,0.00650000013411,0.2383950054646,1111,0,0.9576957821846,0.2713431417942
1148,159.3957672119,757,29.86650085449,2.490195989609,111,0.3330332934856,0.583258330822,0,0.1062106192112,0.0378037802875,0,0.04050404950976,9.776193473954e-05,0.9648965001106,0.3091149330139,29.86650085449,-0.01551926974207,503.1520690918,2,8,0,2,0.8208820819855,0.9045904874802,0.6327632665634,0.04650000110269,0.2127149999142,1111,0,0.9567956924438,0.2714702486992
1149,159.3545227051,730,29.70700073242,2.478057861328,111,0.3276327550411,0.5823582410812,0,0.1611161082983,0.0531053096056,0,0.036003600806,9.775997750694e-05,0.9639964103699,0.302739739418,29.70700073242,-0.01592458412051,505.1097717285,6,5,0,3,0.833483338356,0.9072907567024,0.6318631768227,0.2354999929667,0.219775006175,1111,0,0.9576957821846,0.2715805470943
1150,160.1508026123,682,29.9344997406,2.473339557648,112,0.3249324858189,0.5913591384888,0,0.1881188154221,0.04680468142033,0,0.03330333158374,9.682665404398e-05,0.9639964103699,0.2961876690388,29.9344997406,-0.01592458412051,444.5434570312,6,7,0,4,0.8307830691338,0.9072907567024,0.6228622794151,0.2709999978542,0.2292149960995,1111,0,0.9558956027031,0.2717007696629
1151,161.2743682861,695,30.08300018311,2.459307670593,112,0.3264388442039,0.5899280309677,0,0.08363309502602,0.02517985738814,0,0.03687050193548,9.594318544259e-05,0.9613309502602,0.2776978313923,30.08300018311,-0.01712707616389,447.662109375,4,7,0,4,0.821942448616,0.9010791182518,0.6178057789803,0.1825000047684,0.2810299992561,1112,0,0.9550359845161,0.2715933024883
1152,161.0299377441,844,30.44549942017,2.448082208633,112,0.309352517128,0.5755395889282,0,0.1762589812279,0.04676258936524,0,0.03597122430801,9.39245801419e-05,0.9613309502602,0.2120853066444,30.44549942017,-0.01712707616389,439.5768432617,6,9,0,5,0.8273381590843,0.9001798629761,0.6178057789803,0.1420000046492,0.2627300024033,1112,0,0.9514388442039,0.2717026174068
1153,162.0988006592,1111,30.24650001526,2.432584285736,112,0.3084532320499,0.5809352397919,0,0.2607913613319,0.02877697721124,0,0.03327338024974,9.421326831216e-05,0.9613309502602,0.147614762187,30.24650001526,-0.01712707616389,430.0889282227,5,3,0,1,0.8192446231842,0.9010791182518,0.6151078939438,0.1159999966621,0.2381200045347,1112,0,0.9514388442039,0.2718724310398
1154,161.7033081055,1163,30.27899932861,2.429643630981,112,0.3003597259521,0.5647482275963,0,0.26169064641,0.02877697907388,0,0.03327338024974,9.124645293923e-05,0.9604316353798,0.1324161589146,30.27899932861,-0.017533544451,428.5660400391,5,6,0,3,0.8309352397919,0.8992805480957,0.6115108132362,0.2395000010729,0.2563599944115,1112,0,0.9505395889282,0.2719825208187
1155,161.2174682617,1358,30.67250061035,2.419868707657,112,0.28507193923,0.5638489127159,0,0.219424456358,0.0341726616025,0,0.03327338024974,9.066332131624e-05,0.9586330652237,0.1082474216819,30.67250061035,-0.01834759674966,444.9900817871,3,5,0,3,0.8237410187721,0.9028776884079,0.6070144176483,0.05299999937415,0.2414350062609,1112,0,0.9496402740479,0.2721168994904
1156,160.9177398682,1272,30.62949943542,2.411654233932,112,0.2688848972321,0.553057551384,0,0.3417266309261,0.029676258564,0,0.03327338024974,8.715846342966e-05,0.9595323801041,0.111635223031,30.62949943542,-0.01794036664069,426.9652404785,9,2,0,0,0.821942448616,0.8938848972321,0.5989208817482,0.03700000047684,0.2343849986792,1112,0,0.9487410187721,0.2722262740135
1157,160.8896331787,1714,30.90049934387,2.402634143829,112,0.2787769734859,0.553057551384,0,0.2302158325911,0.01978417299688,0,0.03507194295526,8.563599840272e-05,0.9568345546722,0.07934655994177,30.90049934387,-0.01916315034032,421.5877075195,4,4,0,3,0.8318345546722,0.8938848972321,0.5962229967117,0.0434999987483,0.2437500059605,1112,0,0.9478417038918,0.2723196148872
1158,161.0811462402,1706,30.98150062561,2.393396139145,112,0.2661870419979,0.5278776884079,0,0.464028775692,0.02607913687825,0,0.03147482126951,8.531171624782e-05,0.9559352397919,0.08323563635349,30.98150062561,-0.01957152783871,444.057434082,5,7,0,5,0.8300359845161,0.8902877569199,0.5917266011238,0.09049999713898,0.2389100044966,1112,0,0.9442446231842,0.2724187076092
1159,161.0899047852,2378,31.13899993896,2.387157678604,112,0.2751798629761,0.542266190052,0,0.3408273458481,0.02517985552549,0,0.02248201519251,8.518413960701e-05,0.95323741436,0.05677039548755,31.13899993896,-0.02079891972244,397.901550293,3,5,0,3,0.821942448616,0.8974820375443,0.5854316353798,0.0625,0.2235800027847,1112,0,0.9451438784599,0.2725438773632
1160,161.4657745361,2466,31.20649909973,2.362606287003,112,0.262589931488,0.5179855823517,0,0.6429855823517,0.01798561215401,0,0.02607913687825,8.564012387069e-05,0.9523381590843,0.06123276427388,31.20649909973,-0.02120881527662,416.021484375,6,2,0,2,0.815647482872,0.8866906762123,0.5755395889282,0.1389999985695,0.2299699932337,1112,0,0.9442446231842,0.2726379334927
1161,162.5214538574,2299,31.17600059509,2.352219104767,112,0.2652877569199,0.5557553768158,0,0.5098920464516,0.02248201519251,0,0.02877697907388,8.194676047424e-05,0.9523381590843,0.06611569970846,31.17600059509,-0.02120881527662,353.0528259277,5,6,0,3,0.7976618409157,0.8830935359001,0.5683453083038,0.03350000083447,0.2274899929762,1112,0,0.9415467381477,0.2727623581886
1162,162.8151702881,2181,31.21599960327,2.344075918198,112,0.2607913613319,0.5251798629761,0,0.309352517128,0.03327338397503,0,0.02877697907388,8.144722232828e-05,0.9523381590843,0.0692342966795,31.21599960327,-0.02120881527662,368.8956604004,4,6,0,3,0.8084532618523,0.881294965744,0.5620503425598,0.1199999973178,0.2397049963474,1112,0,0.940647482872,0.2728716731071
1163,163.8045806885,2317,31.27549934387,2.330170869827,112,0.2517985701561,0.54676258564,0,0.5260791182518,0.02338129468262,0,0.02517985552549,7.621279655723e-05,0.9487410187721,0.06948640197515,31.27549934387,-0.02285232208669,345.6346130371,3,1,0,0,0.803057551384,0.8741007447243,0.5548561215401,0.1840000003576,0.2556799948215,1112,0,0.9397482275963,0.2729531526566
1164,164.0167999268,2400,31.16200065613,2.323194026947,112,0.26169064641,0.5179855823517,0,0.589028775692,0.02697841636837,0,0.02787769772112,7.561378879473e-05,0.9478417038918,0.06833333522081,31.16200065613,-0.02326418831944,367.0326538086,2,8,0,3,0.8102517724037,0.8758992552757,0.54676258564,0.07450000196695,0.2574599981308,1112,0,0.9370503425598,0.2730514705181
1165,164.1372375488,2303,31.42250061035,2.316190481186,112,0.246402874589,0.54676258564,0,0.350719422102,0.03057553991675,0,0.03057553991675,7.220896077342e-05,0.9460431933403,0.07685627788305,31.42250061035,-0.02408903464675,333.2308654785,10,9,0,3,0.8066546916962,0.8741007447243,0.54676258564,0.8874999880791,0.2896600067616,1112,0,0.9379496574402,0.2731816768646
1166,163.8709716797,2314,31.35300064087,2.31303524971,112,0.247302159667,0.5179855823517,0,0.4478417336941,0.029676258564,0,0.03507194295526,7.21290052752e-05,0.9442446231842,0.07951598614454,31.35300064087,-0.02491547912359,349.4198303223,6,15,0,4,0.7958633303642,0.875,0.5386690497398,0.25,0.2951000034809,1112,0,0.9370503425598,0.2732750177383
1167,164.3458099365,2341,31.47900009155,2.299429655075,112,0.243705034256,0.529676258564,0,0.5557553768158,0.02338129468262,0,0.02517985552549,7.041553908493e-05,0.9451438784599,0.09269542992115,31.47900009155,-0.02450207434595,335.3307495117,2,1,0,1,0.8210431933403,0.8660072088242,0.5341726541519,0.2169999927282,0.2948749959469,1112,0,0.9370503425598,0.2733683288097
1168,164.7711181641,2296,31.72249984741,2.28476190567,112,0.237410068512,0.5206834673882,0,0.4208633005619,0.029676258564,0,0.02517985552549,7.094449392753e-05,0.9460431933403,0.09277003258467,31.72249984741,-0.02408903464675,332.9430541992,2,5,0,2,0.7985611557961,0.8741007447243,0.5323740839958,0.4614999890327,0.2947300076485,1112,0,0.9352517724037,0.2734649777412
1169,164.2150115967,2143,31.86549949646,2.269962072372,113,0.234712228179,0.5377697944641,0,0.435251802206,0.038669064641,0,0.02607913687825,7.001448830124e-05,0.9442446231842,0.09566029161215,31.86549949646,-0.02491547912359,325.0515136719,5,9,0,3,0.7913669347763,0.8678057789803,0.5269784331322,0.1870000064373,0.3082849979401,1112,0,0.9352517724037,0.2735750675201
1170,164.0390472412,2262,32.16199874878,2.270038127899,113,0.2255166172981,0.5085355043411,0,0.4725965857506,0.03414195775986,0,0.02246181480587,6.753815250704e-05,0.9451931715012,0.09195402264595,32.16199874878,-0.02447942644358,341.6642150879,2,8,0,3,0.7960467338562,0.8571428656578,0.5184186697006,0.1324999928474,0.3116500079632,1113,0,0.9308176040649,0.2734284102917
1171,165.0890350342,2210,32.10049819946,2.259541988373,113,0.2318059355021,0.5139263272285,0,0.4672057628632,0.03234501183033,0,0.03054806776345,6.580846093129e-05,0.9415993094444,0.09909502416849,32.10049819946,-0.02613386884332,335.7209777832,3,8,0,3,0.7681940793991,0.8625336885452,0.5175201892853,0.2874999940395,0.3307749927044,1113,0,0.9290206432343,0.2735426127911
1172,165.1029205322,2164,32.70050048828,2.2531042099,113,0.2273135632277,0.5031446814537,0,0.4294698834419,0.0431266836822,0,0.02336028777063,6.225620018085e-05,0.9415993094444,0.1012014821172,32.70050048828,-0.02613386884332,334.5985717773,6,13,0,8,0.7843665480614,0.868822991848,0.5094339847565,0.1949999928474,0.323399990797,1113,0,0.9272237420082,0.2736643850803
1173,164.1443481445,2106,31.84300041199,2.24450802803,113,0.2129380106926,0.5121293663979,0,0.4303683936596,0.03683737665415,0,0.02964959479868,6.139726610854e-05,0.9407008290291,0.1058879420161,31.84300041199,-0.02654847316444,315.8987121582,2,7,0,2,0.7753818631172,0.8544474244118,0.5031446814537,0.6409999728203,0.3726899921894,1113,0,0.9263252615929,0.2737936973572
1174,164.6963348389,2183,32.21049880981,2.231357574463,113,0.2093441188335,0.4959568679333,0,0.4339622557163,0.03593890368938,0,0.0215633418411,5.86842870689e-05,0.9407008290291,0.1035272553563,32.21049880981,-0.02654847316444,316.8719482422,4,3,0,1,0.7735849022865,0.8526505231857,0.498652279377,1.011000037193,0.3624300062656,1113,0,0.9245283007622,0.2738760709763
1175,164.0715484619,2271,31.92650032043,2.222222328186,113,0.2057502269745,0.4824797809124,0,0.4555256068707,0.03773584961891,0,0.0215633418411,5.811400114908e-05,0.9398023486137,0.1003962978721,31.92650032043,-0.02696347422898,336.6932983398,0,10,0,3,0.7601078152657,0.8445642590523,0.4959568679333,1.106500029564,0.3787299990654,1113,0,0.9200359582901,0.2739608585835
1176,164.9156341553,2166,32.09349822998,2.224999904633,113,0.2012578547001,0.4716981053352,0,0.4833782613277,0.0431266836822,0,0.0215633418411,5.739029438701e-05,0.9380053877831,0.1029547527432,32.09349822998,-0.02779466845095,318.127166748,2,9,0,5,0.7708894610405,0.8445642590523,0.4869721531868,0.2479999810457,0.3816649913788,1113,0,0.9218328595161,0.2740606963634
1177,164.7968444824,3442,31.85950088501,2.213666915894,113,0.1967654973269,0.4681042134762,0,0.3908355534077,0.03593890368938,0,0.02336028777063,5.759489067714e-05,0.9344115257263,0.06217315420508,31.85950088501,-0.02946181409061,334.3159790039,3,7,0,3,0.7726864218712,0.8364779949188,0.4752919971943,0.3264999985695,0.3465450108051,1113,0,0.9182389974594,0.2741522789001
1178,166.8105316162,3333,31.94499969482,2.221042394638,113,0.1976639777422,0.4492363035679,0,1.191374659538,0.04761904850602,0,0.02425876073539,5.762434375356e-05,0.933513045311,0.06270626932383,31.94499969482,-0.02987961098552,325.1062316895,3,17,0,12,0.7556154727936,0.8382749557495,0.4663072824478,0.21099999547,0.330864995718,1113,0,0.9191374778748,0.2742353975773
1179,167.7526550293,3285,32.39599990845,2.226744174957,113,0.1895777136087,0.4645103216171,0,0.4923629760742,0.04312668740749,0,0.01886792480946,5.561351281358e-05,0.9308176040649,0.06362252682447,32.39599990845,-0.03113541379571,321.5647888184,1,11,0,6,0.7493261694908,0.8256962895393,0.4591194987297,0.3379999995232,0.32539498806,1113,0,0.9173405170441,0.2743386626244
1180,167.5017852783,3754,32.50450134277,2.225994110107,113,0.1895777136087,0.4546271264553,0,0.4043126702309,0.03773584961891,0,0.01886792480946,5.599888390861e-05,0.9272237420082,0.05594033002853,32.50450134277,-0.03281546011567,298.346496582,3,10,0,6,0.7484276890755,0.8283917307854,0.4600179791451,0.1509999930859,0.3111900091171,1113,0,0.9155435562134,0.2744310498238
1181,167.6987457275,3491,32.66749954224,2.220817089081,113,0.1805929988623,0.4519317150116,0,1.29829287529,0.03953279554844,0,0.02425876073539,5.26159274159e-05,0.9263252615929,0.06130048632622,32.66749954224,-0.0332364924252,311.4364318848,4,9,0,5,0.758310854435,0.8230009078979,0.4474393427372,0.4269999861717,0.309475004673,1113,0,0.910152733326,0.2745301127434
1182,167.7571411133,3374,32.59099960327,2.205252885818,113,0.1725067347288,0.4420485198498,0,0.4115004241467,0.03324348852038,0,0.0215633418411,5.188929571887e-05,0.9236298203468,0.06490812450647,32.59099960327,-0.03450205549598,294.968536377,1,4,0,3,0.7538185119629,0.8131176829338,0.4465408921242,0.230499997735,0.3368700146675,1113,0,0.9083557724953,0.2746115922928
1183,166.1454162598,3504,33.08399963379,2.197855710983,113,0.1787960529327,0.4420485198498,0,0.3980233669281,0.03504043072462,0,0.0215633418411,5.116382089909e-05,0.9236298203468,0.06649543344975,33.08399963379,-0.03450205549598,310.4532470703,6,7,0,5,0.743036866188,0.8059298992157,0.4456424117088,0.426499992609,0.3333449959755,1113,0,0.9074573516846,0.2747358679771
1184,166.0249938965,3347,32.81999969482,2.193170785904,113,0.1823899298906,0.4222821295261,0,1.254267692566,0.03953279554844,0,0.0215633418411,5.248007801129e-05,0.9218328595161,0.0830594599247,32.81999969482,-0.03534781560302,308.6309509277,2,10,0,5,0.737645983696,0.802336037159,0.4456424117088,0.8209999799728,0.3692649900913,1113,0,0.9065588712692,0.2748105227947
1185,165.94921875,4097,32.88199996948,2.18377327919,113,0.1743036806583,0.4303683638573,0,0.4052111506462,0.03953279554844,0,0.02515723183751,5.287802196108e-05,0.9209344387054,0.06834269315004,32.88199996948,-0.0357712879777,316.7297973633,6,10,0,4,0.740341424942,0.7987421154976,0.4384546279907,0.3824999928474,0.3793100118637,1113,0,0.9020664691925,0.2749408185482
1186,166.582611084,5150,32.84000015259,2.17352938652,113,0.1752021610737,0.4132973849773,0,0.8526505231857,0.0278526507318,0,0.02066486887634,5.038045856054e-05,0.9191374778748,0.0574757270515,32.84000015259,-0.03661952912807,324.6794433594,4,5,0,3,0.7160826325417,0.7996405959129,0.435759216547,0.931500017643,0.3761549890041,1113,0,0.9011679887772,0.2750306725502
1187,166.1965789795,6726,32.74750137329,2.172413825989,113,0.1689128428698,0.4222821295261,0,1.753818511963,0.05660377442837,0,0.02695417776704,4.937158519169e-05,0.9164420366287,0.04757656902075,32.74750137329,-0.03789500147104,329.9761352539,3,14,0,7,0.7286612987518,0.7960467338562,0.4249775409698,0.6955000162125,0.388110011816,1113,0,0.8939802050591,0.2751473784447
1188,166.3517303467,6257,33.00899887085,2.161735773087,113,0.1680143773556,0.4034141898155,0,1.477987527847,0.03324348479509,0,0.01617250591516,4.741577504319e-05,0.9119496941566,0.04842576384544,33.00899887085,-0.0400291159749,347.2747497559,2,6,0,1,0.719676554203,0.78167116642,0.415094345808,1.126999974251,0.4258950054646,1113,0,0.8903863430023,0.2752413153648
1189,167.0753479004,6301,32.78900146484,2.161067247391,113,0.1608265936375,0.4088050425053,0,0.7205750346184,0.04492362961173,0,0.0278526507318,4.82523246319e-05,0.9110512137413,0.04745278507471,32.78900146484,-0.04045721143484,363.116394043,6,13,0,6,0.7133872509003,0.7798742055893,0.4141958653927,0.9869999885559,0.4351400136948,1113,0,0.8885893821716,0.2753244638443
1190,166.4982299805,6017,32.44699859619,2.164031505585,113,0.1635220199823,0.4097034931183,0,1.659478902817,0.06828391551971,0,0.01796945184469,4.689330307883e-05,0.9092542529106,0.05600797757506,32.44699859619,-0.04131466150284,335.6250915527,1,13,0,4,0.7268643379211,0.7861635088921,0.4132973849773,0.6679999828339,0.4254049956799,1113,0,0.8858940005302,0.2754285633564
1191,166.4647827148,5578,32.67800140381,2.160714387894,113,0.1518418639898,0.4043126702309,0,1.348607420921,0.03414195775986,0,0.0278526507318,4.692200673162e-05,0.9092542529106,0.0593402646482,32.67800140381,-0.04131466150284,378.7505187988,6,7,0,1,0.7142857313156,0.7852650284767,0.4123989343643,0.6044999957085,0.3882650136948,1113,0,0.8796046972275,0.2755327820778
1192,166.8223876953,5710,32.33100128174,2.153386354446,113,0.1545372903347,0.4052111506462,0,0.5741239786148,0.03324348479509,0,0.0215633418411,4.631828778656e-05,0.9056603908539,0.06182136759162,32.33100128174,-0.04303462803364,345.3046569824,4,3,0,2,0.719676554203,0.7834681272507,0.4132973849773,0.8725000023842,0.422495007515,1113,0,0.8760107755661,0.2756192982197
1193,166.6288604736,5382,32.2319984436,2.160282373428,113,0.1509433984756,0.3971248865128,0,1.565139293671,0.08086253702641,0,0.03144654259086,4.708644701168e-05,0.9020664691925,0.07525083422661,32.2319984436,-0.04476146027446,393.720489502,4,18,0,3,0.7008086442947,0.7735849022865,0.4079065620899,1.56200003624,0.4579550027847,1113,0,0.8679245114326,0.2757049202919
1194,166.7108917236,5868,32.0805015564,2.148785352707,113,0.1563342362642,0.4061096012592,0,1.139263272285,0.04132974147797,0,0.02515723183751,4.525179974735e-05,0.8912848234177,0.06612133234739,32.0805015564,-0.04998349025846,345.9804077148,6,6,0,2,0.694519340992,0.7717879414558,0.4007187783718,1.21749997139,0.4417699873447,1113,0,0.8616352081299,0.2758200466633
1195,166.2406768799,7256,32.29100036621,2.142857074738,114,0.1518418639898,0.3989218473434,0,0.9317160844803,0.05480682849884,0,0.0278526507318,4.611105032382e-05,0.8876909017563,0.06201764196157,32.29100036621,-0.05173823237419,409.561706543,6,15,0,8,0.6909254193306,0.7717879414558,0.4034141898155,1.072000026703,0.4467200040817,1113,0,0.8607367277145,0.275923281908
1196,166.4850463867,6573,32.10599899292,2.154628753662,115,0.1508079022169,0.3931777477264,0,2.217235326767,0.1041292622685,0,0.03052064590156,4.422654455993e-05,0.88599640131,0.06541913747787,32.10599899292,-0.05256804451346,402.6700439453,1,31,0,14,0.6867145299911,0.7630161643028,0.3949730694294,2.150000095367,0.4638450145721,1114,0,0.8527827858925,0.2757972180843
1197,166.1363677979,7081,32.08449935913,2.151484251022,115,0.144394621253,0.4026905894279,0,0.9183856248856,0.07085201889277,0,0.03497757762671,4.439953409019e-05,0.8816143274307,0.06693969666958,32.08449935913,-0.05472135916352,423.8426208496,10,11,0,7,0.6645739674568,0.7596412301064,0.3937219679356,1.590499997139,0.4661949872971,1115,0,0.8520179390907,0.275673866272
1198,166.2246246338,7682,32.11149978638,2.155897378922,116,0.1461883336306,0.3838565051556,0,1.321076273918,0.05291479825974,0,0.03856502100825,4.341265957919e-05,0.8762331604958,0.06300442665815,32.11149978638,-0.05738031491637,457.4421386719,11,10,0,3,0.6762331724167,0.7605381011963,0.3910313844681,1.465999960899,0.4517700076103,1115,0,0.8502241969109,0.2757761180401
1199,168.0032501221,7917,32.32699966431,2.153766870499,116,0.148745521903,0.4059139788151,0,2.397849321365,0.114695340395,0,0.03853046521544,4.231559796608e-05,0.8736559152603,0.05810281634331,32.32699966431,-0.05865957960486,437.6218261719,5,18,0,12,0.6756272315979,0.7455196976662,0.3879928290844,1.191499948502,0.4478299915791,1116,0,0.8440860509872,0.2756219804287
1200,167.5741882324,8899,32.35200119019,2.164241075516,117,0.1442652344704,0.3906809985638,0,1.195340514183,0.0707885324955,0,0.03494623675942,4.20745491283e-05,0.8682795763016,0.05326441302896,32.35200119019,-0.06134041398764,479.3872375488,8,18,0,7,0.6568100452423,0.7553763389587,0.3808243870735,1.134999990463,0.4565550088882,1116,0,0.8405017852783,0.2757610082626
1201,167.1266174316,9380,32.43600082397,2.160249710083,117,0.14950761199,0.3957027792931,0,1.862130761147,0.05192479863763,0,0.03670546039939,4.283656016923e-05,0.8612354397774,0.05373134464025,32.43600082397,-0.06487810611725,464.3819885254,3,9,0,6,0.6589077711105,0.742166519165,0.374216645956,1.932999968529,0.458310008049,1117,0,0.8370635509491,0.2756170928478
1202,167.0818328857,9412,32.25749969482,2.163712263107,118,0.1459265947342,0.3930170238018,0,2.511190652847,0.1128021553159,0,0.02954342029989,4.188701495877e-05,0.8603401780128,0.05259243398905,32.25749969482,-0.06532979756594,458.8706970215,2,16,0,9,0.6660698056221,0.7448523044586,0.3733213841915,1.275500059128,0.4788399934769,1117,0,0.8343778252602,0.2757333219051
1203,167.4440917969,9210,32.18199920654,2.161626577377,118,0.1618962436914,0.3908765614033,0,1.431127071381,0.08855098485947,0,0.02504472248256,4.233906656737e-05,0.8577817678452,0.06069489568472,32.18199920654,-0.06662318855524,478.172454834,4,20,0,12,0.6636851429939,0.7352415323257,0.3738819360733,1.697000026703,0.4994150102139,1118,0,0.8345259428024,0.2756446301937
1204,167.4260101318,9942,31.87949943542,2.156576156616,118,0.1538461595774,0.383720934391,0,1.773703098297,0.06261180341244,0,0.03667262941599,4.228293619235e-05,0.8577817678452,0.05612552911043,31.87949943542,-0.06662318855524,506.0401000977,5,10,0,5,0.6547406315804,0.7370303869247,0.370304107666,3.233500003815,0.5082049965858,1118,0,0.8318426012993,0.2757607698441
1205,167.1535949707,11877,31.59350013733,2.161795377731,118,0.1511627882719,0.3962433040142,0,2.728980302811,0.1440071463585,0,0.0339892655611,4.163151606917e-05,0.856887280941,0.04782352596521,31.59350013733,-0.06707630306482,466.1197509766,7,26,0,12,0.658318400383,0.7316637039185,0.3729874789715,3.709000110626,0.5317100286484,1118,0,0.8309481143951,0.2758703529835
1206,166.7879333496,12367,31.34000015259,2.171368837357,118,0.1475849747658,0.3658318519592,0,2.593023300171,0.09123434126377,0,0.03667262941599,4.015170270577e-05,0.856887280941,0.05037600174546,31.34000015259,-0.06707630306482,601.9346313477,4,23,0,14,0.6556350588799,0.7200357913971,0.3765653073788,4.197500228882,0.5595499873161,1118,0,0.8291592001915,0.2760173678398
1207,166.9673156738,13093,31.20949935913,2.173277616501,118,0.1556350588799,0.3971377313137,0,2.17710185051,0.08765652775764,0,0.03309481218457,4.167373117525e-05,0.8559928536415,0.04788818582892,31.20949935913,-0.06752985715866,502.8431396484,9,24,0,14,0.6457960605621,0.7262969613075,0.3694096505642,3.581000089645,0.5581499934196,1118,0,0.8273702859879,0.2761435806751
1208,165.5806427002,15448,31.4344997406,2.18677854538,118,0.1583184301853,0.3962433040142,0,3.09481215477,0.1493738889694,0,0.03756708279252,4.030937634525e-05,0.856887280941,0.04259451106191,31.4344997406,-0.06707630306482,527.474609375,4,26,0,12,0.6493738889694,0.7137746214867,0.3676207661629,1.87399995327,0.5489699840546,1118,0,0.8220036029816,0.2762564122677
1209,165.9871826172,16253,31.58499908447,2.185729265213,118,0.1583184301853,0.4025044739246,0,3.927549123764,0.09481216222048,0,0.03846153989434,4.242543582222e-05,0.8524150252342,0.04374577105045,31.58499908447,-0.06934890896082,517.9982299805,8,17,0,9,0.6377459764481,0.7289803028107,0.3631484806538,3.96199965477,0.5420449972153,1118,0,0.8166368603706,0.2763651609421
1210,166.5350341797,17276,31.17350006104,2.179057598114,118,0.1583184301853,0.3935599327087,0,2.927549123764,0.1109123453498,0,0.04025044664741,4.480581628741e-05,0.8524150252342,0.04225515201688,31.17350006104,-0.06934890896082,600.6968383789,9,15,0,7,0.6440071463585,0.7182468771935,0.3685151934624,3.582999944687,0.5665500164032,1118,0,0.8157423734665,0.27651232481
1211,165.9194335938,17533,30.99150085449,2.182199001312,118,0.1574239730835,0.4069767296314,0,3.627906799316,0.1690518707037,0,0.03488372266293,4.451822314877e-05,0.8542039394379,0.04266240820289,30.99150085449,-0.06843843311071,569.73046875,4,29,0,14,0.6359570622444,0.727191388607,0.3756708502769,2.34450006485,0.5693749785423,1118,0,0.814847946167,0.2766034007072
1212,165.638092041,17660,31.54999923706,2.176963329315,118,0.1574239730835,0.3926654756069,0,4.084972858429,0.09838998317719,0,0.03756708279252,4.848283424508e-05,0.8542039394379,0.04801812022924,31.54999923706,-0.06843843311071,701.3507080078,7,12,0,7,0.6422182321548,0.7200357913971,0.3792486488819,1.680999994278,0.5405650138855,1118,0,0.8166368603706,0.2767840027809
1213,165.8661346436,18889,31.58650016785,2.187631130219,118,0.1565295159817,0.4025044739246,0,3.122540235519,0.1296958774328,0,0.03667262941599,4.69994629384e-05,0.8542039394379,0.0481761880219,31.58650016785,-0.06843843311071,700.6030273438,7,32,0,11,0.6404293179512,0.727191388607,0.3855098485947,2.68799996376,0.5493549704552,1118,0,0.8175312876701,0.2769694924355
1214,165.6917114258,19357,31.15449905396,2.19789481163,118,0.1538461595774,0.4051878452301,0,4.252236366272,0.1833631396294,0,0.04561717435718,4.78520487377e-05,0.8533094525337,0.04871622845531,31.15449905396,-0.06889344006777,753.3369750977,8,22,0,12,0.6198568940163,0.7236136198044,0.3881931900978,2.809000015259,0.5667549967766,1118,0,0.8175312876701,0.2771509289742
1215,165.7638702393,21043,31.31649971008,2.209302425385,119,0.1493738889694,0.4168157279491,0,4.276386737823,0.1225402504206,0,0.04203935712576,4.660428021452e-05,0.8497316837311,0.04799695685506,31.31649971008,-0.07071819156408,731.0915527344,12,18,0,11,0.6350626349449,0.7218247056007,0.3864043056965,2.188999891281,0.5596600174904,1118,0,0.8175312876701,0.2773197591305
1216,166.383392334,24492,31.21150016785,2.221868276596,119,0.1644325256348,0.4110813140869,0,4.218945503235,0.1385165303946,0,0.05183199420571,4.678162076743e-05,0.8453976511955,0.04797484725714,31.21150016785,-0.07293896377087,794.2124633789,7,20,0,10,0.6344950795174,0.7256479263306,0.3887399435043,2.512000083923,0.5648949742317,1119,0,0.8150134086609,0.2772089242935
1217,166.191696167,28293,31.46850013733,2.239406824112,119,0.1697944551706,0.4200178682804,0,6.1090259552,0.2180518209934,0,0.04289544373751,4.809164602193e-05,0.8418230414391,0.04425122961402,31.46850013733,-0.07477919012308,790.780090332,8,47,0,26,0.6255585551262,0.7336907982826,0.3869526386261,3.059499979019,0.5610600113869,1119,0,0.8150134086609,0.2773625552654
1218,165.5367431641,33590,31.28499984741,2.25,119,0.1644325256348,0.4226988255978,0,6.665772914886,0.2180518358946,0,0.03932082280517,4.864829679718e-05,0.8436103463173,0.03956534713507,31.28499984741,-0.07385810464621,814.5332641602,8,29,0,10,0.5978552103043,0.7345844507217,0.3923145532608,3.718499898911,0.5759549736977,1119,0,0.8168007135391,0.277547866106
1219,166.0128173828,36678,30.90850067139,2.261652469635,119,0.1697944551706,0.4369973242283,0,7.541554927826,0.2010723948479,0,0.04110813140869,5.042519114795e-05,0.8436103463173,0.03953323513269,30.90850067139,-0.07385810464621,766.5866699219,7,27,0,11,0.6130473613739,0.7354781031609,0.4003574550152,4.181000232697,0.5886300206184,1119,0,0.8176943659782,0.2777007222176
1220,166.8204650879,33993,30.67399978638,2.268703937531,119,0.177837356925,0.4334226846695,0,8.084003448486,0.2618409395218,0,0.04736371710896,5.167500785319e-05,0.8436103463173,0.04315594211221,30.67399978638,-0.07385810464621,875.6368408203,7,39,0,19,0.6282395124435,0.7372654080391,0.403932094574,2.385999917984,0.5974500179291,1119,0,0.8185880184174,0.2779204547405
1221,166.9166717529,34102,30.95100021362,2.287066221237,120,0.1814119815826,0.4405719339848,0,5.32439661026,0.2752457559109,0,0.05183199420571,5.438438165584e-05,0.8480786681175,0.04468946158886,30.95100021362,-0.07156386226416,865.6046142578,9,30,0,21,0.6228775978088,0.7310098409653,0.4084003567696,1.692000031471,0.5834149718285,1119,0,0.8185880184174,0.2780817747116
1222,166.3397674561,37144,30.87999916077,2.29758143425,120,0.1767857074738,0.4482142925262,0,7.28035736084,0.2124999910593,0,0.05446428433061,5.397466520662e-05,0.8491071462631,0.04288714379072,30.87999916077,-0.07103750854731,952.3712158203,9,26,0,13,0.605357170105,0.7455357313156,0.409821420908,2.547499895096,0.5889850258827,1120,0,0.8187500238419,0.2780295014381
1223,166.0981750488,39032,30.98150062561,2.311251401901,120,0.1848214268684,0.4607142806053,0,9.612499237061,0.2803571224213,0,0.05357142910361,5.468856761581e-05,0.8491071462631,0.0415044054389,30.98150062561,-0.07103750854731,897.0442504883,12,30,0,12,0.6142857074738,0.738392829895,0.4178571403027,2.421999931335,0.5840150117874,1120,0,0.8160714507103,0.2781888544559
1224,165.9149627686,39960,30.9109992981,2.332633733749,121,0.1848214268684,0.4696428477764,0,6.917857170105,0.2919642627239,0,0.05624999850988,5.43639944226e-05,0.8491071462631,0.0446696691215,30.9109992981,-0.07103750854731,1025.615112305,10,38,0,19,0.6142857074738,0.7464285492897,0.4232142865658,3.62700009346,0.5881850123405,1120,0,0.8169642686844,0.278481811285
1225,166.5882415771,39253,30.46850013733,2.345188379288,121,0.192685097456,0.4656556546688,0,7.884924411774,0.2417484372854,0,0.06066012382507,5.580917422776e-05,0.8501338362694,0.0503146238625,30.46850013733,-0.07051269710064,1095.651000977,11,32,0,17,0.6244424581528,0.7511150836945,0.4308652877808,2.250999927521,0.6035199761391,1121,0,0.815343439579,0.2784525752068
1226,166.5908355713,40583,30.7110004425,2.34375,121,0.201605707407,0.4808206856251,0,8.795718193054,0.353256046772,0,0.06958073377609,5.729808981414e-05,0.8528099656105,0.05354458838701,30.7110004425,-0.06914773583412,1187.643920898,17,25,0,11,0.6164138913155,0.7528991699219,0.4442462027073,2.755500078201,0.5876449942589,1121,0,0.8144513964653,0.2786668539047
1227,166.3716278076,42855,30.63349914551,2.355208396912,121,0.2051739543676,0.4861730635166,0,7.866190910339,0.403211414814,0,0.06422837078571,5.847812644788e-05,0.8563782572746,0.05623614415526,30.63349914551,-0.06733436882496,1187.450805664,13,28,0,10,0.6012488603592,0.7537912726402,0.4522747695446,2.513000011444,0.5941050052643,1121,0,0.8198037743568,0.2789421081543
1228,167.6583557129,43912,30.41650009155,2.373958349228,121,0.2033898234367,0.4915254116058,0,9.126672744751,0.3559322059155,0,0.07939340174198,6.065991692594e-05,0.8563782572746,0.05082892999053,30.41650009155,-0.06733436882496,1394.145507812,11,33,0,15,0.621766269207,0.7502230405807,0.4647636115551,2.243999958038,0.6007850170135,1121,0,0.8180196285248,0.2791764140129
1229,167.9872436523,46336,30.28300094604,2.394160509109,121,0.2033898234367,0.4915254116058,0,9.447813987732,0.4772524535656,0,0.06601248681545,5.892809713259e-05,0.8563782572746,0.04985324665904,30.28300094604,-0.06733436882496,1405.251464844,12,37,0,23,0.612845659256,0.7627118825912,0.4736842215061,3.095999956131,0.6053349971771,1121,0,0.8206958174706,0.2793657779694
1230,168.5278778076,48457,30.16699981689,2.405601739883,121,0.2123104333878,0.5013380646706,0,9.454950332642,0.4424620866776,0,0.08385369926691,6.140099139884e-05,0.8554861545563,0.05144767463207,30.16699981689,-0.06778701394796,1603.005126953,12,35,0,17,0.6226583123207,0.763603925705,0.4799286425114,2.387000083923,0.616289973259,1121,0,0.8233720064163,0.2796092033386
1231,169.6580352783,49449,30.26799964905,2.412190198898,121,0.2140945643187,0.5102586746216,0,10.41926860809,0.4808206856251,0,0.07850133627653,5.990486170049e-05,0.8599464893341,0.05583530664444,30.26799964905,-0.06552857905626,1482.708496094,13,34,0,12,0.630686879158,0.7644959688187,0.4843889474869,3.638000011444,0.6157900094986,1121,0,0.8260481953621,0.2798258960247
1232,170.0167541504,52168,30.27799987793,2.435500621796,122,0.236396074295,0.5129348635674,0,10.11150741577,0.6066012382507,0,0.08206958323717,6.20030114078e-05,0.8635147213936,0.05453534796834,30.27799987793,-0.06373025476933,1768.073608398,14,38,0,19,0.6119536161423,0.7698483467102,0.4906333684921,2.673000097275,0.6194949746132,1121,0,0.831400513649,0.280088365078
1233,170.2348480225,53180,30.53100013733,2.443987607956,123,0.2397504448891,0.5409982204437,0,11.18538379669,0.4919786155224,0,0.0855614989996,6.303194095381e-05,0.8636363744736,0.05622414499521,30.53100013733,-0.06366907805204,1391.270019531,11,31,0,15,0.6327985525131,0.7673797011375,0.5008912682533,2.901499986649,0.6091200113297,1122,0,0.8333333134651,0.2800486385822
1234,170.3207550049,52823,30.32799911499,2.454918146133,123,0.2395369559526,0.5280498862267,0,10.77292919159,0.5325022339821,0,0.07925200462341,6.285424751695e-05,0.8664292097092,0.06080684438348,30.32799911499,-0.0622669197619,1876.174560547,8,37,0,22,0.6233303546906,0.7756010890007,0.5138022899628,2.584000110626,0.6136199831963,1123,0,0.8334817290306,0.2800389230251
1235,171.4495239258,53545,30.50149917603,2.472024440765,123,0.2564559280872,0.5547640323639,0,9.961709022522,0.7105966210365,0,0.07123775780201,6.69782893965e-05,0.8691006302834,0.06148099899292,30.50149917603,-0.06092993542552,1564.107421875,10,50,0,25,0.640249311924,0.7827248573303,0.5200356245041,2.587500095367,0.604984998703,1123,0,0.8343722224236,0.2802859842777
1236,171.4951629639,53202,30.36300086975,2.485279083252,123,0.253784507513,0.5512021183968,0,11.3935880661,0.5805877447128,0,0.09795191138983,6.615437450819e-05,0.87533390522,0.06424570828676,30.36300086975,-0.05782625079155,1890.66418457,23,26,0,12,0.6331255435944,0.7782725095749,0.528940320015,2.490999937057,0.6157299876213,1123,0,0.837934076786,0.2805872261524
1237,171.59375,55835,30.29500007629,2.502024173737,123,0.2617987394333,0.5601068735123,0,10.6295633316,0.5975067019463,0,0.08904719352722,7.215583173092e-05,0.8771148920059,0.06418912857771,30.29500007629,-0.05694351345301,1870.649414062,16,39,0,20,0.6669635176659,0.7756010890007,0.5387355089188,2.19000005722,0.6163449883461,1123,0,0.8441674113274,0.2808967530727
1238,171.8560028076,56382,30.38999938965,2.51762342453,123,0.2733748853207,0.5645592212677,0,11.5912733078,0.7497773766518,0,0.1139804124832,7.267871842487e-05,0.8797863125801,0.06564151495695,30.38999938965,-0.05562279745936,2117.576660156,12,40,0,20,0.6455921530724,0.7960819005966,0.5503116846085,2.480499982834,0.6127099990845,1123,0,0.8477293252945,0.2812045812607
1239,171.9938964844,57168,30.19099998474,2.533199310303,123,0.2902938425541,0.5743544101715,0,11.88067626953,0.6803206205368,0,0.09795191138983,7.803888729541e-05,0.8842386603355,0.06881472468376,30.19099998474,-0.05343050509691,2066.419189453,23,27,0,15,0.6429207324982,0.7853962779045,0.5583258867264,2.464999914169,0.6184750199318,1123,0,0.8477293252945,0.2814832627773
1240,171.9649505615,58174,29.79150009155,2.550753831863,123,0.2885129153728,0.5779163241386,0,11.24398899078,0.7408726811409,0,0.1228851303458,7.869205728639e-05,0.8851290941238,0.07039227336645,29.79150009155,-0.05299338325858,2397.451904297,18,31,0,11,0.6598396897316,0.7960819005966,0.5663401484489,3.751499891281,0.6376799941063,1123,0,0.8530721068382,0.2817687392235
1241,171.9978942871,58792,29.82999992371,2.563691139221,123,0.3107747137547,0.5939447879791,0,11.98219013214,0.7782725095749,0,0.1121994629502,8.174742106348e-05,0.8860195875168,0.07329228520393,29.82999992371,-0.05255667865276,2218.974853516,15,34,0,12,0.6509349942207,0.7934104800224,0.5752449035645,4.133999824524,0.6375650167465,1123,0,0.8548530936241,0.2820800840855
1242,173.4340362549,60233,29.58049964905,2.571571588516,123,0.3045414090157,0.6001781225204,0,12.25823688507,0.8334817886353,0,0.1148708835244,8.192370296456e-05,0.887800514698,0.07494230568409,29.58049964905,-0.05168460682034,2532.339355469,16,25,0,17,0.6642920970917,0.8049866557121,0.5814781785011,2.804500102997,0.6392750144005,1123,0,0.8610863685608,0.2824228703976
1243,173.9913024902,61560,29.50849914551,2.574129343033,123,0.3187889456749,0.6081923246384,0,12.12288475037,0.8477293252945,0,0.1184327676892,8.554014493711e-05,0.8895815014839,0.07563352584839,29.50849914551,-0.05081425607204,2506.169921875,13,32,0,16,0.6678539514542,0.8103294968605,0.5930542945862,3.677999973297,0.6491450071335,1123,0,0.8601958751678,0.2826801538467
1244,174.0177764893,63693,29.4015007019,2.592445373535,123,0.3232413232327,0.6081923246384,0,12.8023147583,0.863757789135,0,0.123775601387,8.850351150613e-05,0.8949242830276,0.07598951458931,29.4015007019,-0.04821370914578,2859.327148438,20,32,0,19,0.6847729086876,0.8058770895004,0.6090828180313,4.922500133514,0.6550999879837,1123,0,0.862867295742,0.2829788327217
1245,174.7767791748,58989,29.26250076294,2.601190567017,123,0.3268032073975,0.627782702446,0,13.43811225891,0.9439002871513,0,0.1166518256068,9.053072426468e-05,0.8958147764206,0.08410042524338,29.26250076294,-0.04778178036213,2551.088623047,11,28,0,11,0.6803205609322,0.8147818446159,0.6179875135422,4.643000125885,0.6614400148392,1123,0,0.8682101368904,0.2833000719547
1246,173.6786499023,59378,29.28499984741,2.60731959343,123,0.3303650915623,0.6295636892319,0,9.853962898254,0.975957274437,0,0.1193232387304,9.270531882066e-05,0.8975957036018,0.08674930036068,29.28499984741,-0.046919234097,2854.970214844,14,28,0,13,0.714158475399,0.8174532651901,0.6260017752647,2.849999904633,0.6550049781799,1123,0,0.8699911236763,0.2835732400417
1247,174.9630432129,59957,29.51749992371,2.618953704834,123,0.3437221646309,0.6455921530724,0,12.71237754822,0.9528049826622,0,0.1104185208678,9.748998127179e-05,0.900267124176,0.09014794230461,29.51749992371,-0.0456286072731,2581.18359375,17,31,0,11,0.7088156938553,0.8352627158165,0.6313446164131,3.210000038147,0.6417449712753,1123,0,0.8726624846458,0.2838594317436
1248,176.5823669434,59785,29.00250053406,2.619468927383,124,0.3686553835869,0.6607301831245,0,13.509349823,1.060552000999,0,0.1255565434694,9.984568896471e-05,0.9020481109619,0.0927490144968,29.00250053406,-0.04477030038834,2565.971435547,14,28,0,14,0.6999109387398,0.8317008018494,0.652715921402,4.194499969482,0.6684899926186,1123,0,0.876224398613,0.2841599285603
1249,176.0704193115,60746,28.86149978638,2.639763832092,124,0.3665480315685,0.6628113985062,0,10.28647708893,1.016903877258,0,0.09875445067883,0.0001040591669152,0.904804289341,0.09375102818012,28.86149978638,-0.04344534873962,2509.208251953,15,29,0,13,0.7090747356415,0.8291814923286,0.6619216799736,4.467000007629,0.6689450144768,1124,0,0.8763345479965,0.2841864228249
1250,176.3664245605,60788,28.96649932861,2.651574850082,125,0.3852313160896,0.6823843121529,0,12.87010765076,1.030249118805,0,0.1209964379668,0.0001068271667464,0.9039145708084,0.08583930879831,28.96649932861,-0.04387261345983,2466.540039062,11,30,0,17,0.7028470039368,0.8469750881195,0.6725978851318,4.401500225067,0.6702449917793,1124,0,0.8816726207733,0.2845048308372
1251,176.1706085205,60418,28.61949920654,2.66175031662,125,0.396444439888,0.6808888912201,0,13.28622245789,0.8373333215714,0,0.121777780354,0.0001119605149142,0.9031111001968,0.0877553075552,28.61949920654,-0.04425882175565,2404.514648438,23,20,0,10,0.7128888964653,0.8462222218513,0.6800000071526,6.15700006485,0.6841350197792,1125,0,0.8826666474342,0.2845559418201
1252,177.089630127,60891,28.8390007019,2.667320966721,126,0.4133333265781,0.7093333601952,0,10.48888874054,0.8204444646835,0,0.1262222230434,0.000114523609227,0.9039999842644,0.08979980647564,28.8390007019,-0.04383157938719,2364.072998047,14,29,0,12,0.7155555486679,0.8471111059189,0.6906666755676,3.578500032425,0.6815850138664,1125,0,0.886222243309,0.284894734621
1253,177.1193389893,61017,28.79949951172,2.668292760849,126,0.4209591448307,0.7078152894974,0,12.98134994507,0.8294849395752,0,0.1172291263938,0.0001152841432486,0.9049733281136,0.09253159165382,28.79949951172,-0.0433642193675,2380.443359375,15,29,0,12,0.7175843715668,0.8507992625237,0.7024866938591,3.473500013351,0.6891350150108,1126,0,0.8898756504059,0.284935772419
1254,177.2380981445,63507,28.79299926758,2.671540021896,126,0.4236234426498,0.7255772352219,0,13.09502601624,0.8383659124374,0,0.1252220273018,0.0001181658662972,0.9103019833565,0.09249374270439,28.79299926758,-0.04081451147795,2505.473144531,16,20,0,12,0.7362344861031,0.8579040765762,0.7149200439453,4.138000011444,0.6807850003242,1126,0,0.8925399780273,0.2852958738804
1255,177.7809448242,66027,28.39749908447,2.678362607956,126,0.4333925545216,0.7184724807739,0,12.16341018677,0.8667851090431,0,0.1394316107035,0.0001200820261147,0.911190032959,0.08891817182302,28.39749908447,-0.04039103910327,2581.3828125,15,20,0,13,0.726465344429,0.8650088906288,0.7211367487907,3.175499916077,0.7022349834442,1126,0,0.8969804644585,0.2856129705906
1256,177.3768157959,61075,28.44899940491,2.685491800308,126,0.4493783414364,0.7273534536362,0,14.39342784882,0.9218472242355,0,0.1358792185783,0.0001222614664584,0.911190032959,0.09992632269859,28.44899940491,-0.04039103910327,2827.884521484,17,21,0,11,0.7273534536362,0.8623445630074,0.7344582676888,3.611500024796,0.6932950019836,1126,0,0.8978685736656,0.2859756052494
1257,176.875,62163,28.73349952698,2.692905664444,126,0.4547069370747,0.726465344429,0,10.67761993408,0.9529307484627,0,0.1447602063417,0.0001265524188057,0.9120781421661,0.1003490835428,28.73349952698,-0.03996795043349,2756.171875,23,32,0,14,0.7477797269821,0.8623445630074,0.743339240551,2.418499946594,0.6718999743462,1126,0,0.8996447324753,0.286321669817
1258,175.3844299316,62162,28.74600028992,2.696116447449,126,0.4653641283512,0.7255772352219,0,12.77886295319,0.8756660223007,0,0.1412078142166,0.0001275551330764,0.9138543605804,0.101267658174,28.74600028992,-0.03912300989032,2979.796875,13,16,0,9,0.7655417323112,0.8623445630074,0.7522202730179,2.837500095367,0.6794049739838,1126,0,0.9014209508896,0.2866148650646
1259,174.6178588867,64776,28.48349952698,2.706110477448,126,0.4671403169632,0.7317939400673,0,13.91474246979,1.029307246208,0,0.1296625286341,0.0001314268592978,0.9147424697876,0.0993732213974,28.48349952698,-0.03870115801692,2812.108886719,22,25,0,13,0.7531083226204,0.8756660819054,0.7531083226204,3.543999910355,0.69457000494,1126,0,0.9031971693039,0.2869068980217
1260,175.820892334,67321,28.76499938965,2.70599603653,126,0.4742451012135,0.7344582676888,0,12.44760227203,1.027531147003,0,0.1341030150652,0.0001317733695032,0.9156305789948,0.09723563492298,28.76499938965,-0.03827971220016,2869.467285156,15,19,0,11,0.7690941095352,0.8694493770599,0.7557726502419,3.141499996185,0.6780549883842,1126,0,0.9067495465279,0.2872090637684
1261,175.8362731934,67120,28.70800018311,2.711390018463,126,0.483126103878,0.7388987541199,0,14.24955558777,0.8703374862671,0,0.1261101216078,0.0001339341979474,0.9182948470116,0.0984058380127,28.70800018311,-0.03701785579324,2753.998779297,15,24,0,10,0.7788632512093,0.8712255954742,0.7619893550873,2.643500089645,0.6809449791908,1126,0,0.9049733281136,0.2874871492386
1262,176.2518768311,68018,28.48150062561,2.710982561111,126,0.4911189973354,0.7371225357056,0,13.72291278839,1.112788677216,0,0.1216696277261,0.0001351024693577,0.9200710654259,0.09984122216702,28.48150062561,-0.03617862984538,2847.531982422,10,22,0,13,0.7753108143806,0.8756660819054,0.7664298415184,4.6890001297,0.6933900117874,1126,0,0.9049733281136,0.2877742648125
1263,176.6180877686,69839,28.55200004578,2.718269348145,127,0.5062167048454,0.7415630817413,0,13.14831256866,1.115452885628,0,0.1145648285747,0.0001376371219521,0.9218472242355,0.09938573092222,28.55200004578,-0.03534105047584,2705.272460938,13,23,1,11,0.7912966012955,0.8756660819054,0.7744227647781,2.168499946594,0.685790002346,1126,0,0.9058614373207,0.288061529398
1264,177.2608642578,71536,28.44549942017,2.724568128586,127,0.4933451712132,0.740905046463,0,15.25288391113,0.9449867010117,0,0.1171251088381,0.0001398407039233,0.9228038787842,0.1000055894256,28.44549942017,-0.03489059209824,2656.645507812,10,24,0,9,0.8047915101051,0.884649515152,0.7834960222244,2.500999927521,0.6773200035095,1127,0,0.9059450030327,0.2881651222706
1265,178.0229034424,73480,28.31649971008,2.727011442184,127,0.5093167424202,0.7480035424232,0,14.68855381012,1.172138333321,0,0.1180124208331,0.0001459015329601,0.9245785474777,0.09839411824942,28.31649971008,-0.03405619040132,2427.944580078,15,26,0,14,0.8145518898964,0.876663684845,0.7834960222244,4.738500118256,0.6924449801445,1127,0,0.9077196121216,0.2884652018547
1266,178.0822906494,77449,28.17499923706,2.728927135468,127,0.5199645161629,0.7533274292946,0,14.38598060608,1.096716880798,0,0.115350484848,0.0001463582593715,0.9263531565666,0.09222843497992,28.17499923706,-0.03322341293097,2318.368652344,12,18,0,11,0.8030168414116,0.8837621808052,0.7905945181847,4.082499980927,0.6975499987602,1127,0,0.9068322777748,0.2887604534626
1267,178.4750061035,78451,28.14800071716,2.735378742218,128,0.5297249555588,0.7551020383835,0,17.24933433533,1.028393983841,0,0.1100266203284,0.0001537577772979,0.9263531565666,0.09195549041033,28.14800071716,-0.03322341293097,2159.214599609,11,18,0,8,0.8118899464607,0.8917480111122,0.7888198494911,5.921999931335,0.6992400288582,1127,0,0.9094942212105,0.2890639901161
1268,178.1056518555,79871,28.06649971008,2.742802381516,128,0.5336879491806,0.7508864998817,0,15.66666698456,1.156028270721,0,0.1205673739314,0.000155336514581,0.9246453642845,0.09179802238941,28.06649971008,-0.03402480483055,2197.994384766,8,24,0,12,0.8218085169792,0.8820921778679,0.797872364521,4.30999994278,0.7029899954796,1128,0,0.9104610085487,0.2890960276127
1269,177.0837402344,79937,27.79500007629,2.751915693283,128,0.5425531864166,0.7420212626457,0,15.39273071289,1.125,0,0.1134751737118,0.0001608482270967,0.9237588644028,0.09282309561968,27.79500007629,-0.03444138169289,2181.650878906,11,23,0,19,0.8289006948471,0.8936170339584,0.8031914830208,5.978000164032,0.7206950187683,1128,0,0.9113475084305,0.2894077003002
1270,176.4776153564,80420,27.78400039673,2.75549197197,128,0.5469858050346,0.7553191781044,0,17.03102684021,1.087765932083,0,0.1037234067917,0.0001647624158068,0.9255319237709,0.0948768928647,27.78400039673,-0.03360859677196,2088.394287109,11,19,0,12,0.8138297796249,0.8909574747086,0.8102836608887,5.489999771118,0.7213150262833,1128,0,0.9122340679169,0.2897101640701
1271,177.1488800049,81634,27.64999961853,2.755958080292,128,0.5443262457848,0.7473404407501,0,15.99024868011,1.187056779861,0,0.1161347553134,0.0001645646116231,0.9281914830208,0.09564641863108,27.64999961853,-0.03236242011189,2115.820556641,10,23,0,8,0.8262411355972,0.8874113559723,0.8129432797432,4.815499782562,0.7232999801636,1128,0,0.9140070676804,0.2900315225124
1272,176.9750061035,81724,27.55699920654,2.764761924744,128,0.5505319237709,0.7473404407501,0,16.186170578,1.154255390167,0,0.1125886514783,0.0001636368251638,0.9299645423889,0.09781704097986,27.55699920654,-0.03153361007571,2211.323242188,12,21,0,10,0.8368794322014,0.8945035338402,0.8138297796249,3.821500062943,0.7257300019264,1128,0,0.9157801270485,0.2903619706631
1273,177.6650085449,82019,27.88599967957,2.768571376801,129,0.5416666865349,0.745567381382,0,16.853723526,1.20567381382,0,0.1108155995607,0.0001637363748159,0.9308510422707,0.09017422795296,27.88599967957,-0.03111981041729,2148.841552734,12,21,1,10,0.8306737542152,0.8909574747086,0.8147163391113,4.175000190735,0.7085450291634,1128,0,0.9166666865349,0.2906055450439
1274,178.5693054199,82893,27.68099975586,2.769011497498,129,0.5465013384819,0.7537643909454,0,16.35518074036,1.309123158455,0,0.1018600538373,0.000161977703101,0.9300265908241,0.09289083629847,27.68099975586,-0.03150463476777,2082.313720703,10,18,0,10,0.8290522694588,0.8954827189445,0.8148804306984,5.611000061035,0.7231150269508,1129,0,0.9149690270424,0.2906444370747
1275,178.7475280762,76976,27.48749923706,2.778517007828,129,0.5456156134605,0.7546501159668,0,16.72010612488,1.232949495316,0,0.1054030135274,0.0001662889844738,0.9317980408669,0.1019148826599,27.48749923706,-0.03067820891738,1897.6640625,6,24,0,9,0.8449955582619,0.8990256786346,0.8166518807411,4.934000015259,0.731694996357,1129,0,0.9167404770851,0.290918380022
1276,178.9097747803,77330,27.24150085449,2.780094861984,129,0.5535872578621,0.7670505046844,0,13.63950443268,1.364038944244,0,0.1036315336823,0.0001657827815507,0.9317980408669,0.1031682416797,27.24150085449,-0.03067820891738,1819.302368164,12,19,0,10,0.8414525985718,0.9016829133034,0.8219663500786,6.878499984741,0.7471600174904,1129,0,0.9185119867325,0.291208922863
1277,178.3549957275,76967,27.21299934387,2.788079500198,129,0.5580159425735,0.7652789950371,0,16.09566116333,1.40301156044,0,0.1045172736049,0.0001650539488764,0.9344552755356,0.1077474728227,27.21299934387,-0.02944148145616,1677.393554688,9,29,0,11,0.8432241082191,0.899911403656,0.8237378001213,6.77899980545,0.7442200183868,1129,0,0.9211691617966,0.2914656996727
1278,178.0485992432,79276,27.3034992218,2.79508972168,129,0.5571302175522,0.7785651087761,0,16.37998199463,1.337466835976,0,0.09920283406973,0.0001617292437004,0.9362267255783,0.1068923771381,27.3034992218,-0.02861896716058,1652.656982422,7,21,0,9,0.8538529872894,0.9078831076622,0.8219663500786,6.521500110626,0.7400299906731,1129,0,0.9247121214867,0.291793525219
1279,178.5341796875,78587,27.0,2.791705846786,129,0.5642161369324,0.7714791893959,0,15.24180698395,1.491585493088,0,0.09300265461206,0.0001598208036739,0.9379982352257,0.1099418476224,27.0,-0.02779797837138,1600.231323242,11,17,0,7,0.8511957526207,0.9078831076622,0.8281665444374,5.506999969482,0.7612800002098,1129,0,0.926483631134,0.2920616567135
1280,177.4145050049,79131,26.92749977112,2.793979406357,129,0.5562444925308,0.7714791893959,0,15.61204624176,1.459698915482,0,0.1009743139148,0.0001566095743328,0.9397696852684,0.1115239262581,26.92749977112,-0.02697856910527,1689.562255859,10,17,0,5,0.8547387123108,0.9069973230362,0.8308237195015,6.435500144958,0.7659100294113,1129,0,0.9273693561554,0.2923511862755
1281,178.0542602539,80972,26.91550064087,2.797183036804,129,0.5447298288345,0.7767935991287,0,16.54738807678,1.423383593559,0,0.09300265461206,0.0001523845858173,0.9415411949158,0.1114335805178,26.91550064087,-0.02616067416966,1541.680908203,8,17,0,10,0.8467670679092,0.9123117923737,0.8334809541702,4.230999946594,0.765055000782,1129,0,0.9273693561554,0.2926053702831
1282,177.4392700195,82296,26.8689994812,2.803001880646,129,0.5562444925308,0.7900797128677,0,16.34100914001,1.548272848129,0,0.09743135422468,0.000151541447849,0.9433126449585,0.1109531447291,26.8689994812,-0.02534434385598,1540.77331543,12,27,0,13,0.848538517952,0.9167404770851,0.8317095041275,5.758500099182,0.7635599970818,1129,0,0.9291408061981,0.2929058670998
1283,178.1886291504,85368,26.91049957275,2.801498174667,129,0.5527015328407,0.7776793837547,0,16.55358695984,1.538529634476,0,0.09034543484449,0.0001480762148276,0.9441984295845,0.1092915385962,26.91049957275,-0.02493672631681,1499.059204102,13,16,0,7,0.8600531220436,0.9167404770851,0.8308237195015,4.817999839783,0.7622249722481,1129,0,0.9309123158455,0.2931507825851
1284,179.3650817871,86430,26.95800018311,2.805607557297,129,0.5429583787918,0.7909654378891,0,18.20283317566,1.522586345673,0,0.09920283406973,0.0001509550784249,0.9459698796272,0.107717230916,26.95800018311,-0.0241226926446,1478.61340332,6,15,0,7,0.8680248260498,0.9167404770851,0.8343666791916,6.748000144958,0.7623199820518,1129,0,0.9326837658882,0.2934630513191
1285,179.6047821045,89941,26.71349906921,2.810457468033,129,0.5473870635033,0.7909654378891,0,17.32595252991,1.635961055756,0,0.09034543484449,0.0001478738267906,0.9477413892746,0.1033677607775,26.71349906921,-0.02331015281379,1360.026000977,11,20,0,9,0.8556244373322,0.9202834367752,0.8325952291489,5.192500114441,0.7714999914169,1129,0,0.9344552755356,0.2937577664852
1286,179.8381958008,83410,26.73699951172,2.81453871727,129,0.5465013384819,0.787422478199,0,18.52347183228,1.54118680954,0,0.09743135422468,0.0001497230696259,0.948627114296,0.1090396866202,26.73699951172,-0.02290446683764,1405.142944336,9,21,0,10,0.8644818663597,0.9202834367752,0.8379096388817,6.530000209808,0.7665749788284,1129,0,0.9362267255783,0.2940218150616
1287,181.8320007324,85615,26.66550064087,2.819029808044,129,0.5456156134605,0.7821080684662,0,14.44995594025,1.535872459412,0,0.0876882225275,0.0001443395449314,0.9503985643387,0.1063248291612,26.66550064087,-0.02209422923625,1339.009643555,8,19,0,13,0.861824631691,0.9220548868179,0.8387954235077,5.959499835968,0.772175014019,1129,0,0.9371125102043,0.2942744195461
1288,181.2698364258,87087,26.95249938965,2.818604707718,129,0.5394154191017,0.7847653031349,0,18.12666130066,1.530557990074,0,0.09477413445711,0.0001466770190746,0.9495128393173,0.1042291074991,26.95249938965,-0.02249915897846,1331.148193359,8,21,0,11,0.8627103567123,0.9317980408669,0.8458812832832,5.262499809265,0.766470015049,1129,0,0.938883960247,0.2945722639561
1289,180.5608520508,87591,26.84000015259,2.819534778595,129,0.5358724594116,0.7785651087761,0,19.32418060303,1.557130217552,0,0.09034543484449,0.0001444086374249,0.9521700739861,0.1027959510684,26.84000015259,-0.02128547243774,1302.060546875,7,13,0,7,0.8635960817337,0.9273693561554,0.8476527929306,6.453000068665,0.7790650129318,1129,0,0.9397696852684,0.2948521971703
1290,179.5305023193,86959,26.34950065613,2.820798397064,129,0.5217006206512,0.7812223434448,0,15.43666934967,1.497785687447,0,0.08325952291489,0.0001436780148651,0.9521700739861,0.09567727148533,26.34950065613,-0.02128547243774,1255.741943359,11,17,0,9,0.8662533164024,0.9282550811768,0.8458812832832,7.223499774933,0.8082399964333,1129,0,0.9415411949158,0.2951278090477
1291,177.9868774414,89148,26.38800048828,2.821892499924,129,0.523472070694,0.7803365588188,0,17.72984886169,1.474756360054,0,0.08857396245003,0.0001455495512346,0.9539415240288,0.09324942529202,26.38800048828,-0.02047824673355,1191.264770508,15,21,0,11,0.8635960817337,0.9273693561554,0.8396811485291,8.503999710083,0.8023300170898,1129,0,0.9433126449585,0.2953504920006
1292,176.6914825439,90477,26.23200035095,2.824074029922,129,0.523472070694,0.7679362297058,0,20.17980384827,1.573073506355,0,0.08503100275993,0.0001447564573027,0.9548273086548,0.09182444214821,26.23200035095,-0.02007516846061,1238.898925781,13,20,0,10,0.8627103567123,0.9309123158455,0.8423383235931,9.904500007629,0.804014980793,1129,0,0.9441984295845,0.2956450581551
1293,177.3999938965,94944,26.17000007629,2.819778203964,130,0.5137289762497,0.7741364240646,0,16.75110816956,1.561558961868,0,0.08237378299236,0.0001466663234169,0.9565987586975,0.08767273277044,26.17000007629,-0.01927018724382,1133.940429688,11,15,0,8,0.8768821954727,0.9326837658882,0.8467670679092,7.137000083923,0.8042799830437,1129,0,0.9468556046486,0.2959024906158
1294,178.5368347168,97757,26.23150062561,2.819188117981,130,0.5185840725899,0.7805309891701,0,20.08141708374,1.520354032516,0,0.07433628290892,0.0001434101141058,0.9575220942497,0.08525221049786,26.23150062561,-0.01885119639337,1072.396972656,8,17,0,4,0.866371691227,0.9345132708549,0.8415929079056,7.744999885559,0.8039349913597,1130,0,0.9460176825523,0.2959220409393
1295,176.8021392822,100698,26.07399940491,2.821955680847,130,0.5061947107315,0.7601770162582,0,21.49380683899,1.520354032516,0,0.0823008865118,0.0001453588483855,0.9592920541763,0.08433136343956,26.07399940491,-0.01804915443063,1102.533325195,13,15,0,8,0.8743363022804,0.933628320694,0.8424778580666,10.21049976349,0.8150699734688,1130,0,0.9486725926399,0.2961758375168
1296,175.9433898926,103480,25.9314994812,2.823800802231,130,0.5230088233948,0.7610619664192,0,18.9407081604,1.592035412788,0,0.08672566711903,0.0001471099822083,0.9592920541763,0.0817259401083,25.9314994812,-0.01804915443063,1102.549682617,11,15,0,6,0.8707964420319,0.9345132708549,0.8433628082275,7.232999801636,0.8174899816513,1130,0,0.9486725926399,0.296441167593
1297,175.5522766113,106931,26.00950050354,2.82857131958,130,0.5070796608925,0.7681415677071,0,21.4831867218,1.553982257843,0,0.08141592890024,0.000144958117744,0.9592920541763,0.08000486344099,26.00950050354,-0.01804915443063,1013.813720703,9,24,1,14,0.8752212524414,0.9345132708549,0.8460177183151,5.784999847412,0.8119649887085,1130,0,0.9504424929619,0.2967082858086
1298,175.486038208,108406,26.05900001526,2.82888674736,130,0.5044247508049,0.7539823055267,0,23.30354118347,1.522123932838,0,0.09292035549879,0.0001443431683583,0.9601770043373,0.07753261178732,26.05900001526,-0.01764869876206,1115.197265625,9,10,0,5,0.8805309534073,0.9283185601234,0.8486725687981,8.027500152588,0.8159250020981,1130,0,0.9522123932838,0.2969680726528
1299,176.1966705322,100790,26.01549911499,2.829963207245,130,0.4929203391075,0.7530973553658,0,20.54778862,1.494690179825,0,0.07876106351614,0.0001382016635034,0.9619469046593,0.08413533121347,26.01549911499,-0.01684889942408,1039.746337891,11,15,0,7,0.8761062026024,0.9380530714989,0.8469026684761,7.738999843597,0.8220099806786,1130,0,0.9548672437668,0.2972087264061
1300,176.8867950439,103137,25.97850036621,2.834558725357,130,0.4902654886246,0.7601770162582,0,17.25486755371,1.623893857002,0,0.08672566711903,0.000139437004691,0.9628318548203,0.08187168836594,25.97850036621,-0.01644955016673,1061.338500977,10,22,0,11,0.8920354247093,0.9424778819084,0.8486725687981,6.818500041962,0.8217650055885,1130,0,0.9566371440887,0.2974509596825
1301,177.2802124023,104379,25.94949913025,2.837465524673,130,0.4973451197147,0.7610619664192,0,23.9601764679,1.534513235092,0,0.08584070950747,0.0001342024625046,0.9628318548203,0.07923049479723,25.94949913025,-0.01644955016673,991.8533325195,8,16,0,3,0.8876106142998,0.9415929317474,0.8477876186371,9.0609998703,0.8217750191689,1130,0,0.9575220942497,0.2976742982864
1302,177.0978240967,105232,26.19300079346,2.843893527985,130,0.4831858277321,0.7504425048828,0,21.34424781799,1.432743310928,0,0.07876106351614,0.0001358785666525,0.9637168049812,0.07855975627899,26.19300079346,-0.01605056785047,1045.298095703,13,20,1,10,0.8876106142998,0.9398230314255,0.8469026684761,8.674500465393,0.8142700195312,1130,0,0.9575220942497,0.2979033589363
1303,176.7666625977,107344,26.13349914551,2.852293491364,130,0.4929203391075,0.7522124052048,0,18.5707950592,1.548672556877,0,0.06991150230169,0.0001363479386782,0.9637168049812,0.07780592888594,26.13349914551,-0.01605056785047,980.3427734375,6,21,0,8,0.8920354247093,0.9371681213379,0.8451327681541,5.671500205994,0.8159350156784,1130,0,0.9566371440887,0.2981042861938
1304,177.033706665,110017,25.87750053406,2.852428913116,130,0.4752212464809,0.7575221061707,0,24.44867324829,1.634513258934,0,0.06725663691759,0.0001378842134727,0.9646017551422,0.075579226017,25.87750053406,-0.01565195247531,957.2003173828,9,11,0,3,0.8929203748703,0.9389380812645,0.8442477583885,7.462500095367,0.8354750275612,1130,0,0.9575220942497,0.2983738780022
1305,177.245803833,111885,25.91449928284,2.851512432098,130,0.4681415855885,0.7646017670631,0,22.83716773987,1.407079696655,0,0.08141592890024,0.0001365231728414,0.9654867053032,0.07502346485853,25.91449928284,-0.0152537021786,895.2844848633,9,15,0,8,0.8955752253532,0.9451327323914,0.8398230075836,5.235000133514,0.824355006218,1130,0,0.9592920541763,0.2986128032207
1306,176.883972168,112962,25.8985004425,2.855178833008,130,0.4681415855885,0.7681415677071,0,20.23539733887,1.56548678875,0,0.07433628290892,0.0001344701740891,0.9654867053032,0.07606983184814,25.8985004425,-0.0152537021786,894.0596923828,15,17,0,12,0.8982300758362,0.9415929317474,0.8415929079056,6.56500005722,0.8235350251198,1130,0,0.9592920541763,0.2988246381283
1307,176.9283752441,115706,25.8985004425,2.852428913116,130,0.4628318548203,0.7663716673851,0,24.46991157532,1.669026613235,0,0.07787610590458,0.00013274277444,0.9654867053032,0.07417074590921,25.8985004425,-0.0152537021786,869.6531982422,5,13,0,5,0.8982300758362,0.9433628320694,0.8415929079056,7.032499790192,0.8304399847984,1130,0,0.9566371440887,0.2990620136261
1308,177.0433654785,119029,26.02199935913,2.852564096451,130,0.4610619544983,0.7699115276337,0,24.56106185913,1.498230099678,0,0.06725663691759,0.000129902473418,0.9654867053032,0.07289820164442,26.02199935913,-0.0152537021786,866.1954345703,10,17,0,8,0.8955752253532,0.9477875828743,0.8407079577446,6.133500099182,0.8289600014687,1130,0,0.9584071040154,0.2993059456348
1309,175.4959564209,124479,25.89450073242,2.851648330688,130,0.4548672437668,0.7699115276337,0,22.82212257385,1.633628249168,0,0.07079645991325,0.0001299741707044,0.9663716554642,0.07265482842922,25.89450073242,-0.01485581696033,825.3833618164,12,16,0,7,0.8920354247093,0.9477875828743,0.8415929079056,7.061999797821,0.8327699899673,1130,0,0.9575220942497,0.2995392382145
1310,175.6063842773,130355,25.88150024414,2.855443716049,132,0.4601770043373,0.7707964777946,0,27.14424705505,1.793805360794,0,0.06814159452915,0.0001253282389371,0.9663716554642,0.07026965171099,25.88150024414,-0.01485581696033,859.3739013672,7,21,0,14,0.8911504149437,0.9460176825523,0.8380531072617,6.751999855042,0.8288450241089,1130,0,0.9584071040154,0.2998154759407
1311,174.471206665,133657,25.67149925232,2.862762928009,132,0.4575971662998,0.7720848321915,0,27.80653762817,1.573321580887,0,0.06802120059729,0.0001227039756486,0.9655476808548,0.06851866841316,25.67149925232,-0.0152262756601,830.8428955078,10,22,0,13,0.8860424160957,0.9416961073875,0.8312720656395,6.683000087738,0.8460649847984,1132,0,0.9575971961021,0.2994872331619
1312,173.7460327148,137831,25.83049964905,2.864716529846,132,0.45848056674,0.7650176882744,0,25.45229721069,1.597173094749,0,0.07420494407415,0.0001192113704747,0.9655476808548,0.06799631565809,25.83049964905,-0.0152262756601,912.7865600586,8,19,0,8,0.8851590156555,0.9487632513046,0.8250883221626,7.291500091553,0.8378750085831,1132,0,0.9584805369377,0.299706786871
1313,173.6353912354,143793,25.65349960327,2.863677978516,132,0.4540635943413,0.7765017747879,0,29.03356933594,1.854240298271,0,0.07243816554546,0.0001172771808342,0.966431081295,0.06566383689642,25.65349960327,-0.01482911221683,855.5591430664,9,15,0,5,0.8975265026093,0.943462908268,0.8250883221626,8.780500411987,0.8486350178719,1132,0,0.9584805369377,0.2999297976494
1314,173.8323669434,146890,25.39150047302,2.86550784111,132,0.4425795078278,0.770318031311,0,31.16077804565,1.631625533104,0,0.06978798657656,0.0001176881633,0.9655476808548,0.06347607076168,25.39150047302,-0.0152262756601,866.8713989258,10,12,0,3,0.8922261595726,0.946113049984,0.8224381804466,11.0579996109,0.8551650047302,1132,0,0.9593639373779,0.300156801939
1315,171.581741333,147186,25.62249946594,2.87020111084,132,0.4372791647911,0.7720848321915,0,27.97526359558,1.598056554794,0,0.06802120059729,0.0001147479342762,0.9655476808548,0.05831396952271,25.62249946594,-0.0152262756601,846.5191040039,15,23,0,12,0.8975265026093,0.9478798508644,0.8118374347687,6.807499885559,0.8362249732018,1132,0,0.9611307382584,0.3003963828087
1316,171.7591552734,151891,25.72100067139,2.862477302551,132,0.4151943325996,0.7747349739075,0,29.25706672668,1.460247397423,0,0.0803886950016,0.0001171352341771,0.966431081295,0.05744250863791,25.72100067139,-0.01482911221683,838.9255371094,5,17,0,9,0.8798586726189,0.9531801939011,0.8136042356491,7.895500183105,0.8430749773979,1132,0,0.9611307382584,0.3006356656551
1317,170.5428466797,155424,25.75799942017,2.867030858994,132,0.4222614765167,0.786219060421,0,33.62544250488,1.341872811317,0,0.06802120059729,0.0001150114549091,0.9699646830559,0.05678016319871,25.75799942017,-0.01324407849461,758.5633544922,7,14,0,8,0.8931095600128,0.946113049984,0.8153710365295,8.864999771118,0.8482199907303,1132,0,0.9620141386986,0.3008734285831
1318,169.9964904785,158383,25.7590007782,2.861566543579,132,0.4293286204338,0.7720848321915,0,30.25353431702,1.228798627853,0,0.06890459358692,0.00011402493692,0.9699646830559,0.0563381165266,25.7590007782,-0.01324407849461,820.3363037109,9,11,0,5,0.893992960453,0.9487632513046,0.8206713795662,8.08749961853,0.8386350274086,1132,0,0.963780939579,0.3011112213135
1319,169.559967041,163510,25.68849945068,2.862602472305,132,0.4337455928326,0.7871024608612,0,31.16696166992,1.503533601761,0,0.06007067114115,0.0001122331887018,0.9699646830559,0.05526267364621,25.68849945068,-0.01324407849461,741.1615600586,7,18,0,8,0.8745583295822,0.9496466517448,0.8153710365295,7.47100019455,0.8415349721909,1132,0,0.9646643400192,0.301344037056
1320,168.3431243896,167617,25.49950027466,2.86806178093,132,0.4107773900032,0.7659010887146,0,35.83922195435,1.371024727821,0,0.06713780760765,0.000110997709271,0.9708480834961,0.05500038713217,25.49950027466,-0.01284872274846,840.7440185547,9,26,0,11,0.8789752721786,0.9478798508644,0.8127208352089,8.086500167847,0.8492050170898,1132,0,0.9646643400192,0.3015694916248
1321,167.8985900879,169642,25.76749992371,2.859999895096,133,0.424911648035,0.7685512304306,0,33.11307525635,1.31537103653,0,0.06802120059729,0.0001112126701628,0.9708480834961,0.05457374826074,25.76749992371,-0.01284872274846,806.3948974609,15,15,0,10,0.8922261595726,0.9505300521851,0.8100706934929,8.163499832153,0.8469750285149,1132,0,0.9646643400192,0.3017716705799
1322,167.8621673584,173402,25.8125,2.862727165222,134,0.4148278832436,0.7705207467079,0,32.72639083862,1.541041374207,0,0.07325684279203,0.0001113718826673,0.970873773098,0.05501666665077,25.8125,-0.01283723022789,793.9016113281,4,16,0,7,0.8967343568802,0.9541041254997,0.8111209273338,9.678999900818,0.8518549799919,1133,0,0.9646955132484,0.3017478585243
1323,165.9163665771,174560,25.5030002594,2.867272615433,134,0.4171075820923,0.7645502686501,0,37.54497528076,1.489418029785,0,0.06790123134851,0.0001144553098129,0.9700176119804,0.05520164966583,25.5030002594,-0.0132203809917,774.7369384766,14,21,0,14,0.8906525373459,0.9488536119461,0.8024691343307,8.219499588013,0.8606349825859,1134,0,0.9673721194267,0.3016895353794
1324,163.6176605225,177726,25.56399917603,2.869999885559,134,0.4118165671825,0.7619047760963,0,34.26895904541,1.354497313499,0,0.07142857462168,0.0001127374052885,0.9700176119804,0.05483159422874,25.56399917603,-0.0132203809917,779.4238891602,11,13,0,7,0.8994709253311,0.9488536119461,0.7962962985039,8.854499816895,0.8435350060463,1134,0,0.9673721194267,0.3018815815449
1325,163.4318389893,165123,25.6905002594,2.871934652328,134,0.4144620895386,0.7530864477158,0,34.92063522339,1.679894208908,0,0.06261023133993,0.0001131159224315,0.9700176119804,0.05928913503885,25.6905002594,-0.0132203809917,769.6541748047,12,17,0,9,0.8853615522385,0.9479717612267,0.7971781492233,9.384499549866,0.8464599847794,1134,0,0.9673721194267,0.3020884096622
1326,163.8614807129,168632,25.67700004578,2.879091024399,134,0.4012345671654,0.7433862686157,0,30.20723152161,1.502645611763,0,0.06525573134422,0.000113630987471,0.9708994626999,0.06000047549605,25.67700004578,-0.01282573956996,780.1325683594,8,16,0,7,0.9003527164459,0.9462081193924,0.7989417910576,9.682499885559,0.8537449836731,1134,0,0.9682539701462,0.3023082911968
1327,162.8063964844,170743,25.54299926758,2.870908975601,134,0.4082892537117,0.7627865672112,0,35.58554077148,1.347442626953,0,0.05555555596948,0.0001138834777521,0.9700176119804,0.05907709151506,25.54299926758,-0.0132203809917,722.2437133789,10,10,0,3,0.895943582058,0.9497354626656,0.7971781492233,7.753499984741,0.8545349836349,1134,0,0.9682539701462,0.3025407195091
1328,163.126159668,173182,25.43400001526,2.863636255264,134,0.3959435522556,0.7513227462769,0,35.57319259644,1.644620776176,0,0.05996472761035,0.0001155286008725,0.9700176119804,0.05876476690173,25.43400001526,-0.0132203809917,766.3830566406,9,19,0,10,0.8871251940727,0.9497354626656,0.7980599403381,9.699999809265,0.8590250015259,1134,0,0.9691358208656,0.302769869566
1329,162.436630249,175789,25.52599906921,2.862068891525,134,0.3985890746117,0.7513227462769,0,32.52821731567,1.626102209091,0,0.0670194029808,0.0001142453111243,0.9700176119804,0.0591504573822,25.52599906921,-0.0132203809917,745.145690918,13,14,0,5,0.8880070447922,0.955026447773,0.7848324775696,8.407999992371,0.850839972496,1134,0,0.9691358208656,0.3030104339123
1330,160.124420166,178731,25.54750061035,2.865820407867,134,0.3959435522556,0.7574955821037,0,36.88712692261,1.444444417953,0,0.08289241790771,0.0001104686016333,0.9717813134193,0.05899927765131,25.54750061035,-0.01243145670742,738.5076293945,10,23,1,13,0.8985890746117,0.9532628059387,0.7848324775696,7.584000110626,0.8526600003242,1134,0,0.9691358208656,0.3032453656197
1331,159.90675354,181296,25.6609992981,2.86877822876,134,0.3968254029751,0.7178130745888,0,37.5493850708,1.718694806099,0,0.07495591044426,0.0001101707166526,0.9726631641388,0.05872716382146,25.6609992981,-0.01203753147274,835.2708129883,12,21,0,12,0.8862434029579,0.950617313385,0.7848324775696,9.935000419617,0.8437200188637,1134,0,0.9691358208656,0.3034406900406
1332,158.3775787354,184861,25.38949966431,2.872398138046,134,0.394179880619,0.7416225671768,0,34.42327880859,1.776895880699,0,0.07054673880339,0.0001116687926697,0.9744268059731,0.05924992263317,25.38949966431,-0.01125077717006,771.4733276367,6,20,0,12,0.8924162387848,0.955026447773,0.7874779701233,13.23900032043,0.8589550256729,1134,0,0.9700176119804,0.3036220669746
1333,157.2105102539,191007,25.52700042725,2.872398138046,134,0.3994708955288,0.7336860895157,0,38.59259033203,1.476190447807,0,0.06261023133993,0.0001100263398257,0.9744268059731,0.05886171758175,25.52700042725,-0.01125077717006,772.4237060547,10,13,0,6,0.8871251940727,0.9611992835999,0.7874779701233,10.13799953461,0.8497599959373,1134,0,0.9700176119804,0.3037991821766
1334,155.9184265137,192811,25.6515007019,2.870705127716,134,0.3853615522385,0.7407407164574,0,40.72574996948,1.678130507469,0,0.07495591044426,0.0001097033527913,0.9744268059731,0.0596179664135,25.6515007019,-0.01125077717006,798.3831176758,9,18,0,11,0.884479701519,0.9559082984924,0.780423283577,12.23050022125,0.85367000103,1134,0,0.9682539701462,0.304017573595
1335,153.6945343018,196450,25.33499908447,2.874321937561,134,0.3994708955288,0.7442680597305,0,36.2830696106,1.867724895477,0,0.06613756716251,0.0001067713092198,0.9753086566925,0.06103334203362,25.33499908447,-0.0108579210937,756.5682373047,9,15,0,7,0.8985890746117,0.9470899701118,0.7830687761307,8.682999610901,0.8621150255203,1134,0,0.9673721194267,0.3042235970497
1336,153.3274536133,200340,25.28050041199,2.867448091507,134,0.3932980597019,0.74514991045,0,40.43033599854,1.671075820923,0,0.06437389552593,0.0001062395022018,0.9753086566925,0.0622292086482,25.28050041199,-0.0108579210937,800.6568603516,8,17,1,9,0.894179880619,0.9603174328804,0.7839506268501,9.318499565125,0.8626499772072,1134,0,0.9691358208656,0.304427087307
1337,152.6484069824,203152,25.42749977112,2.863063097,134,0.3906525671482,0.7425044178963,0,42.76895904541,1.828042268753,0,0.06525573134422,0.0001053591695381,0.9779541492462,0.06286918371916,25.42749977112,-0.009681506082416,781.413269043,5,21,0,14,0.8818342089653,0.9532628059387,0.7848324775696,9.062000274658,0.8630549907684,1134,0,0.9708994626999,0.3046461939812
1338,151.3027954102,205551,25.08049964905,2.866666555405,134,0.3862433731556,0.7283950448036,0,38.58113098145,2.086419820786,0,0.06878306716681,0.0001051220388035,0.9788359999657,0.06185326352715,25.08049964905,-0.009290066547692,859.0584716797,14,21,0,10,0.8862434029579,0.9523809552193,0.7768959403038,14.44499969482,0.8753499984741,1134,0,0.9726631641388,0.3048819303513
1339,151.9312438965,209200,25.37350082397,2.865886688232,134,0.3853615522385,0.7380952239037,0,41.59082794189,1.909171104431,0,0.06878306716681,0.0001049702404998,0.9788359999657,0.06144359335303,25.37350082397,-0.009290066547692,795.5845947266,11,22,0,11,0.8994709253311,0.9541445970535,0.7751322984695,12.11800003052,0.8549450039864,1134,0,0.9726631641388,0.3051103651524
1340,151.2282714844,211979,25.50650024414,2.869251489639,134,0.3897707164288,0.7257495522499,0,44.59788513184,2.005290985107,0,0.06878306716681,0.0001064021707862,0.9797177910805,0.06168535724282,25.50650024414,-0.008899005129933,855.1162109375,9,18,0,10,0.8924162387848,0.9523809552193,0.7724867463112,9.831500053406,0.8566300272942,1134,0,0.9726631641388,0.3053213655949
1341,150.3086547852,216919,25.55750083923,2.877367019653,134,0.3977072238922,0.719576716423,0,40.72134017944,2.048500776291,0,0.06613756716251,0.0001058387206285,0.9779541492462,0.06068163737655,25.55750083923,-0.009681506082416,832.8031005859,13,28,0,10,0.8897707462311,0.9594356417656,0.7698412537575,7.846500396729,0.8532050251961,1134,0,0.9735449552536,0.3055158853531
1342,150.3776245117,217118,25.7560005188,2.876576662064,134,0.3827160596848,0.7283950448036,0,44.40035247803,1.986772537231,0,0.06349206715822,0.0001057059853338,0.9779541492462,0.06137676164508,25.7560005188,-0.009681506082416,823.3522949219,11,20,0,5,0.8897707462311,0.955026447773,0.7654321193695,6.919000148773,0.8416150212288,1134,0,0.9735449552536,0.3057169616222
1343,148.1223449707,221155,25.39749908447,2.878378391266,135,0.3888888955116,0.7266314029694,0,44.65255737305,2.092592477798,0,0.0696649029851,0.000105393701233,0.9788359999657,0.06191132962704,25.39749908447,-0.009290066547692,798.6679077148,9,18,0,9,0.8888888955116,0.9541445970535,0.7654321193695,8.869500160217,0.8583999872208,1134,0,0.9761904478073,0.3059236705303
1344,145.8118591309,224742,25.25149917603,2.87589931488,135,0.3894273042679,0.7145374417305,0,43.27665328979,2.057268857956,0,0.07312775403261,0.000105884821096,0.9779735803604,0.0618664957583,25.25149917603,-0.009672877378762,832.0040893555,13,26,0,13,0.8907489180565,0.9585903286934,0.7577092647552,10.67450046539,0.8689950108528,1135,0,0.9762114286423,0.3058607876301
1345,145.6155090332,229181,25.56949996948,2.881294965744,135,0.3726872205734,0.7092511057854,0,46.3462562561,2.070484638214,0,0.06431718170643,0.0001064664247679,0.9797356724739,0.06264480948448,25.56949996948,-0.008891078643501,830.2416992188,4,23,0,12,0.8837004303932,0.9533039927483,0.7585902810097,7.150000095367,0.847914993763,1135,0,0.9753304123878,0.3060856163502
1346,144.2869415283,231982,25.53750038147,2.881294965744,135,0.3735682964325,0.7259911894798,0,46.9691619873,2.221145391464,0,0.07665198296309,0.0001033311345964,0.9797356724739,0.0640911757946,25.53750038147,-0.008891078643501,776.9899902344,9,21,0,10,0.8960352540016,0.9568281769753,0.7638766765594,7.728000164032,0.8534150123596,1135,0,0.9762114286423,0.3063055276871
1347,144.0550537109,236844,25.66850090027,2.886792421341,135,0.3770925104618,0.716299533844,0,45.32334899902,2.233479976654,0,0.06607929617167,0.0001043561132974,0.9797356724739,0.06405904144049,25.66850090027,-0.008891078643501,819.3258056641,10,28,0,15,0.8872246742249,0.9541850090027,0.7559471130371,6.1234998703,0.8419899940491,1135,0,0.9762114286423,0.3065055310726
1348,144.9169921875,239648,25.97400093079,2.886792421341,135,0.3806167542934,0.7180616855621,0,49.12951660156,2.272246837616,0,0.06960352510214,0.0001016873357003,0.980616748333,0.06570053100586,25.97400093079,-0.008500694297254,802.0217285156,6,22,0,10,0.8854625821114,0.9533039927483,0.7568281888962,5.434500217438,0.8299300074577,1135,0,0.9762114286423,0.3067469000816
1349,143.7221679688,242050,25.96899986267,2.887791633606,135,0.3788546323776,0.732158601284,0,48.59647750854,2.496035337448,0,0.07488986849785,0.0001039182170643,0.980616748333,0.06809336692095,25.96899986267,-0.008500694297254,763.4028930664,13,21,0,10,0.8854625821114,0.9585903286934,0.7568281888962,5.208000183105,0.8425650000572,1135,0,0.9770925045013,0.3069675564766
1350,143.3167266846,246670,25.57950019836,2.884201049805,136,0.3841409683228,0.7154185175896,0,47.28898620605,2.367400884628,0,0.07136563956738,0.0001027409452945,0.981497824192,0.06898285448551,25.57950019836,-0.008110659196973,811.8944702148,12,21,1,7,0.8784140944481,0.9515418410301,0.7621145248413,5.75400018692,0.8617399930954,1135,0,0.9779735803604,0.3071774244308
1351,143.3747558594,253134,25.57600021362,2.883408069611,137,0.3882042169571,0.7059859037399,0,51.23239517212,2.522887229919,0,0.0765845105052,0.000106464678538,0.9806337952614,0.07003404945135,25.57600021362,-0.008493144065142,843.9340209961,11,23,0,10,0.8882042169571,0.9507042169571,0.7605633735657,6.557499885559,0.8576599955559,1136,0,0.9788732528687,0.3071481287479
1352,143.3949127197,256671,25.74900054932,2.89058303833,137,0.3878628015518,0.7203166484833,0,52.1706237793,2.739665746689,0,0.05804749205709,0.0001076143162209,0.9806508421898,0.07156243175268,25.74900054932,-0.008485594764352,767.8052368164,8,25,0,13,0.875109910965,0.9489885568619,0.7625330090523,4.946499824524,0.8430799841881,1137,0,0.9780123233795,0.3070843815804
1353,143.1333618164,263491,25.77199935913,2.893369197845,137,0.3984168767929,0.6965699195862,0,50.02462387085,2.569041252136,0,0.07299911975861,0.0001095156185329,0.9806508421898,0.07160776108503,25.77199935913,-0.008485594764352,863.3168334961,12,24,0,17,0.8777484893799,0.9498680830002,0.7546173930168,7.537499904633,0.8431249856949,1137,0,0.9780123233795,0.3072840869427
1354,143.3696289062,266155,25.73749923706,2.889883518219,137,0.4019349217415,0.7159190773964,0,54.65699005127,2.847845077515,0,0.07036060094833,0.0001068793062586,0.9815303683281,0.0725329220295,25.73749923706,-0.008096259087324,776.265625,13,21,0,12,0.8874230384827,0.9498680830002,0.7598944306374,7.827999591827,0.8494449853897,1137,0,0.9788918495178,0.3075419664383
1355,143.42578125,269890,25.80500030518,2.89017868042,137,0.3948988616467,0.7238346338272,0,53.88214874268,3.054529428482,0,0.07036060094833,0.0001065346586984,0.9824098348618,0.07221831381321,25.80500030518,-0.007707298733294,767.6166992188,2,35,0,17,0.8821460008621,0.9489885568619,0.7563764452934,5.610499858856,0.8517749905586,1137,0,0.9788918495178,0.307742536068
1356,142.7352752686,273521,25.76399993896,2.89107131958,137,0.3861037790775,0.7185575962067,0,52.61301803589,2.939314126968,0,0.06860158592463,0.0001047145706252,0.985048353672,0.07222114503384,25.76399993896,-0.006542450748384,776.3604125977,7,23,0,12,0.8803870081902,0.9586631655693,0.7475813627243,5.747000217438,0.8482750058174,1137,0,0.9788918495178,0.3079619109631
1357,142.3602752686,282056,25.87849998474,2.886708259583,139,0.3729111552238,0.7185575962067,0,56.27704238892,3.119612932205,0,0.07739666104317,0.0001041506257025,0.985048353672,0.07139717042446,25.87849998474,-0.006542450748384,790.423034668,7,17,0,10,0.8795074820518,0.9551451206207,0.7510994076729,6.297500133514,0.8470299839973,1137,0,0.9780123233795,0.3081666529179
1358,141.5241394043,287262,25.76300048828,2.889384508133,139,0.3854258060455,0.7111501097679,0,58.81123733521,3.109745502472,0,0.06584723293781,0.0001041111972881,0.9841966629028,0.07134602218866,25.76300048828,-0.006918111816049,825.3684082031,9,19,0,12,0.8911325931549,0.9648814797401,0.7541702985764,5.05999994278,0.8486350178719,1139,0,0.9780509471893,0.3078619539738
1359,141.6313171387,290310,25.78700065613,2.898305177689,139,0.3661106228828,0.7339771986008,0,56.10096740723,3.023705005646,0,0.07989464700222,0.0001011264466797,0.9841966629028,0.07182322442532,25.78700065613,-0.006918111816049,796.8101196289,13,25,0,12,0.8849868178368,0.956101834774,0.7524144053459,4.6265001297,0.8436949849129,1139,0,0.9780509471893,0.308092713356
1360,142.3926086426,292540,26.01849937439,2.898395776749,139,0.3801580369473,0.719929754734,0,58.26865768433,3.285338163376,0,0.07901667803526,0.0001047611731337,0.9841966629028,0.0726088732481,26.01849937439,-0.006918111816049,819.1859130859,14,26,0,11,0.8858647942543,0.9543459415436,0.7559262514114,5.328499794006,0.8318650126457,1139,0,0.9789288640022,0.30834877491
1361,142.1729125977,320369,25.9015007019,2.894924402237,139,0.3845478594303,0.7172958850861,0,59.59350204468,3.241439819336,0,0.0842844620347,0.000103061182017,0.9850746393204,0.06671369820833,25.9015007019,-0.006530862301588,850.7769775391,14,24,0,10,0.8805969953537,0.9648814797401,0.7576822042465,3.825500011444,0.8444349765778,1139,0,0.9798068404198,0.3085759282112
1362,142.2836761475,324888,25.86849975586,2.887900352478,139,0.374890267849,0.722563624382,0,71.94029998779,3.192273855209,0,0.07111500948668,0.0001087092605303,0.9859526157379,0.07179705053568,25.86849975586,-0.006143956445158,818.0172729492,10,16,0,5,0.8621597886086,0.9604916572571,0.7576822042465,3.999499797821,0.8454549908638,1139,0,0.9824407100677,0.3088417351246
1363,143.2713012695,327506,26.02000045776,2.897686719894,139,0.3713783919811,0.7287093997002,0,62.40562057495,4.482001781464,0,0.0772607550025,0.0001062095689122,0.9868305325508,0.07125976681709,26.02000045776,-0.005757422186434,826.1654052734,11,32,0,24,0.8744512796402,0.9604916572571,0.7620719671249,3.799999952316,0.8358799815178,1139,0,0.9824407100677,0.3090640902519
1364,143.2843780518,330028,26.03100013733,2.898576498032,139,0.374890267849,0.719929754734,0,61.88235473633,4.349429130554,0,0.06584723293781,0.0001071499646059,0.9868305325508,0.07146666198969,26.03100013733,-0.005757422186434,864.8689575195,10,20,1,6,0.8753292560577,0.9631255269051,0.7603160738945,3.734999895096,0.8388900160789,1139,0,0.9833186864853,0.3092750906944
1365,143.072265625,329328,26.06100082397,2.902135133743,139,0.3643546998501,0.719929754734,0,71.61193847656,4.220368862152,0,0.07638279348612,0.0001061897928594,0.9868305325508,0.07268437743187,26.06100082397,-0.005757422186434,929.3430175781,11,28,0,18,0.8779631257057,0.9683933258057,0.7629499435425,3.414999961853,0.8389049768448,1139,0,0.9833186864853,0.3094981908798
1366,142.8598632812,329018,25.85250091553,2.907555580139,139,0.3740122914314,0.7243195772171,0,62.88410949707,4.535557746887,0,0.0842844620347,0.0001036443863995,0.9868305325508,0.07357348501682,25.85250091553,-0.005757422186434,866.8912963867,10,26,1,16,0.8823529481888,0.9631255269051,0.761194050312,3.766999959946,0.8444399833679,1139,0,0.9833186864853,0.3097368478775
1367,142.698348999,329636,26.16449928284,2.904973268509,139,0.3669885993004,0.7243195772171,0,62.5777015686,4.568920135498,0,0.08516242355108,0.0001055288521457,0.9877085089684,0.07434260845184,26.16449928284,-0.005371205043048,914.2885742188,15,25,0,14,0.8762071728706,0.9640035033226,0.7620719671249,4.747000217438,0.8311250209808,1139,0,0.9833186864853,0.3100092411041
1368,142.4784393311,330022,26.12549972534,2.909494161606,139,0.3652326464653,0.7471466064453,0,70.36084747314,4.451272964478,0,0.08165057003498,0.0001028812184813,0.9885864853859,0.07600099593401,26.12549972534,-0.00498533109203,813.6551513672,12,23,0,6,0.8893766403198,0.9692713022232,0.761194050312,5.293000221252,0.837475001812,1139,0,0.9841966629028,0.3102537095547
1369,142.5361175537,331718,26.08250045776,2.906914949417,139,0.3564530313015,0.7339771986008,0,64.27041625977,4.853380203247,0,0.08252853155136,0.0001052642910508,0.9894644618034,0.07727045565844,26.08250045776,-0.004599799402058,937.0960693359,12,26,0,15,0.8718174099922,0.9622476100922,0.759438097477,7.1234998703,0.8392400145531,1139,0,0.9850746393204,0.3104819357395
1370,143.1476898193,330664,26.15049934387,2.906997442245,139,0.3696224689484,0.7366110682487,0,63.97980499268,4.867427825928,0,0.07638279348612,0.000103936989035,0.9903423786163,0.07841797173023,26.15049934387,-0.004214636515826,925.4153442383,10,20,0,9,0.8797190785408,0.9648814797401,0.76382791996,3.158499956131,0.8344900012016,1139,0,0.9850746393204,0.3107314407825
1371,143.5497436523,331739,26.23649978638,2.912311792374,140,0.3784021139145,0.7453907132149,0,69.31607055664,4.625988006592,0,0.08955223858356,0.0001026019381243,0.9912203550339,0.08011418581009,26.23649978638,-0.003829788183793,968.5366210938,12,22,0,13,0.8832309246063,0.9701492786407,0.7673397660255,3.412499904633,0.8303800225258,1139,0,0.9841966629028,0.310956209898
1372,143.4691619873,333648,26.16699981689,2.918511867523,140,0.3780701756477,0.724561393261,0,65.08596801758,5.220175266266,0,0.09122806787491,0.0001043926240527,0.9903509020805,0.08068682998419,26.16699981689,-0.004210898652673,1053.138793945,11,22,0,16,0.8789473772049,0.958771944046,0.7657894492149,2.941999912262,0.8297049999237,1140,0,0.9833333492279,0.3109646737576
1373,144.3534698486,334174,26.12350082397,2.919397592545,140,0.3789473772049,0.7359648942947,0,65.36842346191,5.068420886993,0,0.1026315763593,0.000106491119368,0.9903509020805,0.08514726161957,26.12350082397,-0.004210898652673,1046.52746582,21,21,0,12,0.8929824829102,0.9552631378174,0.7666666507721,4.737500190735,0.8328449726105,1140,0,0.9842105507851,0.3111944198608
1374,145.5771789551,334150,26.19449996948,2.922055006027,140,0.4000000059605,0.7359648942947,0,68.92544555664,5.446491241455,0,0.0956140384078,0.000108728541818,0.9903509020805,0.08699984848499,26.19449996948,-0.004210898652673,1061.858886719,18,31,0,16,0.8771929740906,0.9614034891129,0.7684210538864,4.1875,0.8344849944115,1140,0,0.9850876927376,0.311469912529
1375,146.2156982422,334204,26.00399971008,2.928255081177,140,0.395614027977,0.7447368502617,0,65.20613861084,5.414912223816,0,0.0815789476037,0.0001113419857575,0.9903509020805,0.08866740018129,26.00399971008,-0.004210898652673,1021.336975098,12,20,0,10,0.8973684310913,0.9596491456032,0.7692982554436,3.221499919891,0.8496000170708,1140,0,0.9842105507851,0.3116986453533
1376,146.4258575439,332998,26.03199958801,2.929140806198,140,0.3850877285004,0.7429824471474,0,65.4298248291,5.400000095367,0,0.08947368711233,0.000110888373456,0.9903509020805,0.09139694273472,26.03199958801,-0.004210898652673,1008.55279541,12,24,0,13,0.8710526227951,0.958771944046,0.7692982554436,2.764499902725,0.8395699858665,1140,0,0.9850876927376,0.3119494020939
1377,146.8248291016,337116,26.00349998474,2.923008918762,140,0.3842105269432,0.7184210419655,0,67.71666717529,5.756140232086,0,0.0815789476037,0.0001112012905651,0.9903509020805,0.08982071280479,26.00349998474,-0.004210898652673,1128.29284668,12,16,2,5,0.8815789222717,0.9701754450798,0.7657894492149,3.074500083923,0.8385400176048,1140,0,0.9868420958519,0.3121738731861
1378,146.9727325439,335485,26.29249954224,2.928318500519,140,0.3912280797958,0.7412280440331,0,67.55000305176,5.398245811462,0,0.0956140384078,0.0001090607620426,0.9912280440331,0.09010834991932,26.29249954224,-0.00382641935721,1047.816162109,12,25,0,14,0.8842105269432,0.9666666388512,0.7614035010338,4.442500114441,0.8194649815559,1140,0,0.9859648942947,0.3124271035194
1379,147.1716461182,333307,26.42200088501,2.93451333046,140,0.3947368562222,0.7333333492279,0,65.14736938477,5.430701732635,0,0.08070175349712,0.000110194006993,0.9912280440331,0.09135421365499,26.42200088501,-0.00382641935721,1047.970581055,10,22,0,14,0.8964912295341,0.9666666388512,0.7578947544098,3.397500038147,0.8164600133896,1140,0,0.9859648942947,0.3126598894596
1380,148.3988342285,331261,26.1965007782,2.936283111572,140,0.3991228044033,0.7403509020805,0,66.32719421387,5.774561405182,0,0.09035087376833,0.0001103058457375,0.9912280440331,0.09283616393805,26.1965007782,-0.00382641935721,1060.618041992,9,27,0,14,0.8999999761581,0.9675438404083,0.7570175528526,2.085000038147,0.8219400048256,1140,0,0.9868420958519,0.3129189908504
1381,149.0616760254,328160,26.44000053406,2.935398340225,140,0.4008772075176,0.7289473414421,0,66.48157501221,5.610526561737,0,0.08508771657944,0.000110666587716,0.9912280440331,0.09407910704613,26.44000053406,-0.00382641935721,1101.750244141,10,25,0,11,0.9140350818634,0.9657894968987,0.7578947544098,1.384999990463,0.8049499988556,1140,0,0.9868420958519,0.3131830990314
1382,149.8352050781,325414,26.43000030518,2.935398340225,140,0.4008772075176,0.7429824471474,0,63.77105331421,5.612280845642,0,0.08859649300575,0.0001131610915763,0.9912280440331,0.09596391022205,26.43000030518,-0.00382641935721,1101.417724609,7,31,0,20,0.883333325386,0.9666666388512,0.7614035010338,1.044999957085,0.8040249943733,1140,0,0.9868420958519,0.3134405612946
1383,150.2088012695,322208,26.51250076294,2.937112569809,140,0.4114035069942,0.7438596487045,0,64.23860168457,5.98070192337,0,0.08947368711233,0.0001122593603213,0.9912280440331,0.09721980988979,26.51250076294,-0.00382641935721,1089.10144043,15,20,0,11,0.8999999761581,0.9675438404083,0.7666666507721,1.533499956131,0.8020899891853,1140,0,0.9877192974091,0.3136946856976
1384,150.3879089355,320221,26.62899971008,2.937168121338,140,0.4140350818634,0.7394737005234,0,64.11315917969,5.490350723267,0,0.1061403527856,0.0001141992179328,0.9903509020805,0.09862251579762,26.62899971008,-0.004210898652673,1217.836547852,9,20,0,12,0.9096491336823,0.9657894968987,0.7684210538864,1.379500031471,0.7908599972725,1140,0,0.9885964989662,0.313944876194
1385,150.5640411377,318396,26.67600059509,2.941592931747,140,0.4219298362732,0.7298245429993,0,62.51666641235,5.759648799896,0,0.1035087704659,0.0001146676877397,0.9912280440331,0.1005917191505,26.67600059509,-0.00382641935721,1233.369384766,19,20,0,12,0.8903508782387,0.9675438404083,0.7684210538864,1.606500029564,0.7899050116539,1140,0,0.9885964989662,0.314180791378
1386,150.7694244385,316391,26.65699958801,2.945132732391,140,0.4140350818634,0.7412280440331,0,62.73859786987,6.099123001099,0,0.105263158679,0.0001172938355012,0.9912280440331,0.1014567390084,26.65699958801,-0.00382641935721,1266.266845703,16,22,0,11,0.892105281353,0.9649122953415,0.7710526585579,1.125,0.7913299798965,1140,0,0.9885964989662,0.3144538104534
1387,150.5476226807,316710,26.55699920654,2.941592931747,140,0.4201754331589,0.7403509020805,0,62.89385986328,5.745614051819,0,0.09210526198149,0.0001192334311781,0.9912280440331,0.1021154969931,26.55699920654,-0.00382641935721,1199.22668457,12,19,0,10,0.895614027977,0.9692982435226,0.7684210538864,1.49899995327,0.7868199944496,1140,0,0.9885964989662,0.3146900832653
1388,150.8979034424,312732,26.59900093079,2.946017742157,140,0.4219298362732,0.7429824471474,0,62.82719421387,5.874561309814,0,0.08947368711233,0.0001196179582621,0.9912280440331,0.1034208238125,26.59900093079,-0.00382641935721,1291.968505859,12,34,0,20,0.8973684310913,0.9640350937843,0.7701754570007,1.928500056267,0.7724850177765,1140,0,0.9894737005234,0.3149670958519
1389,151.0200958252,309245,26.76549911499,2.946949720383,140,0.4359649121761,0.7385964989662,0,60.9236831665,6.132456302643,0,0.09122806787491,0.0001188524474856,0.9912280440331,0.1049879565835,26.76549911499,-0.00382641935721,1249.41796875,11,19,0,9,0.8991228342056,0.9640350937843,0.7736842036247,0.8309999704361,0.7577250003815,1140,0,0.9894737005234,0.3152309954166
1390,151.3678283691,305766,26.55599975586,2.946065425873,140,0.4359649121761,0.7377192974091,0,60.94298171997,5.755262851715,0,0.09824561327696,0.0001189856120618,0.9921052455902,0.1057900488377,26.55599975586,-0.003442254150286,1347.303710938,14,28,0,16,0.8877192735672,0.9657894968987,0.7780701518059,0.6514999866486,0.7773399949074,1140,0,0.9894737005234,0.3154826462269
1391,150.9472045898,303637,26.62549972534,2.948717832565,140,0.4315789341927,0.7438596487045,0,60.45438766479,5.704385757446,0,0.09122806787491,0.000118741991173,0.9921052455902,0.106798581779,26.62549972534,-0.003442254150286,1267.829345703,12,25,0,13,0.892105281353,0.9649122953415,0.7745614051819,0.6775000095367,0.7615950107574,1140,0,0.9903509020805,0.3157359659672
1392,151.4192047119,323356,26.46150016785,2.946949720383,140,0.4201754331589,0.7342105507851,0,59.56842041016,6.1105260849,0,0.09210526198149,0.0001186540102935,0.9921052455902,0.1005269736052,26.46150016785,-0.003442254150286,1404.653198242,11,16,0,9,0.8999999761581,0.9675438404083,0.778947353363,0.6489999890327,0.755029976368,1140,0,0.9903509020805,0.3159793913364
1393,151.3232727051,318560,26.46050071716,2.948717832565,141,0.4298245608807,0.7350876927376,0,71.39122772217,5.975438594818,0,0.08333333581686,0.0001187748057419,0.9921052455902,0.1024547964334,26.46050071716,-0.003442254150286,1372.766967773,11,22,0,10,0.8894736766815,0.9719298481941,0.7833333611488,0.936999976635,0.7551699876785,1140,0,0.9894737005234,0.3162483274937
1394,151.8204040527,315663,26.49900054932,2.942579507828,141,0.432077139616,0.7528483867645,0,59.12357711792,5.851007938385,0,0.08764241635799,0.0001205122316605,0.9912357330322,0.1030339300632,26.49900054932,-0.003823050530627,1283.08605957,12,19,0,8,0.8957055211067,0.971077978611,0.7879053354263,1.455500006676,0.7317500114441,1141,0,0.9894829392433,0.316195577383
1395,153.0270996094,313363,26.52750015259,2.941696166992,141,0.4364592432976,0.7484662532806,0,58.5030670166,5.983347892761,0,0.08764241635799,0.0001211826165672,0.992112159729,0.1033529788256,26.52750015259,-0.003439227584749,1257.177978516,3,16,0,7,0.8992112278938,0.9737072587013,0.7879053354263,0.6330000162125,0.7103750109673,1141,0,0.9886065125465,0.3164897859097
1396,153.3234558105,308577,26.64450073242,2.943462848663,141,0.4443470537663,0.7633654475212,0,68.36897277832,5.816827297211,0,0.08939526975155,0.0001221078855451,0.992112159729,0.1039481237531,26.64450073242,-0.003439227584749,1198.405273438,17,34,0,15,0.8913233876228,0.971077978611,0.7879053354263,0.4435000121593,0.7114449739456,1141,0,0.9886065125465,0.3167452812195
1397,153.5369873047,304234,26.51899909973,2.939045906067,141,0.4408413767815,0.7528483867645,0,57.7142868042,5.689745426178,0,0.1051709055901,0.0001263451413251,0.992112159729,0.1037720963359,26.51899909973,-0.003439227584749,1256.998779297,15,29,0,13,0.8939526677132,0.9675723314285,0.7887817621231,0.3185000121593,0.7371900081635,1141,0,0.9886065125465,0.3169974386692
1398,153.5279541016,298603,26.63500022888,2.940812826157,141,0.4390885233879,0.7563540935516,0,56.20245361328,5.693251609802,0,0.1042944788933,0.0001274341193493,0.992112159729,0.1042621806264,26.63500022888,-0.003439227584749,1261.777709961,13,28,0,11,0.8878176808357,0.9684487581253,0.7887817621231,0.7120000123978,0.7285000085831,1141,0,0.9894829392433,0.3172391653061
1399,153.3836212158,291803,26.57099914551,2.945229768753,141,0.4408413767815,0.7423312664032,0,63.21823120117,5.471516132355,0,0.09991236031055,0.0001299511786783,0.992112159729,0.1056226268411,26.57099914551,-0.003439227584749,1344.165771484,18,16,1,6,0.8965819478035,0.9702015519142,0.7975460290909,0.5780000090599,0.715399980545,1141,0,0.9894829392433,0.3175233304501
1400,153.46534729,286657,26.64150047302,2.946996450424,141,0.4417178034782,0.7668711543083,0,54.41717529297,5.476774692535,0,0.1025416329503,0.0001295391557505,0.992112159729,0.1057221665978,26.64150047302,-0.003439227584749,1225.603149414,9,23,0,12,0.9009640812874,0.9649430513382,0.7975460290909,0.1700000017881,0.6998199820518,1141,0,0.9894829392433,0.3177657723427
1401,153.9566040039,280821,26.58749961853,2.951413393021,141,0.4548641443253,0.764241874218,0,53.60385513306,5.444347381592,0,0.1042944788933,0.0001295552501688,0.992112159729,0.1061743944883,26.58749961853,-0.003439227584749,1229.366699219,11,30,0,20,0.8799299001694,0.9693251252174,0.7984224557877,0.2440000027418,0.683974981308,1141,0,0.9903593063354,0.3180090785027
1402,153.5956573486,275306,26.48349952698,2.95318031311,141,0.445223480463,0.7651183009148,0,58.56003570557,5.394390583038,0,0.08939526975155,0.0001282371085836,0.992112159729,0.1072225123644,26.48349952698,-0.003439227584749,1220.434448242,9,22,0,10,0.8930762410164,0.9666959047318,0.8019281625748,0.2049999982119,0.6805800199509,1141,0,0.9903593063354,0.3182270228863
1403,154.01171875,269180,26.44249916077,2.949691057205,141,0.445223480463,0.7572305202484,0,51.87993240356,5.32252407074,0,0.08939526975155,0.0001316475390922,0.992112159729,0.1083995848894,26.44249916077,-0.003439227584749,1282.323364258,10,24,0,13,0.9000876545906,0.9684487581253,0.8036809563637,0.2449999898672,0.6775299906731,1141,0,0.9886065125465,0.3184982836246
1404,153.861328125,263638,26.35050010681,2.947043180466,142,0.4618755578995,0.7572305202484,0,50.45135879517,5.234881401062,0,0.08588957041502,0.0001302293385379,0.9929885864258,0.11201723665,26.35050010681,-0.003055743407458,1272.540161133,6,22,0,9,0.9088518619537,0.9684487581253,0.8019281625748,0.2284999936819,0.6533600091934,1141,0,0.9894829392433,0.3187422156334
1405,153.5872344971,257042,26.33250045776,2.947925806046,142,0.4570928215981,0.7521891593933,0,54.47110366821,5.497372627258,0,0.0849387049675,0.0001331225503236,0.9921190738678,0.1128609329462,26.33250045776,-0.003436201019213,1281.229858398,12,18,0,11,0.9133099913597,0.9649737477303,0.8029772043228,0.1344999969006,0.6290850043297,1142,0,0.9894921183586,0.3187347352505
1406,154.4422149658,250413,26.34449958801,2.951456308365,142,0.4562171697617,0.7653239965439,0,48.58931732178,5.125218868256,0,0.08756567537785,0.0001307631173404,0.9921190738678,0.1142951846123,26.34449958801,-0.003436201019213,1181.286499023,12,27,0,14,0.9063047170639,0.9719789624214,0.7994745969772,0.04250000044703,0.6174049973488,1142,0,0.9894921183586,0.3189629018307
1407,154.0740814209,249998,26.35950088501,2.948808431625,142,0.460595458746,0.7521891593933,0,46.73379898071,5.113835811615,0,0.08931698650122,0.0001303561002715,0.9921190738678,0.1141089126468,26.35950088501,-0.003436201019213,1243.362426758,7,13,0,5,0.9098073840141,0.971103310585,0.7942206859589,0.03350000083447,0.6168450117111,1142,0,0.9886164665222,0.3192411661148
1408,153.4807739258,241798,26.47699928284,2.950617313385,142,0.4649737179279,0.7714536190033,0,53.07093048096,5.299474239349,0,0.09019264578819,0.0001318448630627,0.9921190738678,0.1159521564841,26.47699928284,-0.003436201019213,1098.420410156,17,29,0,17,0.9036777615547,0.9702276587486,0.7942206859589,0.07500000298023,0.6236000061035,1142,0,0.9886164665222,0.3195241391659
1409,153.4758911133,235530,26.28949928284,2.949735403061,142,0.4562171697617,0.7644483447075,0,44.68826675415,4.876532554626,0,0.08756567537785,0.0001309776125709,0.9929947257042,0.1170636415482,26.28949928284,-0.003053058404475,1136.208251953,14,25,0,12,0.9176882505417,0.9676007032394,0.7985989451408,0.06049999967217,0.6068549752235,1142,0,0.9886164665222,0.3197533488274
1410,153.2046508789,229828,26.39150047302,2.951541900635,142,0.450963228941,0.7565674185753,0,43.38879013062,4.83362531662,0,0.07355516403913,0.0001336001005257,0.9929947257042,0.1196024864912,26.39150047302,-0.003053058404475,1154.9921875,6,34,0,16,0.9054290652275,0.9737303256989,0.8047285676003,0.06400000303984,0.5997750163078,1142,0,0.9894921183586,0.3199866712093
1411,152.4713592529,223031,26.29899978638,2.947971820831,142,0.4483362436295,0.7626970410347,0,48.65849304199,5.309106826782,0,0.0796847641468,0.0001339121372439,0.9938703775406,0.1209338605404,26.29899978638,-0.002670253627002,1210.456665039,12,13,0,6,0.9141856431961,0.9693520069122,0.8029772043228,0.04949999973178,0.5720850229263,1142,0,0.9894921183586,0.3202575743198
1412,152.240524292,207074,26.10549926758,2.944444417953,143,0.466725051403,0.7644483447075,0,41.27408218384,4.741681575775,0,0.08143607527018,0.0001394751743646,0.9929947257042,0.1288380026817,26.10549926758,-0.003053058404475,1171.658447266,14,15,0,8,0.9150612950325,0.971103310585,0.8091068267822,0.03050000034273,0.5726299881935,1142,0,0.990367770195,0.3205012977123
1413,152.5543365479,200055,26.26549911499,2.945326328278,144,0.4663166999817,0.7646543979645,0,34.61592483521,4.698162555695,0,0.09623797237873,0.0001373340492137,0.9921259880066,0.1318537443876,26.26549911499,-0.003433174453676,1248.935424805,12,20,0,8,0.9133858084679,0.963254570961,0.8127734065056,0.07299999892712,0.5984399914742,1143,0,0.9895012974739,0.3205193281174
1414,153.4151763916,192071,26.39299964905,2.943562507629,144,0.4632867276669,0.7674825191498,0,42.77272796631,5.041957855225,0,0.09090909361839,0.0001400961336913,0.9912587404251,0.1357935369015,26.39299964905,-0.003812970360741,1194.712646484,13,26,0,12,0.8994755148888,0.9694055914879,0.8208041787148,0.06750000268221,0.5914049744606,1144,0,0.9886363744736,0.3204696178436
1415,153.2466888428,185241,26.14999961853,2.937444925308,144,0.4676573574543,0.7657342553139,0,36.80419540405,4.626748561859,0,0.09790209680796,0.0001375510910293,0.9912587404251,0.1390350908041,26.14999961853,-0.003812970360741,1290.137695312,21,22,0,13,0.8968531489372,0.967657327652,0.8146852850914,0.03649999946356,0.5687149763107,1144,0,0.9903846383095,0.3207622170448
1416,153.5949401855,179290,26.12249946594,2.939260482788,145,0.4729020893574,0.7718531489372,0,31.625,4.378496170044,0,0.1057692319155,0.0001373646082357,0.9921328425407,0.1435105204582,26.12249946594,-0.00343017349951,1204.271240234,14,25,0,13,0.9099650382996,0.9755244851112,0.8155594468117,0.04300000146031,0.5674300193787,1144,0,0.9903846383095,0.3210064470768
1417,154.0661010742,172420,26.13649940491,2.942781686783,146,0.455021828413,0.7676855921745,0,38.10480499268,4.934497833252,0,0.0960698723793,0.0001337375288131,0.9921397566795,0.1477496773005,26.13649940491,-0.003427147399634,1277.741333008,12,22,0,12,0.8934497833252,0.9659388661385,0.8183405995369,0.04250000044703,0.5699350237846,1145,0,0.9903930425644,0.3210034072399
1418,154.2736968994,165668,26.04050064087,2.942781686783,146,0.4677137732506,0.7687609195709,0,32.75567245483,4.542757034302,0,0.08987783640623,0.0001335561828455,0.9912739992142,0.1518700122833,26.04050064087,-0.00380628509447,1178.004394531,11,27,0,14,0.9031413793564,0.9685863852501,0.8237347006798,0.0489999987185,0.5770050287247,1146,0,0.9886562228203,0.3209475576878
1419,154.1776733398,159333,25.96050071716,2.94459104538,146,0.4642233848572,0.7652705311775,0,28.57853317261,4.33595085144,0,0.0811518356204,0.0001318583381362,0.9912739992142,0.1581781506538,25.96050071716,-0.00380628509447,1242.681396484,11,19,0,9,0.9109947681427,0.972949385643,0.8254799246788,0.01449999958277,0.557365000248,1146,0,0.9886562228203,0.3211660981178
1420,154.1266937256,152743,25.95450019836,2.941124677658,146,0.4659685790539,0.7565445303917,0,33.22862243652,4.670157432556,0,0.09162303805351,0.0001349380763713,0.9921466112137,0.1614607572556,25.95450019836,-0.003424146678299,1249.597290039,15,20,0,11,0.9101221561432,0.9659686088562,0.8298429250717,0.009999999776483,0.5420799851418,1146,0,0.9886562228203,0.3213953971863
1421,154.4861907959,146701,25.97800064087,2.942932367325,146,0.4677137732506,0.7696335315704,0,29.0427570343,4.253054141998,0,0.09511344134808,0.0001358735753456,0.9930192232132,0.1650704443455,25.97800064087,-0.003042344469577,1184.487548828,13,22,0,12,0.897905766964,0.971204161644,0.8298429250717,0.007499999832362,0.5160650014877,1146,0,0.9886562228203,0.3216654062271
1422,154.90184021,140540,26.12899971008,2.940298557281,146,0.4607329964638,0.7600349187851,0,25.54886627197,4.154450416565,0,0.09162303805351,0.0001363243209198,0.9938917756081,0.1709264218807,26.12899971008,-0.002660903381184,1196.904418945,11,20,0,10,0.9136125445366,0.9677137732506,0.8280977606773,0.007499999832362,0.5190799832344,1146,0,0.9895287752151,0.3218668103218
1423,154.6676025391,135169,26.17200088501,2.942932367325,146,0.4642233848572,0.7600349187851,0,28.78272247314,4.596858501434,0,0.08900523930788,0.0001347688521491,0.9938917756081,0.1729094684124,26.17200088501,-0.002660903381184,1215.269042969,12,23,0,9,0.9109947681427,0.9703316092491,0.8280977606773,0.009999999776483,0.5108249783516,1146,0,0.9904013872147,0.322144061327
1424,155.4835968018,128600,25.99049949646,2.943810462952,146,0.4712041914463,0.7757416963577,0,26.00523376465,4.08115196228,0,0.08027923107147,0.0001329948572675,0.9938917756081,0.1760264337063,25.99049949646,-0.002660903381184,1085.37487793,10,21,0,12,0.9031413793564,0.974694609642,0.8307155370712,0.008500000461936,0.4936949908733,1146,0,0.9912739992142,0.3223648965359
1425,155.3805999756,122968,25.98850059509,2.942054510117,146,0.4746945798397,0.7678883075714,0,22.14834213257,3.746073246002,0,0.09336823970079,0.0001303479948547,0.9938917756081,0.1813967823982,25.98850059509,-0.002660903381184,1155.723876953,10,21,0,13,0.9144851565361,0.9668411612511,0.8307155370712,0.002000000094995,0.5157250165939,1146,0,0.9912739992142,0.32264149189
1426,155.4082489014,117233,26.15449905396,2.942054510117,146,0.4834205806255,0.7722513079643,0,24.74258422852,4.247818470001,0,0.08376963436604,0.0001286812039325,0.9938917756081,0.1849052757025,26.15449905396,-0.002660903381184,1086.544677734,12,21,0,10,0.918848156929,0.9738219976425,0.8324607610703,0.002000000094995,0.518029987812,1146,0,0.9921466112137,0.3228706121445
1427,155.742401123,111581,25.6280002594,2.943810462952,146,0.4694589972496,0.7792320847511,0,22.5514831543,3.818499088287,0,0.07940663397312,0.000130260901642,0.9938917756081,0.1882757842541,25.6280002594,-0.002660903381184,1095.283813477,11,20,0,11,0.9136125445366,0.971204161644,0.8333333134651,0.0,0.4952949881554,1146,0,0.9930192232132,0.3231078982353
1428,156.3166046143,104332,25.48200035095,2.93766450882,146,0.4781849980354,0.7748690843582,0,19.27050590515,3.405759096146,0,0.07766143232584,0.0001334853150183,0.9938917756081,0.1961526721716,25.48200035095,-0.002660903381184,1018.173400879,6,17,0,7,0.9223385453224,0.9694589972496,0.8350785374641,0.003000000026077,0.4767650067806,1146,0,0.9938917756081,0.3233332037926
1429,156.0087432861,99186,25.49200057983,2.940298557281,146,0.4773123860359,0.762652695179,0,20.23298454285,3.925828933716,0,0.08027923107147,0.0001350699894829,0.9938917756081,0.1995241194963,25.49200057983,-0.002660903381184,1163.819458008,13,17,0,10,0.9092495441437,0.9703316092491,0.8342059254646,0.004499999806285,0.470340013504,1146,0,0.9938917756081,0.3235858976841
1430,155.7544555664,93654,25.48900032043,2.933274745941,146,0.4694589972496,0.7635253071785,0,19.37783432007,3.400523662567,0,0.07155323028564,0.0001370723475702,0.9938917756081,0.2028637379408,25.48900032043,-0.002660903381184,1076.287231445,9,15,0,6,0.9101221561432,0.9738219976425,0.8324607610703,0.009999999776483,0.4571099877357,1146,0,0.9938917756081,0.3238214850426
1431,155.5458679199,87088,25.52549934387,2.935030698776,147,0.4738219976425,0.7687609195709,0,16.48603820801,3.099476575851,0,0.08638743311167,0.0001342011819361,0.9938917756081,0.2133933454752,25.52549934387,-0.002660903381184,1136.84777832,8,17,0,7,0.9171029925346,0.972949385643,0.837696313858,0.002000000094995,0.4416350126266,1146,0,0.9938917756081,0.3240897655487
1432,156.039855957,82672,25.10950088501,2.933274745941,147,0.4768962562084,0.7680906653404,0,16.15257072449,3.571054935455,0,0.06887532770634,0.0001339120644843,0.993025302887,0.2060915380716,25.10950088501,-0.003039685310796,1064.513305664,10,26,0,10,0.9215344190598,0.9764603376389,0.8378378152847,0.001000000047497,0.4335750043392,1147,0,0.993025302887,0.3240280747414
1433,155.1521606445,78354,24.82449913025,2.934152841568,147,0.4812554419041,0.7724498510361,0,16.52223205566,2.648648738861,0,0.08805579692125,0.0001311772648478,0.993025302887,0.2119228094816,24.82449913025,-0.003039685310796,1144.737426758,13,18,0,12,0.9276373386383,0.9738448262215,0.8343504667282,0.0,0.4340749979019,1147,0,0.9921534657478,0.324299544096
1434,155.3385772705,74324,24.5890007019,2.928884983063,147,0.4612031280994,0.7637314796448,0,14.11508274078,2.449869155884,0,0.07846556603909,0.0001326211204287,0.993025302887,0.2169823944569,24.5890007019,-0.003039685310796,1072.090209961,18,12,0,4,0.9110723733902,0.9799476861954,0.8387096524239,0.002499999944121,0.4144499897957,1147,0,0.9921534657478,0.3245194554329
1435,155.441192627,70267,24.71299934387,2.930640935898,147,0.4603312909603,0.7724498510361,0,13.74106311798,2.764603376389,0,0.09067131578922,0.0001337343419436,0.993025302887,0.224201977253,24.71299934387,-0.003039685310796,1119.399169922,12,18,0,6,0.9119442105293,0.9686138033867,0.8360941410065,0.05249999836087,0.4195599853992,1147,0,0.9912816286087,0.3247639238834
1436,156.108581543,66268,24.76600074768,2.924495220184,147,0.4707933664322,0.7741935253143,0,13.99825668335,2.485614776611,0,0.07323452830315,0.0001332111132797,0.993025302887,0.2318615317345,24.76600074768,-0.003039685310796,1005.052490234,10,21,0,15,0.9241499304771,0.9755885004997,0.8334786295891,0.0,0.4048500061035,1147,0,0.9904097914696,0.3250019550323
1437,156.6052246094,62709,24.5389995575,2.926251173019,148,0.4524847567081,0.7707061767578,0,11.94943332672,2.191804647446,0,0.08195292204618,0.0001340589951724,0.993025302887,0.238067895174,24.5389995575,-0.003039685310796,1076.983886719,11,18,0,9,0.916303396225,0.9694856405258,0.8308631181717,0.003500000108033,0.4072499871254,1147,0,0.9904097914696,0.3252364397049
1438,157.5230865479,59313,24.66300010681,2.927129030228,148,0.4538327455521,0.7534843087196,0,11.74825763702,2.575783967972,0,0.06881532818079,0.0001320357114309,0.9921602606773,0.246741861105,24.66300010681,-0.003418171778321,1059.845581055,7,21,0,12,0.910278737545,0.9773519039154,0.8310104608536,0.0,0.4025999903679,1148,0,0.9895470142365,0.3251565992832
1439,157.5104827881,54951,24.93849945068,2.927129030228,148,0.4677700400352,0.777003467083,0,11.73083591461,2.297909259796,0,0.08275261521339,0.0001325339835603,0.9921602606773,0.2621244490147,24.93849945068,-0.003418171778321,1008.109008789,10,18,0,10,0.9085366129875,0.9712543487549,0.8327525854111,0.0,0.3850699961185,1148,0,0.9886759519577,0.3254342079163
1440,157.1148223877,51904,25.10650062561,2.920983314514,148,0.4660278856754,0.762195110321,0,9.421602249146,2.024390220642,0,0.0792682915926,0.000131025313749,0.9921602606773,0.2716168165207,25.10650062561,-0.003418171778321,975.669921875,11,16,0,5,0.9137630462646,0.9695122241974,0.8336237072945,0.0,0.3906199932098,1148,0,0.9886759519577,0.3256564736366
1441,157.399520874,48942,25.41500091553,2.919156312943,148,0.4599303007126,0.7709059119225,0,9.736933708191,2.352787494659,0,0.08972125500441,0.0001287186023546,0.9921602606773,0.2799436151981,25.41500091553,-0.003418171778321,987.5069580078,9,18,0,8,0.9094076752663,0.9738675951958,0.8301393985748,0.0599999986589,0.4184849858284,1148,0,0.987804889679,0.3258769512177
1442,157.3411712646,45949,25.4435005188,2.917398929596,149,0.4668989479542,0.7630661725998,0,9.788328170776,2.219511985779,0,0.0818815305829,0.0001269344647881,0.9912891983986,0.2910400629044,25.4435005188,-0.003799626138061,929.8013305664,14,17,0,8,0.9181184768677,0.972996532917,0.8249129056931,0.05400000140071,0.4160900115967,1148,0,0.9886759519577,0.3260837197304
1443,157.1726074219,43318,25.12849998474,2.918277740479,150,0.4691035747528,0.758920788765,0,7.69973897934,1.913838148117,0,0.08181027323008,0.0001231472269865,0.9904264807701,0.2988364994526,25.12849998474,-0.004177756607533,994.4371337891,13,20,0,12,0.9129678010941,0.9677981138229,0.8224543333054,0.001000000047497,0.3919799923897,1149,0,0.9886857867241,0.3260496556759
1444,156.3352508545,40576,25.27199935913,2.917398929596,150,0.4626086950302,0.750434756279,0,8.041738510132,2.183478355408,0,0.07565217465162,0.0001241337886313,0.9895651936531,0.3051064610481,25.27199935913,-0.004555588588119,944.7210083008,9,20,0,8,0.9208695888519,0.9678260684013,0.8191304206848,0.0,0.3849000036716,1150,0,0.9878261089325,0.3259878158569
1445,156.5571136475,38086,25.27899932861,2.920035123825,150,0.468695640564,0.7547826170921,0,8.158260345459,1.995652198792,0,0.07304348051548,0.000124278201838,0.9895651936531,0.3147350847721,25.27899932861,-0.004555588588119,957.7290649414,10,23,0,7,0.9200000166893,0.9704347848892,0.8199999928474,0.0,0.3774249851704,1150,0,0.9878261089325,0.3262138366699
1446,156.5975036621,35567,24.97750091553,2.920913934708,150,0.460869550705,0.7347826361656,0,6.552173614502,1.766956567764,0,0.06695652008057,0.000128544998006,0.9895651936531,0.32389575243,24.97750091553,-0.004555588588119,941.2869873047,15,17,0,10,0.9139130711555,0.9704347848892,0.8139130473137,0.0,0.3722400069237,1150,0,0.9878261089325,0.3264439105988
1447,157.2248840332,33514,24.76849937439,2.919227361679,150,0.4652173817158,0.749565243721,0,6.452173709869,1.960869550705,0,0.06956521421671,0.0001312423555646,0.9895651936531,0.3289371728897,24.76849937439,-0.004555588588119,901.3284301758,8,26,0,14,0.9243478178978,0.968695640564,0.8113043308258,0.0,0.373055011034,1150,0,0.9878261089325,0.3266608417034
1448,157.5414581299,31273,24.64699935913,2.909569740295,150,0.4660869538784,0.7400000095367,0,6.835652351379,1.834782600403,0,0.0599999986589,0.0001320728624705,0.9904347658157,0.339110404253,24.64699935913,-0.00417412398383,869.9265136719,9,12,0,6,0.9243478178978,0.968695640564,0.8086956739426,0.0,0.3652049899101,1150,0,0.9878261089325,0.326854467392
1449,157.7196350098,29023,24.3719997406,2.914837598801,150,0.4652173817158,0.7373912930489,0,5.406086921692,1.581739068031,0,0.07043477892876,0.0001308915088885,0.9904347658157,0.3490335345268,24.3719997406,-0.00417412398383,905.7147216797,11,18,0,8,0.9304347634315,0.9599999785423,0.8043478131294,0.0,0.3471649885178,1150,0,0.9886956810951,0.3270567953587
1450,156.692855835,26936,24.47500038147,2.91132569313,151,0.459130436182,0.733913064003,0,5.311304569244,1.740000009537,0,0.06434782594442,0.0001287519116886,0.9904347658157,0.3590733706951,24.47500038147,-0.00417412398383,860.1114501953,8,22,0,11,0.8973913192749,0.9660869836807,0.8069565296173,0.0,0.3396100103855,1150,0,0.9886956810951,0.3272670507431
1451,156.4138641357,25287,24.23049926758,2.906935930252,151,0.454387485981,0.7419635057449,0,5.504778385162,1.662032961845,0,0.06863597035408,0.000124837984913,0.9895742535591,0.3659587800503,24.23049926758,-0.004551612772048,865.0075683594,9,17,0,8,0.9096437692642,0.9609035849571,0.8123371005058,0.0,0.3331199884415,1151,0,0.9878366589546,0.3272059857845
1452,156.2303009033,23698,24.04000091553,2.906057834625,151,0.4500434398651,0.7306689620018,0,4.417897224426,1.359687209129,0,0.05647263303399,0.0001240325946128,0.9895742535591,0.3606211543083,24.04000091553,-0.004551612772048,837.9515991211,8,14,0,10,0.9200695157051,0.959165930748,0.8132058978081,0.0,0.3295849859715,1151,0,0.9887054562569,0.3274448215961
1453,156.5667419434,22147,23.90699958801,2.898156166077,151,0.4509122371674,0.7367506623268,0,4.305821418762,1.454387545586,0,0.07298001646996,0.0001236171810888,0.9895742535591,0.3655574023724,23.90699958801,-0.004551612772048,878.0108642578,9,13,0,8,0.9252823591232,0.9609035849571,0.8201563954353,0.001000000047497,0.3274149894714,1151,0,0.9878366589546,0.3276811242104
1454,155.4067077637,20624,23.93950080872,2.897278308868,151,0.454387485981,0.7341442108154,0,4.446568012238,1.433536052704,0,0.05821025371552,0.0001239698467543,0.9895742535591,0.372721105814,23.93950080872,-0.004551612772048,809.6320800781,12,21,0,13,0.9165942668915,0.9617723822594,0.8210251927376,0.0005000000237487,0.3324350118637,1151,0,0.9887054562569,0.3279051780701
1455,155.3822479248,19303,23.92650032043,2.88937664032,151,0.4439617693424,0.7332754135132,0,3.642050504684,1.181581258774,0,0.06950477510691,0.000123482561321,0.9895742535591,0.3829456567764,23.92650032043,-0.004551612772048,879.5797119141,11,11,0,4,0.9070373773575,0.9695916771889,0.817549943924,0.001000000047497,0.3252899944782,1151,0,0.9887054562569,0.3281317353249
1456,155.8339538574,18129,23.92000007629,2.884986877441,151,0.4439617693424,0.7341442108154,0,3.487402200699,1.297132849693,0,0.06168549135327,0.00012240333308,0.9895742535591,0.3857907354832,23.92000007629,-0.004551612772048,836.0219726562,12,15,0,8,0.9096437692642,0.965247631073,0.8166811466217,0.0,0.3233850002289,1151,0,0.9887054562569,0.328344553709
1457,155.5047607422,16886,24.15550041199,2.883230924606,151,0.4352736771107,0.7376194596291,0,3.598609924316,1.206776738167,0,0.06602954119444,0.0001211569688166,0.9895742535591,0.3948833346367,24.15550041199,-0.004551612772048,897.8688964844,9,17,0,7,0.9113814234734,0.9661164283752,0.8097306489944,0.0,0.3159950077534,1151,0,0.9878366589546,0.3285766839981
1458,155.6947937012,15628,24.07049942017,2.882456064224,151,0.4344048798084,0.7350130081177,0,2.929626464844,0.9721980690956,0,0.06168549135327,0.0001183807908092,0.9895742535591,0.408433586359,24.07049942017,-0.004551612772048,819.977722168,11,22,0,9,0.9113814234734,0.9617723822594,0.8123371005058,0.0,0.3043900132179,1151,0,0.9887054562569,0.3287585675716
1459,155.676940918,14527,23.79299926758,2.876315832138,151,0.4213727116585,0.7350130081177,0,2.842745542526,1.162467479706,0,0.0634231120348,0.000115229653602,0.990443110466,0.4128175079823,23.79299926758,-0.004170464817435,886.0993041992,6,11,0,4,0.9044309258461,0.9609035849571,0.8097306489944,0.0,0.29550999403,1151,0,0.9887054562569,0.3289494514465
1460,155.5582733154,13516,23.60000038147,2.871052742004,151,0.4213727116585,0.7306689620018,0,2.90008687973,1.03214597702,0,0.06168549135327,0.0001131096942117,0.990443110466,0.4175051748753,23.60000038147,-0.004170464817435,856.130065918,5,20,0,14,0.9044309258461,0.9600347280502,0.8053866028786,0.0,0.2765949964523,1151,0,0.9878366589546,0.3291434943676
1461,155.0373840332,12530,23.70599937439,2.869298219681,151,0.4161598682404,0.7454387545586,0,2.320590734482,0.8210251927376,0,0.07124239951372,0.00011074210488,0.990443110466,0.4150837957859,23.70599937439,-0.004170464817435,847.845703125,10,18,0,13,0.9035621285439,0.9609035849571,0.8053866028786,0.0,0.270359992981,1151,0,0.9878366589546,0.3293716013432
1462,155.2974853516,11599,23.90900039673,2.862280607224,152,0.4161598682404,0.7341442108154,0,2.205908060074,0.9235447645187,0,0.07384882867336,0.0001087332784664,0.990443110466,0.4239158630371,23.90900039673,-0.004170464817435,852.2720336914,13,16,0,7,0.9079061746597,0.9635099768639,0.8053866028786,0.0,0.2635250091553,1151,0,0.9878366589546,0.3295470774174
1463,156.0840759277,10755,23.95149993896,2.849999904633,152,0.4079861044884,0.7421875,0,2.348090171814,0.8793402314186,0,0.07118055224419,0.0001073818930308,0.9895833134651,0.4299395680428,23.95149993896,-0.004547636490315,820.2401123047,8,12,0,7,0.9184027910233,0.9583333134651,0.8072916865349,0.0,0.2657949924469,1152,0,0.9861111044884,0.3294591009617
1464,156.1975250244,10055,24.1280002594,2.840350866318,152,0.4071180522442,0.7439236044884,0,1.875,0.6814236044884,0,0.07638888806105,0.0001069600039045,0.9895833134651,0.438488304615,24.1280002594,-0.004547636490315,797.5239868164,18,7,0,5,0.9131944179535,0.9583333134651,0.8081597089767,0.0,0.2659449875355,1152,0,0.9861111044884,0.3296894729137
1465,156.1975250244,9367,24.18549919128,2.846491336823,152,0.4123263955116,0.7473958134651,0,1.81770837307,0.8324652910233,0,0.07118055224419,0.000110096676508,0.9895833134651,0.4441123008728,24.18549919128,-0.004547636490315,784.2442626953,13,23,0,10,0.9027777910233,0.9626736044884,0.8055555820465,0.0,0.2636350095272,1152,0,0.9878472089767,0.3298996686935
1466,155.3901519775,8678,24.49550056458,2.846491336823,152,0.4071180522442,0.7317708134651,0,1.855902791023,0.7430555224419,0,0.06336805224419,0.0001098448701669,0.9895833134651,0.4544825851917,24.49550056458,-0.004547636490315,795.2947998047,9,13,0,6,0.90625,0.9592013955116,0.8029513955116,0.0,0.2825999855995,1152,0,0.9861111044884,0.3300870656967
1467,154.9049987793,8118,24.64800071716,2.848112344742,152,0.3975694477558,0.7309027910233,0,1.571180582047,0.6197916865349,0,0.06510416418314,0.000113127673103,0.9895833134651,0.4733924567699,24.64800071716,-0.004547636490315,778.6812744141,8,13,1,6,0.9105902910233,0.9609375,0.7951388955116,0.0,0.2834349870682,1152,0,0.9861111044884,0.3302526175976
1468,153.9781188965,7556,24.5030002594,2.84122800827,152,0.3967013955116,0.7230902910233,0,1.454861164093,0.6762152314186,0,0.06597222387791,0.0001113051184802,0.9887152910233,0.4802805781364,24.5030002594,-0.004928749520332,769.1771850586,13,9,0,4,0.9027777910233,0.9583333134651,0.7899305820465,0.0,0.2566649913788,1152,0,0.9852430820465,0.330446600914
1469,155.1600646973,6992,24.69199943542,2.832309007645,152,0.3914930522442,0.7161458134651,0,1.537326455116,0.6432291865349,0,0.06423611193895,0.0001133328914875,0.9895833134651,0.485554933548,24.69199943542,-0.004547636490315,768.6338500977,10,17,0,7,0.9036458134651,0.9652777910233,0.7829861044884,0.0,0.2548699975014,1152,0,0.9852430820465,0.3306476473808
1470,155.803604126,6492,24.6189994812,2.823529481888,152,0.3923611044884,0.7204861044884,0,1.183159708977,0.5130208134651,0,0.05989583209157,0.000108891435957,0.9887152910233,0.499383866787,24.6189994812,-0.004928749520332,738.6506347656,6,18,0,11,0.90625,0.9583333134651,0.7769097089767,0.0,0.2417449951172,1152,0,0.984375,0.3308221101761
1471,155.9540252686,5977,24.45700073242,2.819139480591,152,0.3975694477558,0.7178819179535,0,1.152777791023,0.5625,0,0.06336805224419,0.0001071271035471,0.9887152910233,0.5074452161789,24.45700073242,-0.004928749520332,750.9462280273,5,16,0,9,0.8984375,0.9600694179535,0.7743055820465,0.0,0.2449200004339,1152,0,0.9835069179535,0.3309949636459
1472,156.0048675537,5526,24.30550003052,2.816505670547,152,0.4079861044884,0.7092013955116,0,1.20052075386,0.5564236044884,0,0.06163194403052,0.0001030037165037,0.9887152910233,0.5112196803093,24.30550003052,-0.004928749520332,755.2648925781,8,23,0,12,0.9019097089767,0.9574652910233,0.7743055820465,0.0,0.2362750023603,1152,0,0.9826388955116,0.3312124013901
1473,156.15284729,5134,24.35400009155,2.808604001999,152,0.4036458432674,0.7013888955116,0,0.9444444179535,0.4131944179535,0,0.06597222387791,0.0001034676170093,0.9887152910233,0.5173354148865,24.35400009155,-0.004928749520332,786.8201904297,9,9,0,7,0.8923611044884,0.9565972089767,0.765625,0.0,0.2267599999905,1152,0,0.9817708134651,0.3313876390457
1474,156.1040649414,4788,24.74250030518,2.80228471756,152,0.4036458432674,0.7013888955116,0,0.8958333134651,0.4470486044884,0,0.06336805224419,0.0001031306164805,0.9887152910233,0.5265246629715,24.74250030518,-0.004928749520332,749.1636962891,6,11,0,5,0.9097222089767,0.9548611044884,0.7612847089767,0.0,0.2317049950361,1152,0,0.9817708134651,0.3315725326538
1475,156.7980651855,4486,25.22249984741,2.79349732399,152,0.4079861044884,0.7057291865349,0,0.9210069179535,0.4262152612209,0,0.05729166790843,0.000104307255242,0.9878472089767,0.5303165316582,25.22249984741,-0.005310222972184,749.3801879883,10,14,0,4,0.8949652910233,0.9565972089767,0.7578125,0.001000000047497,0.2245749980211,1152,0,0.9835069179535,0.3317590355873
1476,156.1750793457,4188,25.40699958801,2.782570362091,153,0.4071180522442,0.6979166865349,0,0.7465277910233,0.3385416567326,0,0.05815972387791,0.0001076000116882,0.9878472089767,0.5382043719292,25.40699958801,-0.005310222972184,735.8400268555,6,13,0,5,0.90625,0.9470486044884,0.7526041865349,0.305999994278,0.2313300073147,1152,0,0.9835069179535,0.3319406509399
1477,155.4936523438,3894,25.42049980164,2.778854608536,153,0.3954900205135,0.6886383295059,0,0.7502168416977,0.3729401528835,0,0.05724197626114,0.0001096013584174,0.9852558374405,0.5395480394363,25.42049980164,-0.006450983695686,778.6374511719,8,14,0,9,0.8976582884789,0.9488291144371,0.7458803057671,0.6620000004768,0.2590849995613,1153,0,0.9835212230682,0.3318692147732
1478,154.7109069824,3616,25.55200004578,2.774250507355,153,0.3885515928268,0.6964440345764,0,0.7979184985161,0.4024284482002,0,0.06157848984003,0.0001090791993192,0.9843885302544,0.5478429198265,25.55200004578,-0.006833455525339,739.7418823242,12,18,0,8,0.8959236741066,0.9462272524834,0.7424110770226,0.04450000077486,0.2513000071049,1153,0,0.9817866683006,0.3320460319519
1479,154.4136810303,3394,25.53100013733,2.764757633209,153,0.3807458877563,0.7025151848793,0,0.6392020583153,0.2931483089924,0,0.06418039649725,0.000109245243948,0.9835212230682,0.5553918480873,25.53100013733,-0.007216264493763,730.8430175781,8,14,1,10,0.8976582884789,0.9505637288094,0.7441456913948,0.09650000184774,0.2470050007105,1153,0,0.9817866683006,0.332275390625
1480,155.1091766357,3182,25.57399940491,2.762114524841,154,0.3859497010708,0.6955767273903,0,0.6305290460587,0.3356461524963,0,0.06504770368338,0.0001070307989721,0.9843885302544,0.5543683171272,25.57399940491,-0.006833455525339,728.5827026367,8,12,0,6,0.88725066185,0.9453599452972,0.7432783842087,0.002499999944121,0.2459000051022,1153,0,0.9800520539284,0.3324398398399
1481,154.9920959473,2931,25.61949920654,2.753304004669,154,0.3899480104446,0.6854419708252,0,0.6611785292625,0.3466204404831,0,0.06672443449497,0.0001050633291015,0.983535528183,0.551688849926,25.61949920654,-0.007209947798401,767.7426147461,13,13,0,9,0.8934141993523,0.9532062411308,0.7417677640915,0.003500000108033,0.2271250039339,1154,0,0.979202747345,0.3323121368885
1482,154.1671905518,2718,25.5594997406,2.747136592865,155,0.3812825083733,0.6915078163147,0,0.5095320940018,0.2374350130558,0,0.05285961925983,0.0001050094142556,0.983535528183,0.5511405467987,25.5594997406,-0.007209947798401,725.1524658203,4,15,0,9,0.8830155730247,0.9436741471291,0.7287694811821,0.0,0.2080000042915,1154,0,0.9783362150192,0.3324961662292
1483,153.5990753174,2521,25.83099937439,2.735682725906,155,0.3696969747543,0.6952381134033,0,0.4632034599781,0.2346320301294,0,0.06233766302466,0.000103999991552,0.9826839566231,0.5497818589211,25.83099937439,-0.007586134597659,709.0217285156,6,15,0,5,0.8813852667809,0.9480519294739,0.7350649237633,0.0,0.2046650052071,1155,0,0.9766233563423,0.3323459327221
1484,153.2273406982,2327,26.26899909973,2.726390123367,155,0.3818181753159,0.673593044281,0,0.5186147093773,0.2709956765175,0,0.05281385406852,0.0001055307948263,0.9826839566231,0.5560808181763,26.26899909973,-0.007586134597659,729.0348510742,11,11,0,4,0.8848484754562,0.9506493210793,0.7298701405525,0.0,0.2102349996567,1155,0,0.9766233563423,0.3325327336788
1485,153.3981781006,2200,26.40699958801,2.712014198303,155,0.3740259706974,0.673593044281,0,0.4017316102982,0.1679653674364,0,0.05887445807457,0.0001050038408721,0.9809523820877,0.5563636422157,26.40699958801,-0.008352073840797,711.3909301758,9,8,0,6,0.8831169009209,0.9419913291931,0.7290043234825,0.001500000013039,0.207574993372,1155,0,0.9766233563423,0.3327035307884
1486,153.3297729492,2062,26.60600090027,2.706713676453,155,0.3696969747543,0.6649350523949,0,0.3939393758774,0.1991342008114,0,0.05454545468092,0.0001041669311235,0.9800865650177,0.5528612732887,26.60600090027,-0.008735563606024,703.993347168,9,11,0,4,0.8883116841316,0.9437229633331,0.7316017150879,0.002499999944121,0.2041999995708,1155,0,0.9774891734123,0.3328717947006
1487,153.5022735596,1900,26.46299934387,2.699381113052,156,0.3645021617413,0.6727272868156,0,0.4147185981274,0.2051948010921,0,0.04502164572477,0.0001039317285176,0.9800865650177,0.5594736933708,26.46299934387,-0.008735563606024,659.8946533203,4,14,0,9,0.8744588494301,0.9419913291931,0.7298701405525,0.06049999967217,0.2240999937057,1155,0,0.9774891734123,0.333029538393
1488,152.7736206055,1754,26.70450019836,2.683185815811,156,0.3667820096016,0.6513840556145,0,0.3278546631336,0.1626297533512,0,0.0423875451088,0.0001039968483383,0.9783737063408,0.5644241571426,26.70450019836,-0.009495227597654,676.2965087891,4,5,0,1,0.8771626353264,0.9385812878609,0.7231833934784,0.04800000041723,0.2217600047588,1156,0,0.9749134778976,0.3329048454762
1489,153.0820922852,1632,26.91799926758,2.676106214523,156,0.3607266545296,0.6669549942017,0,0.3088235259056,0.1583044975996,0,0.0380622819066,0.0001034695014823,0.9775086641312,0.5600489974022,26.91799926758,-0.009879385121167,629.2793579102,12,13,0,7,0.8711072802544,0.9385812878609,0.717993080616,0.05900000035763,0.2063450068235,1156,0,0.9749134778976,0.3331027626991
1490,152.7256317139,1488,26.7859992981,2.669026613235,156,0.371972322464,0.6444636583328,0,0.3295847773552,0.1712802797556,0,0.0423875451088,0.0001040638817358,0.9775086641312,0.549731194973,26.7859992981,-0.009879385121167,653.5780029297,5,15,0,10,0.8762975931168,0.9411764740944,0.7067474126816,0.03200000151992,0.2082449942827,1156,0,0.9749134778976,0.3332700431347
1491,153.1458587646,1397,27.09600067139,2.657522201538,156,0.3745674788952,0.6712802648544,0,0.2794117629528,0.1358131468296,0,0.0501730106771,0.0001034337401506,0.9775086641312,0.550465285778,27.09600067139,-0.009879385121167,605.2456665039,14,5,0,2,0.8711072802544,0.9333909749985,0.7041522264481,0.02649999968708,0.2171600013971,1156,0,0.974048435688,0.3334527611732
1492,152.9264221191,1311,27.39800071716,2.646589994431,156,0.358996540308,0.6418685317039,0,0.2283737063408,0.120242215693,0,0.0622837357223,0.0001047194600687,0.9775086641312,0.5491991043091,27.39800071716,-0.009879385121167,654.1723022461,9,10,0,2,0.8624567389488,0.9307958483696,0.6998270153999,0.06449999660254,0.2285500019789,1156,0,0.9731833934784,0.3336016237736
1493,153.0255279541,1225,27.75200080872,2.634427785873,156,0.3607266545296,0.6695501804352,0,0.26989620924,0.1392733603716,0,0.0570934265852,0.000101603087387,0.9766436219215,0.5551020503044,27.75200080872,-0.01026388257742,622.621887207,3,7,0,3,0.8667820096016,0.9351211190224,0.6989619135857,0.02400000020862,0.2145050019026,1156,0,0.9714533090591,0.3337706625462
1494,152.5097503662,1148,27.67049980164,2.623780012131,156,0.3494809567928,0.6513840556145,0,0.2301038056612,0.1107266396284,0,0.043252594769,9.975132707041e-05,0.9749134778976,0.5487805008888,27.67049980164,-0.01103392615914,670.9989624023,6,7,0,4,0.8676470518112,0.9333909749985,0.6989619135857,0.004999999888241,0.2025250047445,1156,0,0.9714533090591,0.333943605423
1495,153.0462646484,1305,27.70000076294,2.615453004837,156,0.3555363416672,0.653979241848,0,0.1851211041212,0.1012110710144,0,0.0501730106771,9.886732004816e-05,0.9749134778976,0.4490421414375,27.70000076294,-0.01103392615914,684.2612915039,6,7,0,4,0.8762975931168,0.9256055355072,0.698096871376,0.0,0.1931650042534,1156,0,0.9714533090591,0.3340972959995
1496,153.4518585205,1600,27.70999908447,2.610124349594,156,0.3546712696552,0.6557093262672,0,0.3477508723736,0.1124567463994,0,0.0484429076314,9.705466800369e-05,0.974048435688,0.3412500023842,27.70999908447,-0.01141944713891,652.1712036133,6,12,0,5,0.8702422380447,0.9290657639503,0.6955017447472,0.0,0.188069999218,1156,0,0.9697231650352,0.3342387974262
1497,153.5716400146,1505,27.70549964905,2.596802949905,157,0.3555363416672,0.6513840556145,0,0.3953287005424,0.08823529630899,0,0.0622837357223,9.767019946594e-05,0.974048435688,0.3401993215084,27.70549964905,-0.01141944713891,685.1411743164,13,8,0,4,0.8598616123199,0.9204152226448,0.6946367025375,0.0,0.1912800073624,1156,0,0.9697231650352,0.3344183266163
1498,153.5270080566,1414,27.73999977112,2.596444368362,157,0.3465859889984,0.6490924954414,0,0.1702679395676,0.0898876413703,0,0.05012964457273,9.163351205643e-05,0.9732065796852,0.3359264433384,27.73999977112,-0.01179496385157,661.1529541016,15,12,0,6,0.8565254807472,0.9299913644791,0.6983578205109,0.0,0.1741449981928,1157,0,0.9671564102173,0.3342731893063
1499,152.524307251,1323,27.81749916077,2.586298942566,157,0.3379429578781,0.6361278891563,0,0.2912705242634,0.08210890740156,0,0.05617977678776,9.481405868428e-05,0.9723422527313,0.3340891897678,27.81749916077,-0.01218084152788,706.2830810547,3,10,0,2,0.8686257600784,0.9265341162682,0.697493493557,0.0,0.1679649949074,1157,0,0.9645635485649,0.3344025015831
1500,151.6029663086,1230,28.17700004578,2.579839468002,157,0.3396715521812,0.627484858036,0,0.3033707737923,0.06222990527749,0,0.04926533997059,8.827855344862e-05,0.9714779853821,0.3398374021053,28.17700004578,-0.01256703678519,710.0739746094,9,9,0,4,0.8591184020042,0.9187554121017,0.6940363049507,0.03900000080466,0.1839500069618,1157,0,0.9628348946571,0.3345486819744
1501,150.7786102295,1160,28.17449951172,2.575379133224,157,0.3292999267578,0.6266205906868,0,0.1521175354719,0.07260155677795,0,0.04926533997059,9.032273374032e-05,0.9688850641251,0.3396551609039,28.17449951172,-0.01372773852199,691.9552001953,8,14,0,9,0.8617113232613,0.9204840064049,0.6914433836937,0.0625,0.2133699953556,1157,0,0.9619706273079,0.3346788287163
1502,149.9095001221,1096,28.22299957275,2.565566539764,157,0.3405358791351,0.6162489056587,0,0.231633529067,0.07087294757366,0,0.05099394917488,9.007698099595e-05,0.9688850641251,0.3375912308693,28.22299957275,-0.01372773852199,673.4559326172,8,5,0,0,0.8643042445183,0.9109766483307,0.6836646795273,0.1829999983311,0.2083600014448,1157,0,0.9602420330048,0.3348105251789
1503,150.1236877441,1027,28.02899932861,2.558928489685,157,0.3284355998039,0.6240276694298,0,0.2687986195087,0.0605012960732,0,0.04580812528729,8.93231263035e-05,0.9688850641251,0.3398247361183,28.02899932861,-0.01372773852199,628.2788696289,3,8,0,4,0.8634399175644,0.9101123809814,0.6793431043625,0.241500005126,0.2053599953651,1157,0,0.958513379097,0.3349436223507
1504,150.2075195312,969,28.10799980164,2.557744026184,158,0.3275713026524,0.6171132326126,0,0.1166810691357,0.05445116758347,0,0.044079516083,9.397671237821e-05,0.9680207371712,0.3333333432674,28.10799980164,-0.01411533914506,591.3258056641,5,14,0,3,0.8643042445183,0.9178910851479,0.6732929944992,0.1180000007153,0.2090850025415,1157,0,0.9567847847939,0.3350696563721
1505,149.5955200195,937,28.18300056458,2.540807247162,158,0.3316062092781,0.6131260991096,0,0.1848013848066,0.05526770278811,0,0.03886010497808,9.042064630194e-05,0.9645941257477,0.3329775929451,28.18300056458,-0.01565538719296,598.703125,7,5,0,1,0.8601036071777,0.9075993299484,0.6614853143692,0.1264999955893,0.2131550014019,1158,0,0.955958545208,0.334927380085
1506,150.2621154785,913,28.67900085449,2.529623031616,158,0.3385146856308,0.5949913859367,0,0.2141623497009,0.04231433570385,0,0.03626943007112,9.410503116669e-05,0.9628670215607,0.3307776451111,28.67900085449,-0.01643368788064,612.1608276367,3,6,0,4,0.8575129508972,0.9015544056892,0.6571675539017,0.2370000034571,0.2149949967861,1158,0,0.9550949931145,0.3350652754307
1507,150.0558929443,855,28.93300056458,2.522012472153,158,0.3186528384686,0.6053540706635,0,0.12003454566,0.0466321259737,0,0.03195163980126,8.97831414477e-05,0.9620034694672,0.3263157904148,28.93300056458,-0.01682336255908,563.2218017578,4,12,0,6,0.8471502661705,0.9127806425095,0.6511226296425,0.02999999932945,0.2193049937487,1158,0,0.9550949931145,0.3351935148239
1508,149.8833312988,801,29.24349975586,2.515315294266,158,0.3324697613716,0.6088082790375,0,0.1770293563604,0.05958549305797,0,0.03108808211982,9.084834891837e-05,0.9611399173737,0.3383270800114,29.24349975586,-0.01721338555217,546.3729858398,6,9,0,5,0.848013818264,0.9084628820419,0.6450777053833,0.5055000185966,0.2196899950504,1158,0,0.952504336834,0.3353444337845
1509,150.2796936035,785,29.56649971008,2.500450849533,158,0.3307426571846,0.611398935318,0,0.1882556080818,0.04058722034097,0,0.03972366079688,8.919383253669e-05,0.9585492014885,0.322292983532,29.56649971008,-0.01838559098542,526.6638183594,5,8,0,2,0.8333333134651,0.9041450619698,0.6398963928223,0.1829999983311,0.2669099867344,1158,0,0.9490500688553,0.3354759216309
1510,150.069732666,793,29.88949966431,2.486901521683,159,0.3307426571846,0.6088082790375,0,0.113989636302,0.03108808211982,0,0.03367875516415,9.065705671674e-05,0.957685649395,0.2988650798798,29.88949966431,-0.01877702027559,507.9925842285,7,4,0,3,0.8367875814438,0.9067357778549,0.6312608122826,0.7329999804497,0.2848699986935,1158,0,0.9447323083878,0.3355897367001
1511,150.1693878174,803,29.62999916077,2.47244811058,159,0.3201035261154,0.6169111132622,0,0.1570319235325,0.03968938812613,0,0.02761000953615,9.027904889081e-05,0.9551337361336,0.2652553021908,29.62999916077,-0.01993581466377,477.4932556152,0,6,0,3,0.8421052694321,0.9025021791458,0.6315789222717,0.4194999933243,0.2759500145912,1159,0,0.9413287043571,0.3354468941689
1512,150.3348236084,739,29.82449913025,2.46383357048,159,0.3106125891209,0.5927523970604,0,0.1958585083485,0.03278688713908,0,0.02933563478291,9.044849866768e-05,0.9551337361336,0.2706359922886,29.82449913025,-0.01993581466377,498.0692443848,6,6,0,4,0.8084555864334,0.8999137282372,0.6229507923126,0.00650000013411,0.2383950054646,1159,0,0.9396030902863,0.3355573415756
1513,150.4514160156,724,29.86650085449,2.445248842239,159,0.3106125891209,0.5962036252022,0,0.1018119081855,0.03019844740629,0,0.03192407265306,8.990481001092e-05,0.9542708992958,0.269337028265,29.86650085449,-0.02032832056284,492.2726745605,3,5,0,4,0.8248490095139,0.8921483755112,0.6186367273331,0.04650000110269,0.2127149999142,1159,0,0.9387403130531,0.3356846868992
1514,151.0561523438,684,29.70700073242,2.438293933868,159,0.3002588450909,0.5918895602226,0,0.1345987915993,0.03623813763261,0,0.02674719505012,8.826550038066e-05,0.9534081220627,0.2763157784939,29.70700073242,-0.02072115428746,463.2533874512,4,2,0,0,0.8170837163925,0.8835203051567,0.6117342710495,0.2354999929667,0.219775006175,1159,0,0.9370146393776,0.3358242213726
1515,150.885848999,661,29.9344997406,2.428571462631,159,0.3071613311768,0.5936151742935,0,0.1518550515175,0.02415875717998,0,0.03537532314658,8.765930397203e-05,0.950819671154,0.2662632465363,29.9344997406,-0.02190184406936,471.3104858398,1,7,0,3,0.8326143026352,0.891285598278,0.6048317551613,0.2709999978542,0.2292149960995,1159,0,0.9378774762154,0.3359622061253
1516,151.6691894531,695,30.08300018311,2.42374420166,159,0.3011216521263,0.5815358161926,0,0.09836065769196,0.02243313193321,0,0.03364969789982,8.402399544138e-05,0.9482312202454,0.2431654632092,30.08300018311,-0.02308574877679,460.6427001953,5,7,0,5,0.8213977813721,0.8852459192276,0.6056945919991,0.1825000047684,0.2810299992561,1159,0,0.9370146393776,0.3360645473003
1517,151.8254241943,866,30.44549942017,2.416819095612,159,0.3028472959995,0.5798102021217,0,0.1492666006088,0.03278688341379,0,0.03537532314658,8.529199112672e-05,0.9447799921036,0.1905311793089,30.44549942017,-0.02466931194067,472.3010559082,7,6,0,2,0.8196721076965,0.8792062401772,0.6065573692322,0.1420000046492,0.2627300024033,1159,0,0.9344262480736,0.33618709445
1518,152.1682281494,1128,30.24650001526,2.413919448853,159,0.2942191660404,0.5772217512131,0,0.2389991432428,0.0276100076735,0,0.03192407265306,7.994500629138e-05,0.9439171552658,0.1400709152222,30.24650001526,-0.02506612055004,448.3093566895,4,7,0,2,0.8101812005043,0.8723037242889,0.6031061410904,0.1159999966621,0.2381200045347,1159,0,0.9335634112358,0.3363217413425
1519,152.2124023438,1155,30.27899932861,2.400000095367,159,0.2907679080963,0.5660051703453,0,0.2519413232803,0.01725625619292,0,0.03278688341379,8.090086339507e-05,0.9421915411949,0.1307359337807,30.27899932861,-0.0258607994765,472.4420471191,11,4,0,1,0.8179464936256,0.8731665015221,0.6048317551613,0.2395000010729,0.2563599944115,1159,0,0.9309749603271,0.3364160358906
1520,152.2884063721,1301,30.67250061035,2.391025543213,159,0.2933563292027,0.5754961371422,0,0.1855047345161,0.0276100076735,0,0.03106126002967,7.865187217249e-05,0.940465927124,0.1122213676572,30.67250061035,-0.02665693499148,421.2770080566,5,11,0,2,0.8101812005043,0.8636755943298,0.6031061410904,0.05299999937415,0.2414350062609,1159,0,0.9275237321854,0.336526453495
1521,152.6486968994,1221,30.62949943542,2.371559619904,159,0.2968075871468,0.5556514263153,0,0.3157894909382,0.02674719505012,0,0.02847282215953,8.199871808756e-05,0.9421915411949,0.115479119122,30.62949943542,-0.0258607994765,454.592956543,5,3,0,1,0.8075927495956,0.8654012084007,0.6048317551613,0.03700000047684,0.2343849986792,1159,0,0.9266608953476,0.3366231024265
1522,152.7507629395,1668,30.90049934387,2.360957622528,160,0.2804141640663,0.5461604595184,0,0.2070750594139,0.01725625433028,0,0.02588438242674,7.900966738816e-05,0.940465927124,0.08273380994797,30.90049934387,-0.02665693499148,456.5062561035,5,5,0,2,0.8101812005043,0.8593615293503,0.599654853344,0.0434999987483,0.2437500059605,1159,0,0.9257981181145,0.3367263376713
1523,152.7607727051,1680,30.98150062561,2.349631071091,160,0.272413790226,0.5491379499435,0,0.4189655184746,0.02499999850988,0,0.03017241321504,7.737928535789e-05,0.9362068772316,0.07857143133879,30.98150062561,-0.02862817235291,439.3486633301,7,9,0,4,0.8025861978531,0.8543103337288,0.5931034684181,0.09049999713898,0.2389100044966,1160,0,0.9232758879662,0.3365457057953
1524,153.1825866699,2420,31.13899993896,2.340720176697,160,0.2793103456497,0.522413790226,0,0.3431034386158,0.02500000037253,0,0.0353448279202,7.447795360349e-05,0.9344827532768,0.05165289342403,31.13899993896,-0.02942870929837,492.4567565918,7,6,0,2,0.8025861978531,0.8517241477966,0.5887930989265,0.0625,0.2235800027847,1160,0,0.919827580452,0.3366471529007
1525,152.5396881104,2542,31.20649909973,2.327474594116,160,0.2681034505367,0.517241358757,0,0.6172413825989,0.01724137924612,0,0.02672413736582,7.135659689084e-05,0.9336206912994,0.05468135327101,31.20649909973,-0.02982953190804,468.8108520508,5,6,0,4,0.8043103218079,0.8456896543503,0.5870689749718,0.1389999985695,0.2299699932337,1160,0,0.9172413945198,0.3367495238781
1526,152.0886383057,2380,31.17600059509,2.318477153778,160,0.2637931108475,0.5094827413559,0,0.4939655065536,0.02931034564972,0,0.03189655020833,7.145411655074e-05,0.9318965673447,0.05756302550435,31.17600059509,-0.03063228726387,467.9342651367,7,4,0,2,0.8086206912994,0.8439655303955,0.5775862336159,0.03350000083447,0.2274899929762,1160,0,0.915517270565,0.3368616104126
1527,151.8592071533,2235,31.21599960327,2.304832696915,160,0.2551724016666,0.5086206793785,0,0.2913793027401,0.01982758753002,0,0.0258620698005,6.961529288674e-05,0.9284482598305,0.05861297622323,31.21599960327,-0.03224229440093,454.1600646973,3,3,0,1,0.7965517044067,0.834482729435,0.5689654946327,0.1199999973178,0.2397049963474,1160,0,0.914655148983,0.3369622826576
1528,152.3755645752,2403,31.27549934387,2.298882722855,160,0.2534482777119,0.5129310488701,0,0.5129310488701,0.01982758566737,0,0.03362068906426,7.028390245978e-05,0.9275861978531,0.05368289723992,31.27549934387,-0.0326457247138,431.746307373,6,6,0,2,0.7758620977402,0.8422414064407,0.5594827532768,0.1840000003576,0.2556799948215,1160,0,0.9112069010735,0.3370494246483
1529,152.8333282471,2458,31.16200065613,2.290382862091,160,0.2482758611441,0.4982758760452,0,0.5862069129944,0.01810344867408,0,0.02413793094456,6.725732964696e-05,0.9258620738983,0.0565500408411,31.16200065613,-0.03345370665193,448.3427124023,1,6,0,4,0.7853448390961,0.830172419548,0.5577586293221,0.07450000196695,0.2574599981308,1160,0,0.9051724076271,0.3371598124504
1530,153.7507781982,2411,31.42250061035,2.283177614212,160,0.2396551668644,0.4862068891525,0,0.3405172526836,0.02586206793785,0,0.02844827622175,6.657572521362e-05,0.9232758879662,0.05806719139218,31.42250061035,-0.0346685051918,454.0463867188,3,5,0,0,0.7887930870056,0.830172419548,0.5560345053673,0.8874999880791,0.2896600067616,1160,0,0.9017241597176,0.3372419476509
1531,154.2794189453,2355,31.35300064087,2.289201974869,160,0.2465517222881,0.4905172288418,0,0.4594827592373,0.02413793094456,0,0.02327586151659,6.486733036581e-05,0.9224137663841,0.06072186678648,31.35300064087,-0.03507422655821,422.7982177734,5,12,0,8,0.7870689630508,0.8293103575706,0.5465517044067,0.25,0.2951000034809,1160,0,0.897413790226,0.3373491168022
1532,155.4130706787,2373,31.47900009155,2.280338764191,160,0.2344827651978,0.4801724255085,0,0.5655172467232,0.02327586337924,0,0.02758620679379,6.47983761155e-05,0.9181034564972,0.06531815975904,31.47900009155,-0.0371083766222,433.2993164062,5,6,0,4,0.7931034564972,0.8232758641243,0.5362069010735,0.2169999927282,0.2948749959469,1160,0,0.8956896662712,0.3374433219433
1533,155.6481781006,2345,31.72249984741,2.267233133316,160,0.2344827651978,0.4879310429096,0,0.4068965315819,0.0258620698005,0,0.02241379395127,6.465447222581e-05,0.9163793325424,0.06737739592791,31.72249984741,-0.03792471438646,407.4624328613,3,3,0,2,0.7887930870056,0.8224138021469,0.5301724076271,0.4614999890327,0.2947300076485,1160,0,0.8931034207344,0.3375150263309
1534,156.1166229248,2218,31.86549949646,2.257332086563,160,0.2318965494633,0.4896551668644,0,0.4474138021469,0.02758620679379,0,0.02500000037253,6.260429654503e-05,0.9129310250282,0.07529305666685,31.86549949646,-0.03956203535199,377.0980224609,6,6,0,4,0.7715517282486,0.8137931227684,0.5198276042938,0.1870000064373,0.3082849979401,1160,0,0.8905172348022,0.3375980257988
1535,156.0819244385,2319,32.16199874878,2.256190538406,160,0.2344827651978,0.4939655065536,0,0.4232758581638,0.02068965509534,0,0.01896551810205,6.211575964699e-05,0.9112069010735,0.08236308395863,32.16199874878,-0.04038299992681,352.2431640625,0,9,0,4,0.7568965554237,0.8137931227684,0.5198276042938,0.1324999928474,0.3116500079632,1160,0,0.8870689868927,0.3376890420914
1536,156.0419921875,2318,32.10049819946,2.2516746521,161,0.2370689660311,0.4862068891525,0,0.4448275864124,0.03620689734817,0,0.02241379395127,5.958140172879e-05,0.9051724076271,0.0914581567049,32.10049819946,-0.04326869547367,344.9697570801,7,7,0,2,0.767241358757,0.8077586293221,0.5103448033333,0.2874999940395,0.3307749927044,1160,0,0.8827586174011,0.3377704322338
1537,155.9474945068,2264,32.70050048828,2.241610765457,161,0.2308354824781,0.4857881069183,0,0.460809648037,0.03617571294308,0,0.02325581386685,5.963934381725e-05,0.9000861048698,0.09540636092424,32.70050048828,-0.04571594297886,345.1673583984,3,10,0,6,0.7467700242996,0.8087855577469,0.5055986046791,0.1949999928474,0.323399990797,1161,0,0.8785529732704,0.3375664055347
1538,156.113571167,2178,31.84300041199,2.229366540909,162,0.2334194630384,0.4668389260769,0,0.3962101638317,0.03445306047797,0,0.02756244689226,6.017249324941e-05,0.8983634710312,0.09641873091459,31.84300041199,-0.0465479157865,355.0564575195,4,8,0,5,0.7398794293404,0.8053402304649,0.5047373175621,0.6409999728203,0.3726899921894,1161,0,0.8759689927101,0.3376566171646
1539,155.7124176025,2208,32.21049880981,2.228543758392,162,0.2168674767017,0.4724612832069,0,0.4061962366104,0.03012048266828,0,0.02151462994516,5.967276592855e-05,0.8967297673225,0.09782608598471,32.21049880981,-0.04733841493726,340.0137939453,2,11,0,3,0.7306368350983,0.7960413098335,0.5051634907722,1.011000037193,0.3624300062656,1162,0,0.8743545413017,0.3374657928944
1540,156.28125,2308,31.92650032043,2.219961166382,162,0.2082616239786,0.4724612832069,0,0.4621342420578,0.03356282413006,0,0.02581755630672,5.883826088393e-05,0.8924268484116,0.09315424412489,31.92650032043,-0.04942737519741,338.1042480469,5,8,0,6,0.7418244481087,0.7994836568832,0.4965576529503,1.106500029564,0.3787299990654,1162,0,0.8734939694405,0.3375430107117
1541,156.5747680664,2197,32.09349822998,2.209143877029,162,0.2125645428896,0.4475043118,0,0.4406196177006,0.04302925989032,0,0.02839931100607,5.623518154607e-05,0.8881239295006,0.09786071628332,32.09349822998,-0.05152642726898,370.3857727051,4,8,0,4,0.7332186102867,0.8055077195168,0.491394162178,0.2479999810457,0.3816649913788,1162,0,0.8726333975792,0.3376218378544
1542,156.6019439697,3490,31.85950088501,2.191820859909,162,0.213425129652,0.4578313231468,0,0.3683304488659,0.03184165433049,0,0.0266781412065,5.585561302723e-05,0.8846815824509,0.06303724646568,31.85950088501,-0.05321301519871,359.5664978027,4,3,0,2,0.734079182148,0.8012048006058,0.4888123869896,0.3264999985695,0.3465450108051,1162,0,0.870912194252,0.3377175927162
1543,157.0097961426,3369,31.94499969482,2.1806640625,162,0.2160068899393,0.451807230711,0,1.10154902935,0.03184165433049,0,0.02409638464451,5.387846977101e-05,0.8838210105896,0.06470762938261,31.94499969482,-0.05363567918539,369.8421936035,3,7,0,2,0.729776263237,0.7969018816948,0.4827882945538,0.21099999547,0.330864995718,1162,0,0.8674699068069,0.3378036022186
1544,156.8480529785,3309,32.39599990845,2.173020601273,162,0.2091221958399,0.4492254853249,0,0.4776247739792,0.03958692029119,0,0.02065404504538,5.344609962776e-05,0.8812392354012,0.06648534536362,32.39599990845,-0.05490617826581,364.6923217773,4,11,0,5,0.7203097939491,0.7977624535561,0.4750430285931,0.3379999995232,0.32539498806,1162,0,0.8674699068069,0.3378871977329
1545,157.1085357666,3753,32.50450134277,2.155425310135,162,0.2056798636913,0.4449225366116,0,0.3614457845688,0.03012048266828,0,0.01549053378403,5.07868026034e-05,0.8803786635399,0.05595523491502,32.50450134277,-0.05533049628139,373.0871582031,2,7,0,4,0.6979345679283,0.794320166111,0.4690189361572,0.1509999930859,0.3111900091171,1162,0,0.8657487034798,0.3379701077938
1546,156.1332855225,3507,32.66749954224,2.147894144058,162,0.1970740109682,0.4492254853249,0,1.307228922844,0.03786575049162,0,0.0172117035836,5.145744944457e-05,0.8803786635399,0.06529797613621,32.66749954224,-0.05533049628139,364.087310791,4,6,0,3,0.7168674468994,0.7814113497734,0.4629948437214,0.4269999861717,0.309475004673,1162,0,0.8631669282913,0.3380674421787
1547,156.4481964111,3364,32.59099960327,2.143277645111,162,0.1841652393341,0.4380378723145,0,0.4302926063538,0.04216867312789,0,0.01462994795293,4.95782805956e-05,0.8786574602127,0.07015457749367,32.59099960327,-0.05618040263653,368.4387817383,4,9,0,5,0.7246127128601,0.7839931249619,0.4552495777607,0.230499997735,0.3368700146675,1162,0,0.8631669282913,0.3381390571594
1548,156.7914733887,3463,33.08399963379,2.140471458435,162,0.1901893317699,0.4500860571861,0,0.3339070677757,0.03872633352876,0,0.01893287524581,5.023951962357e-05,0.8769363164902,0.07623448222876,33.08399963379,-0.0570319481194,331.439666748,2,13,0,8,0.7194492220879,0.7693631649017,0.4432013630867,0.426499992609,0.3333449959755,1162,0,0.8614457845688,0.3382242619991
1549,157.1412506104,3299,32.81999969482,2.133990049362,163,0.1807228922844,0.4242685139179,0,1.193631649017,0.03528399392962,0,0.01893287524581,4.974893818144e-05,0.8760757446289,0.09305850416422,32.81999969482,-0.05745834857225,367.3203125,6,11,0,6,0.7065404653549,0.7839931249619,0.4363166987896,0.8209999799728,0.3692649900913,1162,0,0.8597246408463,0.3382918536663
1550,157.0667114258,4043,32.88199996948,2.125984191895,163,0.1926053315401,0.4376612305641,0,0.4204643070698,0.04471195116639,0,0.01891659572721,5.091008642921e-05,0.8727428913116,0.07642839103937,32.88199996948,-0.05911368504167,329.5111694336,1,8,0,2,0.7110919952393,0.7773000597954,0.4342218339443,0.3824999928474,0.3793100118637,1163,0,0.8564058542252,0.3380829393864
1551,156.8105773926,5069,32.84000015259,2.124260425568,163,0.1728288978338,0.4342218339443,0,0.7583834528923,0.03525365516543,0,0.0223559755832,4.906527465209e-05,0.8736027479172,0.05780232697725,32.84000015259,-0.05868601053953,314.4475402832,6,8,0,4,0.6956148147583,0.7764402627945,0.4316422939301,0.931500017643,0.3761549890041,1163,0,0.8581255078316,0.3381850123405
1552,157.0761413574,6503,32.74750137329,2.126357316971,163,0.1685296595097,0.4290627539158,0,1.635425567627,0.04987102374434,0,0.01805675029755,5.136485196999e-05,0.8718830347061,0.05089958384633,32.74750137329,-0.05954177305102,311.490020752,3,11,0,6,0.6990541815758,0.771281182766,0.4290627539158,0.6955000162125,0.388110011816,1163,0,0.8572657108307,0.3382525146008
1553,156.790802002,6054,33.00899887085,2.117705345154,163,0.1685296595097,0.4110060334206,0,1.332760095596,0.04471195116639,0,0.01289767865092,4.947791603627e-05,0.8710232377052,0.05318797379732,33.00899887085,-0.05997025594115,333.0348205566,3,7,0,1,0.7042132616043,0.7738606929779,0.4256233870983,1.126999974251,0.4258950054646,1163,0,0.8555459976196,0.3383176922798
1554,157.3072052002,6137,32.78900146484,2.108027696609,163,0.1719690412283,0.4290627539158,0,0.6251074671745,0.03955288231373,0,0.01547721400857,5.028606756241e-05,0.8693035244942,0.04986149445176,32.78900146484,-0.06082855910063,303.8408508301,2,11,0,4,0.7033534049988,0.7704213261604,0.4247635304928,0.9869999885559,0.4351400136948,1163,0,0.8529664874077,0.338398039341
1555,158.0929107666,5902,32.44699859619,2.105158805847,163,0.1711091995239,0.4282029271126,0,1.578675866127,0.0679277703166,0,0.01805675029755,4.897489270661e-05,0.8675838112831,0.05574381724,32.44699859619,-0.06168856099248,319.8648376465,6,17,0,7,0.6870163083076,0.76268273592,0.4247635304928,0.6679999828339,0.4254049956799,1163,0,0.8478074073792,0.3384992480278
1556,158.2317504883,5470,32.67800140381,2.101391553879,163,0.1685296595097,0.4264832437038,0,1.238177061081,0.03783319145441,0,0.01977644115686,4.622019332601e-05,0.8667240142822,0.05648994445801,32.67800140381,-0.06211917474866,329.9278259277,5,10,0,6,0.6827170848846,0.7515047192574,0.4239037036896,0.6044999957085,0.3882650136948,1163,0,0.8460876941681,0.3385875821114
1557,158.1714324951,5623,32.33100128174,2.097512483597,163,0.1685296595097,0.4110060334206,0,0.5184866786003,0.02751504816115,0,0.01719690486789,4.554123006528e-05,0.8650043010712,0.05708696320653,32.33100128174,-0.06298173218966,358.3637084961,4,14,0,6,0.6835769414902,0.7644023895264,0.4178847670555,0.8725000023842,0.422495007515,1163,0,0.8426483273506,0.3386848270893
1558,157.7036437988,5320,32.2319984436,2.098311901093,163,0.1771281212568,0.427343070507,0,1.496990561485,0.08082545548677,0,0.02493551187217,4.270525096217e-05,0.8641444444656,0.0682330802083,32.2319984436,-0.06341365724802,342.2500915527,6,23,0,13,0.6732588410378,0.76268273592,0.410146176815,1.56200003624,0.4579550027847,1163,0,0.8392089605331,0.3387780785561
1559,157.9128417969,5819,32.0805015564,2.101694822311,163,0.1693895161152,0.4196044802666,0,1.073946714401,0.04041272774339,0,0.02407566644251,4.421887570061e-05,0.8658641576767,0.05705447494984,32.0805015564,-0.06255023926497,354.9684143066,5,17,0,6,0.6741186380386,0.7472054958344,0.4024075567722,1.21749997139,0.4417699873447,1163,0,0.8374892473221,0.3388647437096
1560,157.8938140869,7153,32.29100036621,2.105315923691,163,0.1736887395382,0.4092863202095,0,0.861564874649,0.02665520273149,0,0.02493551187217,4.256979082129e-05,0.8624247908592,0.0539633706212,32.29100036621,-0.06427876651287,385.0745239258,10,6,0,2,0.6835769414902,0.7523645758629,0.4041272699833,1.072000026703,0.4467200040817,1163,0,0.8383491039276,0.3389394581318
1561,158.0363311768,6565,32.10599899292,2.107537746429,163,0.1659501343966,0.4135855436325,0,2.088563919067,0.08340498805046,0,0.02149613015354,4.29305327998e-05,0.8572657108307,0.05681645125151,32.10599899292,-0.066884547472,362.1769104004,3,17,0,8,0.6663800477982,0.7368873357773,0.4006878733635,2.150000095367,0.4638450145721,1163,0,0.835769534111,0.3390312194824
1562,157.3841247559,7123,32.08449935913,2.108761310577,163,0.156491830945,0.410146176815,0,0.8366293907166,0.05417025089264,0,0.02063628472388,4.173423803877e-05,0.8555459976196,0.05756001546979,32.08449935913,-0.06775663793087,378.0403442383,3,14,0,7,0.6792777180672,0.7497850656509,0.3989681899548,1.590499997139,0.4661949872971,1163,0,0.8323301672935,0.339126855135
1563,156.6838684082,7746,32.11149978638,2.106167793274,164,0.1547721475363,0.3989681899548,0,1.231298327446,0.03869303688407,0,0.02493551187217,4.173336856184e-05,0.8538262844086,0.05654531344771,32.11149978638,-0.06863047927618,380.9388427734,6,5,0,3,0.6741186380386,0.7265692353249,0.3963886499405,1.465999960899,0.4517700076103,1163,0,0.827171087265,0.339204788208
1564,157.8539276123,7885,32.32699966431,2.11573600769,164,0.157216489315,0.4080756008625,0,2.27233672142,0.08848797529936,0,0.01975945010781,4.092285598745e-05,0.8496563434601,0.05275840312243,32.32699966431,-0.07075669616461,377.7563476562,4,25,0,11,0.6649484634399,0.7328178882599,0.3917525708675,1.191499948502,0.4478299915791,1164,0,0.8247422575951,0.3390137851238
1565,159.5677490234,8897,32.35200119019,2.11495423317,164,0.1417525708675,0.3908934593201,0,1.08591067791,0.06958763301373,0,0.02233676984906,4.115534466109e-05,0.8462199568748,0.05170281976461,32.35200119019,-0.07251673936844,387.1210327148,5,18,0,10,0.648625433445,0.7259449958801,0.392611682415,1.134999990463,0.4565550088882,1164,0,0.8256013989449,0.3391398191452
1566,159.3594818115,9329,32.43600082397,2.108629465103,164,0.1520618498325,0.3891752660275,0,1.80240547657,0.03522336855531,0,0.02061855606735,4.113744580536e-05,0.8445017337799,0.05220280960202,32.43600082397,-0.07339945435524,418.1217956543,4,13,0,9,0.6726804375648,0.7328178882599,0.3917525708675,1.932999968529,0.458310008049,1164,0,0.8213058710098,0.3392553627491
1567,160.9739379883,9358,32.25749969482,2.109644651413,164,0.1520618498325,0.384020626545,0,2.4707903862,0.1271477639675,0,0.02491408959031,4.119834557059e-05,0.8462199568748,0.05268219858408,32.25749969482,-0.07251673936844,394.262878418,7,28,0,18,0.6666666865349,0.739690721035,0.386597931385,1.275500059128,0.4788399934769,1164,0,0.816151201725,0.3393284678459
1568,161.0194549561,9182,32.18199920654,2.107833147049,164,0.1597938090563,0.3917525708675,0,1.30756008625,0.07302405685186,0,0.03006872907281,4.067712507094e-05,0.8462199568748,0.06207798048854,32.18199920654,-0.07251673936844,408.4818115234,8,20,0,12,0.6563574075699,0.7225086092949,0.3814432919025,1.697000026703,0.4994150102139,1164,0,0.8152921199799,0.339434415102
1569,161.6570587158,9961,31.87949943542,2.095092058182,164,0.1512027531862,0.3831615149975,0,1.69673538208,0.05240549892187,0,0.03006872907281,4.134502523812e-05,0.8445017337799,0.05732356011868,31.87949943542,-0.07339945435524,410.9800415039,5,7,0,3,0.6554982662201,0.7216494679451,0.37371134758,3.233500003815,0.5082049965858,1164,0,0.8127147555351,0.3395348489285
1570,162.3105621338,11895,31.59350013733,2.113380908966,164,0.1443298906088,0.3754295408726,0,2.73281788826,0.1537800729275,0,0.02835051529109,4.16980292357e-05,0.8402062058449,0.04766708612442,31.59350013733,-0.07561411708593,476.748840332,4,39,0,20,0.64690721035,0.719072163105,0.3728522360325,3.709000110626,0.5317100286484,1164,0,0.8092783689499,0.3396175205708
1571,162.1438140869,12280,31.34000015259,2.116207838058,164,0.1520618498325,0.3754295408726,0,2.5163230896,0.06786941736937,0,0.02835051529109,4.102563252673e-05,0.84106528759,0.05114006623626,31.34000015259,-0.07517029345036,490.1328125,8,18,0,6,0.63230240345,0.7121993303299,0.3694158196449,4.197500228882,0.5595499873161,1164,0,0.8075601458549,0.3397540748119
1572,162.1237487793,13090,31.20949935913,2.124102592468,164,0.1477663218975,0.3728522360325,0,2.03608250618,0.06615120172501,0,0.03006872907281,4.073520176462e-05,0.842783510685,0.04835752397776,31.20949935913,-0.07428397238255,540.5122070312,7,18,0,8,0.636597931385,0.7199312448502,0.3694158196449,3.581000089645,0.5581499934196,1164,0,0.8067010045052,0.3398786187172
1573,162.956451416,15624,31.4344997406,2.124616861343,164,0.15292096138,0.3857388198376,0,3.044673442841,0.1563573777676,0,0.02749140933156,3.9964554162e-05,0.8376288414001,0.04230670630932,31.4344997406,-0.07694838196039,506.3541259766,4,33,0,16,0.6305841803551,0.70876288414,0.3694158196449,1.87399995327,0.5489699840546,1164,0,0.8049828410149,0.3399820923805
1574,163.4778137207,16435,31.58499908447,2.136595249176,164,0.15292096138,0.3900343775749,0,3.8668384552,0.08419243991375,0,0.03006872907281,3.989003380411e-05,0.84106528759,0.04593854397535,31.58499908447,-0.07517029345036,549.930847168,6,26,0,10,0.6374570727348,0.7079038023949,0.3745704591274,3.96199965477,0.5420449972153,1164,0,0.80584192276,0.3401402831078
1575,163.6041717529,17461,31.17350006104,2.147088766098,164,0.15893471241,0.386597931385,0,2.68728518486,0.101374566555,0,0.03264604881406,4.101355443709e-05,0.842783510685,0.04392646625638,31.17350006104,-0.07428397238255,587.9779663086,5,21,0,9,0.628006875515,0.713058412075,0.3797250986099,3.582999944687,0.5665500164032,1164,0,0.8049828410149,0.3402664661407
1576,164.4003448486,17568,30.99150085449,2.172097682953,164,0.1546391695738,0.3831615149975,0,3.646048069,0.2010309249163,0,0.03694158047438,4.133639231441e-05,0.84106528759,0.04417122155428,30.99150085449,-0.07517029345036,671.2348022461,6,50,0,27,0.6185566782951,0.7070446610451,0.3788659870625,2.34450006485,0.5693749785423,1164,0,0.8024054765701,0.3403594493866
1577,163.5279693604,17622,31.54999923706,2.17395734787,164,0.1563573926687,0.3805841803551,0,3.83505153656,0.09621992707253,0,0.0360824726522,4.178635936114e-05,0.8436425924301,0.04721371084452,31.54999923706,-0.07384150475264,710.7368774414,12,26,0,14,0.6374570727348,0.7053264379501,0.3848797380924,1.680999994278,0.5405650138855,1164,0,0.8024054765701,0.3405321538448
1578,163.3930969238,18912,31.58650016785,2.174974679947,164,0.15893471241,0.3908934593201,0,2.904639005661,0.1142611652613,0,0.04467353969812,4.119328150409e-05,0.8445017337799,0.0459496602416,31.58650016785,-0.07339945435524,692.2152709961,10,25,0,17,0.6297250986099,0.70274913311,0.3900343775749,2.68799996376,0.5493549704552,1164,0,0.801546394825,0.3406446576118
1579,163.1058349609,19146,31.15449905396,2.201629400253,164,0.157216489315,0.3977663218975,0,4.25257730484,0.20274913311,0,0.0412371121347,4.044166053063e-05,0.8445017337799,0.04460461810231,31.15449905396,-0.07339945435524,702.1903076172,6,35,0,15,0.6297250986099,0.7036082744598,0.3891752660275,2.809000015259,0.5667549967766,1164,0,0.7981099486351,0.3407665789127
1580,163.4403991699,20729,31.31649971008,2.210204124451,164,0.157216489315,0.40292096138,0,3.9561855793,0.1237113401294,0,0.04037800803781,4.073051968589e-05,0.8436425924301,0.04476819932461,31.31649971008,-0.07384150475264,715.6182250977,7,27,0,14,0.6056700944901,0.698453605175,0.3900343775749,2.188999891281,0.5596600174904,1164,0,0.8024054765701,0.3409328460693
1581,164.1097412109,24257,31.21150016785,2.208163261414,164,0.1606529206038,0.4003436565399,0,3.918384790421,0.128006875515,0,0.03951890021563,4.216349043418e-05,0.8419243693352,0.04266809672117,31.21150016785,-0.07472692430019,789.7780761719,9,19,0,10,0.63230240345,0.698453605175,0.3951890170574,2.512000083923,0.5648949742317,1164,0,0.8024054765701,0.3410975337029
1582,163.3145904541,28087,31.46850013733,2.214943647385,164,0.15893471241,0.4054982960224,0,6.02663230896,0.2053264677525,0,0.04037800803781,4.233980507706e-05,0.8419243693352,0.0368853919208,31.46850013733,-0.07472692430019,826.9240722656,7,21,0,9,0.6151202917099,0.7053264379501,0.398625433445,3.059499979019,0.5610600113869,1164,0,0.8049828410149,0.3412339687347
1583,164.093963623,33088,31.28499984741,2.213701486588,164,0.1554982811213,0.4243986308575,0,6.27147769928,0.1512027531862,0,0.03178694099188,4.251618884155e-05,0.8393470644951,0.03433268889785,31.28499984741,-0.07605842500925,817.9154663086,7,25,0,11,0.6082473993301,0.7199312448502,0.4046391844749,3.718499898911,0.5759549736977,1164,0,0.8041236996651,0.3414467871189
1584,164.3117675781,36199,30.90850067139,2.217213153839,164,0.1623711287975,0.4209621846676,0,6.961339950562,0.1357388198376,0,0.04467353969812,4.359900776763e-05,0.8402062058449,0.03433796390891,30.90850067139,-0.07561411708593,903.874206543,12,19,0,9,0.5979381203651,0.7139175534248,0.4115120172501,4.181000232697,0.5886300206184,1164,0,0.8049828410149,0.3416065871716
1585,164.8779602051,33485,30.67399978638,2.239508628845,164,0.1683848798275,0.433848798275,0,7.778350353241,0.245704472065,0,0.0455326475203,4.403378989082e-05,0.8384879827499,0.03738987445831,30.67399978638,-0.07650315761566,975.0187988281,14,39,0,24,0.6082473993301,0.7164948582649,0.41752576828,2.385999917984,0.5974500179291,1164,0,0.8075601458549,0.3417897224426
1586,165.0131378174,33787,30.95100021362,2.253838300705,164,0.1752577275038,0.4304123818874,0,5.033505439758,0.2156357467175,0,0.05670103058219,4.560081288218e-05,0.8393470644951,0.03889069706202,30.95100021362,-0.07605842500925,1037.279174805,15,30,0,14,0.6099656224251,0.71477663517,0.4226804077625,1.692000031471,0.5834149718285,1164,0,0.8067010045052,0.3419945538044
1587,165.6196746826,36974,30.87999916077,2.260512828827,164,0.1752577275038,0.4329896867275,0,6.921821117401,0.1743986308575,0,0.04467353969812,4.587405055645e-05,0.8393470644951,0.03791853785515,30.87999916077,-0.07605842500925,1174.309082031,15,19,0,13,0.6091065406799,0.7259449958801,0.4269759356976,2.547499895096,0.5889850258827,1164,0,0.8049828410149,0.3421920537949
1588,165.48387146,38843,30.98150062561,2.271238565445,164,0.1726804077625,0.4467353820801,0,9.200171470642,0.2714776694775,0,0.0506872870028,4.729419379146e-05,0.8376288414001,0.03738125413656,30.98150062561,-0.07694838196039,1155.680297852,3,27,0,11,0.5996563434601,0.7353951931,0.4226804077625,2.421999931335,0.5840150117874,1164,0,0.80584192276,0.3423284292221
1589,165.1768798828,39663,30.9109992981,2.286153793335,164,0.18814432621,0.463058412075,0,6.547250747681,0.2302405536175,0,0.06013745814562,4.859574255534e-05,0.8393470644951,0.04061720147729,30.9109992981,-0.07605842500925,1121.61328125,14,34,0,18,0.6022336483002,0.733676970005,0.433848798275,3.62700009346,0.5881850123405,1164,0,0.8067010045052,0.3425089716911
1590,164.921081543,38901,30.46850013733,2.299690961838,164,0.1915807574987,0.4621993005276,0,7.485394954681,0.2010309249163,0,0.06443298608065,5.073921056464e-05,0.8376288414001,0.04586000367999,30.46850013733,-0.07694838196039,1167.970703125,13,30,0,16,0.5876288414001,0.72336769104,0.4415807425976,2.250999927521,0.6035199761391,1164,0,0.80584192276,0.342674434185
1591,165.3964996338,40348,30.7110004425,2.31622171402,164,0.1924398690462,0.4759450256824,0,8.54295539856,0.3350515663624,0,0.07216494530439,5.218959995545e-05,0.8341924548149,0.04894914105535,30.7110004425,-0.07873374968767,1220.915283203,10,41,0,19,0.6039518713951,0.7319587469101,0.4450171887875,2.755500078201,0.5876449942589,1164,0,0.8092783689499,0.342813372612
1592,165.5461120605,42572,30.63349914551,2.326153755188,164,0.2018900364637,0.47938144207,0,7.559278488159,0.3195876181126,0,0.05412371084094,5.477822560351e-05,0.836769759655,0.049844969064,30.63349914551,-0.07739402353764,1263.038818359,19,35,0,23,0.61168384552,0.7328178882599,0.4553264677525,2.513000011444,0.5941050052643,1164,0,0.8109965920448,0.3430429697037
1593,166.3307495117,43711,30.41650009155,2.342535734177,164,0.198453605175,0.5111683607101,0,8.6915807724,0.32044672966,0,0.07216494530439,5.554884046433e-05,0.8376288414001,0.04438241943717,30.41650009155,-0.07694838196039,1195.192382812,10,36,0,22,0.607388317585,0.7388316392899,0.47336769104,2.243999958038,0.6007850170135,1164,0,0.81185567379,0.3432396054268
1594,165.1862182617,45941,30.28300094604,2.361875534058,164,0.2104810923338,0.5,0,9.084193229675,0.386597931385,0,0.05154639109969,5.601452721749e-05,0.8402062058449,0.04268518462777,30.28300094604,-0.07561411708593,1398.890136719,16,40,0,18,0.61769759655,0.7379724979401,0.4828178584576,3.095999956131,0.6053349971771,1164,0,0.810137450695,0.3434242010117
1595,163.672088623,47991,30.16699981689,2.378926038742,164,0.2139175236225,0.5171821117401,0,8.951030731201,0.3651202619076,0,0.07302405685186,5.618348586722e-05,0.842783510685,0.04344564676285,30.16699981689,-0.07428397238255,1458.18371582,9,44,0,18,0.613402068615,0.7414089441299,0.4888316094875,2.387000083923,0.616289973259,1164,0,0.81185567379,0.3436585366726
1596,164.0772705078,49250,30.26799964905,2.39858007431,164,0.2319587618113,0.5154638886452,0,9.811856269836,0.3599656224251,0,0.07388316094875,5.919454997638e-05,0.8479381203651,0.04716751351953,30.26799964905,-0.0716358423233,1602.84765625,24,40,0,21,0.613402068615,0.7491409182549,0.5025773048401,3.638000011444,0.6157900094986,1164,0,0.8127147555351,0.3438713848591
1597,163.5442352295,52180,30.27799987793,2.42152929306,164,0.2353951931,0.5326460599899,0,9.835910797119,0.5017182230949,0,0.07216494530439,5.821272497997e-05,0.84707903862,0.04580298811197,30.27799987793,-0.07207605987787,1601.53515625,10,53,0,23,0.6185566782951,0.754295527935,0.5085910558701,2.673000097275,0.6194949746132,1164,0,0.8135738968849,0.3440848588943
1598,164.5591583252,53064,30.53100013733,2.427710771561,164,0.2328178733587,0.5257731676102,0,10.68900299072,0.3831615149975,0,0.06357388198376,6.167082028696e-05,0.8539518713951,0.0475275143981,30.53100013733,-0.06856660544872,1706.838378906,11,29,0,13,0.621993124485,0.75,0.5171821117401,2.901499986649,0.6091200113297,1164,0,0.8127147555351,0.3443474471569
1599,164.7483978271,52682,30.32799911499,2.437311887741,164,0.2491408884525,0.5403780341148,0,10.5163230896,0.4493127167225,0,0.08505154401064,6.383865547832e-05,0.8556700944901,0.05125090107322,30.32799911499,-0.06769364327192,1745.857421875,18,26,0,13,0.6434707641602,0.7508590817451,0.5231958627701,2.584000110626,0.6136199831963,1164,0,0.8144329786301,0.3445955216885
1600,164.4918518066,53375,30.50149917603,2.464999914169,164,0.2654639184475,0.5403780341148,0,9.814433097839,0.5893471240997,0,0.07989690452814,6.549392855959e-05,0.8565292358398,0.05311475321651,30.50149917603,-0.06725781410933,1741.422607422,17,47,0,23,0.642611682415,0.760309278965,0.5335051417351,2.587500095367,0.604984998703,1164,0,0.8178694248199,0.3448194861412
1601,165.052947998,53133,30.36300086975,2.471585273743,164,0.254295527935,0.54982817173,0,10.93298912048,0.4621993005276,0,0.07989690452814,6.751820910722e-05,0.8591065406799,0.05676321685314,30.36300086975,-0.06595297902822,1824.286987305,9,38,0,18,0.6554982662201,0.7671821117401,0.5481099486351,2.490999937057,0.6157299876213,1164,0,0.82044672966,0.3450299501419
1602,166.07472229,55502,30.29500007629,2.490079402924,164,0.2714776694775,0.539518892765,0,10.37714767456,0.5584192276001,0,0.07044673711061,7.135607302189e-05,0.86168384552,0.05754747614264,30.29500007629,-0.06465204805136,1905.8671875,10,41,0,26,0.642611682415,0.7783505320549,0.5592783689499,2.19000005722,0.6163449883461,1164,0,0.8256013989449,0.3452917337418
1603,165.0818328857,56222,30.38999938965,2.502970218658,164,0.2800687253475,0.545532643795,0,11.14433002472,0.6434707641602,0,0.08075601607561,7.406994700432e-05,0.865979373455,0.05946071073413,30.38999938965,-0.06249245628715,1990.330444336,10,32,0,14,0.64690721035,0.7723367810249,0.5652921199799,2.480499982834,0.6127099990845,1164,0,0.8273195624352,0.3455527126789
1604,165.473815918,57010,30.19099998474,2.508390903473,165,0.2817869484425,0.54982817173,0,11.35566997528,0.6056700944901,0,0.07903780043125,7.535912300227e-05,0.86769759655,0.06111208721995,30.19099998474,-0.06163160502911,1929.093505859,21,26,0,11,0.6546391844749,0.7757731676102,0.5695876479149,2.464999914169,0.6184750199318,1164,0,0.83247423172,0.3458376824856
1605,165.5971374512,57816,29.79150009155,2.518190860748,165,0.289270401001,0.5665236115456,0,10.842918396,0.63862657547,0,0.09184549003839,7.837659359211e-05,0.8695278763771,0.06299294531345,29.79150009155,-0.06071649119258,1853.667602539,20,30,0,11,0.639485001564,0.7871244549751,0.5759656429291,3.751499891281,0.6376799941063,1165,0,0.8343347907066,0.3457814455032
1606,165.5859069824,58261,29.82999992371,2.534837961197,165,0.3124463558197,0.5793991684914,0,11.54077339172,0.7296137213707,0,0.08068669587374,7.865972293075e-05,0.8729614019394,0.06584164500237,29.82999992371,-0.05900495499372,1742.908813477,7,34,0,13,0.6575107574463,0.7879828214645,0.5819742679596,4.133999824524,0.6375650167465,1165,0,0.8343347907066,0.3459867537022
1607,166.1471405029,59764,29.58049964905,2.556974411011,165,0.3167381882668,0.578540802002,0,11.52961349487,0.6978540420532,0,0.08154506236315,8.30972858239e-05,0.8746781349182,0.06791713833809,29.58049964905,-0.05815172940493,1902.754394531,11,32,0,14,0.6566523313522,0.7871244549751,0.5871244668961,2.804500102997,0.6392750144005,1165,0,0.8386266231537,0.3462562263012
1608,166.1091003418,61093,29.50849914551,2.566797733307,165,0.3175965547562,0.5871244668961,0,11.86437797546,0.7321888804436,0,0.07639484852552,8.623382018413e-05,0.8738197684288,0.06971339136362,29.50849914551,-0.05857813730836,1889.816894531,13,37,0,18,0.6472102999687,0.8034334778786,0.5965664982796,3.677999973297,0.6491450071335,1165,0,0.8429184556007,0.3465194106102
1609,166.194442749,63495,29.4015007019,2.567672729492,165,0.3339055776596,0.6068669557571,0,12.13476371765,0.7896995544434,0,0.0935622304678,9.018195123645e-05,0.8738197684288,0.07178518176079,29.4015007019,-0.05857813730836,1874.33605957,18,37,0,15,0.6660944223404,0.7957081794739,0.6051502227783,4.922500133514,0.6550999879837,1165,0,0.8472102880478,0.3468066453934
1610,165.7568511963,58828,29.26250076294,2.586005926132,166,0.3356223106384,0.6145922541618,0,13.01802635193,0.8429184556007,0,0.09012875705957,9.186077659251e-05,0.8815450668335,0.08203576505184,29.26250076294,-0.05475548282266,1910.677978516,16,45,0,22,0.6643776893616,0.8025751113892,0.6145922541618,4.643000125885,0.6614400148392,1165,0,0.8506437540054,0.3470706343651
1611,165.0805358887,59177,29.28499984741,2.603682279587,167,0.3404802680016,0.6217838525772,0,9.523156166077,0.9288164377213,0,0.1003430560231,9.53797789407e-05,0.8825042843819,0.08694256097078,29.28499984741,-0.05428317934275,2085.749023438,23,42,0,17,0.676672399044,0.807032585144,0.6277872920036,2.849999904633,0.6550049781799,1166,0,0.8524871468544,0.3470189273357
1612,165.609161377,59868,29.51749992371,2.610251426697,167,0.3556126952171,0.6281062364578,0,12.06855106354,1.014567255974,0,0.1113967448473,9.227159898728e-05,0.8843187689781,0.09206921607256,29.51749992371,-0.05339115858078,2208.486572266,14,24,0,10,0.676949441433,0.8114824295044,0.635818362236,3.210000038147,0.6417449712753,1167,0,0.8543273210526,0.3470068275928
1613,165.1644592285,59612,29.00250053406,2.630560874939,167,0.3676092624664,0.6409597396851,0,13.07626342773,1.076263904572,0,0.1019708663225,9.65859653661e-05,0.8860325813293,0.09650741517544,29.00250053406,-0.05255030840635,2344.111328125,19,39,0,24,0.682090818882,0.8200514316559,0.6469579935074,4.194499969482,0.6684899926186,1167,0,0.8586118221283,0.3472799658775
1614,165.3286437988,60485,28.86149978638,2.641000986099,168,0.3761782348156,0.6469579935074,0,10.00428390503,1.046272516251,0,0.118251927197,9.512507676845e-05,0.8860325813293,0.1000247970223,28.86149978638,-0.05255030840635,2470.967529297,19,33,0,14,0.7035132646561,0.8191944956779,0.6580976843834,4.467000007629,0.6689450144768,1167,0,0.8611825108528,0.3475882709026
1615,165.2226257324,60593,28.96649932861,2.64750957489,169,0.3827054798603,0.6583904027939,0,12.11386966705,1.110445141792,0,0.115582190454,9.695994958747e-05,0.8895547986031,0.09177627414465,28.96649932861,-0.05082729458809,2622.999023438,21,39,0,20,0.6986301541328,0.8184931278229,0.6703767180443,4.401500225067,0.6702449917793,1168,0,0.8630136847496,0.3475954830647
1616,164.8494720459,60370,28.61949920654,2.656488656998,169,0.3823781013489,0.6475620269775,0,12.82720279694,0.8006843328476,0,0.1223267763853,9.665157995187e-05,0.8930709958076,0.09607420861721,28.61949920654,-0.04911401495337,3021.068115234,18,32,0,18,0.6928999423981,0.822925567627,0.6757912635803,6.15700006485,0.6841350197792,1169,0,0.8691189289093,0.3476306498051
1617,164.3036499023,60991,28.8390007019,2.660323619843,169,0.3832335472107,0.6715140938759,0,10.25577354431,0.8143712878227,0,0.1240376383066,9.843144653132e-05,0.8964927196503,0.100818157196,28.8390007019,-0.04745323210955,2850.830566406,21,29,0,12,0.7100085616112,0.8374679088593,0.6843456029892,3.578500032425,0.6815850138664,1169,0,0.8691189289093,0.3479825854301
1618,164.6924438477,61324,28.79949951172,2.671415090561,169,0.3875106871128,0.6749358177185,0,12.34302806854,0.8742514848709,0,0.1214713454247,9.993209823733e-05,0.8990589976311,0.105537801981,28.79949951172,-0.04621180891991,2859.673339844,14,29,0,20,0.7151411175728,0.8383233547211,0.6894781589508,3.473500013351,0.6891350150108,1169,0,0.8708297610283,0.3482823371887
1619,164.7974090576,63664,28.79299926758,2.681173086166,169,0.3909324109554,0.6937553286552,0,12.98973464966,0.9084687829018,0,0.1112061589956,9.95203081402e-05,0.9007698893547,0.1058526039124,28.79299926758,-0.04538613930345,2708.512207031,23,37,0,22,0.7168520092964,0.8383233547211,0.6920444965363,4.138000011444,0.6807850003242,1169,0,0.8725406527519,0.3485614359379
1620,165.1174468994,66284,28.39749908447,2.689980983734,169,0.4020530283451,0.7031651139259,0,11.83575725555,0.9863131046295,0,0.1120615899563,0.0001003435245366,0.9041916131973,0.1031621471047,28.39749908447,-0.04373952746391,2562.58203125,13,29,0,15,0.7236954569817,0.8485885262489,0.7014542222023,3.175499916077,0.7022349834442,1169,0,0.8725406527519,0.3488722741604
1621,165.0697784424,61401,28.44899940491,2.696142911911,169,0.4114627838135,0.7005987763405,0,13.59366989136,1.017108678818,0,0.1171941831708,9.993055573432e-05,0.9050470590591,0.113597497344,28.44899940491,-0.04332884028554,2702.228515625,11,39,0,21,0.7211291790009,0.8502994179726,0.7142857313156,3.611500024796,0.6932950019836,1169,0,0.8776732087135,0.349179148674
1622,165.8385467529,62362,28.73349952698,2.708646535873,169,0.4225834012032,0.7014542222023,0,10.39178752899,1.039349913597,0,0.110350728035,0.0001014560693875,0.9093242287636,0.1167217195034,28.73349952698,-0.04128123819828,2656.788574219,6,31,0,17,0.7322497963905,0.8571428656578,0.7245509028435,2.418499946594,0.6718999743462,1169,0,0.8828058242798,0.3494917452335
1623,166.2459259033,62337,28.74600028992,2.720864772797,169,0.4225834012032,0.7134302854538,0,12.29683494568,1.000855445862,0,0.1171941831708,0.0001047337427735,0.9101796150208,0.1170252040029,28.74600028992,-0.0408728979528,2577.890625,14,31,0,15,0.7502138614655,0.8588536977768,0.7322497963905,2.837500095367,0.6794049739838,1169,0,0.8853721022606,0.3497691452503
1624,166.5052032471,65146,28.48349952698,2.73008441925,169,0.4439691901207,0.7271171808243,0,13.31565380096,1.101796388626,0,0.1043627038598,0.0001109448567149,0.9101796150208,0.1140208169818,28.48349952698,-0.0408728979528,2362.412109375,12,27,0,19,0.7621899247169,0.8614200353622,0.7373823523521,3.543999910355,0.69457000494,1169,0,0.8905047178268,0.350071310997
1625,167.0579681396,67435,28.76499938965,2.740879297256,169,0.4585115611553,0.7254063487053,0,12.28143692017,1.165098428726,0,0.1129170209169,0.0001176541918539,0.9127459526062,0.1121376156807,28.76499938965,-0.03965008631349,2456.201171875,16,29,0,14,0.7613344788551,0.8708297610283,0.7510693073273,3.141499996185,0.6780549883842,1169,0,0.8922155499458,0.3503560125828
1626,167.5177001953,67392,28.70800018311,2.738806009293,169,0.4653550088406,0.7433704137802,0,13.49700546265,1.015397787094,0,0.09751924872398,0.0001239548873855,0.9144567847252,0.112491093576,28.70800018311,-0.03883681446314,2232.458740234,16,19,0,10,0.771599650383,0.8733960390091,0.7647562026978,2.643500089645,0.6809449791908,1169,0,0.8956372737885,0.350682914257
1627,167.8522796631,68067,28.48150062561,2.751164913177,169,0.4764756262302,0.744225859642,0,13.35243797302,1.155688643456,0,0.110350728035,0.0001285225444008,0.9170231223106,0.1130356863141,28.48150062561,-0.03761971369386,2338.374267578,15,33,0,14,0.7613344788551,0.8691189289093,0.7733105421066,4.6890001297,0.6933900117874,1169,0,0.8956372737885,0.3509803116322
1628,167.5008392334,69986,28.55200004578,2.757434844971,169,0.4841745197773,0.7613344788551,0,12.68434524536,1.254918813705,0,0.1120615899563,0.0001327482750639,0.9178785085678,0.1106792762876,28.55200004578,-0.03721479699016,2148.640869141,23,26,0,17,0.7630453109741,0.8810949325562,0.7784430980682,2.168499946594,0.685790002346,1169,0,0.8990589976311,0.3512921631336
1629,167.293762207,71844,28.44549942017,2.765799283981,169,0.4970059990883,0.7596235871315,0,14.59195899963,1.025662899017,0,0.1154833212495,0.0001338961155852,0.9204448461533,0.108498968184,28.44549942017,-0.03600222989917,2275.901855469,17,16,0,6,0.7835757136345,0.880239546299,0.7844311594963,2.500999927521,0.6773200035095,1169,0,0.9016253352165,0.3516023755074
1630,167.8089752197,73539,28.31649971008,2.77251625061,169,0.4961505532265,0.7621899247169,0,14.32506370544,1.213858008385,0,0.1189050450921,0.0001334786211373,0.9204448461533,0.108527444303,28.31649971008,-0.03600222989917,2401.481445312,14,28,0,13,0.7810094356537,0.8845166563988,0.7887082695961,4.738500118256,0.6924449801445,1169,0,0.9050470590591,0.3519774377346
1631,168.8985443115,77600,28.17499923706,2.779015779495,169,0.5055602788925,0.771599650383,0,13.91360187531,1.223267793655,0,0.1146278902888,0.0001324765034951,0.9213002324104,0.1015850529075,28.17499923706,-0.03559882193804,2390.354003906,10,18,0,8,0.7878528833389,0.8862275481224,0.7964071631432,4.082499980927,0.6975499987602,1169,0,0.9076133370399,0.3522563576698
1632,168.561050415,78806,28.14800071716,2.786443710327,169,0.5012831687927,0.7724550962448,0,16.75021362305,1.12574839592,0,0.120615914464,0.0001335230044788,0.9213002324104,0.1015785634518,28.14800071716,-0.03559882193804,2569.557617188,12,20,0,11,0.7844311594963,0.8879383802414,0.804961502552,5.921999931335,0.6992400288582,1169,0,0.9101796150208,0.3526065051556
1633,168.7704467773,80431,28.06649971008,2.793327093124,169,0.5115483403206,0.7775876522064,0,15.3438835144,1.311377167702,0,0.123182207346,0.0001321376912529,0.9213002324104,0.1014658510685,28.06649971008,-0.03559882193804,2482.177978516,15,29,0,13,0.795551776886,0.8982036113739,0.8100941181183,4.30999994278,0.7029899954796,1169,0,0.9118905067444,0.3528743982315
1634,168.4406890869,80265,27.79500007629,2.790740728378,169,0.515825510025,0.7724550962448,0,14.91018009186,1.163387537003,0,0.136013686657,0.000136896938784,0.9230111241341,0.1032953336835,27.79500007629,-0.03479306399822,2696.967529297,19,11,0,7,0.8058169484138,0.8939264416695,0.8126603960991,5.978000164032,0.7206950187683,1169,0,0.9127459526062,0.3532159030437
1635,168.624130249,80945,27.78400039673,2.798148155212,169,0.5269461274147,0.7810094356537,0,16.276304245,1.153977751732,0,0.1223267763853,0.00013575781486,0.9238665699959,0.105812586844,27.78400039673,-0.03439074754715,2533.071289062,20,17,0,11,0.8135158419609,0.8964927196503,0.8203592896461,5.489999771118,0.7213150262833,1169,0,0.915312230587,0.3535014092922
1636,168.2074584961,81767,27.64999961853,2.809082508087,169,0.5278015136719,0.7767322659492,0,15.70915317535,1.356715083122,0,0.1274593621492,0.0001391413679812,0.9238665699959,0.1062409058213,27.64999961853,-0.03439074754715,2616.321289062,14,19,0,9,0.821214735508,0.8990589976311,0.8237810134888,4.815499782562,0.7232999801636,1169,0,0.915312230587,0.3537827134132
1637,169.2232513428,81838,27.55699920654,2.809435606003,169,0.5303678512573,0.7818648219109,0,15.43883705139,1.23866558075,0,0.1094952970743,0.0001362534530926,0.9230111241341,0.1077372357249,27.55699920654,-0.03479306399822,2446.687255859,15,19,0,9,0.8357570767403,0.9016253352165,0.8254918456078,3.821500062943,0.7257300019264,1169,0,0.9187339544296,0.3540536463261
1638,170.1922149658,82332,27.88599967957,2.821626663208,169,0.5457656383514,0.7784430980682,0,16.30795478821,1.268605589867,0,0.1171941831708,0.0001411784469383,0.9247219562531,0.09922023117542,27.88599967957,-0.03398882970214,2455.155517578,14,24,0,12,0.8220701217651,0.9007698893547,0.8323353528976,4.175000190735,0.7085450291634,1169,0,0.9178785085678,0.3543127477169
1639,169.6650543213,82846,27.68099975586,2.820868015289,170,0.5440547466278,0.7844311594963,0,16.01026535034,1.40975189209,0,0.1086398661137,0.0001415774022462,0.9255774021149,0.1008980497718,27.68099975586,-0.03358725830913,2196.418701172,9,16,0,9,0.8391788005829,0.9084687829018,0.8366124629974,5.611000061035,0.7231150269508,1169,0,0.9187339544296,0.3545980751514
1640,169.9353179932,76954,27.48749923706,2.822447061539,170,0.5478632450104,0.7760683894157,0,16.01111221313,1.324786305428,0,0.1162393167615,0.0001453957665944,0.9256410002708,0.110663510859,27.48749923706,-0.03355741873384,2240.869384766,18,24,0,14,0.8495726585388,0.9085469841957,0.8376068472862,4.934000015259,0.731694996357,1170,0,0.9205127954483,0.3546035885811
1641,170.6119384766,76920,27.24150085449,2.828125,170,0.5512820482254,0.7811965942383,0,13.00940227509,1.395726561546,0,0.1119658127427,0.0001447835966246,0.9290598034859,0.1115054637194,27.24150085449,-0.03195632994175,2040.432983398,12,25,0,13,0.8478632569313,0.9085469841957,0.8435897231102,6.878499984741,0.7471600174904,1170,0,0.9213675260544,0.3548647761345
1642,171.1392974854,76678,27.21299934387,2.837316274643,171,0.5564102530479,0.7743589878082,0,15.74529933929,1.492307662964,0,0.1034188047051,0.0001484108070144,0.9299145340919,0.1154829263687,27.21299934387,-0.03155696764588,2109.700195312,4,22,0,11,0.8487179279327,0.9094017148018,0.8478632569313,6.77899980545,0.7442200183868,1170,0,0.9213675260544,0.3551144599915
1643,170.561706543,79036,27.3034992218,2.831501722336,171,0.5499572753906,0.7865072488785,0,15.59180164337,1.373185276985,0,0.1041844561696,0.0001500843645772,0.9291204214096,0.1135684996843,27.3034992218,-0.03192799165845,1861.470214844,10,18,2,9,0.8462852239609,0.9052092432976,0.850555062294,6.521500110626,0.7400299906731,1171,0,0.919726729393,0.3550481796265
1644,170.5285339355,78302,27.0,2.833637952805,171,0.5644748210907,0.7813834547997,0,14.69684028625,1.560204982758,0,0.1033304855227,0.0001527746062493,0.932536303997,0.1161017566919,27.0,-0.03033425286412,1878.123168945,13,23,0,14,0.85226303339,0.908625125885,0.8514090776443,5.506999969482,0.7612800002098,1171,0,0.921434700489,0.3553340733051
1645,169.3434295654,78666,26.92749977112,2.833181381226,171,0.5670367479324,0.7899231314659,0,15.08027362823,1.513236522675,0,0.1110162287951,0.0001556096394779,0.9342442154884,0.1174967586994,26.92749977112,-0.02953958325088,1692.139038086,11,20,0,9,0.8608027100563,0.906917154789,0.8497011065483,6.435500144958,0.7659100294113,1171,0,0.921434700489,0.3555702865124
1646,171.7819519043,80816,26.91550064087,2.828493595123,171,0.5789923071861,0.7736976742744,0,15.70879554749,1.40819811821,0,0.1033304855227,0.0001559633237775,0.9368061423302,0.115595921874,26.91550064087,-0.02835027128458,1789.389404297,12,24,0,9,0.8608027100563,0.9120410084724,0.8539709448814,4.230999946594,0.765055000782,1171,0,0.9222886562347,0.3558215796947
1647,172.0932006836,81902,26.8689994812,2.830308437347,171,0.5704526305199,0.7745516896248,0,16.03928375244,1.608881354332,0,0.09393680840731,0.0001604366989341,0.9410759806633,0.1145026981831,26.8689994812,-0.02637531235814,1692.687866211,14,17,0,3,0.8608027100563,0.9137489199638,0.8565328717232,5.758500099182,0.7635599970818,1171,0,0.9257045388222,0.3560849428177
1648,171.0654907227,84992,26.91049957275,2.831368923187,171,0.5670367479324,0.7805294394493,0,15.80529499054,1.473099827766,0,0.0982066616416,0.000158909955644,0.9410759806633,0.1101868376136,26.91049957275,-0.02637531235814,1651.440673828,8,16,0,11,0.863364636898,0.918018758297,0.8539709448814,4.817999839783,0.7622249722481,1171,0,0.9265584945679,0.3563341498375
1649,172.6195373535,86226,26.95800018311,2.844827651978,171,0.5687446594238,0.7847993373871,0,17.31169891357,1.478223800659,0,0.08454312384129,0.0001575384667376,0.9419299960136,0.1091318130493,26.95800018311,-0.02598137408495,1509.409423828,6,20,0,7,0.8753202557564,0.9137489199638,0.8590947985649,6.748000144958,0.7623199820518,1171,0,0.9265584945679,0.3565967381001
1650,173.0052337646,89771,26.71349906921,2.851179599762,171,0.5755764245987,0.7890691757202,0,16.54654121399,1.608027219772,0,0.09649872034788,0.0001565627608215,0.9410759806633,0.1047777086496,26.71349906921,-0.02637531235814,1493.093139648,13,17,0,10,0.8795900940895,0.9222886562347,0.8625106811523,5.192500114441,0.7714999914169,1171,0,0.9299743771553,0.3568496108055
1651,173.3840026855,83223,26.73699951172,2.850543498993,171,0.5781383514404,0.7771135568619,0,17.81383323669,1.538855671883,0,0.08027327060699,0.0001533747563371,0.9410759806633,0.1114355400205,26.73699951172,-0.02637531235814,1473.993408203,9,17,0,9,0.874466240406,0.9188727736473,0.8608027100563,6.530000209808,0.7665749788284,1171,0,0.9316823482513,0.3571026921272
1652,172.6260223389,85463,26.66550064087,2.847472906113,171,0.5713065862656,0.7813834547997,0,13.93424415588,1.503842830658,0,0.08368915319443,0.0001576348440722,0.9427839517593,0.108713708818,26.66550064087,-0.02558781951666,1428.481933594,9,17,0,10,0.874466240406,0.9239965677261,0.8590947985649,5.959499835968,0.772175014019,1171,0,0.9342442154884,0.3573381900787
1653,171.7624359131,87134,26.95249938965,2.854053974152,171,0.574722468853,0.7779675722122,0,17.52006721497,1.509820699692,0,0.07258753478527,0.0001537752250442,0.9461998343468,0.1063534319401,26.95249938965,-0.0240171328187,1350.766479492,3,24,0,16,0.8855679035187,0.9282664656639,0.8590947985649,5.262499809265,0.766470015049,1171,0,0.9385141134262,0.3575654327869
1654,171.9675750732,87662,26.84000015259,2.854316473007,171,0.5695986151695,0.7779675722122,0,18.65414237976,1.599487662315,0,0.07087959349155,0.0001531790185254,0.9479077458382,0.1040815860033,26.84000015259,-0.023233929649,1364.232910156,7,23,0,11,0.8838599324226,0.9265584945679,0.8590947985649,6.453000068665,0.7790650129318,1171,0,0.9385141134262,0.357823163271
1655,171.0215606689,86833,26.34950065613,2.854578018188,171,0.5661827325821,0.7813834547997,0,14.97267246246,1.496157050133,0,0.07514944672585,0.0001502833911218,0.9496157169342,0.0967834815383,26.34950065613,-0.02245210669935,1241.78515625,7,19,0,11,0.8838599324226,0.9282664656639,0.8590947985649,7.223499774933,0.8082399964333,1171,0,0.9393680691719,0.3580603301525
1656,170.7211761475,89158,26.38800048828,2.852150440216,171,0.5704526305199,0.7805294394493,0,16.85482406616,1.432963252068,0,0.07941929996014,0.0001480402424932,0.9513236284256,0.09399044513702,26.38800048828,-0.02167171612382,1251.537719727,9,18,0,11,0.8830059766769,0.932536303997,0.8642185926437,8.503999710083,0.8023300170898,1171,0,0.9393680691719,0.3583101928234
1657,169.6505432129,90381,26.23200035095,2.850492477417,171,0.5661827325821,0.7959009408951,0,19.59692573547,1.508112668991,0,0.07685738801956,0.000148916078615,0.9530315995216,0.09282924234867,26.23200035095,-0.02089270018041,1094.459960938,4,17,0,11,0.8830059766769,0.9291204214096,0.8599487543106,9.904500007629,0.804014980793,1171,0,0.9393680691719,0.3585360050201
1658,169.4347839355,94753,26.17000007629,2.854968547821,171,0.5542271733284,0.791631102562,0,15.9419298172,1.502988934517,0,0.07941929996014,0.0001458257756894,0.9538855552673,0.08959083259106,26.17000007629,-0.02050372771919,1114.336181641,9,12,0,7,0.8727583289146,0.9342442154884,0.8599487543106,7.137000083923,0.8042799830437,1171,0,0.9410759806633,0.3587426543236
1659,168.8260803223,97510,26.23150062561,2.854334115982,171,0.5431255102158,0.7907770872116,0,19.39880371094,1.531170010567,0,0.07087959349155,0.0001455203309888,0.9538855552673,0.08757050335407,26.23150062561,-0.02050372771919,1079.772460938,13,12,0,5,0.8830059766769,0.9402220249176,0.8608027100563,7.744999885559,0.8039349913597,1171,0,0.9453458786011,0.3589771389961
1660,169.3268737793,100279,26.07399940491,2.855357170105,172,0.5448334813118,0.7924850583076,0,20.79760932922,1.497011184692,0,0.08112724125385,0.0001420676271664,0.9555935263634,0.08493303507566,26.07399940491,-0.01972680166364,1058.104492188,10,15,0,7,0.8872758150101,0.9359521865845,0.8608027100563,10.21049976349,0.8150699734688,1171,0,0.9470537900925,0.3592109680176
1661,167.5737762451,103010,25.9314994812,2.852678537369,173,0.5375426411629,0.7866894006729,0,18.16723442078,1.490614295006,0,0.07423207908869,0.0001402803463861,0.9556313753128,0.08319580554962,25.9314994812,-0.01970960013568,1040.096435547,16,13,0,7,0.8848122954369,0.9428327679634,0.8617747426033,7.232999801636,0.8174899816513,1172,0,0.9479522109032,0.3591461479664
1662,167.0432434082,106309,26.00950050354,2.852941274643,173,0.5174765586853,0.7800511717796,0,20.59846687317,1.506393909454,0,0.07416880130768,0.0001394251157762,0.954816699028,0.08098091185093,26.00950050354,-0.02007999457419,1044.272827148,4,22,0,16,0.8866155147552,0.9352088570595,0.859335064888,5.784999847412,0.8119649887085,1173,0,0.9488490819931,0.3590670526028
1663,167.9946289062,107831,26.05900001526,2.860195875168,173,0.5157715082169,0.7681159377098,0,22.44927597046,1.554134726524,0,0.07161125540733,0.0001381018955726,0.9565217494965,0.07853956520557,26.05900001526,-0.01930515095592,1042.819335938,9,29,0,12,0.883205473423,0.9403239488602,0.8610400557518,8.027500152588,0.8159250020981,1173,0,0.9505541324615,0.3593078255653
1664,167.4932250977,100161,26.01549911499,2.863878965378,173,0.5063938498497,0.7740835547447,0,19.34015274048,1.404092073441,0,0.07331628352404,0.0001387146039633,0.9573742747307,0.08497319370508,26.01549911499,-0.01891824789345,1009.299438477,15,15,0,9,0.8883205652237,0.9411764740944,0.8601875305176,7.738999843597,0.8220099806786,1173,0,0.95225918293,0.3595229387283
1665,166.5614929199,102700,25.97850036621,2.864768743515,173,0.5029838085175,0.7681159377098,0,16.80221557617,1.520886659622,0,0.07331628352404,0.0001388296950608,0.9582267403603,0.08268743753433,25.97850036621,-0.01853171549737,937.3740844727,8,15,0,4,0.883205473423,0.9428815245628,0.859335064888,6.818500041962,0.8217650055885,1173,0,0.95225918293,0.3597204983234
1666,167.314666748,104347,25.94949913025,2.86323261261,173,0.5080989003181,0.7757886052132,0,23.05114936829,1.51150894165,0,0.0605285577476,0.0001356121501885,0.9582267403603,0.07919729501009,25.94949913025,-0.01853171549737,897.73828125,1,15,0,9,0.8968456983566,0.9428815245628,0.8525149226189,9.0609998703,0.8217750191689,1173,0,0.9539641737938,0.3599158227444
1667,165.4043121338,105540,26.19300079346,2.867790699005,173,0.4961636960506,0.777493596077,0,20.54134559631,1.389599323273,0,0.06734868139029,0.0001340078306384,0.9599317908287,0.07864316552877,26.19300079346,-0.01775962486863,831.1971435547,11,17,1,7,0.8917306065559,0.9437339901924,0.8533674478531,8.674500465393,0.8142700195312,1173,0,0.954816699028,0.3600999414921
1668,164.7106628418,107717,26.13349914551,2.859167337418,174,0.4893435537815,0.7826086878777,0,18.13895988464,1.518329024315,0,0.0588235296309,0.0001291903754463,0.9607843160629,0.07825134694576,26.13349914551,-0.01737409643829,813.7456054688,5,8,0,4,0.8985507488251,0.9437339901924,0.8508098721504,5.671500205994,0.8159350156784,1173,0,0.9539641737938,0.3602894544601
1669,164.8481140137,110353,25.87750053406,2.8601770401,174,0.4931856989861,0.7657580971718,0,23.51022148132,1.576660990715,0,0.05366269126534,0.0001309633807978,0.9616695046425,0.07666306942701,25.87750053406,-0.01697415672243,805.7487792969,9,15,0,11,0.8986371159554,0.942930161953,0.8509369492531,7.462500095367,0.8354750275612,1174,0,0.9548552036285,0.3601919412613
1670,164.1498718262,112288,25.91449928284,2.856890439987,174,0.4880749583244,0.7751277685165,0,22.05536651611,1.437819480896,0,0.05621805787086,0.000125876875245,0.962521314621,0.07754167914391,25.91449928284,-0.01658964529634,793.5632324219,5,18,0,10,0.8892674446106,0.9437819123268,0.857751250267,5.235000133514,0.824355006218,1174,0,0.955707013607,0.3604373037815
1671,163.4371643066,113366,25.8985004425,2.856261014938,174,0.4795570671558,0.7691652178764,0,19.7138004303,1.626916527748,0,0.05962521210313,0.000127253078972,0.9642248749733,0.07875376939774,25.8985004425,-0.01582166925073,771.7422485352,10,18,0,10,0.9045996665955,0.9454855322838,0.8534923195839,6.56500005722,0.8235350251198,1174,0,0.9565587639809,0.3606538772583
1672,162.0440063477,116244,25.8985004425,2.858906507492,174,0.4744463264942,0.7725723981857,0,23.48977851868,1.705281019211,0,0.06303236633539,0.0001228876644745,0.9659284353256,0.07714806497097,25.8985004425,-0.01505505014211,779.809753418,10,16,0,11,0.9054514765739,0.9463372826576,0.8509369492531,7.032499790192,0.8304399847984,1174,0,0.9565587639809,0.3608766496181
1673,163.3390960693,119600,26.02199935913,2.86243391037,174,0.4608177244663,0.7572401762009,0,23.71891021729,1.490630269051,0,0.06218057870865,0.0001229491172126,0.9659284353256,0.07627090066671,26.02199935913,-0.01505505014211,776.7795410156,8,18,0,6,0.9045996665955,0.9446337223053,0.8492333889008,6.133500099182,0.8289600014687,1174,0,0.9574105739594,0.3610565364361
1674,162.0558624268,125231,25.89450073242,2.870255947113,174,0.4718909561634,0.7768313288689,0,22.06132888794,1.627768278122,0,0.06643952429295,0.0001200898550451,0.9659284353256,0.07420686632395,25.89450073242,-0.01505505014211,744.0230102539,8,12,0,5,0.8977853655815,0.942930161953,0.8475298285484,7.061999797821,0.8327699899673,1174,0,0.9582623243332,0.3612697422504
1675,162.8577270508,131039,25.88150024414,2.872021198273,174,0.4633730947971,0.7504258751869,0,26.4190788269,1.757240176201,0,0.06388415396214,0.0001169173556264,0.9650766849518,0.07148253917694,25.88150024414,-0.01543817669153,752.7477416992,8,16,0,9,0.8918228149414,0.9446337223053,0.8441226482391,6.751999855042,0.8288450241089,1174,0,0.9599659442902,0.361434429884
1676,159.2706604004,134303,25.67149925232,2.867608070374,174,0.4574105739594,0.7470187544823,0,27.01703453064,1.572402119637,0,0.06388415396214,0.0001159373932751,0.9650766849518,0.0696038082242,25.67149925232,-0.01543817669153,762.075012207,8,16,0,7,0.9003407359123,0.9454855322838,0.8415672779083,6.683000087738,0.8460649847984,1174,0,0.9599659442902,0.3616293370724
1677,158.7023773193,138581,25.83049964905,2.871138572693,175,0.4522998332977,0.7427598237991,0,24.61499023438,1.635434389114,0,0.05792163684964,0.0001169677925645,0.9650766849518,0.06945396214724,25.83049964905,-0.01543817669153,733.625793457,9,22,0,11,0.896933555603,0.9463372826576,0.8407155275345,7.291500091553,0.8378750085831,1174,0,0.9616695046425,0.3618228435516
1678,159.2256011963,144582,25.65349960327,2.874669075012,175,0.4246808588505,0.7404255270958,0,28.37191581726,1.805106401443,0,0.05021276697516,0.0001131798708229,0.9642553329468,0.06726286560297,25.65349960327,-0.0158079508692,744.7524414062,5,17,0,8,0.8995744585991,0.9514893889427,0.8408510684967,8.780500411987,0.8486350178719,1175,0,0.963404238224,0.3617208302021
1679,158.1057434082,147482,25.39150047302,2.883495092392,175,0.4255319237709,0.7523404359818,0,30.06638336182,1.639148950577,0,0.0510638281703,0.0001142525943578,0.9642553329468,0.06527576595545,25.39150047302,-0.0158079508692,683.4666137695,5,22,0,15,0.9063829779625,0.95063829422,0.8331915140152,11.0579996109,0.8551650047302,1175,0,0.963404238224,0.3619229197502
1680,157.0607299805,147680,25.62249946594,2.885361433029,175,0.4212765991688,0.7591489553452,0,26.86978721619,1.638297915459,0,0.05957446992397,0.0001059680944309,0.9642553329468,0.05983883887529,25.62249946594,-0.0158079508692,685.1663208008,9,19,0,9,0.9012765884399,0.9463829994202,0.8246808648109,6.807499885559,0.8362249732018,1175,0,0.963404238224,0.3621408641338
1681,156.0038604736,152122,25.72100067139,2.882715940475,175,0.4153191447258,0.7523404359818,0,28.36425590515,1.409361720085,0,0.04936170205474,0.0001065919350367,0.9651063680649,0.05926164612174,25.72100067139,-0.01542481966317,679.3806762695,7,10,0,5,0.9021276831627,0.9429787397385,0.8195744752884,7.895500183105,0.8430749773979,1175,0,0.963404238224,0.3623143434525
1682,155.0949401855,155614,25.75799942017,2.879295110703,175,0.4008510708809,0.7531914710999,0,32.36170196533,1.325957417488,0,0.05361702293158,0.0001006848760881,0.9651063680649,0.05832380056381,25.75799942017,-0.01542481966317,679.8135986328,11,15,0,10,0.8902127742767,0.9455319046974,0.8195744752884,8.864999771118,0.8482199907303,1175,0,0.963404238224,0.3625205159187
1683,155.4195556641,158606,25.7590007782,2.876652002335,176,0.407659560442,0.7523404359818,0,29.30297851562,1.27574467659,0,0.04595744609833,0.0001020892595989,0.9659574627876,0.05753250047565,25.7590007782,-0.01504199858755,672.6259765625,4,17,0,6,0.9106382727623,0.9497872591019,0.8178723454475,8.08749961853,0.8386350274086,1175,0,0.963404238224,0.3627424836159
1684,153.8696136475,164002,25.68849945068,2.879401445389,176,0.4030612111092,0.7508503198624,0,30.2321434021,1.467687129974,0,0.04931972920895,0.0001016136593535,0.965136051178,0.05659687146544,25.68849945068,-0.0154114626348,653.2109985352,13,14,0,9,0.8894557952881,0.9413265585899,0.8146258592606,7.47100019455,0.8415349721909,1176,0,0.9617347121239,0.3626398742199
1685,153.1290740967,167802,25.49950027466,2.874119758606,176,0.4013605415821,0.75,0,34.6513633728,1.343537449837,0,0.05017006769776,0.0001027118923957,0.9659863710403,0.05616142973304,25.49950027466,-0.01502900198102,649.1796264648,7,11,0,5,0.9056122303009,0.9455782175064,0.8095238208771,8.086500167847,0.8492050170898,1176,0,0.9617347121239,0.3628289997578
1686,151.8965148926,169267,25.76749992371,2.873350858688,176,0.3962585031986,0.7440476417542,0,32.0442199707,1.313775420189,0,0.05187074840069,0.0001043206357281,0.9659863710403,0.05643746256828,25.76749992371,-0.01502900198102,650.1936035156,9,19,0,8,0.8962585330009,0.944727897644,0.8103741407394,8.163499832153,0.8469750285149,1176,0,0.9625850319862,0.3630132973194
1687,150.6771392822,173268,25.8125,2.871817350388,176,0.3877550959587,0.7304421663284,0,31.48129272461,1.527210831642,0,0.04676870629191,0.0001040085917339,0.9668367505074,0.05539972707629,25.8125,-0.01464685052633,666.4461669922,9,17,0,8,0.8818027377129,0.9455782175064,0.8103741407394,9.678999900818,0.8518549799919,1176,0,0.9634353518486,0.3632043004036
1688,149.4987640381,174872,25.5030002594,2.874561309814,176,0.3732993304729,0.7525510191917,0,36.12074661255,1.430272102356,0,0.05272108688951,0.0001017678732751,0.9685373902321,0.05593233928084,25.5030002594,-0.01388360932469,609.8236694336,7,19,0,11,0.8928571343422,0.9498299360275,0.8103741407394,8.219499588013,0.8606349825859,1176,0,0.9634353518486,0.363391160965
1689,148.706237793,178132,25.56399917603,2.876315832138,176,0.3698979616165,0.7227891087532,0,33.23129272461,1.354591846466,0,0.04846938699484,9.969537495635e-05,0.9693877696991,0.05497608333826,25.56399917603,-0.01350246462971,640.6066894531,6,22,0,8,0.8945578336716,0.9464285969734,0.8086734414101,8.854499816895,0.8435350060463,1176,0,0.9642857313156,0.3635760843754
1690,147.8729248047,165417,25.6905002594,2.881578922272,176,0.3690476119518,0.7278911471367,0,33.49489593506,1.494897961617,0,0.05102040991187,9.787810267881e-05,0.9693877696991,0.06019333004951,25.6905002594,-0.01350246462971,622.7100830078,4,21,0,8,0.8869047760963,0.9464285969734,0.8069728016853,9.384499549866,0.8464599847794,1176,0,0.9642857313156,0.3637883067131
1691,147.5528106689,168856,25.67700004578,2.87992978096,176,0.375,0.7168367505074,0,29.28316688538,1.483843564987,0,0.0459183678031,9.676422632765e-05,0.9693877696991,0.06015776842833,25.67700004578,-0.01350246462971,585.0068359375,10,22,0,10,0.8962585330009,0.9404761791229,0.8044217824936,9.682499885559,0.8537449836731,1176,0,0.9642857313156,0.3639473319054
1692,146.304397583,170781,25.54299926758,2.873905420303,177,0.3630952239037,0.7253401279449,0,34.44302749634,1.351190447807,0,0.05527210980654,9.821146522881e-05,0.9702380895615,0.06029359251261,25.54299926758,-0.01312168035656,573.381652832,10,18,0,7,0.8843537569046,0.9430271983147,0.8001700639725,7.753499984741,0.8545349836349,1176,0,0.9634353518486,0.3641093373299
1693,143.5865631104,173277,25.43400001526,2.868006944656,178,0.3551401793957,0.7153781056404,0,34.48767852783,1.574341535568,0,0.04418011754751,9.577542368788e-05,0.9702633619308,0.0602734349668,25.43400001526,-0.01311036758125,550.2611083984,6,24,0,12,0.9022939801216,0.9345794320107,0.7969413995743,9.699999809265,0.8590250015259,1177,0,0.9634664654732,0.3639951944351
1694,142.8730621338,175634,25.52599906921,2.875874042511,178,0.3675721585751,0.7139219045639,0,30.99830245972,1.567062735558,0,0.04753819853067,9.842224244494e-05,0.9711375236511,0.06146304309368,25.52599906921,-0.0127192651853,555.0816040039,8,29,0,15,0.8853989839554,0.9482173323631,0.7911714911461,8.407999992371,0.850839972496,1178,0,0.9643463492393,0.3638527393341
1695,142.2735748291,178528,25.54750061035,2.873362541199,178,0.3684210479259,0.7045840620995,0,35.55432891846,1.445670604706,0,0.04753819853067,9.417778346688e-05,0.9711375236511,0.06192865967751,25.54750061035,-0.0127192651853,542.9900512695,12,19,0,14,0.8913412690163,0.9448217153549,0.7835314273834,7.584000110626,0.8526600003242,1178,0,0.9651952385902,0.3640178740025
1696,140.5905761719,180984,25.6609992981,2.867364645004,178,0.3590832054615,0.6977928876877,0,36.08319091797,1.643463492393,0,0.05008488893509,9.541014878778e-05,0.971986413002,0.06253591179848,25.6609992981,-0.01233980618417,573.8569946289,8,23,0,10,0.8955857157707,0.9414261579514,0.7826825380325,9.935000419617,0.8437200188637,1178,0,0.966893017292,0.3642148077488
1697,140.5685577393,184781,25.38949966431,2.867364645004,178,0.3684210479259,0.6765704751015,0,33.06451797485,1.667232632637,0,0.05517826974392,9.318281809101e-05,0.9728353023529,0.0632965490222,25.38949966431,-0.01196067873389,607.4948730469,9,22,0,10,0.8870967626572,0.9414261579514,0.7784380316734,13.23900032043,0.8589550256729,1178,0,0.966893017292,0.3643828928471
1698,140.8739929199,190862,25.52700042725,2.870855093002,178,0.3548386991024,0.6791171431541,0,37.20713424683,1.595925331116,0,0.04668930545449,9.087940270547e-05,0.9728353023529,0.06316605955362,25.52700042725,-0.01196067873389,618.0812988281,8,29,0,13,0.8828523159027,0.9405772686005,0.769100189209,10.13799953461,0.8497599959373,1178,0,0.9677419066429,0.3645683825016
1699,140.982711792,192552,25.6515007019,2.878708600998,178,0.3573853969574,0.6774193644524,0,39.3404083252,1.782682538033,0,0.06281833350658,8.929346950026e-05,0.9728353023529,0.0635984018445,25.6515007019,-0.01196067873389,613.7034301758,10,28,0,14,0.8853989839554,0.9448217153549,0.764006793499,12.23050022125,0.85367000103,1178,0,0.9685908555984,0.3647548556328
1700,140.9906311035,195948,25.33499908447,2.879581212997,179,0.3514431118965,0.6782682538033,0,34.73429489136,1.893039107323,0,0.05517826974392,8.641619933769e-05,0.9728353023529,0.06444056332111,25.33499908447,-0.01196067873389,615.0994262695,8,18,0,12,0.8837012052536,0.9397283792496,0.758913397789,8.682999610901,0.8621150255203,1178,0,0.9702886343002,0.3649545609951
1701,140.8618164062,200446,25.28050041199,2.887434482574,179,0.3452078104019,0.6666666865349,0,38.9465637207,1.8184902668,0,0.05089058354497,8.6776461103e-05,0.9720101952553,0.06329385191202,25.28050041199,-0.01232918072492,653.0842285156,4,27,0,14,0.8787107467651,0.9431721568108,0.7531806826591,9.318499565125,0.8626499772072,1179,0,0.9694656729698,0.3648503124714
1702,140.9179534912,202956,25.42749977112,2.882301568985,179,0.3452078104019,0.6844783425331,0,41.46565246582,1.832061052322,0,0.04580152779818,8.507932216162e-05,0.9720101952553,0.06363940984011,25.42749977112,-0.01232918072492,594.4803466797,9,19,0,5,0.8702290058136,0.9312977194786,0.7455470561981,9.062000274658,0.8630549907684,1179,0,0.970313847065,0.3649953007698
1703,140.0587463379,205674,25.08049964905,2.88142991066,180,0.3392705619335,0.6607294082642,0,36.96691894531,1.989821910858,0,0.04495334997773,8.724410872674e-05,0.9728583693504,0.06256502866745,25.08049964905,-0.01195038016886,655.7710571289,5,24,1,11,0.8837998509407,0.9440203309059,0.7413061857224,14.44499969482,0.8753499984741,1179,0,0.9711620211601,0.3651800751686
1704,138.7997283936,208867,25.37350082397,2.87804889679,180,0.327966094017,0.6627118587494,0,39.909324646,1.826271176338,0,0.04576271027327,8.534756489098e-05,0.9720339179039,0.0628103017807,25.37350082397,-0.0123185813427,642.0562133789,6,26,0,13,0.877966105938,0.9440677762032,0.7322033643723,12.11800003052,0.8549450039864,1180,0,0.9694915413857,0.3650560677052
1705,137.1341400146,211480,25.50650024414,2.881739139557,180,0.3271186351776,0.6771186590195,0,42.76525115967,1.935593247414,0,0.04237288236618,8.653183613205e-05,0.9728813767433,0.06302250921726,25.50650024414,-0.01194011047482,613.1438598633,3,32,0,16,0.8745762705803,0.9415253996849,0.729660987854,9.831500053406,0.8566300272942,1180,0,0.9703390002251,0.3652824759483
1706,136.8370666504,216298,25.55750083923,2.892174005508,180,0.3135593235493,0.6762712001801,0,38.96101379395,1.923728823662,0,0.04576271027327,8.448005246464e-05,0.9745762944221,0.06208101660013,25.55750083923,-0.01118415687233,611.20703125,16,29,0,15,0.8754237294197,0.9406779408455,0.7313559055328,7.846500396729,0.8532050251961,1180,0,0.9711864590645,0.3655129671097
1707,136.6473999023,216542,25.7560005188,2.889565229416,180,0.3305084705353,0.6813559532166,0,42.44830703735,1.961016893387,0,0.05084745585918,8.137259283103e-05,0.9745762944221,0.06287463754416,25.7560005188,-0.01118415687233,607.4884643555,5,16,0,10,0.8864406943321,0.9423728585243,0.7279661297798,6.919000148773,0.8416150212288,1180,0,0.9703390002251,0.3657285273075
1708,136.688949585,220355,25.39749908447,2.893043518066,180,0.3169491589069,0.6838983297348,0,42.8635597229,2.091525316238,0,0.05677966028452,8.068064926192e-05,0.9745762944221,0.06230854615569,25.39749908447,-0.01118415687233,609.8396606445,10,22,0,11,0.882203400135,0.9449152350426,0.7271186709404,8.869500160217,0.8583999872208,1180,0,0.9703390002251,0.3659461438656
1709,136.4785766602,224354,25.25149917603,2.89565205574,180,0.3220339119434,0.6983050704002,0,41.5567817688,2.049152612686,0,0.05847457796335,7.956453191582e-05,0.9745762944221,0.06144753471017,25.25149917603,-0.01118415687233,596.4793701172,12,18,0,11,0.8754237294197,0.9398304820061,0.7194915413857,10.67450046539,0.8689950108528,1180,0,0.9711864590645,0.366157501936
1710,136.3791503906,228581,25.56949996948,2.900000095367,180,0.3245762586594,0.6898304820061,0,44.6025428772,2.019491434097,0,0.05508474633098,8.132498624036e-05,0.9745762944221,0.06042059510946,25.56949996948,-0.01118415687233,619.9984741211,11,25,0,14,0.8745762705803,0.9398304820061,0.7194915413857,7.150000095367,0.847914993763,1180,0,0.9711864590645,0.3663690984249
1711,135.8611297607,230717,25.53750038147,2.89583325386,180,0.3127118647099,0.6889830231667,0,45.26271057129,2.115254163742,0,0.05677966028452,8.402176899835e-05,0.9745762944221,0.0603076480329,25.53750038147,-0.01118415687233,657.9067993164,7,19,0,11,0.8593220114708,0.9491525292397,0.7194915413857,7.728000164032,0.8534150123596,1180,0,0.9720339179039,0.3665839135647
1712,135.2828063965,235762,25.66850090027,2.894097328186,180,0.3262711763382,0.6805084943771,0,43.51949310303,2.094067811966,0,0.05762711912394,8.506484300597e-05,0.976271212101,0.05835970118642,25.66850090027,-0.01042951643467,705.2361450195,12,20,0,7,0.861864387989,0.9466101527214,0.7220339179039,6.1234998703,0.8419899940491,1180,0,0.9737288355827,0.3668341040611
1713,134.6993713379,238746,25.97400093079,2.896701335907,180,0.3194915354252,0.695762693882,0,47.04661178589,2.055084705353,0,0.05593220517039,8.578946290072e-05,0.976271212101,0.05817060917616,25.97400093079,-0.01042951643467,701.9268188477,14,30,0,16,0.8737288117409,0.9440677762032,0.716101706028,5.434500217438,0.8299300074577,1180,0,0.9745762944221,0.367028772831
1714,135.0076293945,241071,25.96899986267,2.897569417953,180,0.321186453104,0.6872881650925,0,46.73389816284,2.150847434998,0,0.06355932354927,8.370447903872e-05,0.976271212101,0.05769254639745,25.96899986267,-0.01042951643467,750.9376831055,12,25,0,13,0.8703389763832,0.9474576115608,0.716101706028,5.208000183105,0.8425650000572,1180,0,0.9745762944221,0.3672140836716
1715,134.9685974121,246158,25.57950019836,2.897569417953,180,0.3177966177464,0.6932203173637,0,45.08050918579,1.98559319973,0,0.05084745585918,8.31619327073e-05,0.976271212101,0.05648810788989,25.57950019836,-0.01042951643467,794.9213256836,13,28,0,19,0.8661016821861,0.9516949057579,0.7203390002251,5.75400018692,0.8617399930954,1180,0,0.9745762944221,0.3674072921276
1716,134.9527740479,253051,25.57600021362,2.902862071991,180,0.3203389942646,0.6898304820061,0,49.34915161133,2.131355762482,0,0.06779661029577,8.148280903697e-05,0.976271212101,0.05498496443033,25.57600021362,-0.01042951643467,857.8402709961,10,31,0,16,0.8610169291496,0.9483050704002,0.7220339179039,6.557499885559,0.8576599955559,1180,0,0.9737288355827,0.3676179647446
1717,135.1914672852,256726,25.74900054932,2.904596805573,180,0.3262711763382,0.6991525292397,0,50.61864471436,2.145762681961,0,0.06694915145636,7.92218852439e-05,0.9771186709404,0.05448221042752,25.74900054932,-0.01005268841982,838.8823242188,21,23,0,11,0.8567796349525,0.9491525292397,0.7203390002251,4.946499824524,0.8430799841881,1180,0,0.9737288355827,0.3678136765957
1718,135.626953125,263250,25.77199935913,2.898525476456,181,0.3271186351776,0.695762693882,0,47.98305130005,1.987288117409,0,0.07288135588169,8.036657527555e-05,0.9771186709404,0.05272554606199,25.77199935913,-0.01005268841982,858.4233398438,14,15,0,8,0.8703389763832,0.9474576115608,0.7245762944221,7.537499904633,0.8431249856949,1180,0,0.9754237532616,0.3680243492126
1719,135.9639282227,266022,25.73749923706,2.898613452911,181,0.3158340454102,0.7011007666588,0,52.33192443848,2.07790017128,0,0.06858594715595,7.736407133052e-05,0.9762912988663,0.05215733870864,25.73749923706,-0.01042058132589,834.6055297852,12,32,0,19,0.8577476739883,0.9483488798141,0.7273496985435,7.827999591827,0.8494449853897,1181,0,0.9754445552826,0.3678741157055
1720,135.8874816895,269881,25.80500030518,2.900346517563,181,0.3200677335262,0.6977137923241,0,52.26926422119,2.16680765152,0,0.06435224413872,8.375871402677e-05,0.97713804245,0.05145601183176,25.80500030518,-0.01004407834262,864.7332763672,11,30,0,15,0.8569009304047,0.9458086490631,0.7273496985435,5.610499858856,0.8517749905586,1181,0,0.9737510681152,0.3680893778801
1721,135.0989685059,273450,25.76399993896,2.904679298401,181,0.3183742463589,0.695173561573,0,50.25063323975,1.921253204346,0,0.07197290658951,8.075685036601e-05,0.97713804245,0.05135491117835,25.76399993896,-0.01004407834262,884.0009765625,9,18,0,8,0.8602879047394,0.9500423073769,0.7332769036293,5.747000217438,0.8482750058174,1181,0,0.9737510681152,0.3682896494865
1722,135.1667938232,281479,25.87849998474,2.902079820633,181,0.3243014514446,0.7044877409935,0,54.28789520264,2.0914478302,0,0.06858594715595,8.371128933504e-05,0.97713804245,0.0507249198854,25.87849998474,-0.01004407834262,859.5296630859,20,27,0,12,0.8611346483231,0.9500423073769,0.7375105619431,6.297500133514,0.8470299839973,1181,0,0.9737510681152,0.3684960901737
1723,135.8947143555,286513,25.76300048828,2.900346517563,181,0.3259949088097,0.6985605359077,0,56.39542770386,2.23793387413,0,0.07790008187294,8.381928637391e-05,0.97713804245,0.05052126944065,25.76300048828,-0.01004407834262,880.7573852539,12,15,0,9,0.8738357424736,0.9534292817116,0.7383573055267,5.05999994278,0.8486350178719,1181,0,0.9737510681152,0.3687581717968
1724,135.8405609131,289425,25.78700065613,2.903812885284,181,0.3420829772949,0.6934800744057,0,53.82302856445,1.959356427193,0,0.08382726460695,8.573730156058e-05,0.97713804245,0.05061414837837,25.78700065613,-0.01004407834262,905.244140625,17,17,0,7,0.8535139560699,0.9483488798141,0.7358170747757,4.6265001297,0.8436949849129,1181,0,0.9745978116989,0.3689736127853
1725,136.3430786133,291821,26.01849937439,2.907279014587,181,0.3471634089947,0.7053344845772,0,55.62828063965,2.180355548859,0,0.07790008187294,8.576076652389e-05,0.97713804245,0.05092848092318,26.01849937439,-0.01004407834262,864.3428955078,15,27,0,11,0.8619813919067,0.9466553926468,0.7349703907967,5.328499794006,0.8318650126457,1181,0,0.9745978116989,0.3691688776016
1726,136.2951049805,319618,25.9015007019,2.899480104446,181,0.3454699516296,0.7061812281609,0,57.70025253296,2.282811164856,0,0.07027942687273,8.860322122928e-05,0.97713804245,0.04698421061039,25.9015007019,-0.01004407834262,865.9526367188,11,22,0,14,0.8653683066368,0.9559695124626,0.7332769036293,3.825500011444,0.8444349765778,1181,0,0.9754445552826,0.3693920373917
1727,137.1213531494,324316,25.86849975586,2.898613452911,181,0.3403894901276,0.6909399032593,0,69.00677490234,2.101608753204,0,0.06181202456355,8.746352250455e-05,0.97713804245,0.05192466452718,25.86849975586,-0.01004407834262,960.6205444336,6,18,0,11,0.8611346483231,0.9517357945442,0.7307366728783,3.999499797821,0.8454549908638,1181,0,0.9754445552826,0.3696160018444
1728,135.9052734375,326205,26.02000045776,2.907359361649,181,0.3539373278618,0.714648604393,0,59.80270767212,3.038103342056,0,0.06265876442194,9.016491821967e-05,0.97713804245,0.05211446806788,26.02000045776,-0.01004407834262,871.9739990234,6,31,0,14,0.8645215630531,0.9517357945442,0.7315834164619,3.799999952316,0.8358799815178,1181,0,0.9754445552826,0.3698042929173
1729,135.4255065918,328792,26.03100013733,2.901384115219,181,0.3530906140804,0.7002540230751,0,59.2193069458,3.037256717682,0,0.06350550055504,9.13366311579e-05,0.9779847860336,0.05165575817227,26.03100013733,-0.009667901322246,954.0443115234,13,22,0,12,0.8636748790741,0.9491956233978,0.7383573055267,3.734999895096,0.8388900160789,1181,0,0.9754445552826,0.3700465261936
1730,135.1600646973,328075,26.06100082397,2.895328760147,181,0.3513971269131,0.7256562113762,0,68.75105285645,2.811177015305,0,0.06689246743917,9.176704770653e-05,0.9788314700127,0.05248495191336,26.06100082397,-0.009292076341808,858.9224853516,7,15,0,11,0.8653683066368,0.9593564867973,0.7434377670288,3.414999961853,0.8389049768448,1181,0,0.9754445552826,0.3702537417412
1731,134.9772338867,328284,25.85250091553,2.899740695953,181,0.365791708231,0.7239627242088,0,60.78408050537,3.143945932388,0,0.07620660215616,9.194546146318e-05,0.9788314700127,0.05324048548937,25.85250091553,-0.009292076341808,914.5645751953,9,29,0,12,0.8704487681389,0.9542760252953,0.7485182285309,3.766999959946,0.8444399833679,1181,0,0.9754445552826,0.3704846203327
1732,135.5651550293,328913,26.16449928284,2.904062271118,181,0.3734123706818,0.7256562113762,0,59.6951751709,3.201524019241,0,0.06943268328905,9.111176041188e-05,0.9796782135963,0.05347006767988,26.16449928284,-0.008916549384594,927.2895507812,11,28,0,14,0.8628281354904,0.9534292817116,0.7425910234451,4.747000217438,0.8311250209808,1181,0,0.9754445552826,0.3707354962826
1733,135.3232116699,329028,26.12549972534,2.905008554459,181,0.3708721399307,0.7188823223114,0,68.02540588379,3.020321846008,0,0.08213378489017,9.208204573952e-05,0.9796782135963,0.05438138917089,26.12549972534,-0.008916549384594,1015.94543457,13,28,0,12,0.8687552809715,0.9585097432137,0.7468247413635,5.293000221252,0.837475001812,1181,0,0.9754445552826,0.37095952034
1734,137.5138092041,330999,26.08250045776,2.906735658646,181,0.3759525716305,0.7315834164619,0,61.52751922607,3.187976360321,0,0.07959356158972,9.154697181657e-05,0.98052495718,0.05493370071054,26.08250045776,-0.008541348390281,977.1383666992,14,22,0,15,0.8899238109589,0.9542760252953,0.7468247413635,7.1234998703,0.8392400145531,1181,0,0.9754445552826,0.3712079226971
1735,138.1574859619,330351,26.15049934387,2.905953407288,181,0.3784928023815,0.7112616300583,0,61.12531661987,3.333615541458,0,0.08213378489017,9.497944120085e-05,0.98052495718,0.05595563352108,26.15049934387,-0.008541348390281,1103.668457031,10,26,0,14,0.875529229641,0.9534292817116,0.754445374012,3.158499956131,0.8344900012016,1181,0,0.9762912988663,0.3714437186718
1736,138.5421142578,331449,26.23649978638,2.911130189896,181,0.3844199776649,0.7129551172256,0,66.54615020752,3.241321086884,0,0.07535986602306,9.620411583455e-05,0.9813717007637,0.05705553665757,26.23649978638,-0.008166469633579,1127.560302734,16,22,0,12,0.8729889988899,0.9525825381279,0.7493649721146,3.412499904633,0.8303800225258,1181,0,0.9762912988663,0.3716741502285
1737,138.3031311035,333161,26.16699981689,2.911130189896,181,0.3776460587978,0.7138018608093,0,62.63166809082,3.419983148575,0,0.07790008187294,0.0001004764999379,0.9813717007637,0.05876738205552,26.16699981689,-0.008166469633579,1143.046020508,14,20,0,13,0.8729889988899,0.95766299963,0.7476714849472,2.941999912262,0.8297049999237,1181,0,0.9754445552826,0.3718822598457
1738,137.9949493408,334057,26.12350082397,2.90509057045,181,0.3793395459652,0.7214225530624,0,62.83827209473,3.670618057251,0,0.08213378489017,9.974464774132e-05,0.9813717007637,0.06211814284325,26.12350082397,-0.008166469633579,1133.746337891,15,25,0,9,0.8814563751221,0.9517357945442,0.7476714849472,4.737500190735,0.8328449726105,1181,0,0.9754445552826,0.3721386194229
1739,137.6685943604,334369,26.19449996948,2.905953407288,181,0.3810330331326,0.7163420915604,0,66.56646728516,3.774767160416,0,0.07790008187294,9.954138658941e-05,0.9813717007637,0.06401310861111,26.19449996948,-0.008166469633579,1131.492553711,11,19,0,13,0.878916144371,0.9508890509605,0.7476714849472,4.1875,0.8344849944115,1181,0,0.9737510681152,0.3723839819431
1740,137.6306152344,334567,26.00399971008,2.910267353058,181,0.3810330331326,0.717188835144,0,63.0118560791,3.7552921772,0,0.08213378489017,9.890404908219e-05,0.9813717007637,0.06592401862144,26.00399971008,-0.008166469633579,1122.732177734,10,21,0,8,0.8704487681389,0.9458086490631,0.7451312541962,3.221499919891,0.8496000170708,1181,0,0.9745978116989,0.3725976347923
1741,137.940536499,333660,26.03199958801,2.908541917801,181,0.3801862895489,0.712108373642,0,63.56646728516,4.113463401794,0,0.07705334573984,9.936173591996e-05,0.9813717007637,0.06853683292866,26.03199958801,-0.008166469633579,1089.25,11,28,0,12,0.875529229641,0.9551227688789,0.7493649721146,2.764499902725,0.8395699858665,1181,0,0.9745978116989,0.3727955818176
1742,139.1683197021,337526,26.00349998474,2.910267353058,181,0.3928873836994,0.7188823223114,0,65.19898223877,4.253175258636,0,0.06689246743917,0.0001026622703648,0.9813717007637,0.06872655451298,26.00349998474,-0.008166469633579,1049.528930664,12,26,0,14,0.8738357424736,0.9500423073769,0.7502116560936,3.074500083923,0.8385400176048,1181,0,0.97713804245,0.3729816675186
1743,139.6893157959,336360,26.29249954224,2.910267353058,181,0.3810330331326,0.714648604393,0,65.67315673828,4.037256717682,0,0.06181202456355,0.0001038964983309,0.9813717007637,0.0700261592865,26.29249954224,-0.008166469633579,1010.369384766,4,32,0,21,0.8873835802078,0.9449619054794,0.7603725790977,4.442500114441,0.8194649815559,1181,0,0.9779847860336,0.3731717467308
1744,139.9954071045,333898,26.42200088501,2.91214466095,181,0.4013547897339,0.7197290658951,0,62.95597076416,4.175275325775,0,0.06350550055504,0.0001074024839909,0.9813717007637,0.07244428247213,26.42200088501,-0.008166469633579,943.9091796875,11,26,0,15,0.8882303237915,0.9424216747284,0.7595258355141,3.397500038147,0.8164600133896,1181,0,0.9779847860336,0.3733791708946
1745,140.6457366943,331876,26.1965007782,2.91472864151,181,0.3988145589828,0.7154953479767,0,63.87298965454,4.558848381042,0,0.06858594715595,0.0001079359499272,0.9830651879311,0.07359676808119,26.1965007782,-0.007417683489621,932.766418457,8,26,0,13,0.878916144371,0.9500423073769,0.7629128098488,2.085000038147,0.8219400048256,1181,0,0.9779847860336,0.373614937067
1746,140.7520446777,328702,26.44000053406,2.923341989517,181,0.3979678153992,0.7265029549599,0,64.15749359131,4.145639419556,0,0.06773920357227,0.0001098840293707,0.9830651879311,0.07494021952152,26.44000053406,-0.007417683489621,875.5575561523,19,31,0,18,0.8712955117226,0.9483488798141,0.756985604763,1.384999990463,0.8049499988556,1181,0,0.97713804245,0.3738285899162
1747,140.9390716553,325845,26.43000030518,2.927710771561,181,0.4047417342663,0.7129551172256,0,61.31244659424,4.277730464935,0,0.07027942687273,0.0001129794400185,0.9830651879311,0.07876137644053,26.43000030518,-0.007417683489621,939.5874023438,12,30,0,17,0.8856900930405,0.9458086490631,0.7578323483467,1.044999957085,0.8040249943733,1181,0,0.97713804245,0.374041467905
1748,140.9005126953,322495,26.51250076294,2.929492712021,181,0.408128708601,0.714648604393,0,62.1583404541,4.924639701843,0,0.06858594715595,0.0001120633969549,0.9839119315147,0.08114544302225,26.51250076294,-0.007043773774058,976.4942016602,10,28,0,19,0.8890770673752,0.9500423073769,0.7561388611794,1.533499956131,0.8020899891853,1181,0,0.9779847860336,0.3742978572845
1749,141.0219421387,320124,26.62899971008,2.930352449417,181,0.4157493710518,0.7307366728783,0,62.27095794678,4.567316055298,0,0.07281964272261,0.0001137898070738,0.9847586750984,0.08469218015671,26.62899971008,-0.006670184899122,964.5610351562,7,26,0,15,0.875529229641,0.9458086490631,0.7620660662651,1.379500031471,0.7908599972725,1181,0,0.9796782135963,0.3745218813419
1750,140.5933227539,318496,26.67600059509,2.933791875839,182,0.4149026274681,0.7154953479767,0,60.20999145508,4.738357543945,0,0.08298052847385,0.0001124730042648,0.9847586750984,0.08753956109285,26.67600059509,-0.006670184899122,1089.758544922,13,27,0,11,0.8823031187057,0.9491956233978,0.7713801860809,1.606500029564,0.7899050116539,1181,0,0.9796782135963,0.374782294035
1751,141.360168457,316457,26.65699958801,2.934651851654,182,0.4247038960457,0.7318105101585,0,60.97631072998,5.358714103699,0,0.06768189370632,0.0001140951280831,0.9839255213737,0.09041354805231,26.65699958801,-0.007037774659693,1063.235961914,12,21,0,11,0.8620981574059,0.9517766237259,0.7741116881371,1.125,0.7913299798965,1182,0,0.9796954393387,0.3747223317623
1752,141.7498168945,316563,26.55699920654,2.935566902161,182,0.4230118393898,0.7216582298279,0,60.81810379028,5.003384113312,0,0.08714044094086,0.0001127817231463,0.9839255213737,0.09237340092659,26.55699920654,-0.007037774659693,1147.373657227,21,31,0,23,0.8722504377365,0.9475465416908,0.7707275748253,1.49899995327,0.7868199944496,1182,0,0.9796954393387,0.3749697208405
1753,142.4620666504,312944,26.59900093079,2.93642616272,182,0.4179356992245,0.7225042581558,0,60.29018783569,5.067681789398,0,0.0752961114049,0.0001116357525461,0.9847715497017,0.09526624530554,26.59900093079,-0.006664507091045,1154.866699219,9,29,0,11,0.8714044094086,0.9467005133629,0.7715736031532,1.928500056267,0.7724850177765,1182,0,0.9796954393387,0.3752101361752
1754,143.231842041,309656,26.76549911499,2.93642616272,182,0.4196277558804,0.725042283535,0,58.97715759277,5.522842884064,0,0.08206430077553,0.0001119079825003,0.9847715497017,0.09764383733273,26.76549911499,-0.006664507091045,1150.954101562,12,26,0,15,0.8697123527527,0.9526226520538,0.7724196314812,0.8309999704361,0.7577250003815,1182,0,0.9805414676666,0.3754546046257
1755,143.234375,305756,26.55599975586,2.939055681229,182,0.415397644043,0.7309644818306,0,59.21827316284,5.239424705505,0,0.07021996378899,0.0001082775124814,0.9847715497017,0.09892855584621,26.55599975586,-0.006664507091045,1144.169921875,9,30,1,15,0.8917089700699,0.9568527936935,0.7715736031532,0.6514999866486,0.7773399949074,1182,0,0.9805414676666,0.375680655241
1756,143.9827575684,304158,26.62549972534,2.933047294617,182,0.4094754755497,0.7258883118629,0,58.02199554443,5.208967685699,0,0.07191201299429,0.0001096768610296,0.9856175780296,0.09998750686646,26.62549972534,-0.006291559897363,1138.404541016,11,17,2,7,0.8764805197716,0.9585448503494,0.7656514644623,0.6775000095367,0.7615950107574,1182,0,0.9805414676666,0.3759044110775
1757,143.8506011963,323528,26.46150016785,2.933962345123,182,0.4230118393898,0.7368866205215,0,57.80964279175,5.642132282257,0,0.06514382362366,0.0001053344967659,0.9856175780296,0.09416804462671,26.46150016785,-0.006291559897363,1070.744506836,6,36,0,17,0.8891708850861,0.9568527936935,0.7605752944946,0.6489999890327,0.755029976368,1182,0,0.9813874959946,0.376127332449
1758,144.2000274658,318734,26.46050071716,2.927958726883,182,0.4289340078831,0.7351945638657,0,69.17681884766,5.274111270905,0,0.06768189370632,0.0001070047728717,0.9864636063576,0.09575696289539,26.46050071716,-0.005918932612985,1042.876464844,15,27,0,12,0.8773265480995,0.9543147087097,0.7664974331856,0.936999976635,0.7551699876785,1182,0,0.9822335243225,0.3763528168201
1759,144.6309814453,316170,26.49900054932,2.93230509758,182,0.4238578677177,0.7377326488495,0,57.11166763306,5.257191181183,0,0.07191201299429,0.0001067018165486,0.9864636063576,0.0965493246913,26.49900054932,-0.005918932612985,1007.481384277,9,27,1,10,0.8857868313789,0.9610829353333,0.7707275748253,1.455500006676,0.7317500114441,1182,0,0.9830795526505,0.3765994012356
1760,145.1952819824,313608,26.52750015259,2.9348757267,182,0.4213197827339,0.7394247055054,0,56.5786819458,5.438240528107,0,0.06937394291162,0.0001108460346586,0.9873096346855,0.09759636223316,26.52750015259,-0.005546624772251,978.0982055664,9,29,0,18,0.8883248567581,0.9602369070053,0.7842639684677,0.6330000162125,0.7103750109673,1182,0,0.9822335243225,0.3768301010132
1761,145.3202514648,308471,26.64450073242,2.936643838882,182,0.4120135307312,0.7428088188171,0,65.75719451904,5.445008277893,0,0.07614213228226,0.0001120184824686,0.9873096346855,0.09913735836744,26.64450073242,-0.005546624772251,938.8493652344,14,28,0,17,0.8790186047554,0.9653130173683,0.7834179401398,0.4435000121593,0.7114449739456,1182,0,0.9830795526505,0.3770499825478
1762,144.6284942627,304132,26.51899909973,2.942686080933,182,0.4221658110619,0.7478849291801,0,55.13282394409,5.266497612,0,0.07698815315962,0.0001125932758441,0.9881556630135,0.1008476614952,26.51899909973,-0.005174636375159,930.0039672852,8,33,0,19,0.8824027180672,0.9653130173683,0.7876480817795,0.3185000121593,0.7371900081635,1182,0,0.9847715497017,0.3772912025452
1763,144.8661499023,298080,26.63500022888,2.936752080917,182,0.4399323165417,0.7258883118629,0,54.75211715698,5.482233524323,0,0.08121827244759,0.0001138321531471,0.9890016913414,0.1027240976691,26.63500022888,-0.004802966024727,1050.689575195,20,23,0,10,0.8756344914436,0.9678511023521,0.7859560251236,0.7120000123978,0.7285000085831,1182,0,0.9847715497017,0.377507776022
1764,144.4789428711,291340,26.57099914551,2.937606811523,183,0.4289340078831,0.7436548471451,0,61.17597198486,5.390017032623,0,0.07868020236492,0.0001132474280894,0.9898477196693,0.1044930294156,26.57099914551,-0.004431613255292,994.0440673828,10,31,0,18,0.8950930833817,0.9627749323845,0.7893400788307,0.5780000090599,0.715399980545,1182,0,0.9856175780296,0.3777735233307
1765,144.7401733398,286193,26.64150047302,2.939316272736,183,0.4336432814598,0.74049025774,0,52.26627349854,5.238377094269,0,0.08622147142887,0.0001151168980869,0.989010989666,0.105600066483,26.64150047302,-0.00479888310656,1054.05871582,12,21,0,11,0.8850380182266,0.9653423428535,0.7895181775093,0.1700000017881,0.6998199820518,1183,0,0.9839391112328,0.3777116537094
1766,144.9346313477,280635,26.58749961853,2.943541526794,183,0.4395604431629,0.7371090650558,0,51.98140335083,5.360101222992,0,0.08368554711342,0.0001146800568677,0.989010989666,0.1071783602238,26.58749961853,-0.00479888310656,1093.628417969,19,33,0,14,0.8782755732536,0.9636517167091,0.7920541167259,0.2440000027418,0.683974981308,1183,0,0.9830938577652,0.3779526352882
1767,145.1858978271,274843,26.48349952698,2.940975189209,183,0.4353339076042,0.7396449446678,0,56.37616348267,5.310227870941,0,0.08622147142887,0.0001156805010396,0.9881656765938,0.1090659052134,26.48349952698,-0.005170235410333,1175.037231445,21,18,1,11,0.9002535939217,0.960270524025,0.7920541167259,0.2049999982119,0.6805800199509,1183,0,0.9839391112328,0.3782086074352
1768,145.8095092773,268741,26.44249916077,2.943589687347,183,0.4268808066845,0.7464074492455,0,49.54944992065,5.141166687012,0,0.08875739574432,0.0001160736574093,0.9881656765938,0.1106641739607,26.44249916077,-0.005170235410333,1122.863891602,11,28,0,11,0.8901098966599,0.9695689082146,0.7988165616989,0.2449999898672,0.6775299906731,1183,0,0.9864750504494,0.3784290254116
1769,146.0431365967,263036,26.35050010681,2.937713384628,183,0.4319526553154,0.7565511465073,0,48.57227325439,5.154691696167,0,0.0726965367794,0.0001141222528531,0.989010989666,0.1146573126316,26.35050010681,-0.00479888310656,1118.576416016,12,22,0,14,0.8825021386147,0.9661876559258,0.7996618747711,0.2284999936819,0.6533600091934,1183,0,0.9873203635216,0.3786984086037
1770,146.5662841797,256945,26.33250045776,2.939471483231,184,0.4285714328289,0.751479268074,0,52.52408981323,5.415046215057,0,0.07607776671648,0.0001110234879889,0.9907016158104,0.1157679632306,26.33250045776,-0.004057128913701,1150.0390625,8,28,0,13,0.9087066650391,0.9644970297813,0.8047337532043,0.1344999969006,0.6290850043297,1183,0,0.9881656765938,0.3789171874523
1771,146.7611846924,250171,26.34449958801,2.936061382294,184,0.4214527010918,0.7466216087341,0,46.63006591797,5.008446216583,0,0.08023648709059,0.000106420746306,0.9907094836235,0.1182471215725,26.34449958801,-0.004053679760545,1225.249145508,18,21,1,6,0.8918918967247,0.9695945978165,0.8048986196518,0.04250000044703,0.6174049973488,1184,0,0.9873310923576,0.378830820322
1772,146.8203125,249683,26.35950088501,2.94117641449,184,0.4273648560047,0.7618243098259,0,45.02280426025,5.150337696075,0,0.07432432472706,0.0001063354138751,0.9907094836235,0.119783885777,26.35950088501,-0.004053679760545,1119.2578125,13,28,0,16,0.9045608043671,0.9645270109177,0.802364885807,0.03350000083447,0.6168450117111,1184,0,0.9873310923576,0.3790597319603
1773,146.7014312744,241822,26.47699928284,2.942881584167,184,0.4366554021835,0.75844591856,0,50.92483139038,5.527027130127,0,0.08192567527294,0.0001066051627276,0.9907094836235,0.1228424236178,26.47699928284,-0.004053679760545,1148.579589844,11,29,0,12,0.9054054021835,0.9645270109177,0.8048986196518,0.07500000298023,0.6236000061035,1184,0,0.9873310923576,0.3793004751205
1774,146.2398223877,235494,26.28949928284,2.939471483231,184,0.4307432472706,0.7677364945412,0,43.13513565063,5.016047477722,0,0.07685811072588,0.0001083231763914,0.9907094836235,0.124933116138,26.28949928284,-0.004053679760545,1093.232666016,8,20,0,11,0.8952702879906,0.9662162065506,0.8099662065506,0.06049999967217,0.6068549752235,1184,0,0.9864864945412,0.3795286715031
1775,146.2002105713,229459,26.39150047302,2.936913967133,184,0.4383445978165,0.7626689076424,0,41.68158721924,4.979729652405,0,0.08023648709059,0.0001125063499785,0.9907094836235,0.1283976584673,26.39150047302,-0.004053679760545,1102.0703125,13,16,0,6,0.8986486196518,0.9645270109177,0.8125,0.06400000303984,0.5997750163078,1184,0,0.9881756901741,0.3797805607319
1776,146.649597168,222544,26.29899978638,2.937766313553,184,0.4375,0.7677364945412,0,46.73733139038,5.524493217468,0,0.08783783763647,0.0001085373660317,0.9907094836235,0.1299068927765,26.29899978638,-0.004053679760545,1084.510498047,14,26,0,11,0.8935810923576,0.9712837934494,0.8133445978165,0.04949999973178,0.5720850229263,1184,0,0.989864885807,0.380037009716
1777,146.9171295166,206649,26.10549926758,2.942881584167,184,0.4391891956329,0.760135114193,0,40.01266860962,4.910472869873,0,0.08023648709059,0.0001136627615779,0.9907094836235,0.1386263668537,26.10549926758,-0.004053679760545,1105.576782227,22,18,0,13,0.8994932174683,0.96875,0.8192567825317,0.03050000034273,0.5726299881935,1184,0,0.989864885807,0.3802603781223
1778,146.9471893311,200049,26.26549911499,2.937872409821,184,0.4391891956329,0.7652027010918,0,33.37077713013,4.851351737976,0,0.08783783763647,0.0001114272963605,0.9907094836235,0.1428949832916,26.26549911499,-0.004053679760545,1108.659301758,8,18,0,9,0.8918918967247,0.9712837934494,0.8217905163765,0.07299999892712,0.5984399914742,1184,0,0.9907094836235,0.3804933130741
1779,147.9555053711,191927,26.39299964905,2.935319185257,184,0.4273648560047,0.7626689076424,0,41.40878295898,5.40118265152,0,0.08277027308941,0.000115236522106,0.9923986196518,0.1468995958567,26.39299964905,-0.003313848515972,1110.668334961,14,22,1,13,0.9130067825317,0.9636824131012,0.822635114193,0.06750000268221,0.5914049744606,1184,0,0.9907094836235,0.3807412683964
1780,148.8165130615,185327,26.14999961853,2.933673381805,184,0.4383445978165,0.7685810923576,0,35.52618408203,4.723817825317,0,0.09375,0.0001121009336202,0.9923986196518,0.1492604911327,26.14999961853,-0.003313848515972,1148.563232422,15,33,0,17,0.9011824131012,0.97719591856,0.8234797120094,0.03649999946356,0.5687149763107,1184,0,0.9907094836235,0.3809708654881
1781,148.7910308838,179835,26.12249946594,2.936224460602,184,0.4484797418118,0.7626689076424,0,30.44932365417,4.627533912659,0,0.08614864945412,0.0001110721495934,0.9932432174683,0.1518002599478,26.12249946594,-0.002944392152131,1199.817016602,11,20,0,10,0.9087837934494,0.9738175868988,0.8201013803482,0.04300000146031,0.5674300193787,1184,0,0.9907094836235,0.3811911046505
1782,148.8363189697,172847,26.13649940491,2.937074899673,184,0.4451013505459,0.7685810923576,0,37.04307556152,4.998310565948,0,0.08192567527294,0.0001104540860979,0.9932432174683,0.1542173177004,26.13649940491,-0.002944392152131,1214.970581055,10,24,0,10,0.9087837934494,0.9679054021835,0.8251689076424,0.04250000044703,0.5699350237846,1184,0,0.9907094836235,0.381399512291
1783,148.3110961914,166221,26.04050064087,2.939625740051,184,0.4341216087341,0.7660472989082,0,31.81672286987,4.395270347595,0,0.08108107745647,0.0001109150180127,0.9932432174683,0.1559670567513,26.04050064087,-0.002944392152131,1235.205688477,7,19,0,10,0.9104729890823,0.9695945978165,0.8243243098259,0.0489999987185,0.5770050287247,1184,0,0.989864885807,0.3816609382629
1784,148.5021362305,159785,25.96050071716,2.943075656891,185,0.4543918967247,0.7592905163765,0,27.37922286987,4.256756782532,0,0.07854729890823,0.0001141269895015,0.9932432174683,0.1602590978146,25.96050071716,-0.002944392152131,1275.558959961,17,21,0,13,0.9104729890823,0.9729729890823,0.8217905163765,0.01449999958277,0.557365000248,1184,0,0.989864885807,0.3818699419498
1785,148.2446136475,153028,25.95450019836,2.937181711197,185,0.4523206651211,0.7637130618095,0,32.40843963623,4.81856584549,0,0.08860759437084,0.0001152355107479,0.9932489395142,0.1633818596601,25.95450019836,-0.002941889921203,1221.576782227,18,17,0,10,0.9122362732887,0.9696202278137,0.8194093108177,0.009999999776483,0.5420799851418,1185,0,0.990717291832,0.3817757070065
1786,148.3104248047,146938,25.97800064087,2.934690475464,185,0.4438818693161,0.7713080048561,0,28.1637134552,4.13755273819,0,0.08185654133558,0.0001152351032943,0.9940928220749,0.1675264388323,25.97800064087,-0.002573061967269,1154.663452148,19,18,0,13,0.9071729779243,0.9696202278137,0.8236286640167,0.007499999832362,0.5160650014877,1185,0,0.990717291832,0.3820005059242
1787,148.9048614502,140687,26.12899971008,2.931297779083,185,0.4658227860928,0.7729957699776,0,24.53164482117,4.100421905518,0,0.08691982924938,0.0001181360930786,0.9949367046356,0.1735768020153,26.12899971008,-0.00220454717055,1116.177734375,5,15,0,7,0.9080168604851,0.9729957580566,0.8253164291382,0.007499999832362,0.5190799832344,1185,0,0.9915611743927,0.3822527527809
1788,148.7644500732,135256,26.17200088501,2.927056789398,185,0.4641350209713,0.7510548233986,0,28.1037979126,4.567932128906,0,0.07004219293594,0.0001150823591161,0.9949367046356,0.1767389178276,26.17200088501,-0.00220454717055,1234.993164062,8,26,0,15,0.9139240384102,0.9738396406174,0.8286919593811,0.009999999776483,0.5108249783516,1185,0,0.9915611743927,0.3824623227119
1789,149.0310668945,128693,25.99049949646,2.926208734512,185,0.4599156081676,0.7603375315666,0,25.10210990906,3.952742576599,0,0.07341772317886,0.0001215373413288,0.9949367046356,0.1815017163754,25.99049949646,-0.00220454717055,1169.689575195,12,19,0,10,0.8962025046349,0.9704641103745,0.8253164291382,0.008500000461936,0.4936949908733,1185,0,0.9915611743927,0.3827138543129
1790,149.2808380127,123071,25.98850059509,2.928753137589,185,0.464978903532,0.7679324746132,0,21.33080291748,3.801687717438,0,0.08016877621412,0.0001197903620778,0.9949367046356,0.1881109327078,25.98850059509,-0.00220454717055,1115.685546875,20,26,0,12,0.90210968256,0.968776345253,0.832067489624,0.002000000094995,0.5157250165939,1185,0,0.9915611743927,0.3829654157162
1791,149.5839538574,117222,26.15449905396,2.930508375168,185,0.4540084302425,0.7704641222954,0,24.28945159912,4.349367141724,0,0.08354430645704,0.0001232529175468,0.9949367046356,0.1936581879854,26.15449905396,-0.00220454717055,1097.251464844,12,28,0,15,0.9130801558495,0.9721518754959,0.8270041942596,0.002000000094995,0.518029987812,1185,0,0.9915611743927,0.3831919431686
1792,150.6548156738,111677,25.6280002594,2.932203292847,185,0.4438818693161,0.7679324746132,0,21.8109703064,3.805907249451,0,0.0717299580574,0.0001218383331434,0.9957805871964,0.1959132105112,25.6280002594,-0.001836344599724,1082.904418945,7,27,0,16,0.9156118035316,0.9704641103745,0.8244725465775,0.0,0.4952949881554,1185,0,0.9932489395142,0.3833755552769
1793,150.8813781738,104311,25.48200035095,2.936440706253,185,0.4540084302425,0.7839662432671,0,18.62784767151,3.497890233994,0,0.07594936341047,0.0001199939724756,0.9957805871964,0.204848960042,25.48200035095,-0.001836344599724,1018.376342773,12,23,0,9,0.9071729779243,0.9755274057388,0.822784781456,0.003000000026077,0.4767650067806,1185,0,0.9932489395142,0.383595764637
1794,149.9741668701,98968,25.49200057983,2.933050870895,185,0.4565400779247,0.765400826931,0,19.56708908081,4.019409179688,0,0.07594936341047,0.0001243892038474,0.9957805871964,0.2071578651667,25.49200057983,-0.001836344599724,1085.10168457,7,18,0,9,0.9164556860924,0.9746835231781,0.8253164291382,0.004499999806285,0.470340013504,1185,0,0.9940928220749,0.3837765753269
1795,150.0943756104,93473,25.48900032043,2.93723487854,185,0.4472573697567,0.7772151827812,0,18.77130699158,3.419409275055,0,0.07426160573959,0.0001197198507725,0.9957805871964,0.2123500853777,25.48900032043,-0.001836344599724,1046.279907227,11,20,0,14,0.9172995686531,0.9662446975708,0.8286919593811,0.009999999776483,0.4571099877357,1185,0,0.9924050569534,0.384005010128
1796,150.2473297119,86797,25.52549934387,2.926208734512,185,0.4683544337749,0.7611814141273,0,15.69789028168,3.083544254303,0,0.0717299580574,0.0001240323181264,0.9949367046356,0.2248119115829,25.52549934387,-0.00220454717055,1071.808105469,11,16,0,6,0.9198312163353,0.9729957580566,0.8270041942596,0.002000000094995,0.4416350126266,1185,0,0.9915611743927,0.3842202425003
1797,150.5573577881,82345,25.10950088501,2.930449485779,185,0.4751054942608,0.7704641222954,0,15.79324913025,3.66666674614,0,0.07848101109266,0.0001195584700326,0.9949367046356,0.2168316245079,25.10950088501,-0.00220454717055,1074.786621094,13,27,0,13,0.9071729779243,0.9746835231781,0.8303797245026,0.001000000047497,0.4335750043392,1185,0,0.9915611743927,0.3844664990902
1798,150.4266815186,78051,24.82449913025,2.930449485779,185,0.464978903532,0.7679324746132,0,15.88691997528,2.63206744194,0,0.07848101109266,0.0001237050892087,0.9949367046356,0.223943322897,24.82449913025,-0.00220454717055,1047.939575195,9,19,0,11,0.9063290953636,0.9721518754959,0.8295358419418,0.0,0.4340749979019,1185,0,0.9932489395142,0.3846887052059
1799,150.8170471191,74141,24.5890007019,2.934690475464,185,0.4590717256069,0.7822784781456,0,13.58143520355,2.413502216339,0,0.07848101109266,0.0001214568474097,0.9949367046356,0.2292388826609,24.5890007019,-0.00220454717055,1043.721679688,13,22,0,14,0.9232067465782,0.9713079929352,0.8253164291382,0.002499999944121,0.4144499897957,1185,0,0.9932489395142,0.3849151432514
1800,150.813369751,70180,24.71299934387,2.936386823654,185,0.4641350209713,0.7670885920525,0,13.33080196381,2.855696201324,0,0.06413502246141,0.0001236203679582,0.9949367046356,0.2355514317751,24.71299934387,-0.00220454717055,1062.361328125,7,23,0,13,0.9147679209709,0.9738396406174,0.8286919593811,0.05249999836087,0.4195599853992,1185,0,0.9932489395142,0.3851225376129
1801,150.912322998,66181,24.76600074768,2.932937145233,186,0.4810126721859,0.7620252966881,0,13.37383937836,2.505485057831,0,0.06244725733995,0.000123548132251,0.9949367046356,0.2424713969231,24.76600074768,-0.00220454717055,1090.06262207,9,16,0,12,0.9080168604851,0.9729957580566,0.8312236070633,0.0,0.4048500061035,1185,0,0.9932489395142,0.3853616416454
1802,150.7528839111,62691,24.5389995575,2.928692817688,186,0.4595278203487,0.7790893912315,0,11.39797687531,2.243676424026,0,0.05817875266075,0.0001240620331373,0.9932546615601,0.2461118847132,24.5389995575,-0.002939388155937,962.9489135742,5,23,0,11,0.9182124733925,0.9747048616409,0.83052277565,0.003500000108033,0.4072499871254,1186,0,0.9915682673454,0.3852455914021
1803,149.8384246826,59141,24.66300010681,2.925297021866,186,0.4620573222637,0.770657658577,0,11.20573329926,2.594434976578,0,0.06829679757357,0.0001254443632206,0.9932546615601,0.2518050074577,24.66300010681,-0.002939388155937,980.6630249023,11,20,0,14,0.9123103022575,0.9730185270309,0.82883644104,0.0,0.4025999903679,1186,0,0.9898819327354,0.3854457139969
1804,150.4939880371,54815,24.93849945068,2.925297021866,186,0.4603709876537,0.768971323967,0,11.20404720306,2.329679489136,0,0.05817875266075,0.0001241113641299,0.9932546615601,0.2613883018494,24.93849945068,-0.002939388155937,921.4058227539,9,23,0,10,0.9148398041725,0.969645857811,0.834738612175,0.0,0.3850699961185,1186,0,0.9907251000404,0.3856804966927
1805,150.5079193115,51633,25.10650062561,2.927843809128,186,0.4595278203487,0.761382818222,0,9.106240272522,1.987352490425,0,0.06492411345243,0.0001239312987309,0.9932546615601,0.2656827867031,25.10650062561,-0.002939388155937,933.2873535156,7,24,0,14,0.9224283099174,0.972175359726,0.834738612175,0.0,0.3906199932098,1186,0,0.9898819327354,0.3859231173992
1806,150.5688171387,48711,25.41500091553,2.921901464462,186,0.4553119838238,0.7453625798225,0,9.45278263092,2.281618833542,0,0.05733558163047,0.0001246866595466,0.9932546615601,0.2694668471813,25.41500091553,-0.002939388155937,946.2403564453,7,14,0,6,0.9198988080025,0.972175359726,0.8263069391251,0.0599999986589,0.4184849858284,1186,0,0.9898819327354,0.3861147165298
1807,150.2503814697,45682,25.4435005188,2.919354915619,186,0.4569983184338,0.7765598893166,0,9.522765159607,2.057335615158,0,0.06408094614744,0.0001230827328982,0.9932546615601,0.2764108479023,25.4435005188,-0.002939388155937,845.2578125,14,16,0,8,0.9131534695625,0.972175359726,0.8220910429955,0.05400000140071,0.4160900115967,1186,0,0.9898819327354,0.3863552510738
1808,150.9488525391,42991,25.12849998474,2.92608332634,186,0.4553119838238,0.7512647509575,0,7.569139957428,1.778246164322,0,0.06913996487856,0.0001242184080184,0.9932546615601,0.2806401252747,25.12849998474,-0.002939388155937,906.2543334961,13,23,0,15,0.933389544487,0.9772344231606,0.8229342103004,0.001000000047497,0.3919799923897,1186,0,0.9890387654305,0.3865649104118
1809,150.4568023682,40394,25.27199935913,2.916737556458,186,0.4620573222637,0.7512647509575,0,7.645025253296,1.977234363556,0,0.06408094614744,0.00012181144848,0.9924114942551,0.284745246172,25.27199935913,-0.003308214480057,959.8339233398,15,18,0,8,0.9114671349525,0.971332192421,0.827993273735,0.0,0.3849000036716,1186,0,0.9898819327354,0.3867862820625
1810,150.073348999,37802,25.27899932861,2.90901350975,186,0.4477234482765,0.7521079182625,0,7.94266462326,1.83052277565,0,0.06576728820801,0.0001222388964379,0.9924114942551,0.2918099462986,25.27899932861,-0.003308214480057,891.7966918945,5,17,0,9,0.9072512388229,0.9730185270309,0.827993273735,0.0,0.3774249851704,1186,0,0.9890387654305,0.3869862258434
1811,149.7392730713,35257,24.97750091553,2.909863948822,186,0.4468802809715,0.7478920817375,0,6.278245925903,1.566610455513,0,0.06745362281799,0.0001221475831699,0.9915682673454,0.2980400919914,24.97750091553,-0.003677380271256,965.2815551758,14,20,0,11,0.9173693060875,0.9730185270309,0.8220910429955,0.0,0.3722400069237,1186,0,0.9890387654305,0.3872038125992
1812,150.0124359131,33159,24.76849937439,2.909863948822,186,0.4519392848015,0.736087679863,0,6.361720085144,1.816188812256,0,0.06576728820801,0.0001214955846081,0.9915682673454,0.3014867901802,24.76849937439,-0.003677380271256,938.0657958984,11,23,1,10,0.9232714772224,0.971332192421,0.8212478756905,0.0,0.373055011034,1186,0,0.9890387654305,0.3874096572399
1813,150.9895477295,30875,24.64699935913,2.90901350975,186,0.4612141549587,0.7462057471275,0,6.529510974884,1.602866768837,0,0.06576728820801,0.0001195935692522,0.9915682673454,0.3106072843075,24.64699935913,-0.003677380271256,936.8021240234,9,20,0,15,0.904721736908,0.972175359726,0.8195615410805,0.0,0.3652049899101,1186,0,0.9898819327354,0.3875916302204
1814,150.0944976807,28694,24.3719997406,2.90136051178,186,0.4586846530437,0.7403035163879,0,5.182124614716,1.354974746704,0,0.06913996487856,0.0001182113410323,0.9915682673454,0.3214957714081,24.3719997406,-0.003677380271256,892.8880615234,10,15,0,7,0.9249578118324,0.968802690506,0.8178752064705,0.0,0.3471649885178,1186,0,0.9898819327354,0.3877539038658
1815,149.9642028809,26578,24.47500038147,2.903061151505,186,0.4494097828865,0.7504215836525,0,4.991568088531,1.52192234993,0,0.06070826202631,0.0001150817697635,0.9915682673454,0.330536544323,24.47500038147,-0.003677380271256,865.4655151367,14,22,0,10,0.901349067688,0.966273188591,0.8153457045555,0.0,0.3396100103855,1186,0,0.9907251000404,0.3879625797272
1816,149.9479522705,24925,24.23049926758,2.903061151505,186,0.4460371136665,0.7403035163879,0,5.215851783752,1.429173707962,0,0.06408094614744,0.0001134689227911,0.9915682673454,0.3378936946392,24.23049926758,-0.003677380271256,857.4783325195,10,21,0,11,0.9224283099174,0.968802690506,0.8153457045555,0.0,0.3331199884415,1186,0,0.9915682673454,0.3881493508816
1817,149.7241210938,23365,24.04000091553,2.892857074738,186,0.4510961174965,0.7504215836525,0,4.29510974884,1.204890370369,0,0.05733558163047,0.0001122284447774,0.9915682673454,0.3331906795502,24.04000091553,-0.003677380271256,857.8513183594,10,18,0,8,0.9190556406975,0.970489025116,0.8153457045555,0.0,0.3295849859715,1186,0,0.9915682673454,0.3883463442326
1818,150.3927307129,21793,23.90699958801,2.890399217606,186,0.4418212473392,0.7495784163475,0,4.15767288208,1.33726811409,0,0.06408094614744,0.0001085921758204,0.9915682673454,0.3388702869415,23.90699958801,-0.003677380271256,818.7403564453,5,20,0,7,0.9182124733925,0.966273188591,0.8128162026405,0.001000000047497,0.3274149894714,1186,0,0.9907251000404,0.3885338306427
1819,150.2195892334,20374,23.93950080872,2.885301589966,186,0.4435075819492,0.7580100893974,0,4.188869953156,1.222597002983,0,0.05480607226491,0.0001090956211556,0.9924114942551,0.3423971831799,23.93950080872,-0.003308214480057,810.876953125,9,14,0,6,0.9190556406975,0.969645857811,0.8111298680305,0.0005000000237487,0.3324350118637,1186,0,0.9898819327354,0.3887471854687
1820,149.9810638428,19054,23.92650032043,2.872557401657,186,0.435919046402,0.7478920817375,0,3.507588624954,1.063237786293,0,0.06239460408688,0.0001065749383997,0.9924114942551,0.3522619903088,23.92650032043,-0.003308214480057,801.9888305664,7,18,0,9,0.9131534695625,0.972175359726,0.8145025372505,0.001000000047497,0.3252899944782,1186,0,0.9898819327354,0.3889299631119
1821,148.9094085693,17825,23.92000007629,2.875106096268,186,0.4392917454243,0.7478920817375,0,3.348229169846,1.136593580246,0,0.05311973020434,0.0001069637801265,0.9924114942551,0.3567461371422,23.92000007629,-0.003308214480057,820.1826171875,7,18,0,5,0.905564904213,0.964586853981,0.8170320391655,0.0,0.3233850002289,1186,0,0.9898819327354,0.3891285955906
1822,147.583770752,16663,24.15550041199,2.869158983231,186,0.4435075819492,0.7445194125175,0,3.361720085144,1.026138305664,0,0.05227655917406,0.0001080229776562,0.9924114942551,0.3635599911213,24.15550041199,-0.003308214480057,788.5114746094,11,16,0,3,0.9241146445274,0.970489025116,0.8220910429955,0.0,0.3159950077534,1186,0,0.9907251000404,0.3893199563026
1823,147.2435455322,15477,24.07049942017,2.85981297493,186,0.434232711792,0.7605396509171,0,2.875211000443,0.8870151638985,0,0.04890387877822,0.0001053247106029,0.9924114942551,0.3755249679089,24.07049942017,-0.003308214480057,737.2719116211,8,15,0,8,0.9148398041725,0.969645857811,0.8161888718605,0.0,0.3043900132179,1186,0,0.9907251000404,0.3895279169083
1824,147.6242675781,14369,23.79299926758,2.861512422562,186,0.4283305108547,0.7453625798225,0,2.67959523201,0.9898819327354,0,0.05817875266075,0.0001060019712895,0.9924114942551,0.3797063231468,23.79299926758,-0.003308214480057,757.4287719727,12,27,0,14,0.9106239676476,0.967959523201,0.8153457045555,0.0,0.29550999403,1186,0,0.9907251000404,0.3897289037704
