,airtemp_C,rh_pct,rain_mm
2001-01-01,26.7,44.78,0.0
2001-01-02,26.22,23.92,0.0
2001-01-03,25.03,20.87,0.0
2001-01-04,24.85,20.63,0.0
2001-01-05,24.32,22.78,0.0
2001-01-06,24.22,28.97,0.0
2001-01-07,25.93,27.64,0.0
2001-01-08,25.79,26.53,0.0
2001-01-09,24.16,26.37,0.0
2001-01-10,24.78,28.13,0.0
2001-01-11,24.88,27.41,0.0
2001-01-12,24.92,23.48,0.0
2001-01-13,26.21,23.77,0.0
2001-01-14,26.86,22.08,0.0
2001-01-15,26.94,21.3,0.0
2001-01-16,27.05,31.14,0.0
2001-01-17,27.15,18.79,0.0
2001-01-18,26.14,19.8,0.0
2001-01-19,26.87,24.73,0.0
2001-01-20,24.56,18.75,0.0
2001-01-21,24.76,18.89,0.0
2001-01-22,24.39,19.62,0.0
2001-01-23,24.85,18.48,0.0
2001-01-24,24.96,19.45,0.0
2001-01-25,24.51,19.36,0.0
2001-01-26,25.14,16.31,0.0
2001-01-27,25.39,15.7,0.0
2001-01-28,25.53,17.32,0.0
2001-01-29,26.57,20.67,0.0
2001-01-30,27.8,23.3,0.0
2001-01-31,28.09,31.3,0.0
2001-02-01,27.78,16.02,0.0
2001-02-02,27.98,16.25,0.0
2001-02-03,27.31,16.46,0.0
2001-02-04,28.21,25.57,0.03
2001-02-05,26.12,16.99,0.0
2001-02-06,26.02,16.6,0.0
2001-02-07,24.12,21.44,0.0
2001-02-08,25.13,17.99,0.0
2001-02-09,25.18,14.64,0.0
2001-02-10,25.26,14.3,0.0
2001-02-11,25.74,15.48,0.0
2001-02-12,25.05,13.94,0.0
2001-02-13,24.81,10.86,0.0
2001-02-14,23.6,15.38,0.0
2001-02-15,25.04,16.28,0.0
2001-02-16,26.76,17.24,0.0
2001-02-17,27.71,18.88,0.0
2001-02-18,28.7,17.71,0.0
2001-02-19,28.91,17.39,0.0
2001-02-20,29.51,15.35,0.0
2001-02-21,29.82,18.52,0.0
2001-02-22,29.92,21.25,0.0
2001-02-23,29.76,12.65,0.0
2001-02-24,29.33,16.15,0.0
2001-02-25,31.11,37.33,0.05
2001-02-26,32.15,26.63,0.01
2001-02-27,31.91,27.59,0.0
2001-02-28,31.35,16.56,0.0
2001-03-01,31.74,44.5,0.15
2001-03-02,33.37,36.51,0.0
2001-03-03,32.53,23.69,0.0
2001-03-04,32.44,37.98,0.02
2001-03-05,32.78,45.51,0.02
2001-03-06,33.31,31.82,0.0
2001-03-07,30.04,13.9,0.0
2001-03-08,29.45,15.51,0.02
2001-03-09,29.83,38.91,0.36
2001-03-10,32.36,42.01,0.81
2001-03-11,32.82,42.32,0.59
2001-03-12,32.59,44.12,0.78
2001-03-13,32.58,47.59,1.4
2001-03-14,29.38,61.18,1.94
2001-03-15,30.21,55.93,0.15
2001-03-16,31.47,50.34,2.28
2001-03-17,31.42,41.2,0.0
2001-03-18,30.55,50.54,0.01
2001-03-19,32.83,41.17,0.08
2001-03-20,32.73,43.77,0.05
2001-03-21,32.17,28.59,0.01
2001-03-22,30.99,51.45,0.31
2001-03-23,32.33,44.03,0.2
2001-03-24,32.72,42.19,0.27
2001-03-25,33.25,42.25,0.37
2001-03-26,33.09,43.08,0.36
2001-03-27,33.01,44.82,0.85
2001-03-28,32.38,48.62,0.7
2001-03-29,31.56,52.45,0.17
2001-03-30,32.53,47.79,2.22
2001-03-31,30.38,56.19,0.97
2001-04-01,32.17,51.33,2.5
2001-04-02,31.0,58.4,1.52
2001-04-03,30.71,58.53,1.56
2001-04-04,31.38,54.07,0.34
2001-04-05,31.32,55.31,3.32
2001-04-06,30.07,63.3,0.97
2001-04-07,31.91,53.61,2.34
2001-04-08,30.06,62.81,1.42
2001-04-09,31.71,54.35,0.86
2001-04-10,31.3,58.2,1.59
2001-04-11,29.98,65.79,2.18
2001-04-12,29.21,67.54,1.49
2001-04-13,30.1,63.11,2.73
2001-04-14,30.48,60.77,1.26
2001-04-15,31.61,55.21,3.01
2001-04-16,29.91,66.72,4.84
2001-04-17,28.97,71.57,2.94
2001-04-18,27.46,75.79,3.88
2001-04-19,27.94,73.07,1.0
2001-04-20,29.81,64.1,2.77
2001-04-21,30.4,62.93,2.04
2001-04-22,28.66,71.13,3.31
2001-04-23,29.72,65.16,0.63
2001-04-24,30.88,61.86,2.89
2001-04-25,30.19,65.44,2.01
2001-04-26,29.31,67.49,0.54
2001-04-27,30.38,56.62,0.35
2001-04-28,31.48,56.69,0.43
2001-04-29,31.35,58.25,0.26
2001-04-30,30.11,62.08,0.39
2001-05-01,29.39,65.62,1.23
2001-05-02,31.21,58.09,2.07
2001-05-03,31.25,59.94,3.32
2001-05-04,31.55,59.92,1.61
2001-05-05,30.65,61.79,0.72
2001-05-06,30.32,64.18,0.8
2001-05-07,30.02,64.8,1.85
2001-05-08,29.71,69.0,3.93
2001-05-09,29.82,68.77,2.32
2001-05-10,29.86,68.56,2.39
2001-05-11,30.06,66.14,1.84
2001-05-12,29.55,69.98,14.0
2001-05-13,29.24,67.28,0.28
2001-05-14,30.54,62.25,1.45
2001-05-15,29.72,69.64,5.07
2001-05-16,29.1,72.39,1.52
2001-05-17,30.28,65.96,2.8
2001-05-18,29.31,72.93,5.22
2001-05-19,29.12,70.73,1.92
2001-05-20,29.22,65.5,0.48
2001-05-21,29.89,60.14,0.75
2001-05-22,29.67,63.78,8.32
2001-05-23,28.44,71.28,6.5
2001-05-24,27.65,77.47,5.94
2001-05-25,28.09,71.65,1.75
2001-05-26,29.02,67.11,3.62
2001-05-27,28.71,67.35,0.22
2001-05-28,28.76,67.84,4.42
2001-05-29,27.81,74.65,7.95
2001-05-30,28.1,72.52,3.42
2001-05-31,29.1,66.36,1.26
2001-06-01,29.35,64.9,1.37
2001-06-02,29.06,67.45,1.4
2001-06-03,28.19,70.02,1.47
2001-06-04,30.37,58.79,0.83
2001-06-05,27.76,74.93,10.84
2001-06-06,28.87,66.47,0.97
2001-06-07,27.58,74.23,11.32
2001-06-08,27.99,73.77,7.62
2001-06-09,26.8,80.26,10.0
2001-06-10,27.33,74.72,2.46
2001-06-11,27.69,70.23,2.3
2001-06-12,27.87,70.85,2.16
2001-06-13,27.21,75.71,3.62
2001-06-14,27.57,75.67,2.16
2001-06-15,27.7,74.22,3.63
2001-06-16,28.27,71.33,2.07
2001-06-17,28.06,69.9,1.84
2001-06-18,27.75,71.3,1.47
2001-06-19,28.41,69.66,2.91
2001-06-20,27.57,74.22,7.02
2001-06-21,27.73,73.41,8.51
2001-06-22,25.49,88.0,10.56
2001-06-23,26.3,79.55,4.79
2001-06-24,25.9,81.26,12.02
2001-06-25,25.96,82.47,4.86
2001-06-26,27.34,75.18,5.11
2001-06-27,26.33,82.71,7.09
2001-06-28,26.43,78.13,7.59
2001-06-29,25.82,80.69,6.85
2001-06-30,26.66,77.56,1.42
2001-07-01,26.71,79.59,6.57
2001-07-02,27.18,78.29,4.15
2001-07-03,26.83,80.87,5.66
2001-07-04,25.5,84.84,4.74
2001-07-05,26.73,78.67,1.59
2001-07-06,26.6,79.38,3.4
2001-07-07,26.81,76.51,1.61
2001-07-08,27.25,75.22,1.71
2001-07-09,27.56,73.99,1.98
2001-07-10,26.79,77.51,5.41
2001-07-11,26.3,82.53,11.97
2001-07-12,25.32,85.74,4.63
2001-07-13,26.17,80.62,4.77
2001-07-14,27.31,77.64,4.59
2001-07-15,27.16,78.09,3.7
2001-07-16,25.71,81.69,6.27
2001-07-17,24.9,84.09,8.16
2001-07-18,25.87,80.05,3.48
2001-07-19,26.27,78.13,2.6
2001-07-20,25.98,82.65,5.86
2001-07-21,25.9,80.07,4.22
2001-07-22,24.77,84.01,5.11
2001-07-23,23.99,88.56,15.74
2001-07-24,24.34,87.32,6.48
2001-07-25,24.41,84.53,0.99
2001-07-26,24.97,81.15,0.83
2001-07-27,26.35,77.75,1.18
2001-07-28,26.07,77.24,1.1
2001-07-29,26.02,81.25,2.66
2001-07-30,26.11,78.36,3.02
2001-07-31,26.18,75.69,2.78
2001-08-01,26.1,77.11,1.56
2001-08-02,25.99,76.21,1.17
2001-08-03,26.2,72.07,0.46
2001-08-04,26.54,73.78,4.11
2001-08-05,25.86,78.19,2.42
2001-08-06,27.78,69.9,2.79
2001-08-07,26.34,80.49,8.7
2001-08-08,24.64,86.87,3.3
2001-08-09,25.54,78.89,3.43
2001-08-10,26.62,76.94,4.1
2001-08-11,27.27,78.28,7.1
2001-08-12,26.72,78.58,1.02
2001-08-13,25.89,80.63,4.72
2001-08-14,25.42,81.6,8.85
2001-08-15,26.21,78.58,3.2
2001-08-16,26.22,80.93,4.12
2001-08-17,26.86,78.26,3.71
2001-08-18,27.67,75.54,3.18
2001-08-19,27.35,78.06,3.07
2001-08-20,26.09,83.25,6.92
2001-08-21,25.22,86.52,7.03
2001-08-22,25.49,83.59,3.63
2001-08-23,26.85,79.28,1.91
2001-08-24,26.78,81.77,5.89
2001-08-25,25.83,80.38,8.36
2001-08-26,26.43,76.73,5.53
2001-08-27,27.01,79.28,7.89
2001-08-28,26.14,83.73,5.29
2001-08-29,26.33,80.36,2.43
2001-08-30,25.51,83.25,8.36
2001-08-31,27.06,76.57,3.42
2001-09-01,26.77,78.45,4.29
2001-09-02,26.72,77.72,2.82
2001-09-03,25.76,85.11,11.93
2001-09-04,25.7,82.42,4.15
2001-09-05,25.64,84.22,3.77
2001-09-06,25.56,84.13,7.16
2001-09-07,25.0,84.93,8.71
2001-09-08,25.66,83.35,21.9
2001-09-09,26.22,82.66,6.19
2001-09-10,25.52,84.88,4.69
2001-09-11,26.81,80.43,5.6
2001-09-12,26.34,83.57,2.99
2001-09-13,25.95,82.43,0.77
2001-09-14,25.7,82.12,1.41
2001-09-15,26.03,80.89,4.37
2001-09-16,26.33,78.69,2.34
2001-09-17,25.88,81.5,2.13
2001-09-18,25.09,84.83,7.34
2001-09-19,24.78,83.73,8.04
2001-09-20,25.25,83.26,10.58
2001-09-21,26.75,78.86,8.61
2001-09-22,25.83,85.93,7.49
2001-09-23,24.29,90.35,10.34
2001-09-24,25.96,82.89,2.77
2001-09-25,26.65,81.12,8.65
2001-09-26,26.1,84.11,4.68
2001-09-27,24.55,90.48,5.72
2001-09-28,26.03,82.75,3.87
2001-09-29,26.02,81.61,5.32
2001-09-30,27.02,78.0,3.24
2001-10-01,27.23,77.39,3.04
2001-10-02,26.84,80.85,3.16
2001-10-03,26.81,79.06,3.25
2001-10-04,26.9,79.62,2.48
2001-10-05,26.87,79.23,1.5
2001-10-06,26.39,82.87,3.9
2001-10-07,26.8,79.13,3.71
2001-10-08,26.7,80.05,1.82
2001-10-09,27.14,78.59,3.13
2001-10-10,27.76,76.02,2.44
2001-10-11,27.85,74.89,3.38
2001-10-12,28.23,72.34,1.83
2001-10-13,27.98,73.44,0.09
2001-10-14,28.02,71.36,0.49
2001-10-15,27.87,70.76,0.39
2001-10-16,28.06,69.44,0.26
2001-10-17,28.2,68.0,0.13
2001-10-18,27.93,72.45,1.02
2001-10-19,29.05,67.51,0.64
2001-10-20,29.09,67.89,1.1
2001-10-21,29.07,67.65,1.65
2001-10-22,29.26,63.22,2.33
2001-10-23,29.36,64.61,0.07
2001-10-24,29.37,63.4,0.07
2001-10-25,28.73,63.22,0.11
2001-10-26,28.3,59.55,0.17
2001-10-27,27.79,55.34,0.08
2001-10-28,26.59,52.56,1.15
2001-10-29,26.88,49.51,0.4
2001-10-30,27.43,57.04,1.09
2001-10-31,28.25,64.17,0.96
2001-11-01,27.55,59.48,0.72
2001-11-02,26.74,50.92,0.0
2001-11-03,27.49,50.84,0.0
2001-11-04,27.99,48.93,0.0
2001-11-05,28.51,48.18,0.0
2001-11-06,28.31,45.89,0.0
2001-11-07,27.76,43.53,0.01
2001-11-08,28.43,48.75,0.27
2001-11-09,28.75,47.75,0.4
2001-11-10,29.06,59.39,0.21
2001-11-11,28.94,61.45,0.17
2001-11-12,29.42,58.25,0.35
2001-11-13,29.82,56.09,0.27
2001-11-14,29.23,57.92,0.14
2001-11-15,29.2,59.33,0.29
2001-11-16,29.54,52.48,0.24
2001-11-17,27.47,44.9,0.03
2001-11-18,27.13,37.08,0.0
2001-11-19,26.54,39.22,0.0
2001-11-20,27.9,43.64,0.07
2001-11-21,28.82,47.45,0.08
2001-11-22,28.15,56.78,0.93
2001-11-23,29.7,56.69,1.59
2001-11-24,29.29,57.59,2.02
2001-11-25,29.32,59.57,0.86
2001-11-26,28.96,50.96,1.38
2001-11-27,28.75,65.57,1.34
2001-11-28,28.92,65.49,1.36
2001-11-29,29.01,52.32,0.31
2001-11-30,27.26,40.92,0.0
2001-12-01,26.7,57.09,0.05
2001-12-02,27.2,43.0,0.0
2001-12-03,26.35,35.28,0.0
2001-12-04,27.04,38.58,0.0
2001-12-05,26.51,38.67,0.0
2001-12-06,25.89,34.12,0.0
2001-12-07,25.07,31.84,0.0
2001-12-08,24.07,31.36,0.0
2001-12-09,24.82,34.4,0.0
2001-12-10,26.32,35.95,0.0
2001-12-11,27.53,34.48,0.0
2001-12-12,26.63,35.12,0.0
2001-12-13,28.17,28.78,0.0
2001-12-14,28.55,40.93,0.0
2001-12-15,30.33,40.76,0.0
2001-12-16,28.89,37.28,0.0
2001-12-17,28.76,36.03,0.0
2001-12-18,28.88,32.63,0.0
2001-12-19,29.59,41.36,0.0
2001-12-20,30.07,40.39,0.0
2001-12-21,28.91,29.65,0.0
2001-12-22,28.39,32.75,0.0
2001-12-23,28.11,27.64,0.0
2001-12-24,28.09,29.37,0.0
2001-12-25,26.9,37.34,0.0
2001-12-26,26.98,26.54,0.0
2001-12-27,27.16,27.31,0.0
2001-12-28,27.19,21.88,0.0
2001-12-29,26.95,23.64,0.0
2001-12-30,27.07,23.52,0.0
2001-12-31,27.89,30.87,0.0
2002-01-01,27.32,24.92,0.0
2002-01-02,26.52,26.16,0.0
2002-01-03,25.9,24.65,0.0
2002-01-04,26.83,24.12,0.0
2002-01-05,27.06,21.46,0.0
2002-01-06,27.55,26.79,0.01
2002-01-07,29.08,58.59,0.68
2002-01-08,27.58,62.05,1.45
2002-01-09,25.52,33.13,0.0
2002-01-10,25.54,28.96,0.0
2002-01-11,24.58,25.35,0.0
2002-01-12,22.36,25.18,0.0
2002-01-13,23.14,22.26,0.0
2002-01-14,23.41,21.19,0.0
2002-01-15,24.15,22.84,0.0
2002-01-16,24.87,24.07,0.0
2002-01-17,25.28,26.07,0.0
2002-01-18,26.34,23.86,0.0
2002-01-19,27.29,22.06,0.0
2002-01-20,27.46,20.95,0.0
2002-01-21,27.97,19.63,0.0
2002-01-22,27.08,21.82,0.0
2002-01-23,27.3,20.83,0.0
2002-01-24,26.97,21.18,0.0
2002-01-25,26.77,21.67,0.0
2002-01-26,26.2,21.59,0.0
2002-01-27,26.15,17.92,0.0
2002-01-28,25.85,17.77,0.0
2002-01-29,26.18,17.35,0.0
2002-01-30,26.02,18.64,0.0
2002-01-31,25.27,17.78,0.0
2002-02-01,26.54,17.84,0.0
2002-02-02,25.83,19.76,0.0
2002-02-03,27.57,21.59,0.0
2002-02-04,27.37,19.85,0.0
2002-02-05,27.45,18.74,0.0
2002-02-06,26.82,16.93,0.0
2002-02-07,27.76,18.05,0.0
2002-02-08,28.46,17.3,0.0
2002-02-09,28.18,14.84,0.0
2002-02-10,27.76,14.24,0.0
2002-02-11,27.37,15.28,0.0
2002-02-12,26.98,16.57,0.0
2002-02-13,27.47,16.78,0.0
2002-02-14,28.03,17.22,0.0
2002-02-15,28.15,16.2,0.0
2002-02-16,28.45,18.15,0.0
2002-02-17,29.73,23.64,0.0
2002-02-18,30.48,30.93,0.0
2002-02-19,29.87,18.41,0.0
2002-02-20,29.02,14.96,0.03
2002-02-21,30.01,26.34,0.21
2002-02-22,31.71,44.04,0.35
2002-02-23,32.52,29.23,0.65
2002-02-24,31.48,15.34,0.01
2002-02-25,31.03,16.49,0.13
2002-02-26,30.02,17.69,0.08
2002-02-27,30.42,14.85,0.01
2002-02-28,29.6,37.23,0.33
2002-03-01,30.97,38.37,0.6
2002-03-02,31.99,40.3,0.47
2002-03-03,32.78,29.36,0.66
2002-03-04,31.33,25.41,0.0
2002-03-05,31.75,23.16,0.73
2002-03-06,32.33,43.35,0.64
2002-03-07,32.55,52.41,6.91
2002-03-08,30.21,66.49,7.54
2002-03-09,29.71,66.87,3.83
2002-03-10,29.64,67.16,3.6
2002-03-11,30.06,64.09,5.42
2002-03-12,31.62,55.38,0.64
2002-03-13,32.37,47.27,0.4
2002-03-14,32.17,49.13,1.45
2002-03-15,31.48,56.13,1.15
2002-03-16,30.73,58.7,0.7
2002-03-17,29.89,63.67,2.94
2002-03-18,29.55,62.61,0.23
2002-03-19,31.5,52.08,0.02
2002-03-20,31.25,56.26,2.33
2002-03-21,30.75,54.95,1.23
2002-03-22,30.07,49.93,0.12
2002-03-23,30.31,58.58,1.79
2002-03-24,30.59,58.67,1.41
2002-03-25,29.88,59.74,1.17
2002-03-26,31.0,54.81,2.27
2002-03-27,31.59,52.51,0.59
2002-03-28,31.99,53.9,0.18
2002-03-29,32.22,53.34,0.41
2002-03-30,33.21,41.04,0.41
2002-03-31,32.46,42.68,0.75
2002-04-01,33.26,44.99,0.5
2002-04-02,33.77,44.9,0.56
2002-04-03,33.26,48.84,0.37
2002-04-04,33.15,49.32,0.47
2002-04-05,33.09,47.23,0.32
2002-04-06,31.69,57.66,14.33
2002-04-07,29.58,72.11,13.46
2002-04-08,28.67,72.79,10.89
2002-04-09,29.77,67.77,7.1
2002-04-10,28.76,72.38,11.08
2002-04-11,29.59,72.25,1.16
2002-04-12,29.53,72.38,1.8
2002-04-13,29.5,71.84,3.06
2002-04-14,28.92,72.95,1.21
2002-04-15,28.1,73.9,3.35
2002-04-16,27.81,74.27,0.69
2002-04-17,29.92,64.78,2.64
2002-04-18,28.12,74.43,1.13
2002-04-19,29.66,63.73,0.35
2002-04-20,30.29,58.97,2.71
2002-04-21,30.74,62.04,2.08
2002-04-22,30.24,64.65,1.24
2002-04-23,31.41,57.65,0.87
2002-04-24,31.55,56.2,0.95
2002-04-25,31.86,55.89,2.23
2002-04-26,31.83,57.0,3.48
2002-04-27,30.92,61.88,0.31
2002-04-28,31.21,59.17,0.59
2002-04-29,30.63,62.53,0.56
2002-04-30,30.77,62.14,2.24
2002-05-01,29.27,70.11,3.46
2002-05-02,29.66,69.58,3.25
2002-05-03,28.98,70.72,2.22
2002-05-04,29.41,68.4,4.37
2002-05-05,29.07,69.69,3.25
2002-05-06,28.81,72.45,13.21
2002-05-07,29.28,69.11,4.79
2002-05-08,29.65,70.5,7.7
2002-05-09,28.42,76.94,5.3
2002-05-10,28.61,73.86,1.04
2002-05-11,28.28,78.13,6.37
2002-05-12,28.3,72.75,2.45
2002-05-13,28.5,76.88,20.05
2002-05-14,27.99,81.07,3.41
2002-05-15,28.62,75.52,2.27
2002-05-16,29.12,74.29,4.82
2002-05-17,28.52,79.55,5.03
2002-05-18,27.81,81.48,5.56
2002-05-19,28.78,75.66,2.94
2002-05-20,28.75,73.99,1.38
2002-05-21,28.73,71.42,0.29
2002-05-22,28.81,70.0,3.5
2002-05-23,28.89,70.0,1.36
2002-05-24,29.66,68.44,2.31
2002-05-25,29.61,67.54,1.89
2002-05-26,30.06,64.03,0.92
2002-05-27,29.9,67.65,2.16
2002-05-28,29.65,67.02,2.17
2002-05-29,29.73,62.9,0.29
2002-05-30,30.16,59.49,0.5
2002-05-31,30.3,64.18,4.01
2002-06-01,28.01,76.59,2.89
2002-06-02,28.18,74.28,3.16
2002-06-03,26.8,75.27,1.87
2002-06-04,26.6,74.2,5.12
2002-06-05,27.38,69.45,0.72
2002-06-06,28.15,65.46,0.76
2002-06-07,27.26,70.39,0.4
2002-06-08,28.86,66.73,2.09
2002-06-09,29.2,67.05,1.58
2002-06-10,27.72,69.87,3.24
2002-06-11,27.6,68.0,4.66
2002-06-12,26.7,78.51,11.62
2002-06-13,27.72,77.33,8.59
2002-06-14,26.37,81.93,23.41
2002-06-15,26.77,77.46,2.19
2002-06-16,27.0,76.28,1.3
2002-06-17,27.41,72.53,0.91
2002-06-18,28.18,71.11,1.65
2002-06-19,27.11,76.69,2.69
2002-06-20,27.46,73.03,3.11
2002-06-21,27.86,72.0,1.83
2002-06-22,28.39,72.4,2.54
2002-06-23,28.12,73.15,3.66
2002-06-24,27.09,77.36,6.14
2002-06-25,27.93,68.58,0.68
2002-06-26,28.86,66.94,3.05
2002-06-27,28.25,72.78,3.72
2002-06-28,28.08,71.75,1.04
2002-06-29,28.31,70.26,0.96
2002-06-30,28.01,71.17,4.91
2002-07-01,28.1,72.86,7.6
2002-07-02,26.63,80.53,4.58
2002-07-03,25.96,80.25,3.11
2002-07-04,26.48,79.88,5.4
2002-07-05,26.47,78.33,5.93
2002-07-06,26.65,74.55,2.94
2002-07-07,28.01,69.55,1.41
2002-07-08,27.97,74.96,6.77
2002-07-09,27.24,78.71,6.54
2002-07-10,26.77,79.03,2.76
2002-07-11,26.4,80.15,1.76
2002-07-12,27.57,73.78,0.23
2002-07-13,26.54,77.77,0.45
2002-07-14,27.82,70.83,0.85
2002-07-15,27.35,77.27,5.78
2002-07-16,26.98,77.44,8.4
2002-07-17,26.88,75.99,2.79
2002-07-18,27.42,73.89,0.95
2002-07-19,26.83,76.02,3.29
2002-07-20,27.4,75.72,5.52
2002-07-21,26.64,76.94,4.63
2002-07-22,25.12,85.2,4.1
2002-07-23,25.52,83.33,10.54
2002-07-24,25.03,84.91,9.06
2002-07-25,26.94,74.91,0.31
2002-07-26,26.37,78.65,1.19
2002-07-27,26.75,75.7,1.08
2002-07-28,26.69,77.65,1.55
2002-07-29,26.97,77.24,0.71
2002-07-30,25.83,83.14,5.81
2002-07-31,24.65,86.67,9.62
2002-08-01,25.41,82.31,5.18
2002-08-02,24.95,84.65,9.35
2002-08-03,25.5,81.95,7.19
2002-08-04,25.61,83.34,6.25
2002-08-05,25.91,85.34,13.15
2002-08-06,25.33,85.41,18.71
2002-08-07,24.81,85.7,10.4
2002-08-08,26.1,81.24,6.19
2002-08-09,27.21,78.23,8.06
2002-08-10,25.74,88.93,9.81
2002-08-11,25.38,86.03,7.66
2002-08-12,26.18,79.63,7.62
2002-08-13,26.2,83.78,7.52
2002-08-14,26.07,83.51,4.88
2002-08-15,25.65,83.76,2.54
2002-08-16,25.95,83.89,5.25
2002-08-17,25.23,87.32,5.18
2002-08-18,26.75,78.3,5.23
2002-08-19,26.98,81.19,6.1
2002-08-20,25.98,87.26,7.55
2002-08-21,25.97,86.74,4.51
2002-08-22,24.98,86.91,5.15
2002-08-23,26.65,77.5,0.59
2002-08-24,27.42,76.49,2.16
2002-08-25,27.19,80.25,3.8
2002-08-26,26.5,82.08,3.74
2002-08-27,25.41,84.77,2.9
2002-08-28,26.66,76.0,2.78
2002-08-29,26.83,78.54,1.66
2002-08-30,26.5,81.3,3.94
2002-08-31,26.76,79.66,4.19
2002-09-01,27.69,74.44,3.2
2002-09-02,27.94,76.07,2.41
2002-09-03,27.27,81.2,4.08
2002-09-04,25.53,86.09,8.23
2002-09-05,25.61,82.72,9.13
2002-09-06,25.79,80.97,3.23
2002-09-07,25.47,83.99,11.86
2002-09-08,26.67,78.56,2.64
2002-09-09,27.23,76.85,4.97
2002-09-10,26.55,80.93,5.33
2002-09-11,26.55,80.57,2.23
2002-09-12,26.24,79.96,2.31
2002-09-13,26.37,80.14,5.75
2002-09-14,25.94,83.36,6.87
2002-09-15,26.02,80.63,4.1
2002-09-16,26.79,79.0,4.96
2002-09-17,27.46,77.93,8.65
2002-09-18,27.05,78.6,3.39
2002-09-19,25.5,84.48,6.06
2002-09-20,26.23,80.63,2.52
2002-09-21,27.68,75.75,3.28
2002-09-22,25.82,83.6,1.12
2002-09-23,25.86,82.18,1.28
2002-09-24,26.73,78.45,1.41
2002-09-25,26.74,76.85,0.29
2002-09-26,27.8,73.82,1.13
2002-09-27,27.79,77.88,1.32
2002-09-28,26.72,82.2,4.4
2002-09-29,26.9,78.73,2.78
2002-09-30,27.53,73.35,1.05
2002-10-01,27.78,71.73,1.74
2002-10-02,26.89,77.29,4.63
2002-10-03,25.84,83.63,10.37
2002-10-04,25.77,84.37,9.06
2002-10-05,26.25,78.28,1.99
2002-10-06,26.5,77.21,4.97
2002-10-07,25.29,84.49,4.68
2002-10-08,26.72,77.83,3.17
2002-10-09,26.99,78.45,3.12
2002-10-10,27.0,80.35,2.61
2002-10-11,25.99,82.4,3.24
2002-10-12,26.52,79.81,2.49
2002-10-13,27.45,73.49,3.28
2002-10-14,26.95,77.25,5.43
2002-10-15,27.28,72.82,4.48
2002-10-16,27.29,76.48,5.96
2002-10-17,26.53,80.2,6.61
2002-10-18,26.11,78.5,1.96
2002-10-19,27.17,74.84,1.86
2002-10-20,26.16,81.07,1.08
2002-10-21,27.81,70.74,1.42
2002-10-22,27.9,70.06,1.5
2002-10-23,26.95,79.31,4.54
2002-10-24,25.62,85.56,5.58
2002-10-25,25.7,83.26,2.13
2002-10-26,27.31,71.17,1.32
2002-10-27,27.69,65.89,4.21
2002-10-28,27.79,71.22,1.21
2002-10-29,27.86,70.15,0.68
2002-10-30,27.44,71.0,0.9
2002-10-31,27.91,67.72,0.38
2002-11-01,28.14,65.28,0.45
2002-11-02,28.92,61.48,0.2
2002-11-03,28.67,64.58,0.84
2002-11-04,28.26,68.21,1.38
2002-11-05,27.16,74.79,1.69
2002-11-06,26.61,71.58,0.88
2002-11-07,28.18,64.77,0.53
2002-11-08,28.66,64.09,2.17
2002-11-09,28.46,66.78,1.16
2002-11-10,28.9,63.53,1.01
2002-11-11,28.15,64.75,0.81
2002-11-12,28.23,63.06,0.03
2002-11-13,28.01,55.15,0.02
2002-11-14,28.42,58.33,0.05
2002-11-15,28.91,61.03,0.02
2002-11-16,28.76,58.92,0.07
2002-11-17,29.02,59.55,0.4
2002-11-18,28.56,53.58,0.48
2002-11-19,28.46,55.29,0.09
2002-11-20,28.56,60.06,0.24
2002-11-21,27.82,50.88,0.5
2002-11-22,27.61,48.23,0.47
2002-11-23,27.38,52.56,0.26
2002-11-24,27.71,43.96,0.4
2002-11-25,26.93,44.26,0.32
2002-11-26,26.55,42.18,0.08
2002-11-27,25.87,39.87,0.0
2002-11-28,25.41,36.92,0.0
2002-11-29,26.13,38.11,0.0
2002-11-30,26.08,38.04,0.0
2002-12-01,25.16,42.19,0.0
2002-12-02,26.07,37.39,0.03
2002-12-03,27.5,38.49,0.02
2002-12-04,28.22,47.25,0.03
2002-12-05,29.34,54.23,0.04
2002-12-06,29.16,55.59,0.04
2002-12-07,29.57,40.92,0.15
2002-12-08,28.92,57.01,0.3
2002-12-09,29.47,51.16,0.19
2002-12-10,27.78,47.07,0.36
2002-12-11,27.08,38.79,0.0
2002-12-12,27.0,37.31,0.0
2002-12-13,27.08,38.46,0.0
2002-12-14,27.42,43.26,0.0
2002-12-15,27.69,44.5,0.0
2002-12-16,27.25,37.69,0.0
2002-12-17,25.99,36.26,0.0
2002-12-18,24.08,37.5,0.0
2002-12-19,23.39,39.93,0.0
2002-12-20,24.84,34.02,0.0
2002-12-21,24.22,31.53,0.0
2002-12-22,24.58,25.98,0.0
2002-12-23,24.21,25.8,0.0
2002-12-24,22.94,29.21,0.0
2002-12-25,22.89,27.52,0.0
2002-12-26,21.97,25.0,0.0
2002-12-27,22.09,26.24,0.0
2002-12-28,22.77,28.5,0.0
2002-12-29,23.92,30.73,0.0
2002-12-30,24.25,28.31,0.0
2002-12-31,24.69,25.04,0.0
2003-01-01,23.73,23.32,0.0
2003-01-02,23.2,25.89,0.0
2003-01-03,23.68,26.93,0.0
2003-01-04,24.42,26.43,0.0
2003-01-05,24.61,26.15,0.0
2003-01-06,24.93,24.3,0.0
2003-01-07,25.53,24.38,0.0
2003-01-08,26.63,30.03,0.0
2003-01-09,28.02,25.06,0.0
2003-01-10,28.76,21.22,0.0
2003-01-11,28.95,41.29,0.48
2003-01-12,27.77,64.45,1.15
2003-01-13,28.82,53.81,1.34
2003-01-14,28.35,34.48,0.0
2003-01-15,27.16,32.29,0.09
2003-01-16,28.65,33.59,0.0
2003-01-17,27.91,26.44,0.0
2003-01-18,27.21,20.74,0.0
2003-01-19,28.25,24.25,0.0
2003-01-20,27.72,26.73,0.0
2003-01-21,28.45,35.51,0.0
2003-01-22,29.3,52.61,0.74
2003-01-23,28.28,47.39,0.0
2003-01-24,28.08,25.67,0.0
2003-01-25,28.6,39.07,0.03
2003-01-26,27.35,26.74,0.0
2003-01-27,25.51,19.49,0.0
2003-01-28,25.58,15.38,0.0
2003-01-29,25.65,15.78,0.0
2003-01-30,26.64,18.3,0.0
2003-01-31,27.61,20.02,0.0
2003-02-01,28.49,21.28,0.0
2003-02-02,29.83,22.08,0.0
2003-02-03,29.99,20.84,0.0
2003-02-04,29.62,18.16,0.0
2003-02-05,27.94,21.8,0.0
2003-02-06,28.79,18.87,0.02
2003-02-07,28.72,18.17,0.0
2003-02-08,30.32,16.71,0.0
2003-02-09,31.02,34.68,0.02
2003-02-10,31.79,39.66,3.22
2003-02-11,30.83,53.18,3.86
2003-02-12,29.9,58.6,1.96
2003-02-13,30.74,57.06,1.87
2003-02-14,30.79,58.31,2.43
2003-02-15,29.1,62.61,3.16
2003-02-16,29.31,59.87,3.75
2003-02-17,29.45,60.0,0.43
2003-02-18,30.68,43.27,0.0
2003-02-19,29.78,30.86,0.0
2003-02-20,30.92,27.27,0.0
2003-02-21,31.21,33.02,0.0
2003-02-22,32.65,38.95,0.03
2003-02-23,32.85,38.06,0.03
2003-02-24,31.9,37.58,0.05
2003-02-25,30.62,52.12,0.73
2003-02-26,31.92,47.04,0.62
2003-02-27,33.33,41.67,0.03
2003-02-28,32.86,43.29,0.58
2003-03-01,31.54,46.75,1.74
2003-03-02,31.56,38.94,0.0
2003-03-03,30.77,42.49,0.0
2003-03-04,30.49,20.18,0.0
2003-03-05,30.3,19.61,0.0
2003-03-06,30.12,19.48,0.0
2003-03-07,30.92,19.87,0.02
2003-03-08,31.02,26.13,0.45
2003-03-09,31.97,31.04,0.6
2003-03-10,31.19,46.38,0.47
2003-03-11,30.22,44.63,1.18
2003-03-12,29.5,30.21,0.81
2003-03-13,30.39,27.15,0.43
2003-03-14,29.44,13.95,0.0
2003-03-15,29.66,13.07,0.0
2003-03-16,30.48,17.92,0.0
2003-03-17,31.57,19.48,0.01
2003-03-18,32.18,28.27,0.25
2003-03-19,32.1,49.55,0.65
2003-03-20,32.56,47.27,0.03
2003-03-21,32.72,46.37,0.22
2003-03-22,32.05,50.09,2.95
2003-03-23,31.37,53.07,0.77
2003-03-24,32.95,40.93,0.0
2003-03-25,32.66,29.52,0.05
2003-03-26,30.81,41.41,1.15
2003-03-27,31.9,38.46,1.03
2003-03-28,29.92,51.26,0.04
2003-03-29,31.27,54.55,1.37
2003-03-30,31.8,52.1,0.55
2003-03-31,32.77,39.75,0.07
2003-04-01,32.33,29.92,0.22
2003-04-02,33.13,43.95,0.18
2003-04-03,33.46,48.27,0.19
2003-04-04,30.39,52.94,0.09
2003-04-05,33.29,42.75,0.22
2003-04-06,30.05,59.47,3.68
2003-04-07,29.17,65.53,2.86
2003-04-08,29.81,60.79,2.3
2003-04-09,31.93,55.4,2.12
2003-04-10,31.85,57.44,1.74
2003-04-11,30.4,66.75,4.69
2003-04-12,29.06,73.62,5.44
2003-04-13,30.23,67.48,5.13
2003-04-14,29.93,68.99,7.8
2003-04-15,28.79,72.04,3.62
2003-04-16,29.34,66.17,2.43
2003-04-17,28.05,74.15,7.1
2003-04-18,28.59,71.57,6.67
2003-04-19,27.8,75.56,5.34
2003-04-20,27.59,74.03,1.38
2003-04-21,29.94,62.58,1.99
2003-04-22,30.16,65.68,2.28
2003-04-23,29.38,72.36,2.66
2003-04-24,28.6,76.26,2.28
2003-04-25,30.33,67.82,2.6
2003-04-26,29.96,70.12,2.51
2003-04-27,29.43,71.38,0.64
2003-04-28,30.35,63.87,0.58
2003-04-29,31.03,59.51,0.95
2003-04-30,31.24,59.55,1.56
2003-05-01,31.58,57.0,1.19
2003-05-02,31.65,57.15,0.37
2003-05-03,31.87,55.31,1.22
2003-05-04,32.42,52.41,0.78
2003-05-05,32.02,53.63,1.09
2003-05-06,31.08,57.63,2.06
2003-05-07,31.21,57.36,1.18
2003-05-08,31.56,54.82,1.82
2003-05-09,31.2,57.52,2.57
2003-05-10,30.1,64.36,2.36
2003-05-11,30.11,65.87,5.17
2003-05-12,28.73,70.87,1.63
2003-05-13,30.62,57.2,0.6
2003-05-14,31.53,54.85,1.02
2003-05-15,30.9,62.72,4.42
2003-05-16,30.39,67.02,1.7
2003-05-17,29.05,71.82,1.42
2003-05-18,28.94,69.27,0.99
2003-05-19,31.64,57.76,1.43
2003-05-20,30.36,64.94,1.48
2003-05-21,30.96,61.93,0.58
2003-05-22,31.16,59.09,0.56
2003-05-23,31.18,58.78,0.7
2003-05-24,31.43,55.74,0.34
2003-05-25,30.57,57.56,0.31
2003-05-26,28.95,69.5,6.84
2003-05-27,28.74,72.9,19.47
2003-05-28,26.45,85.79,12.1
2003-05-29,26.39,82.07,6.9
2003-05-30,27.25,78.79,11.09
2003-05-31,26.78,82.69,6.42
2003-06-01,26.3,84.09,9.97
2003-06-02,25.88,85.7,23.84
2003-06-03,26.32,82.77,5.99
2003-06-04,27.5,79.16,6.37
2003-06-05,27.39,81.94,8.62
2003-06-06,26.08,84.06,1.28
2003-06-07,26.7,82.59,4.61
2003-06-08,26.33,81.43,2.28
2003-06-09,27.7,77.88,6.13
2003-06-10,26.81,82.91,1.82
2003-06-11,27.26,78.62,2.77
2003-06-12,27.19,77.81,5.43
2003-06-13,26.3,80.8,2.97
2003-06-14,27.86,74.1,1.52
2003-06-15,27.4,79.95,6.97
2003-06-16,27.57,80.62,9.05
2003-06-17,27.21,83.15,9.63
2003-06-18,26.35,85.02,12.17
2003-06-19,25.87,85.79,13.24
2003-06-20,25.71,85.32,1.64
2003-06-21,26.61,79.82,1.77
2003-06-22,25.83,79.84,3.14
2003-06-23,26.16,74.65,1.13
2003-06-24,26.46,75.88,1.27
2003-06-25,25.62,82.13,12.19
2003-06-26,24.09,85.64,6.26
2003-06-27,25.69,80.58,6.63
2003-06-28,26.78,75.9,6.2
2003-06-29,26.69,79.13,4.71
2003-06-30,26.8,77.35,3.16
2003-07-01,26.09,81.0,2.42
2003-07-02,26.3,77.94,4.27
2003-07-03,25.17,78.22,3.01
2003-07-04,26.37,74.85,2.93
2003-07-05,26.9,76.18,2.31
2003-07-06,27.11,76.16,1.59
2003-07-07,27.05,76.89,1.83
2003-07-08,25.25,82.33,4.16
2003-07-09,25.93,76.97,2.8
2003-07-10,25.93,78.17,1.62
2003-07-11,26.0,78.97,2.39
2003-07-12,26.73,76.45,1.38
2003-07-13,27.42,75.53,1.46
2003-07-14,26.16,80.77,1.02
2003-07-15,25.08,86.92,14.1
2003-07-16,26.33,81.67,14.76
2003-07-17,25.33,89.02,10.17
2003-07-18,25.64,82.02,2.75
2003-07-19,24.96,85.06,7.53
2003-07-20,24.58,86.57,17.55
2003-07-21,25.24,84.09,9.46
2003-07-22,25.5,83.01,7.72
2003-07-23,26.07,82.44,5.08
2003-07-24,25.47,84.74,4.74
2003-07-25,26.22,79.26,3.21
2003-07-26,26.65,77.08,2.77
2003-07-27,27.45,76.14,2.93
2003-07-28,26.76,81.42,3.28
2003-07-29,27.74,78.49,4.45
2003-07-30,26.91,78.54,1.54
2003-07-31,26.37,77.34,0.57
2003-08-01,26.64,77.55,0.74
2003-08-02,27.31,75.78,1.32
2003-08-03,26.89,77.48,2.07
2003-08-04,26.14,82.15,3.53
2003-08-05,26.95,77.58,2.6
2003-08-06,25.76,80.56,5.76
2003-08-07,26.09,80.46,5.89
2003-08-08,26.9,76.37,3.05
2003-08-09,26.37,82.23,9.75
2003-08-10,25.96,83.85,18.09
2003-08-11,24.71,90.67,11.49
2003-08-12,25.3,84.29,9.2
2003-08-13,24.79,87.8,5.24
2003-08-14,25.72,84.68,3.89
2003-08-15,26.17,83.88,3.05
2003-08-16,26.08,85.28,3.47
2003-08-17,24.8,88.21,6.66
2003-08-18,25.31,86.39,15.15
2003-08-19,25.65,87.21,7.35
2003-08-20,25.3,85.49,10.54
2003-08-21,24.48,86.49,11.1
2003-08-22,25.98,80.49,3.06
2003-08-23,25.52,85.64,9.56
2003-08-24,25.68,85.4,5.58
2003-08-25,26.12,80.94,2.13
2003-08-26,26.66,77.54,3.24
2003-08-27,27.09,77.85,2.64
2003-08-28,26.64,81.56,2.94
2003-08-29,24.92,89.05,6.21
2003-08-30,25.4,86.66,8.72
2003-08-31,24.94,88.39,10.49
2003-09-01,25.49,84.51,3.68
2003-09-02,26.2,81.53,6.25
2003-09-03,24.93,88.27,32.96
2003-09-04,24.86,86.16,3.42
2003-09-05,25.62,83.13,4.81
2003-09-06,24.32,92.0,9.3
2003-09-07,24.78,89.87,14.79
2003-09-08,25.58,86.39,12.43
2003-09-09,25.9,82.61,3.42
2003-09-10,26.08,84.13,7.74
2003-09-11,25.78,86.92,8.73
2003-09-12,25.78,86.34,8.35
2003-09-13,25.04,87.78,13.22
2003-09-14,24.91,88.68,11.63
2003-09-15,25.34,86.77,15.01
2003-09-16,24.41,88.45,12.83
2003-09-17,26.02,82.0,7.31
2003-09-18,26.41,82.92,5.17
2003-09-19,25.63,85.46,4.97
2003-09-20,24.84,89.4,19.64
2003-09-21,25.93,84.57,27.01
2003-09-22,26.44,84.41,24.86
2003-09-23,26.29,81.62,2.34
2003-09-24,25.82,84.65,5.02
2003-09-25,26.73,81.58,2.84
2003-09-26,27.26,81.35,3.03
2003-09-27,25.94,87.5,3.61
2003-09-28,25.97,84.88,9.1
2003-09-29,26.73,83.85,11.04
2003-09-30,26.77,83.58,16.8
2003-10-01,26.36,84.09,9.15
2003-10-02,27.13,79.42,4.94
2003-10-03,27.07,80.88,5.07
2003-10-04,26.84,83.33,4.81
2003-10-05,26.84,82.46,4.66
2003-10-06,26.45,84.65,8.12
2003-10-07,26.71,85.99,4.25
2003-10-08,26.68,84.93,1.08
2003-10-09,27.18,81.12,0.84
2003-10-10,26.79,85.51,0.45
2003-10-11,27.33,83.54,0.88
2003-10-12,27.63,82.92,1.12
2003-10-13,27.0,86.25,8.59
2003-10-14,26.23,87.35,7.24
2003-10-15,26.22,86.07,7.02
2003-10-16,25.92,86.54,7.65
2003-10-17,25.47,86.98,8.6
2003-10-18,26.17,81.13,0.87
2003-10-19,26.72,81.26,1.38
2003-10-20,26.46,85.99,1.04
2003-10-21,27.22,81.55,1.32
2003-10-22,27.58,80.06,0.77
2003-10-23,28.18,77.72,0.99
2003-10-24,27.71,80.33,0.91
2003-10-25,26.71,85.46,1.11
2003-10-26,26.84,83.51,1.52
2003-10-27,27.25,80.38,1.31
2003-10-28,27.58,77.79,2.06
2003-10-29,27.91,76.68,2.11
2003-10-30,27.0,83.57,2.56
2003-10-31,26.21,86.28,2.04
2003-11-01,27.12,79.65,2.31
2003-11-02,27.25,78.06,1.35
2003-11-03,27.24,80.45,1.59
2003-11-04,27.59,76.37,0.56
2003-11-05,27.04,78.73,1.32
2003-11-06,25.31,86.72,1.71
2003-11-07,26.4,80.44,1.56
2003-11-08,26.83,81.13,4.16
2003-11-09,26.2,84.54,2.57
2003-11-10,26.46,81.69,0.92
2003-11-11,26.79,76.81,1.3
2003-11-12,27.27,72.55,0.89
2003-11-13,27.48,74.77,1.08
2003-11-14,27.39,78.53,1.8
2003-11-15,27.48,76.74,0.7
2003-11-16,26.97,71.64,1.17
2003-11-17,27.26,76.46,0.8
2003-11-18,27.63,77.29,1.06
2003-11-19,27.08,72.94,0.61
2003-11-20,26.14,67.6,0.6
2003-11-21,26.49,72.09,0.49
2003-11-22,25.78,64.99,0.01
2003-11-23,24.78,61.47,0.0
2003-11-24,26.85,62.92,0.01
2003-11-25,27.49,64.12,0.01
2003-11-26,26.65,55.36,0.01
2003-11-27,26.12,51.6,0.05
2003-11-28,25.42,56.22,0.08
2003-11-29,25.6,52.17,0.04
2003-11-30,25.65,56.86,0.0
2003-12-01,25.2,51.79,0.06
2003-12-02,27.18,46.42,0.01
2003-12-03,26.63,73.01,0.02
2003-12-04,27.1,63.95,0.02
2003-12-05,27.09,63.8,0.01
2003-12-06,25.24,60.8,0.01
2003-12-07,24.07,58.48,0.0
2003-12-08,22.75,55.42,0.0
2003-12-09,22.54,52.31,0.0
2003-12-10,24.3,45.34,0.0
2003-12-11,25.03,53.5,0.0
2003-12-12,25.87,52.07,0.0
2003-12-13,26.0,52.13,0.02
2003-12-14,25.88,50.93,0.01
2003-12-15,24.59,51.25,0.0
2003-12-16,24.11,48.32,0.0
2003-12-17,24.64,50.24,0.02
2003-12-18,24.17,53.35,0.0
2003-12-19,23.05,51.19,0.0
2003-12-20,23.22,53.94,0.0
2003-12-21,24.2,56.94,0.0
2003-12-22,24.36,57.99,0.0
2003-12-23,24.16,50.88,0.0
2003-12-24,23.56,49.76,0.0
2003-12-25,23.28,50.51,0.0
2003-12-26,21.06,49.98,0.0
2003-12-27,22.04,46.67,0.0
2003-12-28,21.9,45.73,0.0
2003-12-29,21.98,43.88,0.0
2003-12-30,22.63,47.99,0.0
2003-12-31,23.91,52.53,0.0
2004-01-01,24.61,52.77,0.0
2004-01-02,25.87,47.75,0.0
2004-01-03,26.57,48.13,0.0
2004-01-04,27.69,41.56,0.0
2004-01-05,26.82,40.35,0.03
2004-01-06,26.12,40.93,0.0
2004-01-07,25.36,43.59,0.0
2004-01-08,24.86,46.75,0.0
2004-01-09,23.3,47.0,0.0
2004-01-10,22.65,43.6,0.0
2004-01-11,23.69,44.59,0.0
2004-01-12,24.39,43.17,0.0
2004-01-13,24.74,43.41,0.0
2004-01-14,24.61,44.45,0.0
2004-01-15,24.55,45.68,0.0
2004-01-16,24.35,41.94,0.0
2004-01-17,26.06,36.8,0.0
2004-01-18,27.32,45.41,0.32
2004-01-19,26.95,65.51,5.4
2004-01-20,26.8,77.16,6.97
2004-01-21,26.0,75.98,0.94
2004-01-22,25.65,66.45,4.59
2004-01-23,25.26,44.73,0.0
2004-01-24,25.84,43.12,0.0
2004-01-25,25.47,40.56,0.0
2004-01-26,25.67,41.16,0.0
2004-01-27,26.84,41.16,0.0
2004-01-28,25.84,39.58,0.0
2004-01-29,25.82,38.98,0.0
2004-01-30,25.88,35.82,0.0
2004-01-31,27.98,32.39,0.0
2004-02-01,28.94,32.64,0.0
2004-02-02,27.46,38.09,0.0
2004-02-03,23.89,37.74,0.0
2004-02-04,22.96,33.37,0.0
2004-02-05,22.09,35.91,0.0
2004-02-06,23.0,35.41,0.0
2004-02-07,24.38,38.93,0.0
2004-02-08,24.36,38.12,0.0
2004-02-09,24.64,37.42,0.0
2004-02-10,26.35,35.85,0.0
2004-02-11,28.42,31.76,0.0
2004-02-12,27.6,34.28,0.0
2004-02-13,27.16,36.91,0.0
2004-02-14,28.98,43.22,0.0
2004-02-15,27.72,53.82,0.38
2004-02-16,28.77,53.69,0.03
2004-02-17,27.86,46.78,0.01
2004-02-18,27.31,45.96,0.0
2004-02-19,28.74,58.14,0.48
2004-02-20,29.84,59.1,0.9
2004-02-21,30.82,43.22,0.4
2004-02-22,30.84,38.85,0.58
2004-02-23,29.2,46.55,0.41
2004-02-24,27.38,29.37,0.0
2004-02-25,28.35,42.92,3.52
2004-02-26,29.79,64.94,2.05
2004-02-27,29.42,65.72,2.58
2004-02-28,30.22,62.59,1.67
2004-02-29,30.13,63.1,2.96
2004-03-01,29.1,67.21,3.62
2004-03-02,28.61,66.68,1.13
2004-03-03,30.42,57.25,0.19
2004-03-04,27.23,36.97,0.0
2004-03-05,24.85,22.14,0.0
2004-03-06,23.79,25.68,0.0
2004-03-07,25.13,25.33,0.0
2004-03-08,26.22,29.27,0.0
2004-03-09,27.03,34.24,0.0
2004-03-10,27.74,43.73,0.0
2004-03-11,29.67,47.38,0.0
2004-03-12,30.19,38.53,0.1
2004-03-13,29.2,27.09,0.0
2004-03-14,28.53,24.09,0.0
2004-03-15,29.84,41.05,0.12
2004-03-16,30.09,58.59,0.11
2004-03-17,30.56,54.14,0.08
2004-03-18,30.98,32.28,0.01
2004-03-19,30.39,37.0,0.17
2004-03-20,31.34,44.85,0.15
2004-03-21,31.75,51.98,0.11
2004-03-22,31.58,51.08,0.52
2004-03-23,31.65,50.65,0.51
2004-03-24,31.77,52.16,0.34
2004-03-25,33.12,42.55,0.48
2004-03-26,31.84,51.07,0.52
2004-03-27,32.58,53.64,1.86
2004-03-28,32.5,56.22,1.19
2004-03-29,32.17,59.0,1.65
2004-03-30,31.54,61.94,1.87
2004-03-31,32.28,55.42,1.81
2004-04-01,31.25,60.55,1.48
2004-04-02,31.73,49.42,0.5
2004-04-03,31.34,52.4,0.61
2004-04-04,30.55,61.71,0.79
2004-04-05,30.83,60.51,1.12
2004-04-06,31.91,55.28,1.53
2004-04-07,28.57,68.25,1.33
2004-04-08,30.09,62.09,2.46
2004-04-09,28.57,66.67,4.84
2004-04-10,29.98,64.36,4.27
2004-04-11,31.16,61.32,0.72
2004-04-12,32.21,56.6,0.74
2004-04-13,32.5,57.84,1.32
2004-04-14,31.88,60.98,1.34
2004-04-15,31.65,59.14,0.57
2004-04-16,31.27,58.88,1.27
2004-04-17,31.24,61.24,6.48
2004-04-18,29.97,68.38,4.95
2004-04-19,29.12,70.24,2.1
2004-04-20,28.91,69.04,3.64
2004-04-21,29.14,69.98,3.09
2004-04-22,27.98,72.67,3.61
2004-04-23,28.92,68.74,3.14
2004-04-24,29.25,69.85,3.56
2004-04-25,29.74,69.61,2.76
2004-04-26,28.49,77.42,8.67
2004-04-27,27.07,80.35,1.89
2004-04-28,28.43,70.74,1.63
2004-04-29,27.07,78.09,6.0
2004-04-30,27.88,73.75,2.99
2004-05-01,28.84,70.47,0.89
2004-05-02,29.03,72.9,0.6
2004-05-03,29.1,73.44,1.96
2004-05-04,29.94,67.68,1.37
2004-05-05,29.26,73.17,2.78
2004-05-06,27.43,79.61,0.89
2004-05-07,30.12,64.52,0.5
2004-05-08,30.46,64.73,1.35
2004-05-09,30.83,63.29,1.08
2004-05-10,29.89,68.82,0.97
2004-05-11,29.84,67.75,0.63
2004-05-12,28.32,74.81,2.11
2004-05-13,28.65,70.55,1.35
2004-05-14,30.05,66.32,1.73
2004-05-15,29.6,68.3,1.36
2004-05-16,30.45,62.42,1.4
2004-05-17,30.55,65.99,7.17
2004-05-18,30.06,69.93,5.32
2004-05-19,27.2,82.73,4.07
2004-05-20,28.12,75.75,3.14
2004-05-21,28.82,72.95,1.27
2004-05-22,27.64,77.45,1.01
2004-05-23,27.9,75.02,0.95
2004-05-24,28.75,69.59,3.38
2004-05-25,28.53,72.23,1.35
2004-05-26,26.66,80.86,13.55
2004-05-27,27.65,72.55,7.01
2004-05-28,27.12,76.27,3.43
2004-05-29,28.43,70.05,3.99
2004-05-30,27.99,75.92,7.69
2004-05-31,27.61,75.39,1.95
2004-06-01,27.03,76.18,2.76
2004-06-02,26.24,78.71,5.12
2004-06-03,26.68,79.08,2.45
2004-06-04,26.44,81.28,0.94
2004-06-05,27.07,77.26,9.04
2004-06-06,27.54,75.39,4.72
2004-06-07,27.03,79.98,10.66
2004-06-08,27.18,76.59,6.78
2004-06-09,26.51,83.48,8.33
2004-06-10,26.8,81.03,7.28
2004-06-11,27.16,80.15,6.17
2004-06-12,26.38,82.89,6.22
2004-06-13,26.86,76.86,2.06
2004-06-14,26.92,76.35,2.33
2004-06-15,27.28,76.09,2.5
2004-06-16,27.11,78.94,2.12
2004-06-17,26.98,79.81,2.79
2004-06-18,26.99,79.27,2.61
2004-06-19,27.43,77.53,3.93
2004-06-20,27.74,76.51,6.44
2004-06-21,26.65,81.31,9.1
2004-06-22,26.74,81.45,5.68
2004-06-23,26.93,78.76,2.82
2004-06-24,26.98,76.49,2.87
2004-06-25,27.08,76.94,3.88
2004-06-26,27.52,73.66,2.74
2004-06-27,28.0,71.96,4.29
2004-06-28,26.82,78.55,0.94
2004-06-29,25.79,82.03,4.26
2004-06-30,26.43,80.32,3.78
2004-07-01,26.72,79.05,10.8
2004-07-02,26.57,81.19,10.4
2004-07-03,25.98,83.26,29.77
2004-07-04,25.33,87.39,13.52
2004-07-05,25.62,86.09,5.43
2004-07-06,25.38,87.66,9.5
2004-07-07,25.21,86.11,12.49
2004-07-08,25.2,85.66,17.59
2004-07-09,26.08,83.07,9.97
2004-07-10,25.03,86.77,11.85
2004-07-11,23.69,87.79,2.82
2004-07-12,26.05,79.43,6.38
2004-07-13,26.84,79.37,4.45
2004-07-14,26.43,83.97,2.53
2004-07-15,25.95,85.32,3.47
2004-07-16,25.85,84.31,4.0
2004-07-17,25.92,81.88,5.14
2004-07-18,25.27,84.9,3.2
2004-07-19,24.78,86.99,6.99
2004-07-20,25.96,80.89,1.82
2004-07-21,24.39,89.58,8.73
2004-07-22,25.43,82.04,6.69
2004-07-23,26.24,79.76,6.76
2004-07-24,24.75,88.38,6.96
2004-07-25,23.52,91.36,11.98
2004-07-26,24.41,85.79,1.65
2004-07-27,25.62,81.55,5.87
2004-07-28,25.64,83.03,2.88
2004-07-29,25.94,81.77,1.69
2004-07-30,26.3,79.32,5.51
2004-07-31,25.67,83.29,6.28
2004-08-01,26.19,80.92,5.09
2004-08-02,26.69,77.72,6.87
2004-08-03,25.6,84.63,8.89
2004-08-04,25.74,84.95,5.2
2004-08-05,25.89,82.21,4.86
2004-08-06,25.82,82.56,8.7
2004-08-07,26.08,82.18,3.29
2004-08-08,26.92,79.73,5.58
2004-08-09,26.88,80.69,4.81
2004-08-10,26.09,84.71,13.8
2004-08-11,24.74,90.13,14.14
2004-08-12,24.79,84.86,8.34
2004-08-13,25.96,82.46,5.96
2004-08-14,26.29,84.64,2.01
2004-08-15,26.09,84.62,0.87
2004-08-16,26.04,83.33,1.68
2004-08-17,26.08,82.71,2.17
2004-08-18,26.72,80.06,1.38
2004-08-19,27.4,79.21,5.91
2004-08-20,26.79,81.98,8.98
2004-08-21,25.53,87.4,8.86
2004-08-22,25.5,88.95,7.07
2004-08-23,24.69,90.45,14.37
2004-08-24,25.42,86.67,4.28
2004-08-25,26.56,83.54,6.35
2004-08-26,26.1,86.2,9.98
2004-08-27,24.77,89.96,8.68
2004-08-28,26.16,81.62,5.54
2004-08-29,26.43,79.69,2.95
2004-08-30,26.3,82.61,5.8
2004-08-31,25.9,83.16,3.77
2004-09-01,26.01,81.52,2.74
2004-09-02,25.83,84.13,6.36
2004-09-03,25.59,83.2,4.9
2004-09-04,25.77,84.64,6.61
2004-09-05,25.91,84.58,8.2
2004-09-06,25.76,84.24,5.39
2004-09-07,25.65,82.77,11.13
2004-09-08,26.08,84.92,8.1
2004-09-09,26.19,84.85,5.03
2004-09-10,26.45,83.65,6.19
2004-09-11,25.61,88.86,5.78
2004-09-12,25.23,87.93,10.64
2004-09-13,26.3,85.52,5.55
2004-09-14,25.56,87.41,7.78
2004-09-15,25.82,83.43,8.86
2004-09-16,25.88,83.66,3.11
2004-09-17,25.29,88.15,4.42
2004-09-18,25.47,85.55,3.55
2004-09-19,25.59,85.91,3.89
2004-09-20,24.93,87.71,4.27
2004-09-21,25.56,85.94,5.27
2004-09-22,26.16,83.81,4.25
2004-09-23,25.63,84.99,1.31
2004-09-24,25.97,82.48,1.69
2004-09-25,26.16,81.95,1.04
2004-09-26,26.27,81.36,1.47
2004-09-27,26.57,81.85,1.09
2004-09-28,26.66,83.54,3.5
2004-09-29,26.51,85.25,4.11
2004-09-30,25.62,88.47,2.47
2004-10-01,25.97,84.21,3.32
2004-10-02,26.95,78.64,3.88
2004-10-03,27.35,77.67,2.15
2004-10-04,26.24,87.0,3.82
2004-10-05,25.88,85.38,2.74
2004-10-06,27.4,78.24,2.12
2004-10-07,27.61,79.05,1.9
2004-10-08,26.43,85.79,2.55
2004-10-09,25.63,88.89,2.57
2004-10-10,25.77,86.35,2.1
2004-10-11,26.28,85.56,1.16
2004-10-12,27.16,81.4,1.15
2004-10-13,26.62,83.88,3.3
2004-10-14,26.8,82.03,3.92
2004-10-15,26.33,82.19,1.96
2004-10-16,26.62,79.44,0.63
2004-10-17,25.8,82.69,2.14
2004-10-18,27.38,76.1,2.49
2004-10-19,27.78,73.1,3.76
2004-10-20,27.1,78.81,2.13
2004-10-21,26.48,83.75,1.57
2004-10-22,26.46,83.02,2.67
2004-10-23,26.58,79.77,0.4
2004-10-24,26.09,82.8,0.32
2004-10-25,25.92,84.52,0.45
2004-10-26,25.92,81.55,0.47
2004-10-27,27.17,75.86,0.6
2004-10-28,26.41,81.57,1.58
2004-10-29,26.52,83.16,3.23
2004-10-30,25.82,86.38,2.26
2004-10-31,26.24,82.51,2.1
2004-11-01,27.12,77.63,2.22
2004-11-02,26.76,82.44,13.2
2004-11-03,26.47,82.71,6.99
2004-11-04,27.02,79.14,6.85
2004-11-05,26.59,82.62,13.98
2004-11-06,26.66,80.88,4.15
2004-11-07,27.23,75.6,2.85
2004-11-08,26.8,82.23,4.57
2004-11-09,27.28,79.55,0.96
2004-11-10,27.66,72.55,0.39
2004-11-11,27.59,74.6,2.11
2004-11-12,27.63,75.6,0.19
2004-11-13,26.77,81.74,0.24
2004-11-14,27.9,77.02,0.12
2004-11-15,27.8,74.15,0.3
2004-11-16,27.52,76.0,0.46
2004-11-17,26.49,79.72,0.64
2004-11-18,26.47,78.4,0.42
2004-11-19,27.05,78.21,0.22
2004-11-20,27.06,79.29,0.42
2004-11-21,27.2,72.78,0.17
2004-11-22,26.49,58.74,0.99
2004-11-23,24.67,57.59,0.0
2004-11-24,25.07,51.69,0.01
2004-11-25,26.22,57.74,0.8
2004-11-26,25.92,69.35,1.7
2004-11-27,25.06,59.94,0.01
2004-11-28,24.38,57.83,0.0
2004-11-29,24.4,56.5,0.01
2004-11-30,25.07,56.16,0.0
2004-12-01,25.87,57.71,0.05
2004-12-02,24.94,56.92,0.0
2004-12-03,23.89,55.79,0.0
2004-12-04,23.64,52.01,0.0
2004-12-05,24.74,47.64,0.0
2004-12-06,25.29,49.08,0.0
2004-12-07,25.8,49.16,0.01
2004-12-08,26.74,45.68,0.01
2004-12-09,26.33,56.09,0.01
2004-12-10,26.58,45.54,0.01
2004-12-11,27.46,41.73,0.0
2004-12-12,27.3,45.67,0.03
2004-12-13,27.67,46.32,0.04
2004-12-14,28.2,53.16,0.0
2004-12-15,28.03,61.75,0.12
2004-12-16,26.99,51.85,0.03
2004-12-17,25.66,50.07,0.01
2004-12-18,24.99,45.07,0.0
2004-12-19,24.6,46.56,0.0
2004-12-20,25.61,42.63,0.0
2004-12-21,26.83,46.6,0.0
2004-12-22,27.87,55.76,0.16
2004-12-23,28.07,48.71,0.51
2004-12-24,28.27,57.88,0.44
2004-12-25,28.26,58.55,0.19
2004-12-26,28.2,48.41,0.34
2004-12-27,28.39,66.57,0.11
2004-12-28,28.6,57.63,0.03
2004-12-29,26.49,43.32,0.02
2004-12-30,25.57,44.36,0.0
2004-12-31,26.27,40.45,0.01
2005-01-01,24.97,40.66,0.0
2005-01-02,23.8,36.74,0.0
2005-01-03,23.4,36.12,0.0
2005-01-04,24.34,41.33,0.0
2005-01-05,24.31,45.65,0.0
2005-01-06,23.93,42.29,0.0
2005-01-07,22.38,41.16,0.0
2005-01-08,21.66,38.35,0.0
2005-01-09,20.31,38.82,0.0
2005-01-10,20.34,41.48,0.0
2005-01-11,20.86,40.66,0.0
2005-01-12,20.47,41.66,0.0
2005-01-13,20.43,42.26,0.0
2005-01-14,19.91,42.39,0.0
2005-01-15,21.61,40.22,0.0
2005-01-16,22.11,41.1,0.0
2005-01-17,23.18,40.49,0.0
2005-01-18,22.75,35.92,0.0
2005-01-19,22.84,33.41,0.0
2005-01-20,23.11,34.84,0.0
2005-01-21,23.61,29.87,0.0
2005-01-22,23.73,30.73,0.0
2005-01-23,25.21,41.92,0.0
2005-01-24,26.65,52.8,1.04
2005-01-25,27.74,55.14,1.09
2005-01-26,28.35,53.63,0.15
2005-01-27,28.59,59.4,0.26
2005-01-28,27.75,66.3,0.64
2005-01-29,29.03,56.84,0.26
2005-01-30,27.74,37.12,0.0
2005-01-31,26.89,38.96,0.0
2005-02-01,26.29,34.73,0.0
2005-02-02,26.65,39.34,0.0
2005-02-03,28.96,56.75,0.19
2005-02-04,29.77,51.26,0.39
2005-02-05,29.74,29.37,0.05
2005-02-06,28.8,40.23,0.02
2005-02-07,28.46,57.27,0.02
2005-02-08,30.11,48.3,0.17
2005-02-09,30.16,58.04,0.18
2005-02-10,30.01,47.31,0.0
2005-02-11,29.28,32.17,0.03
2005-02-12,29.52,37.5,0.05
2005-02-13,28.58,35.58,0.0
2005-02-14,28.7,35.43,0.0
2005-02-15,28.11,26.25,0.0
2005-02-16,28.83,33.52,0.0
2005-02-17,30.35,50.46,0.08
2005-02-18,31.39,54.18,1.26
2005-02-19,31.37,58.83,1.04
2005-02-20,32.18,54.09,0.05
2005-02-21,29.98,62.42,1.01
2005-02-22,31.33,45.54,0.0
2005-02-23,31.75,35.16,0.0
2005-02-24,32.62,39.69,0.0
2005-02-25,32.68,51.99,0.13
2005-02-26,31.6,52.46,0.46
2005-02-27,32.55,48.44,0.38
2005-02-28,32.53,49.23,0.67
2005-03-01,32.12,56.11,1.7
2005-03-02,31.64,60.05,0.88
2005-03-03,30.85,59.1,1.45
2005-03-04,29.39,48.54,0.42
2005-03-05,31.11,48.09,0.87
2005-03-06,31.45,53.25,1.45
2005-03-07,31.79,55.57,0.07
2005-03-08,32.24,55.16,0.11
2005-03-09,30.84,59.32,0.09
2005-03-10,30.41,57.14,0.03
2005-03-11,32.08,50.37,0.06
2005-03-12,31.69,54.81,4.09
2005-03-13,28.59,71.02,7.34
2005-03-14,30.1,62.0,1.09
2005-03-15,31.21,57.76,1.94
2005-03-16,32.01,52.14,2.08
2005-03-17,30.51,65.61,1.4
2005-03-18,30.43,64.5,0.78
2005-03-19,30.6,63.8,0.77
2005-03-20,29.55,68.41,2.09
2005-03-21,29.3,65.49,0.07
2005-03-22,30.77,59.27,1.22
2005-03-23,30.99,59.21,2.04
2005-03-24,30.91,59.4,1.01
2005-03-25,30.51,58.42,0.8
2005-03-26,30.97,60.87,3.29
2005-03-27,30.82,60.51,0.42
2005-03-28,32.11,51.56,0.25
2005-03-29,32.23,52.22,0.37
2005-03-30,32.07,56.15,0.36
2005-03-31,32.33,54.82,0.49
2005-04-01,31.98,55.95,1.52
2005-04-02,31.46,56.34,1.22
2005-04-03,32.32,53.58,0.97
2005-04-04,31.68,57.98,1.4
2005-04-05,32.15,53.97,1.92
2005-04-06,32.32,51.69,1.74
2005-04-07,32.04,59.19,1.53
2005-04-08,32.17,57.4,1.23
2005-04-09,31.93,57.86,1.82
2005-04-10,30.72,62.88,2.21
2005-04-11,30.6,63.18,1.7
2005-04-12,31.7,58.16,4.03
2005-04-13,30.0,68.27,3.95
2005-04-14,29.94,68.85,2.78
2005-04-15,29.15,71.39,3.11
2005-04-16,30.7,63.69,2.68
2005-04-17,31.05,62.14,3.69
2005-04-18,29.47,71.35,4.98
2005-04-19,29.46,73.5,8.53
2005-04-20,28.84,74.8,2.84
2005-04-21,29.72,69.62,2.89
2005-04-22,29.48,70.88,6.45
2005-04-23,27.95,77.73,4.34
2005-04-24,28.63,69.93,1.32
2005-04-25,28.81,71.01,4.67
2005-04-26,28.18,75.76,9.13
2005-04-27,28.93,74.99,7.36
2005-04-28,28.9,77.92,3.25
2005-04-29,28.31,80.05,3.67
2005-04-30,28.27,76.29,3.93
2005-05-01,28.44,74.28,5.0
2005-05-02,28.59,75.36,7.07
2005-05-03,28.47,77.96,7.36
2005-05-04,28.3,74.96,4.07
2005-05-05,27.39,78.84,9.62
2005-05-06,25.95,82.22,16.19
2005-05-07,25.83,82.44,6.82
2005-05-08,27.28,77.48,8.64
2005-05-09,27.42,80.79,8.14
2005-05-10,26.98,83.59,2.95
2005-05-11,27.71,78.4,1.12
2005-05-12,28.23,76.97,1.03
2005-05-13,27.87,81.57,1.01
2005-05-14,28.29,77.16,0.56
2005-05-15,29.27,71.55,0.89
2005-05-16,27.86,79.23,1.04
2005-05-17,28.6,74.81,0.74
2005-05-18,28.79,72.22,0.58
2005-05-19,28.16,75.28,0.84
2005-05-20,28.24,77.23,1.05
2005-05-21,28.94,74.73,1.74
2005-05-22,27.96,77.69,2.28
2005-05-23,28.68,71.11,1.14
2005-05-24,29.74,66.27,1.18
2005-05-25,29.16,70.45,1.49
2005-05-26,28.35,73.31,3.55
2005-05-27,28.19,71.15,1.48
2005-05-28,28.19,72.83,3.61
2005-05-29,28.48,72.91,3.25
2005-05-30,27.61,78.9,9.62
2005-05-31,26.17,84.15,4.16
2005-06-01,26.74,79.1,3.88
2005-06-02,27.97,76.12,6.18
2005-06-03,27.45,81.19,6.14
2005-06-04,27.46,80.37,4.8
2005-06-05,27.56,78.1,2.63
2005-06-06,27.76,77.39,1.04
2005-06-07,28.11,76.74,1.39
2005-06-08,27.38,80.36,1.88
2005-06-09,26.48,80.3,4.6
2005-06-10,27.38,75.98,3.59
2005-06-11,26.84,80.0,3.25
2005-06-12,27.12,79.84,1.59
2005-06-13,27.07,78.6,3.93
2005-06-14,28.11,74.99,4.24
2005-06-15,27.83,76.06,2.75
2005-06-16,27.74,78.26,1.67
2005-06-17,27.85,77.19,3.77
2005-06-18,27.03,80.9,3.99
2005-06-19,26.93,79.76,3.93
2005-06-20,27.38,77.79,6.06
2005-06-21,25.87,81.61,2.66
2005-06-22,27.77,74.42,2.55
2005-06-23,26.5,81.32,0.84
2005-06-24,26.69,79.31,3.76
2005-06-25,25.32,87.2,2.86
2005-06-26,25.17,82.5,5.58
2005-06-27,25.76,80.11,4.89
2005-06-28,27.14,75.87,3.43
2005-06-29,27.56,74.79,2.17
2005-06-30,26.57,79.68,1.52
2005-07-01,27.72,74.14,1.52
2005-07-02,26.04,82.75,2.87
2005-07-03,25.33,82.87,1.12
2005-07-04,27.73,71.09,0.5
2005-07-05,28.46,68.89,0.44
2005-07-06,27.05,74.64,3.49
2005-07-07,26.75,74.05,1.21
2005-07-08,27.17,71.81,2.21
2005-07-09,26.29,77.89,1.08
2005-07-10,25.86,76.52,3.08
2005-07-11,27.62,67.56,1.32
2005-07-12,28.81,63.66,2.21
2005-07-13,28.02,72.36,4.06
2005-07-14,24.79,87.75,14.43
2005-07-15,25.38,84.5,8.28
2005-07-16,27.2,73.59,1.86
2005-07-17,26.28,82.81,8.12
2005-07-18,25.23,88.05,4.55
2005-07-19,24.3,85.44,14.19
2005-07-20,25.5,80.08,20.76
2005-07-21,25.21,86.86,6.52
2005-07-22,26.57,80.77,11.28
2005-07-23,26.67,81.32,10.53
2005-07-24,27.13,82.81,13.6
2005-07-25,25.64,90.04,5.28
2005-07-26,25.75,87.45,4.58
2005-07-27,26.69,82.63,5.01
2005-07-28,26.46,84.77,4.1
2005-07-29,25.45,87.37,8.76
2005-07-30,25.26,83.65,2.74
2005-07-31,25.77,82.17,2.83
2005-08-01,25.55,83.98,3.93
2005-08-02,26.53,81.75,5.3
2005-08-03,25.83,83.23,5.27
2005-08-04,26.48,80.97,1.74
2005-08-05,26.94,79.9,1.06
2005-08-06,27.77,77.32,1.85
2005-08-07,28.0,75.46,1.63
2005-08-08,26.13,79.64,1.56
2005-08-09,26.15,81.17,10.94
2005-08-10,26.23,83.62,8.4
2005-08-11,27.15,80.96,4.9
2005-08-12,26.89,82.12,6.13
2005-08-13,24.7,85.65,1.92
2005-08-14,25.98,79.49,2.65
2005-08-15,26.25,79.09,4.86
2005-08-16,24.54,89.22,9.1
2005-08-17,25.22,83.46,3.02
2005-08-18,25.87,79.78,0.54
2005-08-19,26.55,77.49,2.34
2005-08-20,26.96,76.57,4.6
2005-08-21,26.72,79.67,2.77
2005-08-22,27.02,76.38,5.22
2005-08-23,26.86,80.22,4.03
2005-08-24,25.3,86.44,10.12
2005-08-25,25.69,81.28,5.43
2005-08-26,25.68,83.27,6.21
2005-08-27,26.13,82.4,5.95
2005-08-28,26.87,79.34,7.95
2005-08-29,25.63,85.86,10.88
2005-08-30,24.86,85.82,10.54
2005-08-31,26.07,79.99,3.44
2005-09-01,25.67,84.82,17.63
2005-09-02,25.04,87.94,9.43
2005-09-03,26.39,79.55,13.0
2005-09-04,26.63,79.8,4.04
2005-09-05,26.24,79.4,3.17
2005-09-06,25.47,84.51,6.77
2005-09-07,25.98,83.17,5.65
2005-09-08,26.28,83.7,4.1
2005-09-09,26.14,82.83,5.54
2005-09-10,27.02,81.15,3.47
2005-09-11,27.55,80.17,3.28
2005-09-12,26.04,85.82,3.14
2005-09-13,26.97,77.56,2.05
2005-09-14,28.24,73.93,2.98
2005-09-15,27.97,79.25,1.04
2005-09-16,27.74,78.82,1.32
2005-09-17,27.77,77.47,1.04
2005-09-18,28.61,73.85,1.85
2005-09-19,28.43,76.25,2.86
2005-09-20,26.9,83.84,7.79
2005-09-21,25.85,83.39,5.59
2005-09-22,26.4,81.14,2.7
2005-09-23,26.51,82.86,3.54
2005-09-24,26.09,86.17,13.06
2005-09-25,24.97,90.41,29.47
2005-09-26,25.87,84.05,6.89
2005-09-27,25.47,85.67,16.75
2005-09-28,26.47,81.37,1.86
2005-09-29,25.93,85.62,2.68
2005-09-30,25.89,85.96,3.04
2005-10-01,26.34,84.5,2.31
2005-10-02,25.94,85.6,4.66
2005-10-03,25.24,88.32,15.14
2005-10-04,25.0,87.69,13.39
2005-10-05,25.57,84.59,3.89
2005-10-06,26.18,74.63,2.45
2005-10-07,26.32,79.19,5.51
2005-10-08,25.75,82.73,2.98
2005-10-09,26.22,81.13,2.04
2005-10-10,26.0,84.71,10.36
2005-10-11,26.05,82.93,4.37
2005-10-12,26.83,79.65,4.38
2005-10-13,26.58,82.14,6.27
2005-10-14,26.7,82.18,5.16
2005-10-15,26.71,83.77,4.64
2005-10-16,26.04,87.09,5.84
2005-10-17,26.79,81.56,3.23
2005-10-18,26.79,81.87,1.96
2005-10-19,26.14,85.2,2.4
2005-10-20,25.45,84.6,7.18
2005-10-21,26.62,77.33,3.38
2005-10-22,26.82,81.29,1.96
2005-10-23,27.79,72.36,0.12
2005-10-24,27.39,62.84,0.02
2005-10-25,26.44,69.74,0.07
2005-10-26,26.38,80.64,0.05
2005-10-27,27.54,74.3,0.27
2005-10-28,26.32,82.15,1.76
2005-10-29,26.77,79.96,1.05
2005-10-30,27.95,70.72,2.2
2005-10-31,27.58,70.95,1.95
2005-11-01,26.55,82.88,4.33
2005-11-02,26.0,82.94,1.39
2005-11-03,27.73,71.84,2.75
2005-11-04,26.54,81.01,1.43
2005-11-05,26.72,78.03,3.51
2005-11-06,27.04,73.56,0.52
2005-11-07,25.86,62.69,0.0
2005-11-08,24.37,65.22,0.0
2005-11-09,24.57,63.71,0.0
2005-11-10,24.85,64.21,0.0
2005-11-11,25.58,63.98,0.0
2005-11-12,24.92,61.89,0.03
2005-11-13,25.97,51.32,0.02
2005-11-14,26.82,51.3,0.05
2005-11-15,26.17,57.75,0.0
2005-11-16,26.2,54.43,0.0
2005-11-17,26.74,48.19,0.01
2005-11-18,27.09,53.16,0.08
2005-11-19,26.69,51.93,0.62
2005-11-20,27.11,52.24,0.68
2005-11-21,26.03,54.77,0.27
2005-11-22,26.51,54.54,0.02
2005-11-23,26.41,49.68,0.0
2005-11-24,26.54,48.53,0.01
2005-11-25,27.65,55.86,0.03
2005-11-26,27.94,70.87,0.01
2005-11-27,28.85,63.76,0.14
2005-11-28,28.61,60.53,0.27
2005-11-29,27.82,51.82,0.09
2005-11-30,28.29,62.17,0.4
2005-12-01,28.57,64.45,0.42
2005-12-02,27.66,73.68,3.29
2005-12-03,28.14,64.46,2.18
2005-12-04,26.42,55.63,1.58
2005-12-05,27.55,45.09,0.61
2005-12-06,26.8,64.97,1.4
2005-12-07,27.65,65.12,1.22
2005-12-08,26.94,50.37,0.17
2005-12-09,25.72,47.11,1.48
2005-12-10,25.99,41.74,0.03
2005-12-11,27.49,37.96,1.23
2005-12-12,27.02,52.5,1.14
2005-12-13,26.17,42.92,0.18
2005-12-14,24.7,41.9,0.0
2005-12-15,24.32,43.31,0.0
2005-12-16,25.32,43.69,0.0
2005-12-17,25.84,44.69,0.0
2005-12-18,25.6,43.95,0.0
2005-12-19,24.86,39.89,0.0
2005-12-20,24.65,38.39,0.0
2005-12-21,24.77,37.84,0.0
2005-12-22,25.08,40.36,0.0
2005-12-23,25.12,42.07,0.0
2005-12-24,24.15,40.62,0.0
2005-12-25,24.69,37.22,0.0
2005-12-26,24.74,40.77,0.0
2005-12-27,25.18,42.4,0.0
2005-12-28,24.84,45.48,0.0
2005-12-29,25.75,42.93,0.0
2005-12-30,26.22,38.1,0.0
2005-12-31,25.32,34.86,0.0
2006-01-01,25.35,38.35,0.0
2006-01-02,25.77,38.78,0.01
2006-01-03,27.3,34.97,0.0
2006-01-04,27.51,40.54,0.0
2006-01-05,27.55,51.25,0.02
2006-01-06,28.6,57.29,0.4
2006-01-07,27.59,70.08,0.4
2006-01-08,28.3,61.41,0.64
2006-01-09,28.15,49.14,0.31
2006-01-10,27.89,32.68,0.0
2006-01-11,28.44,39.33,0.0
2006-01-12,28.08,34.65,0.0
2006-01-13,26.86,35.65,0.03
2006-01-14,26.72,38.53,0.05
2006-01-15,27.73,43.32,0.03
2006-01-16,27.42,38.34,0.01
2006-01-17,28.69,50.11,0.14
2006-01-18,29.69,58.52,0.29
2006-01-19,28.69,41.29,0.0
2006-01-20,27.2,29.2,0.0
2006-01-21,27.03,32.08,0.0
2006-01-22,27.57,28.86,0.0
2006-01-23,27.94,26.7,0.0
2006-01-24,28.44,27.45,0.0
2006-01-25,28.68,24.78,0.0
2006-01-26,27.52,25.24,0.0
2006-01-27,28.23,32.69,0.16
2006-01-28,28.6,65.74,3.84
2006-01-29,29.23,59.22,0.6
2006-01-30,30.31,55.22,2.15
2006-01-31,30.12,42.28,0.0
2006-02-01,28.84,35.4,0.0
2006-02-02,29.26,31.05,0.0
2006-02-03,29.44,29.21,0.0
2006-02-04,28.46,26.76,0.0
2006-02-05,27.97,25.61,0.0
2006-02-06,28.6,27.56,0.26
2006-02-07,29.34,27.53,0.02
2006-02-08,29.23,26.22,0.09
2006-02-09,29.2,27.48,0.0
2006-02-10,29.96,39.42,0.71
2006-02-11,30.53,55.07,0.17
2006-02-12,31.17,44.45,0.44
2006-02-13,31.31,54.3,0.24
2006-02-14,32.07,52.11,0.78
2006-02-15,28.71,51.64,0.35
2006-02-16,30.76,44.8,1.1
2006-02-17,31.24,52.69,0.02
2006-02-18,30.72,37.8,0.01
2006-02-19,30.59,31.66,0.0
2006-02-20,30.97,32.48,0.0
2006-02-21,31.28,48.62,0.01
2006-02-22,32.62,44.51,0.17
2006-02-23,31.94,42.21,0.12
2006-02-24,31.05,22.82,0.0
2006-02-25,30.8,23.18,0.61
2006-02-26,30.5,36.68,0.22
2006-02-27,31.43,36.15,0.58
2006-02-28,30.34,54.85,1.97
2006-03-01,29.99,59.96,1.69
2006-03-02,30.78,51.62,0.65
2006-03-03,30.54,40.78,0.63
2006-03-04,31.6,48.16,0.67
2006-03-05,31.96,53.2,0.5
2006-03-06,33.03,50.05,0.57
2006-03-07,32.04,51.87,0.81
2006-03-08,30.63,57.1,0.43
2006-03-09,29.93,55.59,0.78
2006-03-10,30.73,41.95,0.61
2006-03-11,28.99,30.97,0.01
2006-03-12,28.72,31.49,0.02
2006-03-13,28.91,54.02,0.83
2006-03-14,30.34,51.8,0.64
2006-03-15,30.29,56.0,0.54
2006-03-16,30.41,54.02,0.61
2006-03-17,30.82,52.0,1.08
2006-03-18,31.31,53.79,1.73
2006-03-19,30.07,60.48,1.23
2006-03-20,29.86,60.78,2.46
2006-03-21,30.61,57.28,1.34
2006-03-22,30.81,57.89,1.23
2006-03-23,32.09,52.16,1.62
2006-03-24,31.02,57.96,2.44
2006-03-25,31.48,55.76,2.02
2006-03-26,29.16,67.9,1.91
2006-03-27,29.3,65.97,0.44
2006-03-28,29.48,61.2,0.89
2006-03-29,30.22,54.7,1.16
2006-03-30,30.84,56.22,1.07
2006-03-31,29.59,59.41,1.18
2006-04-01,30.93,41.97,0.24
2006-04-02,31.89,48.52,0.34
2006-04-03,31.53,54.74,0.32
2006-04-04,31.79,53.93,0.49
2006-04-05,30.95,58.83,0.46
2006-04-06,31.86,54.97,0.84
2006-04-07,31.21,55.82,0.54
2006-04-08,31.23,54.56,0.77
2006-04-09,32.0,53.04,0.74
2006-04-10,32.88,48.26,0.47
2006-04-11,33.72,47.0,0.41
2006-04-12,34.45,42.04,0.52
2006-04-13,33.75,47.6,0.88
2006-04-14,33.29,50.29,0.69
2006-04-15,32.68,51.18,0.54
2006-04-16,32.1,52.1,1.33
2006-04-17,31.82,54.16,1.2
2006-04-18,31.72,56.4,1.3
2006-04-19,29.79,63.94,1.59
2006-04-20,30.99,57.22,1.44
2006-04-21,30.43,60.68,5.36
2006-04-22,29.39,69.62,6.79
2006-04-23,28.72,74.31,11.69
2006-04-24,29.07,71.95,7.17
2006-04-25,28.39,72.64,7.48
2006-04-26,28.29,70.1,0.51
2006-04-27,29.45,64.81,4.91
2006-04-28,28.6,70.85,1.69
2006-04-29,30.0,64.42,0.82
2006-04-30,30.12,62.89,1.2
2006-05-01,30.13,64.45,0.53
2006-05-02,30.95,60.75,1.14
2006-05-03,30.6,63.74,0.79
2006-05-04,31.67,59.3,0.5
2006-05-05,30.35,64.18,0.78
2006-05-06,30.79,63.72,1.89
2006-05-07,29.11,72.23,2.96
2006-05-08,29.71,69.71,2.61
2006-05-09,29.21,72.63,4.79
2006-05-10,29.51,69.03,2.3
2006-05-11,28.82,70.69,2.22
2006-05-12,28.61,72.45,4.11
2006-05-13,28.41,75.48,6.24
2006-05-14,28.93,71.82,2.93
2006-05-15,28.95,73.71,11.7
2006-05-16,27.55,77.91,1.47
2006-05-17,26.78,79.89,2.89
2006-05-18,27.74,73.73,1.58
2006-05-19,27.94,74.69,3.88
2006-05-20,26.78,79.78,4.25
2006-05-21,26.3,80.91,3.55
2006-05-22,27.65,74.39,1.86
2006-05-23,27.31,77.35,2.18
2006-05-24,27.81,75.16,2.4
2006-05-25,27.78,75.08,1.88
2006-05-26,28.88,68.39,0.92
2006-05-27,29.7,64.41,1.24
2006-05-28,28.94,70.17,2.16
2006-05-29,27.71,74.91,1.82
2006-05-30,27.61,75.47,1.62
2006-05-31,28.02,74.0,1.91
2006-06-01,29.12,68.58,3.24
2006-06-02,29.29,69.67,2.81
2006-06-03,28.55,71.04,3.36
2006-06-04,29.11,66.33,1.66
2006-06-05,28.35,71.88,3.33
2006-06-06,27.37,79.3,4.21
2006-06-07,27.63,78.13,5.82
2006-06-08,26.84,79.71,4.86
2006-06-09,26.7,79.21,6.24
2006-06-10,27.31,76.51,7.72
2006-06-11,26.97,80.23,12.02
2006-06-12,26.89,80.61,6.45
2006-06-13,26.94,82.4,6.45
2006-06-14,27.15,80.97,3.33
2006-06-15,26.18,83.18,1.81
2006-06-16,26.61,77.75,6.17
2006-06-17,26.88,74.12,1.28
2006-06-18,26.91,75.63,0.7
2006-06-19,26.38,80.47,4.22
2006-06-20,26.97,77.18,3.64
2006-06-21,27.28,76.4,2.34
2006-06-22,27.54,76.2,4.1
2006-06-23,26.91,79.59,10.16
2006-06-24,27.2,77.89,2.68
2006-06-25,27.27,77.15,0.94
2006-06-26,28.25,72.79,1.17
2006-06-27,28.59,73.34,1.3
2006-06-28,29.01,70.6,1.03
2006-06-29,29.38,68.41,2.05
2006-06-30,27.86,75.9,3.4
2006-07-01,27.13,78.66,8.33
2006-07-02,28.16,73.41,5.84
2006-07-03,27.27,78.92,6.28
2006-07-04,27.04,81.75,10.88
2006-07-05,26.46,83.62,5.41
2006-07-06,26.69,79.2,8.23
2006-07-07,27.19,76.57,2.37
2006-07-08,26.56,80.45,1.08
2006-07-09,27.19,77.05,1.44
2006-07-10,27.39,77.58,5.16
2006-07-11,26.99,79.44,4.48
2006-07-12,27.56,77.13,3.53
2006-07-13,27.43,77.61,3.24
2006-07-14,26.55,83.57,8.08
2006-07-15,25.12,86.24,10.22
2006-07-16,25.53,83.55,2.29
2006-07-17,26.82,79.32,3.63
2006-07-18,26.52,80.72,5.16
2006-07-19,26.04,83.84,8.37
2006-07-20,24.74,88.21,5.59
2006-07-21,25.2,83.8,2.25
2006-07-22,24.31,88.07,3.22
2006-07-23,25.7,83.74,5.57
2006-07-24,26.15,81.46,2.95
2006-07-25,25.0,86.83,9.84
2006-07-26,25.75,82.88,3.55
2006-07-27,27.2,77.99,5.51
2006-07-28,27.9,77.75,3.87
2006-07-29,26.74,83.04,7.81
2006-07-30,24.81,87.57,7.48
2006-07-31,25.39,86.5,6.63
2006-08-01,26.21,85.15,8.01
2006-08-02,25.04,89.88,6.68
2006-08-03,25.08,84.89,5.63
2006-08-04,25.13,83.74,0.59
2006-08-05,25.75,80.61,0.45
2006-08-06,26.3,80.28,0.45
2006-08-07,25.13,83.47,0.87
2006-08-08,26.21,78.92,0.49
2006-08-09,26.23,78.64,1.32
2006-08-10,26.55,81.22,5.8
2006-08-11,24.51,92.07,9.79
2006-08-12,25.1,84.82,8.6
2006-08-13,26.0,83.44,7.58
2006-08-14,25.52,85.73,4.27
2006-08-15,26.35,83.16,4.5
2006-08-16,25.39,89.16,6.89
2006-08-17,25.28,86.09,2.42
2006-08-18,26.65,81.64,2.76
2006-08-19,24.94,89.39,5.95
2006-08-20,26.28,84.45,3.52
2006-08-21,27.3,80.57,2.15
2006-08-22,26.83,81.91,3.68
2006-08-23,25.62,82.74,4.75
2006-08-24,25.68,80.34,1.19
2006-08-25,27.2,75.34,1.08
2006-08-26,26.38,80.54,2.18
2006-08-27,26.08,80.0,1.67
2006-08-28,26.08,78.29,1.12
2006-08-29,26.12,82.35,7.6
2006-08-30,25.29,86.95,4.66
2006-08-31,25.38,86.99,14.23
2006-09-01,24.35,90.81,8.22
2006-09-02,26.18,81.64,2.25
2006-09-03,26.88,81.73,5.43
2006-09-04,26.08,84.32,3.09
2006-09-05,25.29,87.84,11.74
2006-09-06,25.93,84.93,9.3
2006-09-07,25.8,86.42,5.1
2006-09-08,24.79,88.2,6.62
2006-09-09,25.27,86.17,10.97
2006-09-10,25.57,84.51,5.51
2006-09-11,24.35,90.14,12.15
2006-09-12,24.54,90.33,14.76
2006-09-13,25.18,88.79,4.92
2006-09-14,25.48,85.0,5.01
2006-09-15,26.69,81.1,3.45
2006-09-16,25.94,85.42,3.11
2006-09-17,25.56,87.2,5.26
2006-09-18,26.86,82.01,4.91
2006-09-19,25.04,90.67,5.88
2006-09-20,25.34,89.0,11.5
2006-09-21,26.54,81.49,6.09
2006-09-22,26.86,79.27,8.11
2006-09-23,25.46,88.13,3.42
2006-09-24,25.79,86.04,3.96
2006-09-25,26.55,81.93,2.58
2006-09-26,25.93,87.2,5.46
2006-09-27,26.22,86.18,5.5
2006-09-28,26.02,87.71,9.13
2006-09-29,26.02,84.78,4.83
2006-09-30,25.32,88.06,7.43
2006-10-01,26.41,81.64,10.77
2006-10-02,24.68,91.48,16.45
2006-10-03,26.41,81.64,4.2
2006-10-04,27.47,75.95,2.19
2006-10-05,27.32,80.52,1.66
2006-10-06,27.38,81.45,3.47
2006-10-07,26.43,86.74,5.8
2006-10-08,27.03,84.29,8.93
2006-10-09,25.99,88.99,6.66
2006-10-10,26.89,83.53,7.16
2006-10-11,26.07,87.82,11.07
2006-10-12,25.83,86.78,5.07
2006-10-13,26.61,81.98,3.69
2006-10-14,26.28,86.43,4.99
2006-10-15,26.57,83.26,2.19
2006-10-16,26.68,85.94,3.15
2006-10-17,26.93,83.05,2.06
2006-10-18,27.48,81.36,11.14
2006-10-19,26.32,87.81,10.92
2006-10-20,26.0,85.25,3.16
2006-10-21,27.15,81.76,1.92
2006-10-22,27.1,83.72,4.94
2006-10-23,25.98,85.25,3.45
2006-10-24,26.16,82.12,3.0
2006-10-25,26.83,81.19,5.31
2006-10-26,26.85,80.31,3.94
2006-10-27,26.97,79.12,3.53
2006-10-28,27.61,76.94,1.76
2006-10-29,27.65,77.93,1.26
2006-10-30,27.6,75.84,0.73
2006-10-31,27.67,72.41,0.58
2006-11-01,27.59,72.08,1.58
2006-11-02,27.52,76.47,1.34
2006-11-03,27.84,74.49,1.67
2006-11-04,27.91,73.96,2.0
2006-11-05,27.59,70.21,0.79
2006-11-06,27.12,60.37,0.08
2006-11-07,27.39,55.23,0.03
2006-11-08,27.53,62.2,0.51
2006-11-09,25.69,66.95,0.21
2006-11-10,25.34,66.01,0.0
2006-11-11,25.89,67.77,0.0
2006-11-12,26.54,62.18,0.0
2006-11-13,26.13,64.74,0.0
2006-11-14,26.97,56.84,0.0
2006-11-15,26.06,67.8,0.08
2006-11-16,25.09,62.34,0.0
2006-11-17,24.3,64.96,0.0
2006-11-18,24.91,64.2,0.0
2006-11-19,23.94,59.04,0.0
2006-11-20,23.68,55.8,0.0
2006-11-21,23.77,55.81,0.0
2006-11-22,24.3,48.86,0.0
2006-11-23,24.21,48.1,0.0
2006-11-24,24.18,50.82,0.0
2006-11-25,24.08,51.64,0.0
2006-11-26,23.86,47.44,0.0
2006-11-27,23.42,46.5,0.0
2006-11-28,22.92,47.36,0.0
2006-11-29,23.23,47.3,0.0
2006-11-30,23.48,46.92,0.0
2006-12-01,24.08,51.24,0.02
2006-12-02,24.34,50.48,0.1
2006-12-03,23.47,54.43,0.01
2006-12-04,23.26,51.91,0.0
2006-12-05,22.96,49.45,0.0
2006-12-06,23.31,49.48,0.0
2006-12-07,23.66,48.02,0.0
2006-12-08,22.85,45.45,0.0
2006-12-09,23.25,45.43,0.0
2006-12-10,24.81,49.54,0.0
2006-12-11,26.65,49.6,0.0
2006-12-12,27.04,51.4,0.0
2006-12-13,25.74,55.35,0.0
2006-12-14,26.16,57.36,0.0
2006-12-15,24.71,47.76,0.0
2006-12-16,23.64,39.98,0.0
2006-12-17,23.77,44.67,0.0
2006-12-18,23.68,44.49,0.0
2006-12-19,24.27,45.44,0.0
2006-12-20,25.01,48.36,0.0
2006-12-21,24.88,44.6,0.0
2006-12-22,22.23,47.16,0.0
2006-12-23,22.3,44.97,0.0
2006-12-24,23.34,40.93,0.0
2006-12-25,23.48,37.63,0.0
2006-12-26,23.23,34.05,0.0
2006-12-27,23.55,34.63,0.0
2006-12-28,23.42,37.8,0.0
2006-12-29,22.32,38.59,0.0
2006-12-30,21.8,40.63,0.0
2006-12-31,21.34,39.49,0.0
2007-01-01,20.14,42.35,0.0
2007-01-02,19.8,42.98,0.0
2007-01-03,20.05,42.65,0.0
2007-01-04,18.67,43.83,0.0
2007-01-05,21.08,41.44,0.0
2007-01-06,22.57,41.55,0.0
2007-01-07,23.21,42.65,0.0
2007-01-08,22.9,44.46,0.0
2007-01-09,22.6,41.85,0.0
2007-01-10,22.52,40.79,0.0
2007-01-11,22.69,41.65,0.0
2007-01-12,22.21,39.01,0.0
2007-01-13,21.34,35.27,0.0
2007-01-14,20.97,34.77,0.0
2007-01-15,20.64,40.92,0.0
2007-01-16,22.16,37.7,0.0
2007-01-17,22.52,37.99,0.0
2007-01-18,22.33,35.36,0.0
2007-01-19,22.13,36.79,0.0
2007-01-20,21.9,38.56,0.0
2007-01-21,22.51,36.69,0.0
2007-01-22,23.68,31.91,0.0
2007-01-23,23.81,31.48,0.0
2007-01-24,24.5,32.45,0.0
2007-01-25,25.63,33.64,0.0
2007-01-26,27.85,32.88,0.0
2007-01-27,28.76,36.7,0.0
2007-01-28,27.52,66.47,0.02
2007-01-29,29.69,52.52,0.01
2007-01-30,29.45,48.08,0.01
2007-01-31,29.0,54.65,0.4
2007-02-01,29.34,40.85,0.47
2007-02-02,29.7,46.67,0.26
2007-02-03,29.63,39.46,0.33
2007-02-04,30.42,48.97,0.37
2007-02-05,31.01,48.49,0.88
2007-02-06,31.46,41.54,0.61
2007-02-07,32.23,47.32,1.3
2007-02-08,31.41,54.63,2.74
2007-02-09,30.81,52.69,1.43
2007-02-10,30.16,37.88,0.0
2007-02-11,28.54,36.05,0.0
2007-02-12,27.95,28.06,0.0
2007-02-13,25.96,24.34,0.0
2007-02-14,24.7,20.24,0.0
2007-02-15,25.38,21.83,0.0
2007-02-16,26.49,24.58,0.0
2007-02-17,27.48,24.64,0.0
2007-02-18,28.04,25.0,0.0
2007-02-19,29.13,31.3,0.0
2007-02-20,30.84,35.49,0.0
2007-02-21,29.51,40.53,0.0
2007-02-22,28.84,47.12,0.0
2007-02-23,27.18,20.66,0.0
2007-02-24,26.94,20.13,0.0
2007-02-25,26.66,18.82,0.0
2007-02-26,28.51,30.79,0.0
2007-02-27,27.72,20.13,0.0
2007-02-28,27.77,19.78,0.0
2007-03-01,28.18,24.44,0.0
2007-03-02,27.76,19.45,0.0
2007-03-03,28.9,20.11,0.0
2007-03-04,28.09,18.86,0.0
2007-03-05,28.28,16.38,0.0
2007-03-06,28.54,13.15,0.0
2007-03-07,28.88,22.56,0.0
2007-03-08,30.02,34.73,0.0
2007-03-09,29.63,14.36,0.0
2007-03-10,30.66,42.26,0.01
2007-03-11,30.77,30.0,0.0
2007-03-12,29.39,20.38,0.0
2007-03-13,29.9,22.79,0.0
2007-03-14,30.01,21.15,0.37
2007-03-15,29.59,55.1,0.74
2007-03-16,29.91,56.98,1.07
2007-03-17,31.23,52.29,0.17
2007-03-18,31.52,54.21,0.41
2007-03-19,32.26,49.13,0.29
2007-03-20,31.51,51.9,0.1
2007-03-21,33.14,46.14,0.28
2007-03-22,32.91,48.73,0.62
2007-03-23,30.98,57.28,0.45
2007-03-24,31.9,51.03,0.4
2007-03-25,31.82,54.74,0.81
2007-03-26,31.34,57.9,0.45
2007-03-27,30.66,59.53,1.6
2007-03-28,32.61,51.85,1.89
2007-03-29,32.36,55.72,2.84
2007-03-30,31.25,60.53,2.17
2007-03-31,29.85,66.75,2.72
2007-04-01,29.1,70.17,7.25
2007-04-02,29.65,70.01,18.45
2007-04-03,30.03,67.6,3.81
2007-04-04,29.68,69.91,7.45
2007-04-05,28.51,79.4,8.77
2007-04-06,28.66,76.66,1.85
2007-04-07,28.03,76.9,1.91
2007-04-08,29.01,69.88,1.31
2007-04-09,28.79,69.36,1.68
2007-04-10,29.31,71.99,1.96
2007-04-11,28.7,76.5,6.34
2007-04-12,28.61,76.37,7.3
2007-04-13,28.5,78.31,4.24
2007-04-14,29.18,73.3,3.23
2007-04-15,29.18,72.35,3.31
2007-04-16,28.24,77.21,1.44
2007-04-17,29.22,71.57,1.99
2007-04-18,28.64,75.27,1.36
2007-04-19,28.2,75.12,1.61
2007-04-20,29.31,69.78,3.26
2007-04-21,28.87,73.72,0.99
2007-04-22,28.51,74.56,1.61
2007-04-23,28.23,71.74,0.79
2007-04-24,28.18,71.19,0.67
2007-04-25,29.45,65.15,0.96
2007-04-26,29.36,70.31,7.82
2007-04-27,27.92,77.49,5.47
2007-04-28,29.36,68.19,3.04
2007-04-29,28.78,74.53,7.04
2007-04-30,27.7,80.87,6.31
2007-05-01,27.11,84.34,42.63
2007-05-02,27.18,81.94,9.99
2007-05-03,27.94,77.99,8.49
2007-05-04,27.91,80.94,5.37
2007-05-05,27.22,83.61,3.79
2007-05-06,27.64,82.41,2.35
2007-05-07,27.92,81.82,2.63
2007-05-08,28.46,80.0,2.22
2007-05-09,28.13,83.25,2.58
2007-05-10,27.94,84.07,3.01
2007-05-11,27.42,85.55,6.86
2007-05-12,27.67,82.87,13.44
2007-05-13,27.79,81.83,16.91
2007-05-14,26.87,82.24,4.65
2007-05-15,27.47,79.59,7.68
2007-05-16,27.39,81.63,3.48
2007-05-17,28.28,78.79,2.45
2007-05-18,29.06,77.32,2.62
2007-05-19,27.86,81.75,1.17
2007-05-20,29.08,76.6,3.19
2007-05-21,28.82,77.36,1.68
2007-05-22,28.64,76.54,0.87
2007-05-23,28.16,77.12,1.01
2007-05-24,28.46,77.11,2.43
2007-05-25,28.47,76.83,1.44
2007-05-26,28.27,78.28,4.64
2007-05-27,28.48,78.92,6.9
2007-05-28,27.15,81.96,6.85
2007-05-29,27.52,78.51,2.07
2007-05-30,27.16,80.28,3.39
2007-05-31,27.35,80.4,3.66
2007-06-01,27.99,77.55,5.29
2007-06-02,26.43,85.23,5.33
2007-06-03,26.91,81.3,4.67
2007-06-04,26.14,85.24,7.02
2007-06-05,27.03,80.49,5.44
2007-06-06,25.84,84.45,4.56
2007-06-07,25.77,82.54,3.98
2007-06-08,26.32,81.13,5.87
2007-06-09,26.97,79.42,2.8
2007-06-10,27.03,81.91,3.41
2007-06-11,26.68,81.8,2.39
2007-06-12,26.55,78.9,3.45
2007-06-13,26.6,83.21,3.55
2007-06-14,26.53,83.02,3.78
2007-06-15,27.81,78.05,0.38
2007-06-16,27.7,79.15,0.76
2007-06-17,26.93,81.15,0.54
2007-06-18,26.57,81.61,0.61
2007-06-19,27.84,73.61,0.45
2007-06-20,27.11,80.25,11.14
2007-06-21,26.35,83.08,8.38
2007-06-22,26.8,80.91,8.01
2007-06-23,26.41,82.74,7.1
2007-06-24,25.45,88.49,10.9
2007-06-25,25.27,87.8,2.87
2007-06-26,26.34,83.38,5.16
2007-06-27,26.02,85.81,4.96
2007-06-28,25.46,88.06,3.61
2007-06-29,26.23,84.27,6.23
2007-06-30,25.33,88.21,2.68
2007-07-01,25.72,83.59,2.15
2007-07-02,24.94,84.51,2.28
2007-07-03,26.07,81.06,3.82
2007-07-04,26.73,79.63,2.07
2007-07-05,25.77,82.13,0.44
2007-07-06,26.72,76.51,0.26
2007-07-07,27.12,76.76,0.46
2007-07-08,26.7,76.89,0.32
2007-07-09,26.29,78.25,0.2
2007-07-10,26.45,77.62,0.85
2007-07-11,27.31,74.91,1.6
2007-07-12,26.84,78.55,1.92
2007-07-13,27.56,76.08,1.31
2007-07-14,26.6,80.44,1.18
2007-07-15,25.66,87.21,13.67
2007-07-16,25.63,87.38,10.79
2007-07-17,25.65,83.75,11.45
2007-07-18,25.13,86.48,7.25
2007-07-19,25.59,84.92,5.84
2007-07-20,25.32,87.24,13.99
2007-07-21,25.29,85.91,17.4
2007-07-22,24.78,86.98,20.73
2007-07-23,24.47,89.39,8.08
2007-07-24,25.83,84.71,6.57
2007-07-25,26.06,85.43,11.67
2007-07-26,25.33,88.28,10.62
2007-07-27,23.73,92.01,13.5
2007-07-28,24.58,87.33,9.08
2007-07-29,25.14,86.4,9.59
2007-07-30,25.73,85.07,1.12
2007-07-31,25.18,86.31,2.19
2007-08-01,24.3,90.13,2.13
2007-08-02,26.07,81.88,1.01
2007-08-03,25.73,85.95,1.24
2007-08-04,25.9,85.42,5.65
2007-08-05,24.77,88.35,6.35
2007-08-06,24.15,86.63,5.4
2007-08-07,25.28,84.85,3.59
2007-08-08,25.8,86.72,17.3
2007-08-09,25.62,88.73,7.16
2007-08-10,25.67,85.61,8.05
2007-08-11,24.82,89.26,6.29
2007-08-12,25.63,85.05,6.63
2007-08-13,24.87,90.83,3.39
2007-08-14,24.35,92.1,23.44
2007-08-15,25.32,85.12,7.49
2007-08-16,25.71,85.84,4.49
2007-08-17,25.0,89.5,9.32
2007-08-18,25.79,82.61,0.53
2007-08-19,26.58,81.15,4.74
2007-08-20,25.12,90.44,5.57
2007-08-21,25.35,85.76,12.2
2007-08-22,25.22,87.08,4.93
2007-08-23,25.91,86.57,5.56
2007-08-24,24.51,92.1,8.14
2007-08-25,23.6,92.43,9.9
2007-08-26,24.79,88.36,8.04
2007-08-27,24.41,91.99,15.82
2007-08-28,24.35,90.42,5.98
2007-08-29,24.54,88.26,15.38
2007-08-30,26.08,83.32,13.94
2007-08-31,25.26,89.25,17.29
2007-09-01,23.97,91.01,12.49
2007-09-02,24.2,88.69,6.59
2007-09-03,25.39,86.19,7.02
2007-09-04,24.98,90.54,21.12
2007-09-05,24.04,90.96,11.21
2007-09-06,24.2,89.02,12.81
2007-09-07,25.83,84.21,4.55
2007-09-08,26.78,81.88,8.56
2007-09-09,25.98,84.38,8.37
2007-09-10,25.44,86.12,11.37
2007-09-11,26.77,78.64,6.0
2007-09-12,26.75,81.63,5.51
2007-09-13,26.32,84.31,0.66
2007-09-14,25.92,86.64,3.42
2007-09-15,26.41,81.99,5.44
2007-09-16,26.67,82.26,6.55
2007-09-17,26.2,85.71,5.08
2007-09-18,26.31,83.96,23.2
2007-09-19,25.11,90.65,23.75
2007-09-20,25.63,86.59,6.39
2007-09-21,26.51,81.88,6.79
2007-09-22,26.72,80.2,6.69
2007-09-23,24.86,92.92,10.04
2007-09-24,25.96,84.02,9.83
2007-09-25,25.94,86.59,4.8
2007-09-26,25.4,85.34,5.01
2007-09-27,26.27,81.83,10.02
2007-09-28,26.18,85.55,1.91
2007-09-29,25.01,87.66,1.81
2007-09-30,26.72,77.86,1.33
2007-10-01,27.24,78.03,1.65
2007-10-02,25.79,86.8,1.9
2007-10-03,26.59,78.8,1.46
2007-10-04,26.97,79.06,2.41
2007-10-05,26.84,82.63,1.69
2007-10-06,25.76,86.77,4.04
2007-10-07,25.29,87.52,9.06
2007-10-08,25.54,86.52,3.75
2007-10-09,25.96,84.66,2.31
2007-10-10,26.77,81.82,3.66
2007-10-11,27.53,77.41,3.36
2007-10-12,28.11,73.97,2.43
2007-10-13,26.18,87.95,0.05
2007-10-14,25.79,87.83,0.02
2007-10-15,25.76,86.78,0.02
2007-10-16,27.06,79.71,0.03
2007-10-17,27.41,77.34,0.03
2007-10-18,25.66,87.49,3.37
2007-10-19,25.85,85.93,2.24
2007-10-20,25.92,83.07,3.47
2007-10-21,25.28,86.38,4.93
2007-10-22,27.11,76.4,3.48
2007-10-23,25.92,84.89,6.75
2007-10-24,25.83,84.53,5.39
2007-10-25,26.28,83.58,5.14
2007-10-26,25.79,85.87,5.06
2007-10-27,25.01,86.5,6.56
2007-10-28,26.23,79.95,3.81
2007-10-29,25.75,85.44,1.8
2007-10-30,26.01,82.78,0.73
2007-10-31,26.71,79.93,1.62
2007-11-01,27.26,74.29,1.48
2007-11-02,26.8,78.62,2.39
2007-11-03,25.33,89.09,1.04
2007-11-04,25.81,82.54,1.19
2007-11-05,26.5,76.26,0.58
2007-11-06,27.22,70.14,0.73
2007-11-07,26.99,72.24,1.47
2007-11-08,27.42,66.23,1.27
2007-11-09,27.21,71.5,0.77
2007-11-10,25.46,80.39,1.65
2007-11-11,24.67,76.72,1.24
2007-11-12,26.14,76.51,0.04
2007-11-13,26.09,64.84,0.0
2007-11-14,27.05,59.15,0.15
2007-11-15,25.31,82.08,0.25
2007-11-16,26.4,84.25,0.29
2007-11-17,26.97,79.96,2.78
2007-11-18,26.42,82.65,2.55
2007-11-19,27.21,78.85,4.07
2007-11-20,27.47,76.65,2.03
2007-11-21,27.31,69.94,3.23
2007-11-22,26.96,73.57,0.42
2007-11-23,27.53,69.93,0.24
2007-11-24,27.01,75.1,0.41
2007-11-25,26.57,75.92,0.52
2007-11-26,26.76,65.52,0.6
2007-11-27,27.14,69.36,0.15
2007-11-28,27.29,70.13,0.07
2007-11-29,27.75,64.06,0.14
2007-11-30,28.06,65.17,0.16
2007-12-01,27.66,73.36,0.15
2007-12-02,28.18,68.2,1.42
2007-12-03,26.65,70.36,0.35
2007-12-04,25.72,66.8,0.15
2007-12-05,24.46,67.18,0.01
2007-12-06,24.63,58.5,0.01
2007-12-07,23.88,58.53,0.0
2007-12-08,25.36,55.16,0.0
2007-12-09,25.64,65.08,0.01
2007-12-10,25.29,70.02,0.03
2007-12-11,22.62,67.93,0.0
2007-12-12,22.74,58.56,0.0
2007-12-13,24.22,57.29,0.0
2007-12-14,25.07,57.28,0.0
2007-12-15,24.86,58.55,0.0
2007-12-16,25.78,55.49,0.01
2007-12-17,26.17,51.5,0.01
2007-12-18,25.93,56.06,0.01
2007-12-19,24.68,64.86,0.03
2007-12-20,22.95,62.96,0.01
2007-12-21,21.95,58.3,0.0
2007-12-22,21.49,61.89,0.0
2007-12-23,21.36,59.11,0.0
2007-12-24,21.38,58.03,0.0
2007-12-25,21.67,56.88,0.0
2007-12-26,21.58,57.37,0.0
2007-12-27,22.19,51.77,0.0
2007-12-28,22.22,50.74,0.0
2007-12-29,23.2,53.15,0.0
2007-12-30,23.2,50.6,0.0
2007-12-31,22.05,48.78,0.0
2008-01-01,21.2,50.59,0.0
2008-01-02,21.4,47.27,0.0
2008-01-03,22.02,49.3,0.0
2008-01-04,23.71,53.71,0.0
2008-01-05,25.72,48.49,0.0
2008-01-06,22.75,48.68,0.0
2008-01-07,20.1,45.89,0.0
2008-01-08,19.53,45.79,0.0
2008-01-09,21.45,46.06,0.22
2008-01-10,23.35,47.67,0.37
2008-01-11,23.95,47.79,0.0
2008-01-12,24.45,47.25,0.0
2008-01-13,24.68,47.87,0.0
2008-01-14,24.58,52.68,0.0
2008-01-15,24.33,59.66,0.0
2008-01-16,24.19,46.1,0.02
2008-01-17,22.44,42.51,0.0
2008-01-18,22.29,42.17,0.0
2008-01-19,22.51,44.5,0.0
2008-01-20,21.69,40.83,0.0
2008-01-21,20.69,42.46,0.0
2008-01-22,20.27,42.07,0.0
2008-01-23,19.54,40.98,0.0
2008-01-24,20.0,40.93,0.0
2008-01-25,20.5,40.48,0.0
2008-01-26,20.39,41.47,0.0
2008-01-27,19.89,41.67,0.0
2008-01-28,19.71,40.38,0.0
2008-01-29,19.45,42.98,0.0
2008-01-30,20.15,44.05,0.0
2008-01-31,22.42,43.95,0.0
2008-02-01,22.7,47.53,0.0
2008-02-02,23.35,46.88,0.0
2008-02-03,24.24,43.53,0.0
2008-02-04,25.2,47.69,0.0
2008-02-05,25.78,51.43,0.01
2008-02-06,26.81,55.17,0.14
2008-02-07,26.4,55.03,0.01
2008-02-08,26.1,41.58,0.0
2008-02-09,25.67,38.01,0.01
2008-02-10,25.54,42.66,0.0
2008-02-11,25.01,43.82,0.0
2008-02-12,24.94,40.75,0.0
2008-02-13,24.17,37.17,0.0
2008-02-14,25.29,40.5,0.0
2008-02-15,25.2,44.4,0.0
2008-02-16,24.51,41.87,0.0
2008-02-17,23.65,37.39,0.0
2008-02-18,23.61,35.4,0.0
2008-02-19,23.52,37.42,0.0
2008-02-20,23.72,37.44,0.0
2008-02-21,23.98,34.58,0.0
2008-02-22,24.72,35.31,0.0
2008-02-23,26.21,37.88,0.0
2008-02-24,27.91,35.74,0.0
2008-02-25,27.79,51.56,0.09
2008-02-26,29.26,61.35,0.1
2008-02-27,29.01,63.36,0.05
2008-02-28,29.12,58.8,0.08
2008-02-29,29.43,57.5,0.07
2008-03-01,30.05,53.05,0.1
2008-03-02,29.54,63.02,0.88
2008-03-03,28.84,67.01,1.23
2008-03-04,29.17,67.51,1.75
2008-03-05,29.38,64.08,1.16
2008-03-06,29.74,59.73,1.3
2008-03-07,29.58,50.48,1.72
2008-03-08,28.92,37.92,0.12
2008-03-09,29.55,28.61,0.03
2008-03-10,28.07,63.27,2.27
2008-03-11,28.33,68.81,2.25
2008-03-12,27.09,73.46,3.57
2008-03-13,28.35,53.85,0.02
2008-03-14,27.89,32.47,0.0
2008-03-15,28.55,62.08,2.28
2008-03-16,29.05,64.99,2.62
2008-03-17,29.53,57.41,0.05
2008-03-18,29.28,65.3,0.03
2008-03-19,29.85,59.76,0.03
2008-03-20,30.57,55.94,0.02
2008-03-21,30.81,54.91,0.04
2008-03-22,31.01,56.77,1.34
2008-03-23,30.34,59.35,1.38
2008-03-24,30.57,58.34,1.63
2008-03-25,30.72,58.02,1.92
2008-03-26,30.3,59.42,2.16
2008-03-27,30.48,56.38,0.35
2008-03-28,29.41,66.33,0.34
2008-03-29,30.04,62.85,0.25
2008-03-30,31.82,56.5,0.33
2008-03-31,30.46,63.04,0.81
2008-04-01,30.03,63.03,0.14
2008-04-02,31.44,55.67,0.18
2008-04-03,30.72,58.48,0.24
2008-04-04,30.81,56.57,0.27
2008-04-05,31.34,51.95,0.12
2008-04-06,30.77,57.0,0.67
2008-04-07,30.46,58.59,1.79
2008-04-08,31.67,53.64,0.9
2008-04-09,31.68,43.85,0.92
2008-04-10,30.7,39.7,1.14
2008-04-11,30.2,59.22,1.41
2008-04-12,31.27,55.46,0.77
2008-04-13,30.8,58.64,2.14
2008-04-14,30.77,58.53,1.48
2008-04-15,30.44,58.85,1.12
2008-04-16,30.0,60.46,2.9
2008-04-17,29.55,64.66,2.31
2008-04-18,29.91,62.31,6.16
2008-04-19,29.89,63.01,2.65
2008-04-20,30.92,59.4,2.5
2008-04-21,30.77,64.03,7.06
2008-04-22,29.89,68.74,4.61
2008-04-23,28.76,73.9,5.02
2008-04-24,28.43,74.13,2.52
2008-04-25,27.97,74.34,1.84
2008-04-26,28.95,67.35,3.86
2008-04-27,28.25,71.14,0.56
2008-04-28,28.0,71.1,2.83
2008-04-29,27.9,71.8,2.2
2008-04-30,29.17,67.15,1.95
2008-05-01,30.39,59.31,1.02
2008-05-02,30.48,61.23,2.07
2008-05-03,30.19,64.8,1.59
2008-05-04,30.22,64.11,1.07
2008-05-05,28.87,68.59,2.18
2008-05-06,28.66,66.23,1.65
2008-05-07,29.89,60.95,0.91
2008-05-08,30.72,58.31,1.79
2008-05-09,30.06,63.34,2.67
2008-05-10,27.53,76.04,2.24
2008-05-11,30.08,65.62,11.16
2008-05-12,28.19,76.95,11.03
2008-05-13,26.92,83.12,3.32
2008-05-14,27.11,79.88,4.35
2008-05-15,28.39,72.91,3.46
2008-05-16,27.81,76.33,1.76
2008-05-17,27.98,74.48,1.73
2008-05-18,28.23,73.58,3.41
2008-05-19,28.34,74.59,1.72
2008-05-20,28.46,73.34,3.44
2008-05-21,27.46,77.83,2.91
2008-05-22,27.67,78.26,11.76
2008-05-23,27.89,79.16,7.07
2008-05-24,26.43,85.69,12.37
2008-05-25,26.74,82.69,7.04
2008-05-26,27.52,76.61,0.0
2008-05-27,28.26,70.88,0.0
2008-05-28,27.44,77.05,0.0
2008-05-29,27.04,76.86,0.0
2008-05-30,27.47,68.96,0.0
2008-05-31,28.72,64.83,0.98
2008-06-01,28.77,67.55,3.04
2008-06-02,27.38,78.56,3.71
2008-06-03,26.61,83.19,5.7
2008-06-04,26.94,75.43,1.43
2008-06-05,28.47,69.67,1.62
2008-06-06,28.24,74.47,3.71
2008-06-07,27.55,75.43,3.41
2008-06-08,27.9,70.65,2.69
2008-06-09,27.86,76.09,3.92
2008-06-10,27.47,77.3,4.64
2008-06-11,27.29,78.46,5.9
2008-06-12,27.95,76.7,9.0
2008-06-13,26.87,76.93,3.42
2008-06-14,27.08,72.35,1.67
2008-06-15,27.8,70.12,1.88
2008-06-16,28.01,73.35,2.88
2008-06-17,26.62,75.0,2.76
2008-06-18,26.51,79.51,4.92
2008-06-19,26.57,77.1,1.37
2008-06-20,27.16,71.29,0.75
2008-06-21,27.84,71.42,1.89
2008-06-22,28.11,72.03,3.03
2008-06-23,27.64,77.58,15.43
2008-06-24,26.79,81.03,12.21
2008-06-25,25.05,88.0,7.59
2008-06-26,25.47,83.2,3.65
2008-06-27,27.76,71.12,2.39
2008-06-28,27.5,76.37,3.91
2008-06-29,26.65,81.08,3.76
2008-06-30,25.62,84.4,5.87
2008-07-01,25.86,81.87,5.42
2008-07-02,27.64,73.34,5.17
2008-07-03,26.39,81.35,1.21
2008-07-04,26.94,80.07,4.18
2008-07-05,26.49,81.69,4.79
2008-07-06,26.91,78.17,3.62
2008-07-07,25.62,82.55,6.32
2008-07-08,25.05,87.06,10.34
2008-07-09,25.37,84.9,9.72
2008-07-10,25.35,83.69,1.18
2008-07-11,27.42,73.45,1.62
2008-07-12,27.41,75.2,1.46
2008-07-13,27.39,76.13,1.77
2008-07-14,26.96,77.62,1.63
2008-07-15,25.63,85.51,12.54
2008-07-16,25.64,81.92,4.88
2008-07-17,26.27,78.58,6.19
2008-07-18,25.22,83.93,7.64
2008-07-19,24.41,88.17,6.95
2008-07-20,25.88,84.35,8.8
2008-07-21,26.0,83.4,6.54
2008-07-22,25.14,87.9,14.18
2008-07-23,24.79,87.24,3.82
2008-07-24,25.26,83.7,2.17
2008-07-25,26.48,79.85,2.88
2008-07-26,26.16,82.7,9.71
2008-07-27,24.95,89.12,13.36
2008-07-28,24.97,83.96,5.42
2008-07-29,26.2,78.99,6.95
2008-07-30,26.0,82.1,8.15
2008-07-31,25.61,85.54,3.6
2008-08-01,26.33,80.55,4.67
2008-08-02,25.33,87.1,8.33
2008-08-03,25.29,84.81,6.24
2008-08-04,25.01,86.32,18.61
2008-08-05,24.54,88.24,16.33
2008-08-06,25.68,83.38,12.12
2008-08-07,25.58,86.17,12.38
2008-08-08,25.46,88.03,22.29
2008-08-09,25.04,86.5,4.64
2008-08-10,25.67,84.43,2.09
2008-08-11,25.95,84.48,5.09
2008-08-12,24.76,91.64,6.21
2008-08-13,24.42,90.29,9.96
2008-08-14,25.13,86.17,3.82
2008-08-15,25.66,84.49,8.0
2008-08-16,25.18,88.08,5.3
2008-08-17,25.36,85.3,5.42
2008-08-18,25.13,85.38,5.1
2008-08-19,25.0,87.37,15.96
2008-08-20,25.62,84.91,6.86
2008-08-21,26.51,81.84,3.52
2008-08-22,25.59,86.95,14.16
2008-08-23,25.5,85.85,6.11
2008-08-24,25.48,85.64,3.66
2008-08-25,24.76,88.89,7.88
2008-08-26,25.44,82.53,7.03
2008-08-27,25.73,84.36,4.47
2008-08-28,25.55,86.67,9.48
2008-08-29,25.62,86.12,10.21
2008-08-30,25.72,84.67,2.31
2008-08-31,25.9,84.27,3.88
2008-09-01,26.04,85.2,9.03
2008-09-02,25.26,89.06,10.46
2008-09-03,25.01,89.33,12.73
2008-09-04,25.16,88.87,6.85
2008-09-05,24.69,90.1,7.54
2008-09-06,25.71,85.86,8.39
2008-09-07,26.6,82.01,4.55
2008-09-08,26.74,81.83,5.39
2008-09-09,26.67,77.1,4.57
2008-09-10,26.14,79.16,7.19
2008-09-11,26.3,84.32,3.76
2008-09-12,25.31,89.07,6.46
2008-09-13,26.31,83.23,8.67
2008-09-14,25.72,86.76,9.66
2008-09-15,24.67,93.28,10.86
2008-09-16,25.11,87.47,5.51
2008-09-17,26.24,84.14,6.36
2008-09-18,26.84,82.56,9.31
2008-09-19,25.54,86.78,8.63
2008-09-20,25.75,85.21,5.74
2008-09-21,26.64,81.03,3.06
2008-09-22,26.58,82.72,3.87
2008-09-23,25.96,86.48,9.19
2008-09-24,26.27,82.67,6.22
2008-09-25,26.39,84.68,8.72
2008-09-26,25.37,85.38,8.58
2008-09-27,24.83,92.0,7.59
2008-09-28,24.95,88.61,8.64
2008-09-29,25.56,86.11,8.98
2008-09-30,25.16,88.73,14.16
2008-10-01,25.73,83.82,8.95
2008-10-02,26.56,82.36,4.98
2008-10-03,26.28,87.08,12.48
2008-10-04,25.68,87.08,3.7
2008-10-05,26.84,79.85,5.27
2008-10-06,26.92,82.52,7.68
2008-10-07,26.15,87.39,8.15
2008-10-08,25.32,86.89,3.79
2008-10-09,25.81,85.21,4.64
2008-10-10,26.67,82.18,4.94
2008-10-11,25.11,91.18,9.76
2008-10-12,25.99,84.44,6.36
2008-10-13,26.69,81.49,4.19
2008-10-14,27.22,80.73,2.83
2008-10-15,26.24,85.7,2.68
2008-10-16,26.77,82.45,3.51
2008-10-17,27.25,79.74,2.92
2008-10-18,27.05,81.22,4.16
2008-10-19,25.75,89.62,4.33
2008-10-20,25.93,84.78,3.81
2008-10-21,27.1,76.14,1.06
2008-10-22,26.69,74.41,2.36
2008-10-23,26.32,79.8,0.17
2008-10-24,27.45,74.23,0.18
2008-10-25,27.61,66.84,0.13
2008-10-26,27.11,65.94,0.15
2008-10-27,27.43,69.06,0.23
2008-10-28,27.08,79.2,0.44
2008-10-29,26.81,80.39,1.01
2008-10-30,26.94,81.43,0.58
2008-10-31,26.57,82.17,0.67
2008-11-01,26.86,77.69,0.63
2008-11-02,25.6,68.24,0.04
2008-11-03,25.86,61.93,0.33
2008-11-04,26.08,56.64,0.42
2008-11-05,26.24,55.78,0.25
2008-11-06,25.54,57.43,0.0
2008-11-07,25.58,59.48,0.0
2008-11-08,25.99,55.44,0.0
2008-11-09,25.8,58.88,0.0
2008-11-10,26.17,68.98,0.6
2008-11-11,26.11,79.73,0.3
2008-11-12,25.64,74.98,0.0
2008-11-13,24.36,68.05,0.0
2008-11-14,24.49,69.84,0.0
2008-11-15,24.59,69.35,0.0
2008-11-16,24.39,67.24,0.0
2008-11-17,24.91,60.33,0.0
2008-11-18,25.49,52.58,0.0
2008-11-19,25.92,47.69,0.0
2008-11-20,26.34,66.03,0.05
2008-11-21,27.3,75.47,0.93
2008-11-22,26.72,64.4,0.0
2008-11-23,26.62,55.94,0.0
2008-11-24,27.08,53.64,0.0
2008-11-25,27.75,55.43,0.0
2008-11-26,27.68,51.78,0.03
2008-11-27,27.84,52.24,0.0
2008-11-28,27.64,57.17,0.0
2008-11-29,27.67,56.11,0.0
2008-11-30,27.83,49.97,0.0
2008-12-01,28.14,59.29,0.0
2008-12-02,28.18,71.85,1.38
2008-12-03,28.14,65.73,1.25
2008-12-04,27.48,71.88,2.11
2008-12-05,23.17,50.27,0.02
2008-12-06,21.8,50.01,0.0
2008-12-07,23.68,53.02,0.0
2008-12-08,24.87,48.8,0.0
2008-12-09,25.06,48.79,0.0
2008-12-10,26.85,43.04,0.04
2008-12-11,26.84,66.08,0.07
2008-12-12,27.54,67.96,0.24
2008-12-13,28.01,50.94,0.23
2008-12-14,27.28,64.97,0.25
2008-12-15,27.99,67.27,0.28
2008-12-16,27.95,70.98,0.35
2008-12-17,27.56,67.9,0.39
2008-12-18,26.67,55.85,0.05
2008-12-19,24.98,47.58,0.0
2008-12-20,24.55,50.94,0.0
2008-12-21,24.67,53.36,0.0
2008-12-22,24.17,52.42,0.0
2008-12-23,23.64,49.53,0.0
2008-12-24,23.41,49.81,0.0
2008-12-25,24.06,57.01,0.0
2008-12-26,25.23,56.05,0.0
2008-12-27,25.28,59.16,0.0
2008-12-28,25.18,56.28,0.0
2008-12-29,25.25,51.64,0.0
2008-12-30,24.56,52.06,0.0
2008-12-31,24.08,46.08,0.0
2009-01-01,24.18,45.47,0.0
2009-01-02,25.13,55.03,0.0
2009-01-03,23.82,52.71,0.0
2009-01-04,24.39,53.47,0.0
2009-01-05,26.71,56.43,0.0
2009-01-06,27.76,43.06,0.71
2009-01-07,28.38,43.18,0.61
2009-01-08,27.84,49.4,0.07
2009-01-09,27.63,51.31,0.21
2009-01-10,26.52,44.71,0.01
2009-01-11,27.33,43.56,0.0
2009-01-12,26.4,41.96,0.0
2009-01-13,25.48,41.12,0.0
2009-01-14,25.31,40.15,0.0
2009-01-15,25.43,38.14,0.0
2009-01-16,26.53,37.18,0.0
2009-01-17,26.28,37.71,0.0
2009-01-18,24.98,37.61,0.0
2009-01-19,25.47,37.41,0.0
2009-01-20,23.6,34.23,0.0
2009-01-21,23.39,29.4,0.0
2009-01-22,23.3,27.71,0.0
2009-01-23,22.47,27.64,0.0
2009-01-24,22.94,29.54,0.0
2009-01-25,25.09,35.99,0.0
2009-01-26,27.3,37.68,0.0
2009-01-27,29.14,34.53,0.0
2009-01-28,27.51,34.84,0.0
2009-01-29,28.42,35.57,0.02
2009-01-30,28.54,51.98,0.03
2009-01-31,29.12,65.28,0.23
2009-02-01,29.53,60.33,0.32
2009-02-02,29.87,58.89,0.28
2009-02-03,30.4,56.93,0.25
2009-02-04,30.25,59.55,0.28
2009-02-05,30.41,58.65,0.4
2009-02-06,30.82,55.68,0.29
2009-02-07,30.48,57.34,0.26
2009-02-08,30.1,59.78,0.57
2009-02-09,28.02,50.9,0.39
2009-02-10,29.73,59.97,0.46
2009-02-11,30.48,54.63,0.14
2009-02-12,30.43,45.83,0.36
2009-02-13,29.7,57.55,0.15
2009-02-14,29.93,58.81,0.53
2009-02-15,29.36,60.09,1.25
2009-02-16,28.66,65.01,3.0
2009-02-17,28.25,64.65,0.57
2009-02-18,29.74,55.13,1.55
2009-02-19,29.94,46.94,0.14
2009-02-20,29.14,42.78,0.0
2009-02-21,29.58,37.91,0.0
2009-02-22,29.69,54.5,0.03
2009-02-23,30.22,52.67,0.01
2009-02-24,30.41,54.83,0.07
2009-02-25,30.97,58.07,0.6
2009-02-26,29.97,61.51,0.27
2009-02-27,30.84,55.46,0.68
2009-02-28,30.42,58.67,0.67
2009-03-01,31.07,52.64,0.45
2009-03-02,30.64,51.01,0.09
2009-03-03,31.09,54.26,0.05
2009-03-04,30.75,55.66,0.1
2009-03-05,31.69,53.53,0.1
2009-03-06,32.23,51.43,0.09
2009-03-07,31.46,55.19,0.46
2009-03-08,31.86,42.37,0.32
2009-03-09,31.3,54.14,0.17
2009-03-10,32.12,54.26,0.39
2009-03-11,30.36,58.5,0.83
2009-03-12,30.74,54.84,0.44
2009-03-13,31.22,53.96,1.46
2009-03-14,30.99,51.3,0.6
2009-03-15,30.6,49.13,1.27
2009-03-16,30.11,61.15,0.92
2009-03-17,30.87,56.14,1.24
2009-03-18,30.0,58.42,1.47
2009-03-19,30.23,54.56,0.35
2009-03-20,30.15,58.06,1.37
2009-03-21,31.41,50.42,0.61
2009-03-22,30.37,60.05,0.86
2009-03-23,30.63,59.45,0.93
2009-03-24,31.28,55.98,0.82
2009-03-25,32.3,54.2,1.0
2009-03-26,31.25,58.1,0.98
2009-03-27,30.76,61.76,9.08
2009-03-28,30.82,62.51,7.75
2009-03-29,29.27,70.05,5.44
2009-03-30,30.03,62.78,0.89
2009-03-31,28.56,74.76,11.96
2009-04-01,28.49,74.09,0.94
2009-04-02,27.62,78.9,13.59
2009-04-03,28.19,75.79,5.35
2009-04-04,27.97,76.28,13.52
2009-04-05,28.17,74.94,7.81
2009-04-06,28.53,71.14,2.38
2009-04-07,28.7,71.26,2.9
2009-04-08,27.99,74.64,1.79
2009-04-09,28.7,69.32,1.78
2009-04-10,27.75,76.0,1.94
2009-04-11,28.41,75.92,7.5
2009-04-12,27.35,79.49,8.52
2009-04-13,26.27,86.05,10.91
2009-04-14,27.31,76.2,4.28
2009-04-15,28.07,75.6,10.71
2009-04-16,29.61,67.62,0.72
2009-04-17,28.76,69.27,1.02
2009-04-18,29.2,70.78,1.7
2009-04-19,28.68,74.67,1.42
2009-04-20,28.6,75.55,1.95
2009-04-21,28.4,76.34,6.45
2009-04-22,27.87,78.04,3.94
2009-04-23,28.06,75.82,5.57
2009-04-24,28.84,74.68,7.7
2009-04-25,28.87,74.62,4.58
2009-04-26,29.36,71.95,3.01
2009-04-27,26.77,85.09,6.45
2009-04-28,27.98,78.34,1.47
2009-04-29,28.89,74.62,3.55
2009-04-30,28.34,78.54,3.71
2009-05-01,27.36,82.9,9.15
2009-05-02,27.12,84.49,8.34
2009-05-03,26.65,82.88,9.77
2009-05-04,27.36,81.05,9.02
2009-05-05,27.03,84.87,10.41
2009-05-06,27.26,80.49,0.97
2009-05-07,27.7,76.5,1.37
2009-05-08,28.0,74.34,0.44
2009-05-09,27.45,78.44,0.89
2009-05-10,27.27,77.97,2.4
2009-05-11,27.83,74.6,0.51
2009-05-12,28.9,69.2,0.34
2009-05-13,29.31,67.24,0.49
2009-05-14,27.95,76.19,0.57
2009-05-15,27.15,77.51,0.32
2009-05-16,28.07,74.29,3.66
2009-05-17,28.23,75.44,4.71
2009-05-18,28.65,75.16,2.43
2009-05-19,28.21,77.31,3.17
2009-05-20,28.17,75.02,4.88
2009-05-21,28.63,74.33,2.73
2009-05-22,28.24,77.98,5.51
2009-05-23,27.25,84.46,5.74
2009-05-24,27.48,80.73,6.0
2009-05-25,27.37,82.48,5.96
2009-05-26,27.34,81.25,3.16
2009-05-27,26.84,84.55,9.64
2009-05-28,27.75,79.33,3.49
2009-05-29,28.53,75.54,4.08
2009-05-30,27.39,78.49,3.88
2009-05-31,27.63,78.04,0.96
2009-06-01,28.02,76.62,1.65
2009-06-02,28.06,77.92,0.92
2009-06-03,27.39,82.3,1.18
2009-06-04,27.28,80.5,0.67
2009-06-05,26.77,81.37,4.62
2009-06-06,26.41,76.01,2.03
2009-06-07,28.47,69.22,2.47
2009-06-08,28.44,74.25,0.94
2009-06-09,27.88,79.1,3.11
2009-06-10,27.8,81.0,3.88
2009-06-11,26.89,82.4,4.59
2009-06-12,26.66,80.27,8.34
2009-06-13,26.58,81.85,3.59
2009-06-14,26.55,81.34,2.31
2009-06-15,26.97,80.77,8.72
2009-06-16,26.39,82.11,6.16
2009-06-17,26.91,78.34,3.27
2009-06-18,27.8,75.15,6.62
2009-06-19,26.52,84.42,6.49
2009-06-20,25.57,87.58,4.76
2009-06-21,25.02,84.5,8.25
2009-06-22,26.57,75.52,3.15
2009-06-23,28.02,72.19,2.96
2009-06-24,27.47,79.64,3.58
2009-06-25,26.41,85.94,4.62
2009-06-26,25.1,89.46,9.89
2009-06-27,25.99,79.36,3.08
2009-06-28,26.08,83.31,6.03
2009-06-29,25.86,83.77,5.81
2009-06-30,25.98,81.71,3.3
2009-07-01,25.88,80.22,3.31
2009-07-02,26.04,79.68,4.83
2009-07-03,27.5,77.34,1.96
2009-07-04,26.58,84.57,3.34
2009-07-05,26.15,86.46,3.7
2009-07-06,25.56,87.0,5.32
2009-07-07,25.42,85.85,5.66
2009-07-08,25.81,84.35,5.62
2009-07-09,24.7,89.16,2.09
2009-07-10,25.24,85.21,7.68
2009-07-11,25.23,83.41,4.2
2009-07-12,25.81,80.55,0.76
2009-07-13,26.97,78.27,6.77
2009-07-14,26.51,81.5,5.8
2009-07-15,26.21,82.04,3.26
2009-07-16,26.78,78.33,5.35
2009-07-17,26.68,82.38,9.44
2009-07-18,25.88,84.61,7.8
2009-07-19,25.97,82.25,3.57
2009-07-20,27.04,79.09,11.26
2009-07-21,26.65,83.74,12.69
2009-07-22,25.94,86.28,11.8
2009-07-23,26.2,84.83,13.67
2009-07-24,26.47,83.98,9.65
2009-07-25,25.88,87.56,3.15
2009-07-26,26.25,84.35,1.75
2009-07-27,25.44,86.9,7.3
2009-07-28,24.9,90.54,17.24
2009-07-29,25.94,83.46,5.33
2009-07-30,26.36,84.68,11.43
2009-07-31,25.72,89.45,11.45
2009-08-01,24.99,87.74,14.88
2009-08-02,25.9,85.65,7.61
2009-08-03,25.42,91.18,17.29
2009-08-04,25.89,87.25,5.42
2009-08-05,25.8,86.57,2.7
2009-08-06,25.43,90.0,6.99
2009-08-07,25.08,90.16,6.07
2009-08-08,25.66,84.02,2.63
2009-08-09,26.53,83.0,1.89
2009-08-10,26.35,85.02,1.99
2009-08-11,26.68,81.76,4.44
2009-08-12,26.35,83.85,3.16
2009-08-13,24.77,89.51,6.04
2009-08-14,25.53,86.19,3.18
2009-08-15,25.26,86.0,5.25
2009-08-16,26.12,82.94,8.78
2009-08-17,25.68,86.0,6.96
2009-08-18,25.33,86.0,7.37
2009-08-19,24.63,89.68,4.46
2009-08-20,25.45,84.37,6.48
2009-08-21,25.63,85.15,4.96
2009-08-22,26.08,85.6,7.58
2009-08-23,24.99,87.5,7.28
2009-08-24,26.33,81.0,1.69
2009-08-25,25.88,84.75,5.24
2009-08-26,26.1,84.38,6.29
2009-08-27,26.81,83.23,2.47
2009-08-28,27.1,81.33,2.66
2009-08-29,24.18,91.99,7.02
2009-08-30,25.1,84.6,2.91
2009-08-31,25.63,85.89,4.54
2009-09-01,25.0,90.95,9.21
2009-09-02,25.81,85.63,3.91
2009-09-03,25.11,88.12,10.67
2009-09-04,25.93,83.88,4.3
2009-09-05,27.64,74.61,6.49
2009-09-06,25.45,87.45,10.39
2009-09-07,25.39,87.64,7.28
2009-09-08,26.81,79.97,6.53
2009-09-09,26.98,82.15,6.88
2009-09-10,25.98,87.64,6.93
2009-09-11,25.38,88.07,14.29
2009-09-12,25.46,87.27,6.89
2009-09-13,25.35,87.53,9.02
2009-09-14,25.81,83.6,10.47
2009-09-15,25.41,84.96,10.48
2009-09-16,25.44,85.83,5.68
2009-09-17,25.57,83.54,4.01
2009-09-18,27.07,78.77,2.41
2009-09-19,26.53,86.24,3.47
2009-09-20,25.54,90.05,5.43
2009-09-21,25.37,87.3,3.64
2009-09-22,26.44,82.06,3.42
2009-09-23,27.21,80.96,5.84
2009-09-24,26.47,84.63,2.83
2009-09-25,26.63,84.83,3.25
2009-09-26,25.67,87.06,4.47
2009-09-27,26.04,83.74,3.58
2009-09-28,26.93,79.7,9.28
2009-09-29,26.2,83.84,10.18
2009-09-30,26.49,83.44,10.86
2009-10-01,26.5,84.95,5.88
2009-10-02,26.05,86.35,7.31
2009-10-03,26.74,84.7,1.28
2009-10-04,26.96,83.27,1.62
2009-10-05,26.14,86.3,2.25
2009-10-06,26.18,86.21,3.13
2009-10-07,26.59,84.3,1.61
2009-10-08,26.54,83.0,8.89
2009-10-09,26.6,83.6,5.04
2009-10-10,27.4,79.33,4.72
2009-10-11,27.76,77.11,3.67
2009-10-12,28.01,74.93,4.15
2009-10-13,27.58,79.0,6.22
2009-10-14,26.91,82.84,7.57
2009-10-15,25.97,84.88,15.08
2009-10-16,26.59,82.52,6.89
2009-10-17,27.2,81.92,2.71
2009-10-18,27.41,80.25,0.62
2009-10-19,27.44,78.85,1.07
2009-10-20,26.69,82.98,1.23
2009-10-21,26.12,84.44,1.14
2009-10-22,26.47,81.89,2.29
2009-10-23,26.18,84.87,5.92
2009-10-24,25.51,88.74,5.8
2009-10-25,26.06,83.73,4.49
2009-10-26,26.87,80.68,4.93
2009-10-27,26.53,82.28,6.48
2009-10-28,26.55,80.3,3.75
2009-10-29,26.22,83.32,8.35
2009-10-30,26.19,83.72,4.73
2009-10-31,26.73,82.86,7.24
2009-11-01,26.4,81.59,3.91
2009-11-02,27.17,76.47,1.64
2009-11-03,27.23,75.39,1.85
2009-11-04,26.39,69.25,1.41
2009-11-05,26.21,78.18,1.77
2009-11-06,27.23,78.11,0.93
2009-11-07,27.76,75.86,1.29
2009-11-08,27.16,81.7,2.28
2009-11-09,26.66,82.99,1.8
2009-11-10,27.07,78.46,1.85
2009-11-11,27.53,75.95,2.91
2009-11-12,27.33,78.46,1.34
2009-11-13,27.56,76.53,1.37
2009-11-14,27.12,80.83,1.29
2009-11-15,27.03,77.73,1.71
2009-11-16,27.1,75.81,0.64
2009-11-17,24.64,70.47,0.0
2009-11-18,23.8,67.7,0.0
2009-11-19,24.02,68.3,0.0
2009-11-20,23.78,63.88,0.0
2009-11-21,22.88,66.16,0.0
2009-11-22,23.51,61.88,0.0
2009-11-23,22.89,64.67,0.0
2009-11-24,24.59,65.89,0.0
2009-11-25,24.81,67.72,0.0
2009-11-26,24.61,67.45,0.0
2009-11-27,24.71,66.28,0.0
2009-11-28,25.14,68.06,0.0
2009-11-29,23.96,63.55,0.0
2009-11-30,24.08,64.14,0.0
2009-12-01,24.34,64.23,0.0
2009-12-02,23.36,58.97,0.0
2009-12-03,23.44,56.62,0.0
2009-12-04,23.79,57.93,0.0
2009-12-05,24.18,57.14,0.0
2009-12-06,24.16,60.58,0.0
2009-12-07,23.88,56.4,0.0
2009-12-08,24.73,54.05,0.0
2009-12-09,24.01,56.35,0.0
2009-12-10,25.11,54.14,0.0
2009-12-11,25.77,53.17,0.0
2009-12-12,26.21,59.93,0.23
2009-12-13,26.24,74.48,0.36
2009-12-14,27.2,70.02,0.18
2009-12-15,27.91,66.73,0.21
2009-12-16,27.71,62.43,0.33
2009-12-17,24.8,64.06,0.1
2009-12-18,25.36,54.97,0.0
2009-12-19,26.81,49.47,0.0
2009-12-20,27.52,46.51,0.02
2009-12-21,27.61,55.88,0.17
2009-12-22,26.25,52.38,0.0
2009-12-23,26.4,46.08,0.0
2009-12-24,25.47,49.68,0.0
2009-12-25,24.46,51.92,0.0
2009-12-26,23.46,50.39,0.0
2009-12-27,24.04,47.67,0.0
2009-12-28,25.28,53.66,0.0
2009-12-29,24.66,50.54,0.0
2009-12-30,23.89,48.64,0.0
2009-12-31,24.28,50.31,0.0
2010-01-01,24.85,56.71,0.0
2010-01-02,24.25,49.88,0.0
2010-01-03,23.8,43.77,0.0
2010-01-04,23.25,43.72,0.0
2010-01-05,24.45,37.82,0.0
2010-01-06,25.14,38.98,0.0
2010-01-07,26.27,38.53,0.01
2010-01-08,25.6,41.92,0.1
2010-01-09,24.9,41.83,0.01
2010-01-10,25.7,48.56,0.0
2010-01-11,26.02,41.48,0.59
2010-01-12,25.0,40.48,0.01
2010-01-13,24.74,43.29,0.0
2010-01-14,25.94,44.57,0.02
2010-01-15,26.2,43.28,0.45
2010-01-16,25.09,39.87,0.0
2010-01-17,24.93,34.35,0.0
2010-01-18,24.26,38.54,0.0
2010-01-19,23.39,37.48,0.0
2010-01-20,23.13,33.77,0.0
2010-01-21,24.28,39.36,0.0
2010-01-22,24.99,43.45,0.0
2010-01-23,26.04,39.79,0.0
2010-01-24,26.33,38.91,0.0
2010-01-25,27.86,35.59,0.0
2010-01-26,29.07,39.11,0.03
2010-01-27,29.01,49.89,0.02
2010-01-28,29.49,34.98,0.0
2010-01-29,28.37,33.67,0.0
2010-01-30,26.88,32.02,0.0
2010-01-31,26.11,34.21,0.0
2010-02-01,26.0,33.05,0.0
2010-02-02,26.96,32.44,0.0
2010-02-03,27.75,37.42,0.0
2010-02-04,28.19,45.07,0.0
2010-02-05,26.86,39.53,0.0
2010-02-06,26.38,30.97,0.0
2010-02-07,25.68,34.22,0.0
2010-02-08,25.67,31.63,0.0
2010-02-09,28.45,25.57,0.0
2010-02-10,28.43,41.55,0.93
2010-02-11,28.77,59.14,1.52
2010-02-12,28.07,59.74,2.52
2010-02-13,28.32,65.63,1.84
2010-02-14,30.49,55.27,1.02
2010-02-15,29.74,60.07,0.28
2010-02-16,30.46,58.28,0.54
2010-02-17,31.49,54.01,0.4
2010-02-18,31.71,54.73,0.4
2010-02-19,30.93,59.99,0.5
2010-02-20,31.43,58.85,1.83
2010-02-21,30.07,64.34,1.64
2010-02-22,30.33,62.78,1.18
2010-02-23,30.7,61.33,1.7
2010-02-24,32.17,52.9,1.54
2010-02-25,30.58,56.94,0.05
2010-02-26,31.53,55.34,0.06
2010-02-27,32.36,54.03,0.07
2010-02-28,32.32,53.63,0.08
2010-03-01,32.08,55.57,0.06
2010-03-02,31.31,57.62,0.22
2010-03-03,32.87,48.17,0.2
2010-03-04,31.97,49.15,0.2
2010-03-05,31.98,52.61,0.15
2010-03-06,32.58,50.94,0.19
2010-03-07,30.75,61.04,5.62
2010-03-08,30.09,65.21,5.8
2010-03-09,29.2,70.92,8.56
2010-03-10,30.56,61.76,4.53
2010-03-11,28.49,73.02,8.96
2010-03-12,29.17,70.03,1.43
2010-03-13,29.5,65.27,1.14
2010-03-14,29.08,70.62,1.07
2010-03-15,28.84,70.06,0.61
2010-03-16,29.64,64.47,0.32
2010-03-17,30.33,62.22,2.17
2010-03-18,30.35,61.47,0.68
2010-03-19,30.44,62.38,1.58
2010-03-20,29.77,64.58,2.1
2010-03-21,29.34,52.68,0.14
2010-03-22,27.16,48.51,0.0
2010-03-23,27.24,39.88,0.0
2010-03-24,27.28,43.67,0.02
2010-03-25,27.34,60.38,0.09
2010-03-26,30.12,49.74,0.04
2010-03-27,30.61,47.77,0.03
2010-03-28,29.49,62.38,0.37
2010-03-29,30.81,55.36,0.33
2010-03-30,30.83,47.59,0.28
2010-03-31,31.15,56.96,0.33
2010-04-01,31.98,54.47,1.43
2010-04-02,31.85,56.57,1.45
2010-04-03,31.55,58.35,1.87
2010-04-04,30.02,66.15,1.0
2010-04-05,31.62,58.1,1.52
2010-04-06,30.78,61.28,0.51
2010-04-07,31.72,54.94,0.77
2010-04-08,30.29,62.28,0.59
2010-04-09,31.23,62.04,1.53
2010-04-10,31.34,61.01,0.61
2010-04-11,32.35,55.65,0.32
2010-04-12,33.38,51.69,0.64
2010-04-13,32.83,54.58,0.31
2010-04-14,31.05,60.97,0.89
2010-04-15,32.35,56.76,0.39
2010-04-16,31.83,59.96,2.89
2010-04-17,31.03,63.43,1.2
2010-04-18,33.36,49.91,0.41
2010-04-19,34.24,49.86,2.19
2010-04-20,32.55,57.17,1.59
2010-04-21,31.11,64.22,4.09
2010-04-22,30.01,71.19,5.93
2010-04-23,28.96,75.56,6.78
2010-04-24,29.29,72.45,8.74
2010-04-25,29.68,68.0,5.09
2010-04-26,29.04,73.54,12.51
2010-04-27,27.22,79.43,3.64
2010-04-28,28.91,71.16,4.64
2010-04-29,29.97,67.53,4.1
2010-04-30,28.82,75.86,5.56
2010-05-01,29.25,73.53,2.31
2010-05-02,26.95,85.88,5.28
2010-05-03,28.66,74.37,3.48
2010-05-04,28.51,74.51,3.42
2010-05-05,28.02,78.22,3.78
2010-05-06,28.52,74.3,2.16
2010-05-07,28.06,77.19,4.65
2010-05-08,29.56,70.81,2.46
2010-05-09,29.99,68.67,2.85
2010-05-10,29.73,71.2,1.69
2010-05-11,29.79,72.33,1.11
2010-05-12,29.46,73.83,1.2
2010-05-13,28.47,77.21,0.57
2010-05-14,29.64,66.28,0.5
2010-05-15,30.53,62.57,0.84
2010-05-16,30.86,63.97,1.47
2010-05-17,30.82,65.96,1.07
2010-05-18,30.76,64.47,0.65
2010-05-19,30.95,65.05,2.68
2010-05-20,29.99,68.24,2.62
2010-05-21,29.32,70.01,4.53
2010-05-22,29.95,66.46,1.65
2010-05-23,30.7,64.02,2.01
2010-05-24,29.93,69.21,1.89
2010-05-25,30.74,66.48,2.47
2010-05-26,29.9,71.54,2.62
2010-05-27,30.1,67.52,1.06
2010-05-28,29.85,68.54,1.88
2010-05-29,27.99,79.62,3.12
2010-05-30,28.25,76.93,2.72
2010-05-31,28.14,72.16,7.38
2010-06-01,27.01,76.21,2.07
2010-06-02,27.91,76.14,5.97
2010-06-03,28.45,73.2,3.66
2010-06-04,26.04,86.62,15.55
2010-06-05,26.94,81.27,8.18
2010-06-06,27.71,79.81,7.95
2010-06-07,27.89,80.87,6.24
2010-06-08,27.08,82.98,5.79
2010-06-09,27.24,82.26,7.36
2010-06-10,26.09,86.56,6.3
2010-06-11,27.32,75.53,2.53
2010-06-12,28.66,73.06,1.78
2010-06-13,27.71,81.92,2.11
2010-06-14,28.2,78.98,2.12
2010-06-15,26.87,84.7,8.36
2010-06-16,26.93,80.95,10.24
2010-06-17,26.98,80.65,10.71
2010-06-18,27.27,80.37,11.0
2010-06-19,27.42,81.94,9.96
2010-06-20,27.73,81.42,4.03
2010-06-21,27.66,80.14,4.55
2010-06-22,28.03,76.62,2.55
2010-06-23,27.77,81.15,3.0
2010-06-24,26.97,84.99,4.87
2010-06-25,27.06,80.01,3.59
2010-06-26,25.49,85.22,2.62
2010-06-27,26.27,82.05,3.52
2010-06-28,27.14,78.86,2.98
2010-06-29,28.51,76.68,3.02
2010-06-30,28.01,80.08,2.55
2010-07-01,27.03,82.82,6.0
2010-07-02,25.91,81.54,0.97
2010-07-03,26.89,74.93,1.22
2010-07-04,27.11,77.03,1.25
2010-07-05,26.63,80.68,3.07
2010-07-06,26.24,80.54,2.87
2010-07-07,26.37,82.42,14.1
2010-07-08,27.0,76.85,4.43
2010-07-09,26.65,80.01,5.63
2010-07-10,24.89,90.16,14.35
2010-07-11,24.13,88.25,9.67
2010-07-12,26.14,80.06,4.05
2010-07-13,27.26,75.76,6.68
2010-07-14,25.72,88.0,9.66
2010-07-15,25.84,87.43,13.08
2010-07-16,25.63,87.71,27.27
2010-07-17,25.33,85.33,16.91
2010-07-18,25.77,84.85,9.89
2010-07-19,26.27,84.6,8.42
2010-07-20,25.2,89.38,3.66
2010-07-21,24.51,89.16,8.57
2010-07-22,25.2,85.68,12.91
2010-07-23,25.09,88.21,25.97
2010-07-24,24.19,86.43,3.48
2010-07-25,25.23,83.16,0.04
2010-07-26,26.16,82.71,1.63
2010-07-27,25.37,87.95,2.08
2010-07-28,25.66,83.73,2.26
2010-07-29,26.04,83.98,1.56
2010-07-30,25.04,87.29,1.49
2010-07-31,25.94,81.87,1.58
2010-08-01,26.52,81.96,1.83
2010-08-02,26.46,83.23,1.87
2010-08-03,27.06,78.86,1.39
2010-08-04,25.17,85.09,4.18
2010-08-05,26.64,80.23,3.29
2010-08-06,26.42,82.32,4.85
2010-08-07,26.13,86.6,7.99
2010-08-08,24.91,91.38,12.73
2010-08-09,24.5,90.36,24.75
2010-08-10,25.47,86.29,6.16
2010-08-11,25.8,86.88,16.1
2010-08-12,25.64,88.03,14.41
2010-08-13,24.68,90.03,14.79
2010-08-14,24.12,92.14,12.6
2010-08-15,26.26,82.77,3.07
2010-08-16,27.37,78.53,3.94
2010-08-17,25.44,90.41,11.35
2010-08-18,24.96,86.07,4.02
2010-08-19,25.94,84.0,9.32
2010-08-20,24.95,91.44,15.02
2010-08-21,25.71,86.99,5.99
2010-08-22,25.56,85.49,5.09
2010-08-23,25.43,88.11,6.53
2010-08-24,25.26,89.32,2.65
2010-08-25,26.44,81.25,1.72
2010-08-26,26.09,85.02,1.75
2010-08-27,26.56,83.14,2.13
2010-08-28,26.35,86.2,3.33
2010-08-29,26.66,84.08,5.25
2010-08-30,26.53,86.39,11.26
2010-08-31,25.29,90.1,19.04
2010-09-01,25.55,86.6,5.25
2010-09-02,25.39,86.46,5.79
2010-09-03,26.34,85.7,11.08
2010-09-04,24.86,92.83,6.32
2010-09-05,24.94,89.38,9.5
2010-09-06,24.39,92.21,8.73
2010-09-07,25.23,87.71,4.74
2010-09-08,24.26,93.56,15.07
2010-09-09,24.48,88.46,4.95
2010-09-10,25.32,87.36,8.17
2010-09-11,26.01,82.15,14.35
2010-09-12,26.06,82.85,12.11
2010-09-13,26.19,83.85,7.42
2010-09-14,25.46,89.22,15.71
2010-09-15,25.22,85.57,21.56
2010-09-16,26.55,79.25,5.77
2010-09-17,26.23,84.97,10.45
2010-09-18,25.2,91.81,26.57
2010-09-19,25.61,88.28,16.95
2010-09-20,25.07,88.75,12.27
2010-09-21,26.08,84.59,4.66
2010-09-22,26.74,80.03,9.46
2010-09-23,25.71,88.25,24.47
2010-09-24,25.63,88.73,7.43
2010-09-25,25.09,87.18,5.42
2010-09-26,26.08,83.11,8.13
2010-09-27,26.93,82.53,7.6
2010-09-28,25.43,90.03,6.04
2010-09-29,25.88,84.72,5.46
2010-09-30,27.07,80.12,3.83
2010-10-01,25.69,88.07,4.82
2010-10-02,26.24,80.3,2.81
2010-10-03,27.64,76.68,3.61
2010-10-04,25.69,88.69,8.01
2010-10-05,24.79,90.8,10.69
2010-10-06,26.88,78.17,8.37
2010-10-07,25.51,89.08,20.09
2010-10-08,25.57,84.97,5.32
2010-10-09,26.68,81.83,2.67
2010-10-10,27.27,80.68,1.47
2010-10-11,25.63,88.33,2.59
2010-10-12,26.16,83.11,6.92
2010-10-13,24.69,90.37,7.34
2010-10-14,25.76,88.03,4.48
2010-10-15,26.95,80.14,1.49
2010-10-16,26.63,83.64,1.92
2010-10-17,26.83,84.6,2.08
2010-10-18,26.03,89.1,5.11
2010-10-19,25.72,88.76,6.73
2010-10-20,25.43,88.84,8.58
2010-10-21,25.39,88.46,5.4
2010-10-22,25.38,87.64,6.14
2010-10-23,26.0,84.81,1.71
2010-10-24,25.76,87.05,2.55
2010-10-25,25.71,86.37,2.85
2010-10-26,25.67,86.57,4.4
2010-10-27,26.67,84.91,2.22
2010-10-28,26.75,83.18,8.08
2010-10-29,26.91,82.41,8.01
2010-10-30,26.31,86.05,7.69
2010-10-31,26.36,86.01,7.81
2010-11-01,26.5,85.84,9.14
2010-11-02,26.33,86.0,0.42
2010-11-03,27.24,78.47,0.76
2010-11-04,26.98,79.13,1.24
2010-11-05,26.77,81.32,1.15
2010-11-06,27.13,79.11,1.48
2010-11-07,26.21,84.12,1.54
2010-11-08,25.49,81.79,0.98
2010-11-09,26.2,77.88,0.21
2010-11-10,27.21,78.04,1.07
2010-11-11,28.03,74.46,0.82
2010-11-12,27.44,72.57,0.97
2010-11-13,27.15,71.76,1.04
2010-11-14,26.72,82.99,0.7
2010-11-15,26.45,82.14,0.46
2010-11-16,27.79,74.43,1.03
2010-11-17,26.24,84.29,0.2
2010-11-18,26.15,82.82,0.16
2010-11-19,26.6,77.92,0.13
2010-11-20,26.88,74.6,0.19
2010-11-21,26.14,80.04,0.2
2010-11-22,25.89,85.11,0.18
2010-11-23,26.68,79.24,0.14
2010-11-24,26.72,73.58,0.13
2010-11-25,26.16,68.06,0.06
2010-11-26,26.55,62.2,0.12
2010-11-27,27.36,61.83,0.06
2010-11-28,26.91,76.64,0.08
2010-11-29,27.14,76.34,0.03
2010-11-30,27.42,62.67,0.02
2010-12-01,26.34,57.57,0.01
2010-12-02,26.9,51.09,0.01
2010-12-03,25.94,62.35,0.01
2010-12-04,26.17,60.47,0.0
2010-12-05,25.83,61.62,0.0
2010-12-06,25.44,64.85,0.02
2010-12-07,25.5,61.32,0.04
2010-12-08,24.25,68.89,0.06
2010-12-09,22.18,62.77,0.0
2010-12-10,21.95,63.11,0.0
2010-12-11,21.85,60.86,0.0
2010-12-12,22.46,50.57,0.0
2010-12-13,23.44,55.44,0.0
2010-12-14,24.3,67.65,0.0
2010-12-15,23.86,65.68,0.0
2010-12-16,23.94,62.28,0.0
2010-12-17,24.11,60.26,0.0
2010-12-18,25.0,66.89,0.0
2010-12-19,26.52,69.73,0.0
2010-12-20,24.91,66.55,0.0
2010-12-21,23.58,62.87,0.0
2010-12-22,24.48,55.26,0.0
2010-12-23,24.93,59.89,0.25
2010-12-24,25.12,64.03,0.08
2010-12-25,25.1,57.45,0.05
2010-12-26,26.7,49.78,0.19
2010-12-27,27.32,56.48,0.32
2010-12-28,25.56,56.82,0.01
2010-12-29,25.61,63.1,0.04
2010-12-30,23.32,60.57,0.0
2010-12-31,21.38,59.27,0.0
2011-01-01,20.35,61.76,0.0
2011-01-02,21.03,60.3,0.0
2011-01-03,22.76,62.61,0.0
2011-01-04,23.12,58.71,0.0
2011-01-05,23.84,58.84,0.0
2011-01-06,24.6,63.46,0.0
2011-01-07,24.13,64.22,0.0
2011-01-08,22.17,59.98,0.0
2011-01-09,20.2,61.63,0.0
2011-01-10,21.83,61.53,0.0
2011-01-11,21.57,60.02,0.0
2011-01-12,21.31,58.18,0.0
2011-01-13,21.22,55.12,0.0
2011-01-14,22.02,57.63,0.0
2011-01-15,21.66,61.0,0.0
2011-01-16,20.84,55.46,0.0
2011-01-17,20.32,54.96,0.0
2011-01-18,19.91,56.2,0.0
2011-01-19,21.38,55.96,0.0
2011-01-20,23.1,52.64,0.0
2011-01-21,23.76,59.42,0.0
2011-01-22,24.07,57.25,0.0
2011-01-23,24.54,61.86,0.0
2011-01-24,25.84,54.02,0.0
2011-01-25,27.07,59.05,0.0
2011-01-26,27.31,64.33,0.55
2011-01-27,27.96,66.64,0.41
2011-01-28,26.51,59.49,0.09
2011-01-29,25.53,59.84,0.01
2011-01-30,27.96,67.39,0.46
2011-01-31,28.23,70.26,1.19
2011-02-01,28.36,70.05,1.31
2011-02-02,28.05,73.21,1.69
2011-02-03,27.6,76.1,2.28
2011-02-04,25.4,56.35,0.02
2011-02-05,24.57,43.37,0.0
2011-02-06,24.03,42.57,0.0
2011-02-07,24.86,46.43,0.0
2011-02-08,25.99,47.69,0.0
2011-02-09,26.51,47.95,0.0
2011-02-10,26.97,59.67,0.6
2011-02-11,27.66,68.34,0.48
2011-02-12,28.84,62.42,1.07
2011-02-13,27.07,77.15,1.22
2011-02-14,27.47,67.19,0.37
2011-02-15,27.4,46.66,0.0
2011-02-16,28.91,46.16,0.0
2011-02-17,28.59,52.38,0.01
2011-02-18,28.45,49.46,0.09
2011-02-19,28.22,51.33,0.05
2011-02-20,27.83,47.43,0.04
2011-02-21,28.27,66.93,2.46
2011-02-22,28.6,68.71,2.23
2011-02-23,26.94,78.36,2.89
2011-02-24,28.22,67.4,0.91
2011-02-25,28.83,64.82,2.55
2011-02-26,27.35,73.44,2.08
2011-02-27,26.36,74.73,5.16
2011-02-28,27.72,67.12,0.78
2011-03-01,29.13,60.08,0.14
2011-03-02,28.76,60.6,4.57
2011-03-03,27.39,76.21,7.45
2011-03-04,27.63,72.44,3.63
2011-03-05,27.76,75.58,4.9
2011-03-06,27.92,77.21,4.4
2011-03-07,28.56,73.56,2.15
2011-03-08,28.64,74.35,2.02
2011-03-09,28.38,75.94,2.2
2011-03-10,28.25,76.51,2.15
2011-03-11,29.28,71.6,2.94
2011-03-12,29.26,70.44,5.11
2011-03-13,28.48,76.43,3.83
2011-03-14,28.17,79.12,4.01
2011-03-15,28.2,77.26,2.19
2011-03-16,28.96,71.52,4.23
2011-03-17,28.57,73.36,4.55
2011-03-18,28.38,75.39,3.3
2011-03-19,28.5,73.93,2.26
2011-03-20,27.35,80.48,2.58
2011-03-21,27.34,80.14,4.85
2011-03-22,27.96,74.88,1.08
2011-03-23,28.05,75.07,2.6
2011-03-24,27.9,73.92,1.84
2011-03-25,28.21,73.52,2.43
2011-03-26,27.93,75.08,0.96
2011-03-27,28.94,70.68,0.0
2011-03-28,28.13,74.9,0.0
2011-03-29,29.33,66.74,0.0
2011-03-30,28.56,72.63,0.0
2011-03-31,29.28,66.08,0.0
2011-04-01,28.34,73.78,1.8
2011-04-02,28.37,73.71,2.36
2011-04-03,27.89,74.34,1.6
2011-04-04,27.71,72.41,2.1
2011-04-05,28.78,68.17,0.49
2011-04-06,29.59,57.37,0.3
2011-04-07,28.69,49.51,0.0
2011-04-08,28.93,64.74,0.96
2011-04-09,29.76,65.87,0.71
2011-04-10,28.69,70.2,1.32
2011-04-11,28.66,66.58,0.63
2011-04-12,28.23,56.52,1.13
2011-04-13,29.05,64.2,0.49
2011-04-14,30.16,61.93,0.74
2011-04-15,30.2,64.51,1.02
2011-04-16,29.19,71.24,1.97
2011-04-17,29.63,69.26,1.67
2011-04-18,28.71,73.65,2.43
2011-04-19,28.86,72.5,2.41
2011-04-20,29.2,71.48,1.2
2011-04-21,28.77,74.86,2.49
2011-04-22,28.63,75.97,2.96
2011-04-23,28.17,77.67,3.16
2011-04-24,27.67,77.48,2.42
2011-04-25,28.54,71.57,3.5
2011-04-26,29.26,68.5,2.7
2011-04-27,29.5,69.05,2.18
2011-04-28,27.96,77.26,3.54
2011-04-29,28.06,77.1,2.46
2011-04-30,27.55,77.48,2.64
2011-05-01,28.0,75.57,0.88
2011-05-02,28.53,72.49,2.32
2011-05-03,28.18,76.7,1.9
2011-05-04,28.4,74.81,0.94
2011-05-05,29.62,70.67,0.64
2011-05-06,28.4,74.84,2.83
2011-05-07,28.18,75.89,4.88
2011-05-08,28.03,82.62,6.05
2011-05-09,27.5,81.85,3.65
2011-05-10,28.44,73.24,4.41
2011-05-11,28.77,71.45,3.83
2011-05-12,27.52,78.66,5.75
2011-05-13,27.0,82.29,9.28
2011-05-14,27.59,80.28,12.37
2011-05-15,27.84,79.77,6.52
2011-05-16,27.86,80.0,3.57
2011-05-17,27.96,82.75,6.44
2011-05-18,27.36,85.89,5.47
2011-05-19,27.49,83.89,2.21
2011-05-20,28.33,79.87,2.83
2011-05-21,27.34,83.01,1.39
2011-05-22,26.43,84.11,1.95
2011-05-23,27.5,74.18,0.16
2011-05-24,27.61,77.65,1.4
2011-05-25,28.08,76.19,1.58
2011-05-26,26.9,84.69,4.46
2011-05-27,26.9,84.32,3.94
2011-05-28,26.55,83.05,6.41
2011-05-29,26.44,81.95,4.19
2011-05-30,27.52,78.46,3.41
2011-05-31,26.91,83.06,1.99
2011-06-01,27.01,83.9,1.47
2011-06-02,28.09,78.38,1.01
2011-06-03,27.9,79.1,3.11
2011-06-04,26.48,85.35,1.82
2011-06-05,26.09,85.9,2.13
2011-06-06,27.12,78.94,2.85
2011-06-07,27.62,78.91,4.32
2011-06-08,26.03,85.5,2.26
2011-06-09,26.36,80.63,1.23
2011-06-10,26.8,78.23,2.24
2011-06-11,26.95,80.96,8.33
2011-06-12,26.47,81.87,2.19
2011-06-13,27.18,77.6,1.81
2011-06-14,28.27,72.46,5.43
2011-06-15,28.41,76.51,5.12
2011-06-16,27.33,83.29,3.27
2011-06-17,26.54,85.09,5.87
2011-06-18,26.27,83.26,3.18
2011-06-19,26.78,81.01,3.51
2011-06-20,27.0,80.36,0.93
2011-06-21,26.66,82.41,1.15
2011-06-22,27.01,80.0,1.12
2011-06-23,27.06,79.4,1.65
2011-06-24,26.31,82.13,2.67
2011-06-25,27.0,76.63,2.78
2011-06-26,27.82,74.49,2.37
2011-06-27,27.03,78.06,0.7
2011-06-28,27.55,74.1,1.74
2011-06-29,26.39,83.68,3.96
2011-06-30,25.97,84.46,7.51
2011-07-01,26.12,81.88,8.2
2011-07-02,26.93,80.16,11.38
2011-07-03,26.63,84.96,13.45
2011-07-04,25.6,86.58,8.6
2011-07-05,26.59,81.43,5.24
2011-07-06,26.22,85.3,5.62
2011-07-07,25.82,85.77,6.16
2011-07-08,26.18,84.33,5.4
2011-07-09,26.22,85.16,9.04
2011-07-10,25.4,90.33,24.09
2011-07-11,24.83,88.63,13.87
2011-07-12,25.47,85.28,7.95
2011-07-13,25.47,86.3,7.21
2011-07-14,25.4,86.77,6.34
2011-07-15,25.15,88.14,13.09
2011-07-16,26.07,82.59,9.81
2011-07-17,25.37,85.92,15.08
2011-07-18,24.35,91.48,6.69
2011-07-19,25.55,83.07,3.08
2011-07-20,26.28,84.55,6.77
2011-07-21,25.36,88.42,7.58
2011-07-22,25.91,85.22,4.82
2011-07-23,25.76,85.66,7.34
2011-07-24,25.57,86.32,7.95
2011-07-25,25.32,85.95,3.88
2011-07-26,24.59,87.78,0.77
2011-07-27,25.5,83.45,3.2
2011-07-28,26.63,79.45,2.71
2011-07-29,26.67,82.65,3.16
2011-07-30,25.61,86.92,15.13
2011-07-31,24.74,89.44,8.12
2011-08-01,25.73,87.96,6.21
2011-08-02,26.13,86.06,7.4
2011-08-03,25.9,88.35,5.1
2011-08-04,25.8,86.4,11.26
2011-08-05,25.69,85.92,3.58
2011-08-06,25.08,89.45,11.14
2011-08-07,25.87,84.01,8.03
2011-08-08,25.37,88.02,8.47
2011-08-09,25.11,88.12,5.23
2011-08-10,25.86,84.71,5.59
2011-08-11,26.09,85.22,3.89
2011-08-12,25.87,84.8,5.1
2011-08-13,25.02,88.17,10.6
2011-08-14,24.82,86.71,1.79
2011-08-15,25.65,84.93,2.56
2011-08-16,25.69,88.48,2.44
2011-08-17,24.88,86.6,1.79
2011-08-18,23.86,89.48,2.62
2011-08-19,24.06,88.14,6.37
2011-08-20,25.12,82.2,1.49
2011-08-21,26.4,78.97,1.33
2011-08-22,26.23,83.21,3.65
2011-08-23,25.25,86.5,1.94
2011-08-24,25.88,80.77,5.11
2011-08-25,26.75,77.64,8.06
2011-08-26,25.09,90.28,11.92
2011-08-27,24.47,90.78,11.31
2011-08-28,24.33,91.45,10.95
2011-08-29,25.47,83.58,4.72
2011-08-30,26.56,81.21,2.61
2011-08-31,25.66,85.5,7.53
2011-09-01,25.54,86.55,7.71
2011-09-02,26.99,77.97,2.53
2011-09-03,26.55,83.21,3.12
2011-09-04,26.28,85.98,1.97
2011-09-05,25.99,83.74,2.39
2011-09-06,26.39,82.19,2.09
2011-09-07,26.86,81.53,2.11
2011-09-08,26.75,80.73,6.33
2011-09-09,25.91,83.37,11.93
2011-09-10,26.1,84.76,14.57
2011-09-11,27.11,82.58,9.92
2011-09-12,27.75,79.32,7.87
2011-09-13,26.34,86.51,4.99
2011-09-14,24.82,90.55,9.27
2011-09-15,25.73,81.14,6.67
2011-09-16,26.26,78.9,4.22
2011-09-17,25.42,86.87,3.63
2011-09-18,25.04,89.87,9.59
2011-09-19,25.82,84.17,13.76
2011-09-20,26.66,81.67,4.03
2011-09-21,25.56,88.82,6.45
2011-09-22,25.23,87.6,14.53
2011-09-23,26.58,77.69,11.56
2011-09-24,26.06,84.7,10.03
2011-09-25,26.47,84.14,6.76
2011-09-26,26.97,81.52,9.24
2011-09-27,26.23,84.2,9.3
2011-09-28,25.35,84.99,4.34
2011-09-29,25.65,82.59,4.72
2011-09-30,26.25,80.5,2.18
2011-10-01,26.25,84.01,2.7
2011-10-02,25.6,85.32,2.79
2011-10-03,27.11,79.52,1.47
2011-10-04,27.41,80.72,0.81
2011-10-05,27.24,83.11,1.48
2011-10-06,27.11,83.92,1.89
2011-10-07,26.7,85.75,3.81
2011-10-08,26.5,86.42,8.47
2011-10-09,26.61,84.04,8.1
2011-10-10,26.01,87.06,17.88
2011-10-11,26.15,86.06,4.26
2011-10-12,25.9,87.51,15.74
2011-10-13,24.99,88.23,6.63
2011-10-14,26.08,83.13,4.85
2011-10-15,26.05,85.98,5.9
2011-10-16,26.12,86.35,2.48
2011-10-17,26.53,82.62,1.85
2011-10-18,26.91,81.76,6.79
2011-10-19,26.8,83.72,4.21
2011-10-20,26.88,83.02,3.9
2011-10-21,26.72,84.28,2.25
2011-10-22,26.09,87.04,7.68
2011-10-23,25.97,86.23,1.17
2011-10-24,27.01,80.55,1.36
2011-10-25,26.25,84.01,0.59
2011-10-26,25.53,83.08,0.92
2011-10-27,26.67,76.81,0.99
2011-10-28,26.45,77.21,0.14
2011-10-29,26.4,75.88,0.1
2011-10-30,27.07,73.47,0.25
2011-10-31,27.28,74.63,0.19
2011-11-01,27.17,76.89,0.19
2011-11-02,26.96,76.27,1.03
2011-11-03,27.11,74.29,1.15
2011-11-04,27.18,70.65,0.61
2011-11-05,26.59,74.27,0.1
2011-11-06,26.59,76.82,1.81
2011-11-07,26.79,74.54,0.09
2011-11-08,27.43,66.41,0.07
2011-11-09,27.23,69.79,0.08
2011-11-10,27.53,70.05,0.09
2011-11-11,27.89,64.09,0.11
2011-11-12,27.54,65.58,0.0
2011-11-13,27.67,59.96,0.0
2011-11-14,27.13,61.82,0.0
2011-11-15,27.27,61.63,0.0
2011-11-16,26.41,64.67,0.0
2011-11-17,26.19,50.99,0.0
2011-11-18,26.69,56.56,0.0
2011-11-19,26.93,71.8,0.0
2011-11-20,26.87,73.56,0.0
2011-11-21,27.5,72.45,0.0
2011-11-22,27.65,70.46,0.14
2011-11-23,26.99,72.11,0.02
2011-11-24,26.62,74.49,0.25
2011-11-25,26.97,70.5,0.2
2011-11-26,26.17,63.14,0.26
2011-11-27,26.85,63.46,0.0
2011-11-28,26.66,54.97,0.0
2011-11-29,24.99,56.83,0.0
2011-11-30,23.81,58.24,0.0
2011-12-01,22.66,54.71,0.0
2011-12-02,22.99,52.32,0.0
2011-12-03,22.83,50.62,0.0
2011-12-04,23.08,47.72,0.0
2011-12-05,24.71,46.95,0.0
2011-12-06,24.76,50.91,0.0
2011-12-07,23.67,54.03,0.0
2011-12-08,23.0,55.92,0.0
2011-12-09,22.67,54.14,0.0
2011-12-10,21.16,54.64,0.0
2011-12-11,20.93,55.23,0.0
2011-12-12,20.78,55.81,0.0
2011-12-13,21.16,54.9,0.0
2011-12-14,21.26,50.13,0.0
2011-12-15,21.88,49.22,0.0
2011-12-16,21.97,48.5,0.0
2011-12-17,22.19,48.44,0.0
2011-12-18,20.64,52.16,0.0
2011-12-19,22.64,43.9,0.0
2011-12-20,24.59,41.2,0.0
2011-12-21,23.98,44.47,0.0
2011-12-22,22.82,46.7,0.0
2011-12-23,23.03,47.94,0.0
2011-12-24,22.81,47.29,0.0
2011-12-25,23.08,49.26,0.0
2011-12-26,23.75,51.88,0.0
2011-12-27,24.07,46.71,0.0
2011-12-28,23.72,46.99,0.0
2011-12-29,23.2,45.33,0.0
2011-12-30,22.22,39.07,0.0
2011-12-31,21.91,38.72,0.0
2012-01-01,23.49,46.15,0.0
2012-01-02,23.68,50.91,0.0
2012-01-03,22.8,48.89,0.0
2012-01-04,22.82,43.8,0.0
2012-01-05,22.53,46.26,0.0
2012-01-06,22.43,46.56,0.0
2012-01-07,22.44,42.43,0.0
2012-01-08,22.76,38.06,0.0
2012-01-09,23.45,41.68,0.0
2012-01-10,23.15,40.65,0.0
2012-01-11,22.77,39.57,0.0
2012-01-12,22.46,35.49,0.0
2012-01-13,21.21,38.86,0.0
2012-01-14,20.78,40.81,0.0
2012-01-15,20.88,43.02,0.0
2012-01-16,21.75,40.98,0.0
2012-01-17,23.65,35.28,0.0
2012-01-18,25.27,30.32,0.0
2012-01-19,26.44,31.72,0.0
2012-01-20,27.11,50.33,0.0
2012-01-21,27.2,52.65,0.4
2012-01-22,25.26,38.39,0.0
2012-01-23,25.17,41.3,0.0
2012-01-24,25.33,38.58,0.0
2012-01-25,25.97,39.29,0.0
2012-01-26,26.05,38.16,0.0
2012-01-27,26.79,50.79,0.0
2012-01-28,26.68,37.88,0.0
2012-01-29,26.95,39.01,0.0
2012-01-30,27.53,36.31,0.0
2012-01-31,27.18,42.07,0.0
2012-02-01,27.91,48.04,0.0
2012-02-02,28.12,43.41,0.0
2012-02-03,28.22,42.31,0.0
2012-02-04,29.55,44.87,0.0
2012-02-05,28.91,37.39,0.01
2012-02-06,26.24,26.61,0.0
2012-02-07,24.67,24.36,0.0
2012-02-08,25.01,27.45,0.0
2012-02-09,25.06,27.3,0.0
2012-02-10,26.23,30.27,0.0
2012-02-11,27.1,34.63,0.0
2012-02-12,27.12,32.11,0.0
2012-02-13,26.75,31.44,0.0
2012-02-14,26.98,30.9,0.0
2012-02-15,29.13,30.88,0.01
2012-02-16,28.81,44.7,0.27
2012-02-17,29.23,53.7,0.68
2012-02-18,29.94,55.04,0.58
2012-02-19,30.6,56.13,0.73
2012-02-20,28.91,68.16,7.94
2012-02-21,27.13,75.88,4.5
2012-02-22,27.58,64.69,4.07
2012-02-23,26.58,65.62,6.27
2012-02-24,27.97,60.83,1.94
2012-02-25,29.04,48.17,0.08
2012-02-26,29.55,62.13,0.57
2012-02-27,29.85,62.13,0.99
2012-02-28,29.49,62.75,1.2
2012-02-29,28.23,68.18,0.48
2012-03-01,29.22,62.44,0.67
2012-03-02,27.74,71.05,4.3
2012-03-03,29.83,61.01,0.4
2012-03-04,28.96,64.33,5.07
2012-03-05,28.77,66.05,1.99
2012-03-06,28.71,63.44,3.46
2012-03-07,29.46,60.71,0.78
2012-03-08,30.03,57.49,1.2
2012-03-09,29.3,65.1,2.88
2012-03-10,28.22,48.84,0.52
2012-03-11,26.56,31.13,0.0
2012-03-12,27.2,28.55,0.0
2012-03-13,27.62,29.04,0.0
2012-03-14,28.01,28.09,0.0
2012-03-15,30.01,36.46,0.0
2012-03-16,30.2,44.71,0.0
2012-03-17,30.13,51.67,0.05
2012-03-18,28.24,55.42,0.06
2012-03-19,29.24,60.69,0.04
2012-03-20,29.84,53.54,0.03
2012-03-21,28.83,46.24,0.03
2012-03-22,30.16,49.86,0.04
2012-03-23,29.85,55.95,0.03
2012-03-24,31.09,55.24,0.05
2012-03-25,31.55,52.99,0.05
2012-03-26,30.75,52.6,0.03
2012-03-27,31.7,47.15,0.79
2012-03-28,32.01,48.98,0.77
2012-03-29,32.34,52.15,0.96
2012-03-30,31.39,56.1,1.07
2012-03-31,30.13,60.93,0.89
2012-04-01,29.47,64.72,7.15
2012-04-02,28.42,73.81,11.46
2012-04-03,27.56,77.34,11.75
2012-04-04,26.14,78.9,9.29
2012-04-05,26.66,78.68,6.4
2012-04-06,29.23,65.93,3.5
2012-04-07,27.78,77.16,4.26
2012-04-08,27.72,79.83,5.27
2012-04-09,27.27,81.31,6.67
2012-04-10,28.26,75.48,2.02
2012-04-11,28.57,74.99,6.76
2012-04-12,28.79,75.57,4.83
2012-04-13,27.41,81.81,1.57
2012-04-14,27.15,71.47,1.05
2012-04-15,28.0,70.68,1.87
2012-04-16,28.16,73.05,2.75
2012-04-17,27.81,72.58,1.17
2012-04-18,28.04,71.19,3.29
2012-04-19,27.33,74.4,1.91
2012-04-20,26.7,70.14,2.16
2012-04-21,28.97,65.23,2.17
2012-04-22,29.57,65.69,4.02
2012-04-23,28.03,77.83,3.83
2012-04-24,28.82,71.97,2.5
2012-04-25,27.75,78.51,5.94
2012-04-26,28.58,69.56,0.16
2012-04-27,29.99,60.77,0.95
2012-04-28,30.79,61.94,0.71
2012-04-29,30.15,67.4,0.9
2012-04-30,29.79,68.04,1.2
2012-05-01,29.49,70.48,4.63
2012-05-02,29.24,71.97,4.19
2012-05-03,29.25,73.78,6.22
2012-05-04,27.71,80.7,7.85
2012-05-05,27.75,79.2,3.16
2012-05-06,28.13,76.61,2.12
2012-05-07,28.11,77.38,1.95
2012-05-08,28.36,74.21,2.69
2012-05-09,27.83,76.29,1.44
2012-05-10,28.1,70.55,0.65
2012-05-11,28.49,68.72,3.46
2012-05-12,27.9,73.29,2.97
2012-05-13,27.8,73.58,8.07
2012-05-14,26.46,80.01,12.21
2012-05-15,25.45,86.73,11.64
2012-05-16,26.17,81.36,5.34
2012-05-17,27.77,77.11,1.21
2012-05-18,28.26,75.77,2.2
2012-05-19,27.84,80.29,2.65
2012-05-20,26.84,84.0,2.61
2012-05-21,26.57,79.36,2.36
2012-05-22,27.43,77.77,2.83
2012-05-23,27.49,76.79,3.23
2012-05-24,27.54,77.32,2.38
2012-05-25,27.02,78.1,2.4
2012-05-26,26.94,79.15,4.43
2012-05-27,27.37,78.81,5.05
2012-05-28,27.49,79.57,10.58
2012-05-29,26.71,83.91,15.24
2012-05-30,26.7,83.76,22.72
2012-05-31,26.41,82.74,7.3
2012-06-01,26.34,84.67,4.51
2012-06-02,26.71,83.44,3.97
2012-06-03,25.93,86.13,3.08
2012-06-04,26.64,81.47,2.77
2012-06-05,26.86,81.52,6.92
2012-06-06,26.44,85.21,5.73
2012-06-07,26.74,82.09,2.46
2012-06-08,26.78,81.45,4.13
2012-06-09,27.64,77.34,2.25
2012-06-10,27.04,81.86,2.53
2012-06-11,27.01,85.39,4.68
2012-06-12,26.7,84.0,3.15
2012-06-13,26.63,79.66,3.98
2012-06-14,27.87,72.85,4.48
2012-06-15,26.45,83.14,15.92
2012-06-16,26.44,82.93,3.63
2012-06-17,25.52,85.47,15.63
2012-06-18,25.25,86.04,8.11
2012-06-19,26.29,82.72,6.81
2012-06-20,26.49,82.63,13.59
2012-06-21,25.38,86.63,4.58
2012-06-22,25.79,83.74,9.91
2012-06-23,25.35,86.44,9.97
2012-06-24,25.28,88.46,30.02
2012-06-25,25.11,84.58,9.97
2012-06-26,25.66,82.92,3.49
2012-06-27,25.36,86.59,17.25
2012-06-28,24.11,92.53,21.35
2012-06-29,25.23,85.71,5.25
2012-06-30,25.65,84.1,1.92
2012-07-01,25.45,85.68,5.96
2012-07-02,26.26,81.76,4.28
2012-07-03,25.64,84.07,8.24
2012-07-04,24.8,88.76,7.64
2012-07-05,23.92,88.31,11.54
2012-07-06,25.05,84.07,8.0
2012-07-07,24.32,89.24,6.42
2012-07-08,25.47,84.28,4.92
2012-07-09,25.56,85.48,3.1
2012-07-10,25.87,84.78,7.0
2012-07-11,25.29,87.82,8.43
2012-07-12,24.18,93.28,7.1
2012-07-13,26.09,84.64,5.8
2012-07-14,26.08,85.14,7.88
2012-07-15,24.37,91.35,3.87
2012-07-16,24.64,84.68,2.94
2012-07-17,25.6,82.6,0.55
2012-07-18,26.36,81.19,1.89
2012-07-19,25.57,86.5,5.83
2012-07-20,24.5,87.52,5.79
2012-07-21,25.19,85.37,9.17
2012-07-22,25.08,89.34,12.91
2012-07-23,25.47,86.75,6.38
2012-07-24,24.87,88.74,8.57
2012-07-25,25.72,85.75,1.71
2012-07-26,25.4,87.99,1.68
2012-07-27,24.61,91.33,2.09
2012-07-28,24.82,88.69,1.28
2012-07-29,26.27,81.76,1.09
2012-07-30,26.43,83.31,3.75
2012-07-31,25.34,89.73,5.1
2012-08-01,24.83,89.97,11.88
2012-08-02,25.92,80.11,5.32
2012-08-03,26.62,78.8,4.55
2012-08-04,25.27,86.38,7.95
2012-08-05,25.18,83.81,1.92
2012-08-06,24.94,87.06,1.46
2012-08-07,24.59,91.05,2.07
2012-08-08,25.06,86.5,1.3
2012-08-09,25.51,82.08,1.21
2012-08-10,25.32,86.08,1.93
2012-08-11,25.98,83.72,2.63
2012-08-12,24.79,86.87,5.11
2012-08-13,25.6,82.76,0.71
2012-08-14,24.55,89.26,14.11
2012-08-15,24.02,90.21,17.75
2012-08-16,25.32,82.78,3.19
2012-08-17,25.75,81.57,5.8
2012-08-18,26.65,83.21,8.71
2012-08-19,25.48,85.64,3.7
2012-08-20,25.56,84.98,2.35
2012-08-21,25.12,88.66,3.65
2012-08-22,25.12,84.47,3.37
2012-08-23,25.26,83.94,2.93
2012-08-24,24.82,88.26,5.59
2012-08-25,24.72,89.06,7.54
2012-08-26,26.23,79.97,2.55
2012-08-27,26.84,79.19,1.65
2012-08-28,26.79,82.7,1.69
2012-08-29,25.81,85.14,3.77
2012-08-30,25.62,85.19,3.14
2012-08-31,25.65,84.42,9.32
2012-09-01,25.56,85.32,8.12
2012-09-02,24.34,89.88,6.98
2012-09-03,25.13,86.66,4.14
2012-09-04,25.38,85.99,9.21
2012-09-05,24.35,92.22,13.16
2012-09-06,24.84,85.98,5.56
2012-09-07,26.7,76.19,2.61
2012-09-08,26.46,80.28,5.69
2012-09-09,25.81,84.47,2.84
2012-09-10,26.17,82.11,4.03
2012-09-11,26.56,79.08,6.68
2012-09-12,25.34,84.91,16.68
2012-09-13,25.39,86.78,1.18
2012-09-14,25.86,85.06,0.46
2012-09-15,26.22,82.6,1.37
2012-09-16,25.98,85.16,3.94
2012-09-17,24.59,90.8,2.64
2012-09-18,25.12,85.24,11.1
2012-09-19,25.81,83.08,14.28
2012-09-20,24.93,89.54,12.98
2012-09-21,25.38,89.36,7.56
2012-09-22,25.96,87.07,9.65
2012-09-23,24.57,92.77,2.11
2012-09-24,26.84,77.11,4.87
2012-09-25,27.29,78.72,4.6
2012-09-26,26.33,85.89,4.69
2012-09-27,25.11,91.68,8.36
2012-09-28,25.57,83.57,5.19
2012-09-29,26.02,83.43,6.55
2012-09-30,26.04,85.28,4.14
2012-10-01,25.94,85.34,9.88
2012-10-02,25.96,86.19,7.65
2012-10-03,26.66,81.35,12.43
2012-10-04,27.23,77.11,2.43
2012-10-05,27.73,76.14,4.77
2012-10-06,26.55,84.38,6.27
2012-10-07,26.05,85.26,8.64
2012-10-08,26.12,84.08,9.13
2012-10-09,25.65,88.33,6.77
2012-10-10,27.03,82.11,2.94
2012-10-11,26.94,82.86,1.57
2012-10-12,26.26,86.62,2.42
2012-10-13,26.88,81.71,4.89
2012-10-14,27.15,80.0,4.61
2012-10-15,26.69,84.95,8.36
2012-10-16,26.56,85.33,11.32
2012-10-17,26.52,85.49,16.54
2012-10-18,26.84,81.22,1.53
2012-10-19,26.76,81.63,3.75
2012-10-20,26.26,84.36,1.14
2012-10-21,26.75,82.28,3.31
2012-10-22,26.55,84.16,1.98
2012-10-23,26.22,85.89,6.44
2012-10-24,25.85,85.69,8.19
2012-10-25,25.91,85.37,12.34
2012-10-26,26.31,85.59,15.82
2012-10-27,26.45,85.17,19.24
2012-10-28,26.82,83.18,9.07
2012-10-29,26.6,82.03,3.16
2012-10-30,26.84,81.35,4.01
2012-10-31,26.74,80.31,6.08
2012-11-01,27.6,76.82,4.43
2012-11-02,27.7,73.92,3.62
2012-11-03,26.53,82.97,2.77
2012-11-04,26.92,79.07,1.7
2012-11-05,27.13,78.59,2.29
2012-11-06,26.92,80.1,2.34
2012-11-07,27.24,75.94,1.64
2012-11-08,27.13,75.67,1.84
2012-11-09,27.0,78.52,1.45
2012-11-10,26.92,76.75,2.15
2012-11-11,27.01,74.13,1.63
2012-11-12,27.14,66.52,0.2
2012-11-13,26.47,82.27,0.29
2012-11-14,27.39,78.5,0.19
2012-11-15,27.42,79.97,0.21
2012-11-16,27.21,73.34,0.14
2012-11-17,27.25,63.56,0.01
2012-11-18,27.68,58.89,0.01
2012-11-19,27.82,71.38,0.01
2012-11-20,27.92,76.08,0.01
2012-11-21,28.37,70.66,0.01
2012-11-22,27.47,74.95,5.72
2012-11-23,27.65,74.47,5.05
2012-11-24,27.42,76.52,5.82
2012-11-25,27.17,77.33,2.7
2012-11-26,26.07,82.17,5.9
2012-11-27,26.58,75.84,0.0
2012-11-28,27.11,68.14,0.0
2012-11-29,27.02,70.16,0.01
2012-11-30,27.03,69.12,0.01
2012-12-01,27.39,73.56,0.0
2012-12-02,26.93,77.23,0.41
2012-12-03,25.77,81.67,0.5
2012-12-04,25.27,70.89,0.02
2012-12-05,24.97,64.07,0.0
2012-12-06,24.58,59.88,0.0
2012-12-07,23.72,61.11,0.0
2012-12-08,26.13,62.62,0.0
2012-12-09,27.0,73.79,0.0
2012-12-10,28.0,67.57,0.01
2012-12-11,27.31,75.06,0.01
2012-12-12,27.3,76.04,2.41
2012-12-13,26.96,72.57,1.54
2012-12-14,24.63,63.78,0.31
2012-12-15,24.49,63.68,0.01
2012-12-16,23.86,67.24,0.0
2012-12-17,23.43,64.66,0.0
2012-12-18,22.66,61.33,0.0
2012-12-19,20.17,63.1,0.0
2012-12-20,21.41,58.33,0.0
2012-12-21,22.79,59.0,0.0
2012-12-22,23.26,60.85,0.0
2012-12-23,22.6,58.62,0.0
2012-12-24,23.27,59.46,0.0
2012-12-25,23.58,59.97,0.0
2012-12-26,23.14,59.54,0.0
2012-12-27,22.26,57.96,0.0
2012-12-28,21.81,55.03,0.0
2012-12-29,22.0,53.51,0.0
2012-12-30,21.87,51.06,0.0
2012-12-31,20.72,51.07,0.0
2013-01-01,20.24,52.26,0.0
2013-01-02,21.51,50.67,0.0
2013-01-03,22.18,53.97,0.0
2013-01-04,22.61,51.22,0.0
2013-01-05,21.81,48.41,0.0
2013-01-06,21.37,46.03,0.0
2013-01-07,22.64,50.19,0.0
2013-01-08,23.95,58.17,0.0
2013-01-09,23.54,57.77,0.0
2013-01-10,23.03,54.2,0.0
2013-01-11,22.96,50.62,0.0
2013-01-12,22.44,50.31,0.0
2013-01-13,22.76,48.79,0.0
2013-01-14,23.86,45.36,0.0
2013-01-15,24.8,48.41,0.0
2013-01-16,24.28,46.88,0.0
2013-01-17,24.04,47.67,0.0
2013-01-18,24.97,49.24,0.0
2013-01-19,26.92,42.55,0.0
2013-01-20,27.51,42.82,0.0
2013-01-21,26.29,42.45,0.0
2013-01-22,27.65,43.95,0.0
2013-01-23,29.5,59.72,0.16
2013-01-24,28.47,62.14,1.46
2013-01-25,27.46,50.74,0.22
2013-01-26,27.92,43.12,0.0
2013-01-27,26.48,41.6,0.0
2013-01-28,24.81,41.4,0.0
2013-01-29,24.09,48.32,0.0
2013-01-30,25.15,44.01,0.0
2013-01-31,23.93,38.63,0.0
2013-02-01,22.4,39.14,0.0
2013-02-02,21.68,40.31,0.0
2013-02-03,23.96,38.5,0.0
2013-02-04,24.32,38.52,0.0
2013-02-05,25.17,42.23,0.0
2013-02-06,25.1,51.32,0.0
2013-02-07,25.6,45.01,0.0
2013-02-08,25.77,49.43,0.0
2013-02-09,27.41,48.87,0.0
2013-02-10,26.87,45.14,0.0
2013-02-11,27.85,61.38,0.0
2013-02-12,27.39,36.42,0.0
2013-02-13,27.91,38.74,0.0
2013-02-14,26.63,32.17,0.0
2013-02-15,26.51,29.27,0.0
2013-02-16,27.66,30.66,0.0
2013-02-17,27.87,53.67,0.0
2013-02-18,28.92,49.84,0.0
2013-02-19,27.69,68.79,0.0
2013-02-20,28.56,66.82,2.79
2013-02-21,28.8,69.85,4.64
2013-02-22,29.7,50.72,0.36
2013-02-23,30.3,39.15,0.02
2013-02-24,29.69,54.78,3.19
2013-02-25,29.44,69.77,4.49
2013-02-26,28.76,71.85,3.55
2013-02-27,29.17,73.03,2.82
2013-02-28,30.12,66.04,3.42
2013-03-01,29.59,68.17,1.88
2013-03-02,28.7,71.82,1.17
2013-03-03,29.35,72.27,1.39
2013-03-04,29.43,69.93,1.09
2013-03-05,27.88,75.37,0.56
2013-03-06,31.63,53.82,0.67
2013-03-07,30.3,65.3,0.14
2013-03-08,30.83,64.06,0.11
2013-03-09,30.92,63.18,0.1
2013-03-10,30.17,64.73,0.05
2013-03-11,30.33,61.68,0.07
2013-03-12,29.08,70.97,5.43
2013-03-13,29.58,68.79,5.88
2013-03-14,29.94,67.17,2.81
2013-03-15,27.74,75.85,7.57
2013-03-16,26.6,79.69,5.06
2013-03-17,28.75,70.43,4.36
2013-03-18,29.11,69.82,5.38
2013-03-19,30.65,63.66,2.53
2013-03-20,30.08,68.4,1.39
2013-03-21,29.21,73.96,4.86
2013-03-22,28.74,75.71,3.36
2013-03-23,28.55,72.96,1.87
2013-03-24,28.41,74.55,5.77
2013-03-25,28.86,73.05,2.57
2013-03-26,28.09,76.37,4.5
2013-03-27,27.87,77.23,2.48
2013-03-28,28.58,69.87,4.59
2013-03-29,29.29,64.74,3.29
2013-03-30,29.28,66.88,4.36
2013-03-31,28.81,72.3,5.16
2013-04-01,28.06,74.63,1.61
2013-04-02,27.67,73.57,2.73
2013-04-03,28.63,70.06,3.55
2013-04-04,27.98,76.98,4.69
2013-04-05,28.11,76.55,3.31
2013-04-06,27.72,78.19,2.18
2013-04-07,29.07,69.93,1.59
2013-04-08,28.67,72.53,1.56
2013-04-09,28.12,74.9,0.67
2013-04-10,28.76,71.12,1.11
2013-04-11,29.89,65.58,1.31
2013-04-12,29.46,69.33,2.8
2013-04-13,27.86,79.51,4.69
2013-04-14,29.76,66.64,0.94
2013-04-15,29.14,70.42,1.87
2013-04-16,28.94,70.52,1.58
2013-04-17,28.55,73.51,2.02
2013-04-18,28.66,73.11,3.36
2013-04-19,27.52,78.34,4.52
2013-04-20,27.46,77.75,2.08
2013-04-21,29.51,68.51,3.05
2013-04-22,28.87,72.55,4.13
2013-04-23,28.5,73.26,3.28
2013-04-24,28.89,73.32,2.58
2013-04-25,29.09,72.36,6.91
2013-04-26,29.22,71.15,3.86
2013-04-27,29.16,70.78,3.98
2013-04-28,29.41,69.25,3.33
2013-04-29,29.3,70.92,1.92
2013-04-30,28.94,73.14,3.33
2013-05-01,28.05,76.66,4.87
2013-05-02,28.4,73.38,3.21
2013-05-03,29.19,72.61,14.39
2013-05-04,28.35,80.35,15.49
2013-05-05,28.42,75.26,7.4
2013-05-06,28.18,79.15,1.21
2013-05-07,28.22,76.2,0.66
2013-05-08,27.96,76.71,2.63
2013-05-09,27.87,78.85,1.22
2013-05-10,28.43,75.68,0.89
2013-05-11,27.85,74.38,0.81
2013-05-12,28.49,68.94,0.53
2013-05-13,29.01,67.61,1.18
2013-05-14,28.56,71.56,1.06
2013-05-15,27.46,77.15,1.51
2013-05-16,28.64,73.06,1.91
2013-05-17,28.78,72.39,3.69
2013-05-18,28.22,77.31,2.33
2013-05-19,27.76,76.74,1.81
2013-05-20,28.36,72.85,0.9
2013-05-21,28.38,74.18,1.03
2013-05-22,28.97,71.96,3.1
2013-05-23,27.92,73.67,1.0
2013-05-24,29.19,65.08,1.47
2013-05-25,28.46,73.26,1.89
2013-05-26,27.65,79.97,3.8
2013-05-27,26.94,81.13,14.53
2013-05-28,26.8,77.87,2.31
2013-05-29,27.27,78.3,3.53
2013-05-30,26.23,85.54,5.07
2013-05-31,26.73,82.41,2.37
2013-06-01,27.73,76.52,3.21
2013-06-02,26.3,82.68,3.43
2013-06-03,27.08,77.09,0.85
2013-06-04,27.85,71.36,1.38
2013-06-05,28.04,73.5,2.82
2013-06-06,26.07,82.33,3.49
2013-06-07,26.89,79.95,3.62
2013-06-08,27.98,77.5,3.05
2013-06-09,26.83,83.77,6.3
2013-06-10,27.45,80.15,2.58
2013-06-11,27.74,77.65,1.5
2013-06-12,28.23,73.35,1.21
2013-06-13,27.59,77.79,1.5
2013-06-14,27.74,76.52,1.03
2013-06-15,27.52,79.27,3.38
2013-06-16,27.76,75.75,2.41
2013-06-17,27.69,76.17,5.94
2013-06-18,26.77,82.84,5.25
2013-06-19,26.56,81.68,2.8
2013-06-20,27.32,79.79,6.88
2013-06-21,27.1,79.91,4.28
2013-06-22,27.54,77.6,2.85
2013-06-23,28.07,75.51,4.15
2013-06-24,27.61,73.8,1.04
2013-06-25,27.48,73.83,0.33
2013-06-26,28.13,70.61,1.04
2013-06-27,26.82,77.28,2.06
2013-06-28,25.34,81.51,1.77
2013-06-29,26.84,72.89,0.75
2013-06-30,26.93,75.47,3.98
2013-07-01,26.83,75.65,2.14
2013-07-02,28.22,68.8,1.4
2013-07-03,28.36,67.37,1.04
2013-07-04,27.57,70.74,2.17
2013-07-05,26.61,77.45,10.92
2013-07-06,25.92,82.27,9.2
2013-07-07,25.83,81.6,5.45
2013-07-08,25.27,86.15,17.56
2013-07-09,25.18,84.01,9.52
2013-07-10,25.97,80.93,3.96
2013-07-11,26.72,79.31,4.83
2013-07-12,26.14,82.49,1.14
2013-07-13,25.89,82.98,1.95
2013-07-14,26.04,81.08,2.5
2013-07-15,25.85,82.5,3.03
2013-07-16,26.5,80.17,1.74
2013-07-17,27.17,76.67,1.8
2013-07-18,27.08,77.62,3.19
2013-07-19,26.66,81.22,4.58
2013-07-20,26.06,82.09,6.81
2013-07-21,25.97,84.14,18.69
2013-07-22,26.3,82.51,3.32
2013-07-23,26.52,82.16,8.04
2013-07-24,26.11,84.88,6.24
2013-07-25,25.53,83.66,0.33
2013-07-26,26.15,78.69,0.29
2013-07-27,26.68,77.43,0.35
2013-07-28,26.97,75.9,0.42
2013-07-29,25.97,80.16,0.23
2013-07-30,25.14,82.93,0.22
2013-07-31,26.63,75.84,0.15
2013-08-01,26.14,74.44,0.17
2013-08-02,27.08,71.49,0.13
2013-08-03,27.29,71.58,0.24
2013-08-04,27.54,73.22,3.69
2013-08-05,27.4,76.11,3.1
2013-08-06,26.31,79.18,1.88
2013-08-07,25.98,81.83,10.75
2013-08-08,25.78,81.49,5.92
2013-08-09,26.56,73.96,0.05
2013-08-10,27.18,72.56,0.19
2013-08-11,28.11,70.59,0.25
2013-08-12,26.3,77.1,0.13
2013-08-13,26.05,76.3,0.17
2013-08-14,26.27,75.55,5.37
2013-08-15,26.13,81.92,10.72
2013-08-16,25.84,84.2,10.57
2013-08-17,26.14,77.39,2.7
2013-08-18,26.02,81.19,7.92
2013-08-19,26.38,79.63,1.57
2013-08-20,27.19,76.98,1.13
2013-08-21,26.38,78.69,2.44
2013-08-22,26.84,75.47,3.25
2013-08-23,26.7,77.28,1.1
2013-08-24,27.38,75.74,0.7
2013-08-25,26.67,78.23,3.51
2013-08-26,27.16,75.31,1.08
2013-08-27,27.11,77.1,1.57
2013-08-28,26.22,78.51,1.09
2013-08-29,25.97,80.13,3.56
2013-08-30,25.14,81.87,2.47
2013-08-31,26.48,75.27,2.01
2013-09-01,26.04,75.91,2.4
2013-09-02,25.34,82.13,3.04
2013-09-03,26.92,76.23,1.29
2013-09-04,27.17,74.31,1.73
2013-09-05,27.18,76.5,2.6
2013-09-06,25.85,80.24,3.15
2013-09-07,26.17,77.53,1.35
2013-09-08,26.74,77.19,12.02
2013-09-09,25.94,84.31,8.96
2013-09-10,26.93,74.92,6.65
2013-09-11,26.86,75.09,8.18
2013-09-12,25.91,84.2,12.57
2013-09-13,25.92,83.49,3.41
2013-09-14,25.36,86.54,1.78
2013-09-15,26.36,81.0,1.98
2013-09-16,27.04,78.25,1.17
2013-09-17,27.82,73.48,1.05
2013-09-18,28.43,71.82,2.33
2013-09-19,28.42,72.02,2.75
2013-09-20,27.6,78.11,4.42
2013-09-21,26.2,84.07,4.44
2013-09-22,27.53,77.85,2.6
2013-09-23,26.3,85.22,10.55
2013-09-24,25.21,91.15,20.16
2013-09-25,25.16,84.98,17.17
2013-09-26,26.89,79.11,6.08
2013-09-27,27.09,79.01,4.79
2013-09-28,26.65,83.04,2.35
2013-09-29,26.88,80.36,1.6
2013-09-30,27.01,78.81,3.66
2013-10-01,27.81,75.82,5.07
2013-10-02,27.76,76.18,6.1
2013-10-03,26.57,84.38,9.27
2013-10-04,25.94,84.69,5.7
2013-10-05,26.13,81.51,2.24
2013-10-06,27.04,77.43,3.95
2013-10-07,26.54,81.21,3.88
2013-10-08,26.5,79.73,4.84
2013-10-09,25.59,84.81,8.53
2013-10-10,25.34,85.27,10.08
2013-10-11,26.68,79.62,3.87
2013-10-12,28.24,72.55,2.59
2013-10-13,27.98,73.53,5.56
2013-10-14,27.13,78.45,5.48
2013-10-15,26.58,80.53,6.9
2013-10-16,27.48,78.87,3.94
2013-10-17,28.0,74.55,5.92
2013-10-18,28.07,74.84,0.3
2013-10-19,28.19,73.87,0.39
2013-10-20,28.45,69.3,0.34
2013-10-21,27.91,71.41,0.48
2013-10-22,27.85,71.47,0.29
2013-10-23,27.68,71.08,0.45
2013-10-24,28.31,65.14,0.71
2013-10-25,28.17,68.56,1.08
2013-10-26,28.31,68.74,1.0
2013-10-27,28.96,65.45,1.0
2013-10-28,28.67,67.81,4.38
2013-10-29,27.42,72.44,4.89
2013-10-30,27.6,76.81,3.49
2013-10-31,27.66,73.84,3.28
2013-11-01,28.3,71.12,3.65
2013-11-02,28.04,73.14,0.02
2013-11-03,28.42,66.97,0.02
2013-11-04,27.7,55.58,0.01
2013-11-05,25.81,53.06,0.0
2013-11-06,26.39,47.34,0.0
2013-11-07,28.61,43.46,0.01
2013-11-08,29.53,47.6,0.32
2013-11-09,29.09,61.47,0.27
2013-11-10,29.5,57.83,0.16
2013-11-11,28.93,55.43,0.25
2013-11-12,29.1,54.43,0.13
2013-11-13,28.68,45.23,0.12
2013-11-14,28.77,52.0,0.11
2013-11-15,29.41,60.23,0.21
2013-11-16,29.97,58.71,0.22
2013-11-17,29.58,59.87,1.04
2013-11-18,29.88,57.84,1.04
2013-11-19,29.56,61.3,1.29
2013-11-20,27.95,70.64,0.72
2013-11-21,28.66,67.41,1.35
2013-11-22,28.34,67.96,7.4
2013-11-23,27.5,74.91,8.07
2013-11-24,27.27,74.68,4.79
2013-11-25,27.86,69.87,3.58
2013-11-26,26.97,76.38,9.19
2013-11-27,27.84,70.67,0.12
2013-11-28,28.56,64.71,0.13
2013-11-29,27.37,54.87,0.07
2013-11-30,27.11,46.67,0.03
2013-12-01,26.85,46.67,0.02
2013-12-02,28.6,45.57,0.1
2013-12-03,28.89,51.18,0.81
2013-12-04,27.71,44.75,0.0
2013-12-05,26.93,45.91,0.0
2013-12-06,26.07,36.17,0.0
2013-12-07,25.17,33.98,0.0
2013-12-08,25.13,34.8,0.0
2013-12-09,25.58,35.24,0.0
2013-12-10,26.22,36.47,0.0
2013-12-11,27.08,38.12,0.0
2013-12-12,27.86,38.93,0.0
2013-12-13,27.45,40.37,0.0
2013-12-14,28.39,55.64,0.2
2013-12-15,24.49,45.73,0.24
2013-12-16,24.22,39.36,0.0
2013-12-17,24.31,35.27,0.0
2013-12-18,23.37,34.61,0.0
2013-12-19,23.55,34.99,0.0
2013-12-20,23.84,34.34,0.0
2013-12-21,24.43,33.03,0.0
2013-12-22,25.44,32.87,0.0
2013-12-23,25.13,31.12,0.0
2013-12-24,25.58,32.81,0.0
2013-12-25,26.96,33.89,0.0
2013-12-26,27.53,35.58,0.0
2013-12-27,26.87,35.45,0.0
2013-12-28,27.53,33.03,0.0
2013-12-29,27.76,28.0,0.0
2013-12-30,27.52,29.95,0.01
2013-12-31,27.95,35.56,0.11
2014-01-01,28.21,47.56,0.33
2014-01-02,27.31,25.95,0.06
2014-01-03,26.0,21.48,0.0
2014-01-04,26.71,22.02,0.0
2014-01-05,26.17,24.11,0.01
2014-01-06,25.88,24.43,0.0
2014-01-07,26.07,24.92,0.0
2014-01-08,27.17,29.03,0.0
2014-01-09,27.99,43.0,0.02
2014-01-10,27.88,28.94,0.0
2014-01-11,27.11,28.1,0.05
2014-01-12,26.35,28.24,0.0
2014-01-13,26.02,27.17,0.0
2014-01-14,26.04,28.1,0.0
2014-01-15,27.21,23.67,0.0
2014-01-16,28.82,36.45,0.42
2014-01-17,29.64,53.35,3.89
2014-01-18,28.47,63.82,4.03
2014-01-19,28.46,60.04,0.1
2014-01-20,28.66,40.78,0.0
2014-01-21,27.26,37.32,0.0
2014-01-22,27.38,29.81,0.0
2014-01-23,28.34,27.71,0.01
2014-01-24,29.26,30.46,0.0
2014-01-25,28.62,32.54,0.01
2014-01-26,28.7,30.81,1.78
2014-01-27,28.87,34.66,0.07
2014-01-28,28.61,28.16,0.06
2014-01-29,29.82,45.57,0.89
2014-01-30,31.38,50.32,2.24
2014-01-31,28.62,49.52,2.12
2014-02-01,26.46,32.33,0.0
2014-02-02,25.78,20.8,0.0
2014-02-03,27.18,22.96,0.0
2014-02-04,29.42,25.47,0.04
2014-02-05,28.95,26.69,0.0
2014-02-06,29.57,29.93,0.0
2014-02-07,30.33,26.96,0.0
2014-02-08,30.3,29.12,0.0
2014-02-09,30.15,24.61,0.0
2014-02-10,29.82,24.39,0.0
2014-02-11,29.11,20.39,0.0
2014-02-12,29.5,29.27,0.0
2014-02-13,29.74,23.03,0.0
2014-02-14,28.27,15.11,0.0
2014-02-15,28.14,16.43,0.0
2014-02-16,30.37,44.94,0.0
2014-02-17,31.42,45.24,0.0
2014-02-18,32.31,24.15,0.0
2014-02-19,30.23,20.63,0.0
2014-02-20,30.56,14.43,0.03
2014-02-21,29.69,16.33,0.0
2014-02-22,30.06,17.66,0.0
2014-02-23,30.88,19.07,0.0
2014-02-24,31.8,28.52,0.0
2014-02-25,32.29,45.75,1.81
2014-02-26,32.28,46.7,1.9
2014-02-27,32.13,50.2,2.27
2014-02-28,28.88,44.49,0.05
2014-03-01,27.66,33.29,0.0
2014-03-02,28.09,23.4,0.0
2014-03-03,29.21,18.54,0.0
2014-03-04,30.59,18.84,0.0
2014-03-05,31.75,34.02,0.15
2014-03-06,32.33,45.98,1.78
2014-03-07,32.47,47.9,0.63
2014-03-08,31.97,31.13,0.17
2014-03-09,30.4,24.75,0.25
2014-03-10,31.73,39.61,0.16
2014-03-11,31.22,49.76,0.31
2014-03-12,29.63,59.56,3.87
2014-03-13,29.5,63.17,2.74
2014-03-14,29.89,61.75,2.93
2014-03-15,29.99,61.61,1.37
2014-03-16,30.91,58.2,4.09
2014-03-17,28.61,73.58,4.99
2014-03-18,29.27,68.86,4.38
2014-03-19,29.91,66.74,4.38
2014-03-20,29.74,68.18,4.38
2014-03-21,29.24,73.42,5.75
2014-03-22,29.59,68.22,0.27
2014-03-23,28.23,70.32,0.32
2014-03-24,27.32,70.57,0.27
2014-03-25,30.16,57.72,0.24
2014-03-26,30.65,39.25,0.12
2014-03-27,30.3,51.9,0.97
2014-03-28,28.69,65.76,1.18
2014-03-29,29.87,64.18,6.13
2014-03-30,30.76,60.75,2.34
2014-03-31,27.99,77.61,13.92
2014-04-01,28.13,71.75,0.39
2014-04-02,30.67,59.44,1.49
2014-04-03,29.84,65.28,1.65
2014-04-04,29.66,67.95,1.36
2014-04-05,29.35,68.24,1.79
2014-04-06,28.96,70.76,3.93
2014-04-07,29.14,68.64,9.75
2014-04-08,29.24,70.31,5.01
2014-04-09,29.19,71.3,5.5
2014-04-10,28.06,75.71,4.11
2014-04-11,29.23,67.25,4.23
2014-04-12,30.09,65.8,4.04
2014-04-13,28.55,73.67,5.26
2014-04-14,27.94,75.75,2.16
2014-04-15,29.78,65.33,0.59
2014-04-16,30.6,61.88,1.24
2014-04-17,30.71,63.73,2.81
2014-04-18,29.76,68.23,3.05
2014-04-19,29.33,70.63,2.74
2014-04-20,29.65,67.08,3.38
2014-04-21,29.05,70.87,1.3
2014-04-22,29.26,70.43,1.48
2014-04-23,29.64,69.78,1.12
2014-04-24,29.17,70.77,1.21
2014-04-25,29.4,68.62,1.16
2014-04-26,28.21,78.7,7.91
2014-04-27,28.44,72.32,2.66
2014-04-28,29.69,65.04,4.88
2014-04-29,27.45,75.98,6.41
2014-04-30,26.84,79.45,7.38
2014-05-01,28.03,70.58,1.75
2014-05-02,29.54,67.02,4.88
2014-05-03,29.4,71.7,3.31
2014-05-04,29.64,71.0,4.57
2014-05-05,28.55,78.29,6.83
2014-05-06,27.33,82.99,2.98
2014-05-07,27.92,78.96,2.62
2014-05-08,27.22,80.12,4.48
2014-05-09,27.73,75.3,2.35
2014-05-10,28.43,70.18,2.72
2014-05-11,29.94,64.32,1.14
2014-05-12,30.37,62.58,4.49
2014-05-13,29.05,72.91,5.55
2014-05-14,28.15,76.01,4.72
2014-05-15,27.51,77.65,3.89
2014-05-16,28.49,69.54,1.14
2014-05-17,28.52,69.41,0.88
2014-05-18,29.41,67.56,1.32
2014-05-19,29.92,63.55,0.43
2014-05-20,31.61,55.26,0.12
2014-05-21,29.67,63.73,0.23
2014-05-22,30.5,64.43,0.22
2014-05-23,30.33,63.77,0.28
2014-05-24,31.01,58.68,0.16
2014-05-25,31.31,59.98,0.21
2014-05-26,31.0,62.05,3.57
2014-05-27,28.99,72.56,2.95
2014-05-28,28.49,74.44,2.14
2014-05-29,28.08,75.6,3.56
2014-05-30,28.54,70.9,4.19
2014-05-31,29.89,65.64,3.28
2014-06-01,28.89,72.58,5.41
2014-06-02,28.67,71.8,5.21
2014-06-03,29.55,69.43,2.82
2014-06-04,29.28,72.62,4.31
2014-06-05,27.98,78.98,16.91
2014-06-06,26.65,82.88,6.9
2014-06-07,28.1,76.05,1.38
2014-06-08,28.55,74.05,1.72
2014-06-09,26.71,83.15,4.7
2014-06-10,26.63,85.0,3.11
2014-06-11,27.03,78.85,1.34
2014-06-12,27.57,74.36,2.96
2014-06-13,26.69,81.82,5.06
2014-06-14,27.01,79.03,1.98
2014-06-15,28.61,74.18,1.16
2014-06-16,28.62,74.64,3.41
2014-06-17,27.35,81.63,5.74
2014-06-18,27.23,79.09,3.43
2014-06-19,28.4,72.37,1.27
2014-06-20,28.97,71.75,3.96
2014-06-21,27.93,79.12,3.72
2014-06-22,27.74,78.76,2.78
2014-06-23,27.0,79.58,4.17
2014-06-24,27.69,72.98,1.06
2014-06-25,28.7,68.39,1.21
2014-06-26,28.26,72.14,3.18
2014-06-27,28.19,73.58,2.93
2014-06-28,27.15,77.63,2.69
2014-06-29,26.67,80.98,7.07
2014-06-30,27.55,74.87,2.72
2014-07-01,27.42,76.27,1.75
2014-07-02,26.83,78.22,2.99
2014-07-03,26.95,76.14,2.57
2014-07-04,27.58,74.95,2.06
2014-07-05,27.06,75.12,0.12
2014-07-06,27.99,70.04,0.19
2014-07-07,27.85,70.21,0.22
2014-07-08,28.54,66.04,0.2
2014-07-09,29.18,61.57,0.26
2014-07-10,28.75,65.55,0.59
2014-07-11,30.01,62.46,0.76
2014-07-12,30.01,62.56,0.72
2014-07-13,28.47,68.66,1.15
2014-07-14,29.09,66.81,1.66
2014-07-15,29.13,67.59,5.92
2014-07-16,27.87,77.45,13.01
2014-07-17,26.72,80.94,5.84
2014-07-18,25.72,82.28,8.87
2014-07-19,26.96,74.64,3.3
2014-07-20,27.53,78.37,4.11
2014-07-21,27.55,79.13,4.92
2014-07-22,26.58,82.58,8.41
2014-07-23,25.44,87.63,10.79
2014-07-24,26.25,80.12,3.19
2014-07-25,26.97,76.98,0.61
2014-07-26,27.78,75.04,0.39
2014-07-27,28.1,73.63,0.37
2014-07-28,27.85,75.8,0.89
2014-07-29,27.13,79.41,1.23
2014-07-30,26.74,82.14,4.59
2014-07-31,26.51,79.97,3.54
2014-08-01,25.13,81.27,2.5
2014-08-02,25.85,80.62,4.83
2014-08-03,26.05,81.63,5.88
2014-08-04,26.62,80.73,7.94
2014-08-05,26.48,82.16,7.27
2014-08-06,25.91,85.46,11.43
2014-08-07,25.43,84.15,4.93
2014-08-08,25.72,84.7,7.39
2014-08-09,25.28,82.55,0.88
2014-08-10,26.6,77.71,0.85
2014-08-11,27.62,74.42,0.51
2014-08-12,26.42,80.17,0.99
2014-08-13,26.21,76.72,1.02
2014-08-14,26.91,77.17,0.73
2014-08-15,27.43,77.34,1.52
2014-08-16,26.0,86.58,4.04
2014-08-17,27.06,75.57,1.73
2014-08-18,25.32,82.09,1.9
2014-08-19,25.72,83.23,8.77
2014-08-20,26.1,80.04,4.05
2014-08-21,24.82,87.1,11.31
2014-08-22,24.42,89.59,21.48
2014-08-23,24.95,86.85,9.99
2014-08-24,26.03,81.16,3.98
2014-08-25,27.09,77.49,5.22
2014-08-26,25.89,87.67,10.37
2014-08-27,25.78,85.01,8.67
2014-08-28,26.89,80.4,4.51
2014-08-29,27.53,79.4,2.95
2014-08-30,26.84,83.01,3.78
2014-08-31,26.69,82.04,2.96
2014-09-01,25.4,86.46,5.84
2014-09-02,24.77,87.3,6.95
2014-09-03,25.82,83.36,5.9
2014-09-04,27.29,78.21,5.58
2014-09-05,26.04,82.07,9.88
2014-09-06,25.24,82.86,7.52
2014-09-07,24.5,87.68,11.21
2014-09-08,26.43,79.19,7.63
2014-09-09,26.64,78.26,7.66
2014-09-10,25.86,83.56,15.38
2014-09-11,26.3,81.73,8.39
2014-09-12,27.13,77.31,8.1
2014-09-13,26.24,84.05,6.93
2014-09-14,26.37,84.1,10.51
2014-09-15,26.22,85.24,9.69
2014-09-16,25.98,85.55,16.01
2014-09-17,25.58,84.61,15.2
2014-09-18,25.31,87.06,5.52
2014-09-19,24.99,85.61,2.66
2014-09-20,26.57,79.57,2.7
2014-09-21,25.66,88.21,2.0
2014-09-22,26.82,80.2,1.66
2014-09-23,27.2,80.82,22.07
2014-09-24,26.15,86.82,9.6
2014-09-25,26.49,81.52,4.39
2014-09-26,26.97,79.17,7.79
2014-09-27,26.17,82.89,7.1
2014-09-28,26.08,83.1,6.32
2014-09-29,25.77,84.64,2.73
2014-09-30,26.17,81.33,3.12
2014-10-01,24.72,91.2,4.43
2014-10-02,25.28,87.9,9.14
2014-10-03,26.7,79.76,8.6
2014-10-04,26.46,81.29,6.22
2014-10-05,25.71,86.75,8.9
2014-10-06,26.82,80.54,6.8
2014-10-07,27.09,80.59,5.23
2014-10-08,26.81,80.82,5.73
2014-10-09,27.62,78.68,3.44
2014-10-10,27.8,77.9,4.31
2014-10-11,27.08,82.75,6.55
2014-10-12,25.31,90.86,6.51
2014-10-13,25.03,88.65,13.51
2014-10-14,25.78,86.53,5.67
2014-10-15,27.25,78.15,3.7
2014-10-16,27.45,77.53,4.23
2014-10-17,27.57,77.97,5.09
2014-10-18,27.14,79.64,1.36
2014-10-19,26.55,82.36,3.62
2014-10-20,26.64,79.98,1.4
2014-10-21,27.14,76.9,4.51
2014-10-22,27.02,77.24,2.59
2014-10-23,27.0,77.74,1.26
2014-10-24,27.07,76.82,1.69
2014-10-25,27.55,76.43,2.23
2014-10-26,26.86,82.98,2.37
2014-10-27,26.5,81.25,2.1
2014-10-28,27.35,77.2,1.17
2014-10-29,27.31,78.13,1.5
2014-10-30,28.22,73.15,1.84
2014-10-31,27.25,78.04,1.45
2014-11-01,27.16,78.4,1.18
2014-11-02,27.47,74.18,1.01
2014-11-03,27.51,73.86,2.09
2014-11-04,27.47,74.17,2.25
2014-11-05,26.6,77.11,1.88
2014-11-06,27.09,73.98,0.21
2014-11-07,27.72,70.77,0.22
2014-11-08,28.27,71.72,0.84
2014-11-09,28.3,68.92,0.63
2014-11-10,28.16,72.02,0.98
2014-11-11,26.85,77.14,0.73
2014-11-12,27.81,71.53,0.46
2014-11-13,27.89,73.27,0.27
2014-11-14,28.09,71.1,0.32
2014-11-15,28.2,68.41,0.23
2014-11-16,28.52,63.04,0.3
2014-11-17,28.47,66.76,0.48
2014-11-18,27.68,71.6,0.32
2014-11-19,27.83,70.73,0.64
2014-11-20,28.37,65.17,0.51
2014-11-21,27.31,71.01,0.37
2014-11-22,28.4,62.4,0.03
2014-11-23,28.2,56.42,0.04
2014-11-24,28.01,51.63,0.0
2014-11-25,27.71,57.84,0.0
2014-11-26,27.78,68.25,0.02
2014-11-27,28.41,64.24,0.01
2014-11-28,27.85,67.41,0.02
2014-11-29,28.08,66.74,0.02
2014-11-30,28.56,65.14,0.0
2014-12-01,29.25,52.74,0.0
2014-12-02,29.21,41.61,0.0
2014-12-03,27.01,38.51,0.0
2014-12-04,26.0,51.68,0.0
2014-12-05,27.89,58.3,0.0
2014-12-06,29.06,54.41,0.01
2014-12-07,29.29,51.53,0.0
2014-12-08,28.39,46.94,0.0
2014-12-09,28.75,57.43,0.0
2014-12-10,28.75,47.64,0.0
2014-12-11,25.47,36.65,0.0
2014-12-12,24.12,36.51,0.0
2014-12-13,25.38,41.79,0.0
2014-12-14,26.82,46.71,0.0
2014-12-15,27.1,45.33,0.0
2014-12-16,27.49,54.27,0.0
2014-12-17,28.76,57.04,0.11
2014-12-18,29.02,56.31,0.16
2014-12-19,28.62,58.58,0.22
2014-12-20,27.02,46.06,0.01
2014-12-21,27.58,39.43,0.0
2014-12-22,27.5,46.44,0.01
2014-12-23,26.23,42.66,0.0
2014-12-24,24.91,39.79,0.0
2014-12-25,23.31,35.8,0.0
2014-12-26,22.46,36.79,0.0
2014-12-27,22.66,34.61,0.0
2014-12-28,23.25,34.57,0.0
2014-12-29,24.14,35.23,0.0
2014-12-30,24.31,36.13,0.0
2014-12-31,24.15,30.48,0.0
2015-01-01,24.36,25.36,0.0
2015-01-02,24.28,33.82,0.0
2015-01-03,24.78,34.59,0.0
2015-01-04,23.33,30.34,0.0
2015-01-05,23.18,31.11,0.0
2015-01-06,22.78,30.14,0.0
2015-01-07,22.63,32.83,0.0
2015-01-08,22.94,36.7,0.0
2015-01-09,23.17,33.13,0.0
2015-01-10,21.39,30.52,0.0
2015-01-11,21.38,26.74,0.0
2015-01-12,21.17,27.29,0.0
2015-01-13,20.74,27.11,0.0
2015-01-14,22.58,29.29,0.0
2015-01-15,23.31,33.05,0.0
2015-01-16,24.16,32.43,0.0
2015-01-17,25.29,29.79,0.0
2015-01-18,25.37,30.2,0.0
2015-01-19,25.6,27.27,0.0
2015-01-20,26.34,26.15,0.0
2015-01-21,28.11,44.35,0.11
2015-01-22,28.9,47.47,0.01
2015-01-23,27.2,26.22,0.0
2015-01-24,27.86,26.78,0.0
2015-01-25,28.31,29.46,0.0
2015-01-26,28.56,30.04,0.0
2015-01-27,27.75,22.37,0.0
2015-01-28,27.21,19.79,0.0
2015-01-29,27.09,22.0,0.0
2015-01-30,28.13,32.7,0.0
2015-01-31,30.37,43.7,0.03
2015-02-01,30.53,47.56,0.02
2015-02-02,30.24,45.4,0.0
2015-02-03,30.52,32.66,0.0
2015-02-04,31.62,50.65,0.05
2015-02-05,32.78,43.7,0.0
2015-02-06,32.35,44.66,0.0
2015-02-07,32.79,46.93,0.03
2015-02-08,32.59,39.05,0.0
2015-02-09,31.74,50.69,0.08
2015-02-10,31.18,53.45,0.31
2015-02-11,32.18,50.29,0.52
2015-02-12,29.71,60.52,0.97
2015-02-13,30.71,52.37,0.1
2015-02-14,31.02,52.27,0.06
2015-02-15,31.29,52.94,0.05
2015-02-16,32.02,49.75,0.38
2015-02-17,31.87,40.69,0.11
2015-02-18,30.17,52.24,0.17
2015-02-19,30.17,56.37,1.29
2015-02-20,30.19,57.33,3.96
2015-02-21,28.94,64.98,3.87
2015-02-22,27.17,61.25,0.24
2015-02-23,28.35,43.21,0.0
2015-02-24,28.68,27.63,0.0
2015-02-25,28.9,22.22,0.0
2015-02-26,28.32,21.01,0.0
2015-02-27,27.29,18.0,0.0
2015-02-28,28.36,19.42,0.0
2015-03-01,29.13,15.77,0.0
2015-03-02,28.84,15.77,0.0
2015-03-03,29.59,24.69,0.0
2015-03-04,31.57,43.46,0.13
2015-03-05,31.58,40.96,0.0
2015-03-06,31.08,29.01,0.0
2015-03-07,30.79,23.06,0.0
2015-03-08,31.2,19.25,0.0
2015-03-09,30.62,21.94,0.0
2015-03-10,31.31,45.14,0.0
2015-03-11,33.08,39.06,0.0
2015-03-12,33.23,44.5,0.04
2015-03-13,32.0,51.42,3.25
2015-03-14,32.42,47.07,0.36
2015-03-15,32.64,37.78,0.0
2015-03-16,31.2,52.62,0.42
2015-03-17,31.46,52.72,3.51
2015-03-18,30.06,60.29,1.03
2015-03-19,31.67,47.75,0.05
2015-03-20,32.01,43.59,0.05
2015-03-21,29.39,69.17,12.17
2015-03-22,27.24,81.19,10.52
2015-03-23,29.96,66.29,0.88
2015-03-24,29.94,65.05,2.59
2015-03-25,27.22,80.07,12.84
2015-03-26,28.75,66.48,1.18
2015-03-27,29.67,63.23,0.0
2015-03-28,29.59,54.91,0.0
2015-03-29,28.63,43.46,0.0
2015-03-30,28.99,49.44,0.0
2015-03-31,29.52,60.34,0.0
2015-04-01,28.8,62.16,0.61
2015-04-02,29.33,55.77,0.1
2015-04-03,30.77,47.49,0.0
2015-04-04,30.36,56.8,0.6
2015-04-05,29.45,63.16,1.29
2015-04-06,28.7,69.86,7.88
2015-04-07,29.73,64.16,0.82
2015-04-08,29.34,68.23,1.19
2015-04-09,29.37,67.99,1.87
2015-04-10,29.85,64.95,0.19
2015-04-11,29.42,69.37,1.84
2015-04-12,28.37,75.64,3.07
2015-04-13,30.31,62.54,0.13
2015-04-14,29.64,49.91,0.0
2015-04-15,29.16,35.95,0.0
2015-04-16,29.5,43.96,0.0
2015-04-17,30.59,41.37,0.02
2015-04-18,31.73,52.11,0.04
2015-04-19,32.06,52.39,0.35
2015-04-20,31.93,53.11,0.13
2015-04-21,31.2,58.2,0.38
2015-04-22,31.35,58.17,0.79
2015-04-23,31.54,56.88,0.25
2015-04-24,31.01,59.21,0.67
2015-04-25,30.6,61.21,0.56
2015-04-26,29.47,65.58,1.68
2015-04-27,28.85,67.86,1.87
2015-04-28,30.56,56.38,0.19
2015-04-29,31.83,54.74,0.38
2015-04-30,32.04,52.75,0.36
2015-05-01,32.32,53.42,0.25
2015-05-02,31.88,53.89,0.72
2015-05-03,31.76,56.32,1.0
2015-05-04,29.87,65.02,2.79
2015-05-05,29.61,61.85,1.17
2015-05-06,30.13,62.0,0.08
2015-05-07,32.41,52.19,0.04
2015-05-08,31.85,55.95,1.32
2015-05-09,28.43,74.79,16.17
2015-05-10,29.28,66.7,1.72
2015-05-11,29.27,65.98,1.71
2015-05-12,30.57,62.9,0.77
2015-05-13,30.6,63.0,1.53
2015-05-14,31.38,59.94,1.03
2015-05-15,28.25,75.02,8.95
2015-05-16,29.22,67.19,0.51
2015-05-17,30.4,62.31,0.28
2015-05-18,28.44,73.65,3.81
2015-05-19,28.97,69.18,2.1
2015-05-20,30.4,61.81,0.78
2015-05-21,30.72,61.84,0.76
2015-05-22,29.87,69.04,8.26
2015-05-23,28.66,71.48,2.45
2015-05-24,29.3,64.82,0.32
2015-05-25,30.16,62.63,0.16
2015-05-26,30.81,60.74,0.2
2015-05-27,29.89,67.38,2.36
2015-05-28,28.51,70.31,1.74
2015-05-29,30.04,62.5,0.57
2015-05-30,30.95,61.04,0.63
2015-05-31,29.06,69.21,1.59
2015-06-01,28.45,70.87,2.23
2015-06-02,28.54,71.0,2.17
2015-06-03,28.8,69.2,16.03
2015-06-04,28.45,71.11,1.62
2015-06-05,28.42,71.28,3.64
2015-06-06,27.7,74.64,4.16
2015-06-07,27.85,75.39,7.55
2015-06-08,27.74,75.96,2.58
2015-06-09,28.03,70.66,1.27
2015-06-10,27.69,76.27,3.83
2015-06-11,27.73,75.24,0.85
2015-06-12,28.95,70.65,0.5
2015-06-13,28.1,75.32,1.08
2015-06-14,27.64,77.7,13.21
2015-06-15,27.51,73.51,3.57
2015-06-16,28.7,69.9,2.1
2015-06-17,29.11,67.73,1.09
2015-06-18,28.92,68.64,0.8
2015-06-19,28.59,72.17,1.65
2015-06-20,28.89,68.0,2.43
2015-06-21,29.05,65.39,0.88
2015-06-22,29.42,63.23,1.23
2015-06-23,29.36,64.7,0.86
2015-06-24,29.44,65.16,1.18
2015-06-25,28.99,64.89,0.58
2015-06-26,29.63,62.98,0.63
2015-06-27,29.59,64.82,1.84
2015-06-28,29.35,65.2,1.71
2015-06-29,29.89,62.0,0.45
2015-06-30,29.77,59.89,3.99
2015-07-01,30.36,60.96,1.68
2015-07-02,30.75,61.5,2.16
2015-07-03,28.36,70.78,11.11
2015-07-04,27.18,74.93,1.15
2015-07-05,27.38,75.02,6.52
2015-07-06,27.69,75.22,5.8
2015-07-07,28.31,75.27,5.78
2015-07-08,27.28,81.21,7.39
2015-07-09,27.86,78.18,8.64
2015-07-10,27.59,78.32,3.53
2015-07-11,28.29,76.11,17.57
2015-07-12,27.39,80.81,7.53
2015-07-13,27.47,77.19,1.97
2015-07-14,27.71,75.6,1.01
2015-07-15,26.78,80.77,14.82
2015-07-16,25.81,82.83,4.44
2015-07-17,27.29,78.11,3.61
2015-07-18,28.74,73.5,1.72
2015-07-19,27.85,78.64,3.11
2015-07-20,26.22,85.69,13.54
2015-07-21,25.46,87.07,9.88
2015-07-22,26.44,78.05,0.08
2015-07-23,27.21,75.25,0.16
2015-07-24,27.48,75.55,2.97
2015-07-25,26.81,76.93,0.27
2015-07-26,26.82,74.53,0.26
2015-07-27,26.28,78.3,0.94
2015-07-28,25.93,79.51,3.43
2015-07-29,26.65,74.14,0.57
2015-07-30,26.75,73.51,1.36
2015-07-31,27.94,69.84,2.42
2015-08-01,28.2,69.29,1.47
2015-08-02,27.85,72.48,2.49
2015-08-03,28.02,71.33,1.01
2015-08-04,27.47,75.24,6.39
2015-08-05,26.1,82.47,6.78
2015-08-06,27.11,77.32,0.34
2015-08-07,25.97,82.15,0.73
2015-08-08,25.78,83.84,8.86
2015-08-09,26.07,79.55,2.6
2015-08-10,25.21,88.45,70.13
2015-08-11,25.96,83.46,6.2
2015-08-12,26.26,84.73,5.42
2015-08-13,25.04,92.68,5.57
2015-08-14,26.43,85.81,1.4
2015-08-15,26.89,80.83,2.65
2015-08-16,26.88,80.31,1.33
2015-08-17,26.07,86.14,9.33
2015-08-18,26.21,82.2,21.87
2015-08-19,27.17,79.06,1.67
2015-08-20,26.63,85.98,5.62
2015-08-21,25.97,86.41,9.79
2015-08-22,25.88,85.33,7.13
2015-08-23,26.4,84.69,4.5
2015-08-24,26.52,83.33,5.04
2015-08-25,26.17,85.31,5.62
2015-08-26,26.15,80.94,13.91
2015-08-27,26.31,81.78,9.94
2015-08-28,25.35,89.03,11.13
2015-08-29,24.78,88.99,5.79
2015-08-30,25.67,82.17,1.98
2015-08-31,26.09,82.33,1.5
2015-09-01,26.11,87.22,6.29
2015-09-02,25.5,88.0,4.72
2015-09-03,26.6,81.43,7.01
2015-09-04,26.65,81.95,5.22
2015-09-05,27.11,81.38,2.46
2015-09-06,25.37,89.76,7.22
2015-09-07,26.67,81.27,0.63
2015-09-08,26.94,78.82,3.28
2015-09-09,26.21,82.43,3.93
2015-09-10,27.27,76.67,3.89
2015-09-11,27.37,80.12,6.13
2015-09-12,27.03,82.66,4.7
2015-09-13,27.05,83.31,12.82
2015-09-14,26.4,87.25,11.27
2015-09-15,26.25,85.84,7.83
2015-09-16,26.53,82.44,7.66
2015-09-17,26.61,80.45,11.91
2015-09-18,25.98,86.61,6.28
2015-09-19,26.6,80.78,0.96
2015-09-20,27.02,81.98,2.85
2015-09-21,26.61,83.78,11.82
2015-09-22,27.07,81.29,6.93
2015-09-23,27.43,78.69,1.53
2015-09-24,27.59,79.64,1.46
2015-09-25,25.13,90.92,7.6
2015-09-26,25.62,86.78,0.85
2015-09-27,27.32,79.64,1.02
2015-09-28,27.4,82.08,7.5
2015-09-29,26.44,87.01,9.53
2015-09-30,26.38,87.07,11.64
2015-10-01,27.17,82.73,5.22
2015-10-02,28.12,80.89,7.1
2015-10-03,26.5,88.95,6.45
2015-10-04,27.24,82.29,6.23
2015-10-05,27.06,82.2,8.16
2015-10-06,27.27,82.5,10.72
2015-10-07,26.06,84.85,12.94
2015-10-08,26.57,80.81,2.48
2015-10-09,26.48,85.05,8.1
2015-10-10,26.57,83.48,3.25
2015-10-11,26.99,80.68,4.73
2015-10-12,26.39,86.19,3.45
2015-10-13,27.68,81.09,1.17
2015-10-14,27.6,81.54,1.78
2015-10-15,27.52,81.21,1.73
2015-10-16,28.38,76.74,0.44
2015-10-17,28.39,77.55,0.59
2015-10-18,27.75,80.69,5.29
2015-10-19,27.8,79.59,3.32
2015-10-20,27.0,84.95,12.83
2015-10-21,27.18,83.92,8.72
2015-10-22,27.07,84.03,3.06
2015-10-23,27.89,79.96,0.87
2015-10-24,27.9,78.06,1.1
2015-10-25,27.81,79.28,1.85
2015-10-26,27.96,78.69,3.54
2015-10-27,27.31,81.78,5.54
2015-10-28,27.12,79.46,2.57
2015-10-29,27.44,77.27,3.04
2015-10-30,27.29,78.2,2.56
2015-10-31,27.51,76.23,5.92
2015-11-01,26.36,83.86,9.01
2015-11-02,27.63,75.95,0.63
2015-11-03,28.17,70.95,0.01
2015-11-04,27.56,71.55,0.11
2015-11-05,26.7,67.07,0.25
2015-11-06,25.32,62.97,0.01
2015-11-07,25.01,60.97,0.0
2015-11-08,26.25,66.23,0.06
2015-11-09,27.3,69.34,0.26
2015-11-10,28.34,66.29,0.14
2015-11-11,27.06,67.99,0.04
2015-11-12,25.85,63.84,0.0
2015-11-13,24.84,65.74,0.0
2015-11-14,24.71,61.64,0.0
2015-11-15,24.86,57.92,0.0
2015-11-16,25.52,56.97,0.0
2015-11-17,26.28,62.15,0.0
2015-11-18,25.82,60.72,0.0
2015-11-19,25.88,57.43,0.0
2015-11-20,26.07,62.09,0.0
2015-11-21,25.08,63.41,0.0
2015-11-22,25.62,59.81,0.0
2015-11-23,26.34,56.66,0.0
2015-11-24,26.28,57.13,0.0
2015-11-25,27.34,61.96,0.06
2015-11-26,27.76,57.64,0.04
2015-11-27,27.83,53.94,0.0
2015-11-28,27.63,51.69,0.0
2015-11-29,26.92,49.86,0.0
2015-11-30,25.33,45.53,0.0
2015-12-01,25.38,46.14,0.0
2015-12-02,24.2,53.17,0.0
2015-12-03,23.27,56.66,0.0
2015-12-04,22.76,57.2,0.0
2015-12-05,22.31,58.51,0.0
2015-12-06,23.35,56.74,0.0
2015-12-07,23.93,56.05,0.0
2015-12-08,23.87,54.25,0.0
2015-12-09,22.97,51.36,0.0
2015-12-10,23.48,50.29,0.0
2015-12-11,23.91,51.56,0.0
2015-12-12,23.33,50.73,0.0
2015-12-13,22.64,48.38,0.0
2015-12-14,22.56,45.39,0.0
2015-12-15,21.84,47.79,0.0
2015-12-16,21.23,44.41,0.0
2015-12-17,21.09,43.51,0.0
2015-12-18,20.67,44.62,0.0
2015-12-19,20.96,45.4,0.0
2015-12-20,21.98,44.55,0.0
2015-12-21,22.62,44.71,0.0
2015-12-22,23.49,46.64,0.0
2015-12-23,22.35,50.43,0.0
2015-12-24,22.05,47.52,0.0
2015-12-25,20.59,48.25,0.0
2015-12-26,20.96,44.62,0.0
2015-12-27,21.18,44.8,0.0
2015-12-28,21.42,48.14,0.0
2015-12-29,23.21,44.54,0.0
2015-12-30,23.04,43.9,0.0
2015-12-31,22.36,40.17,0.0
2016-01-01,22.03,42.48,0.0
2016-01-02,22.2,40.33,0.0
2016-01-03,22.05,42.53,0.0
2016-01-04,22.34,43.4,0.0
2016-01-05,22.57,46.18,0.0
2016-01-06,22.67,40.06,0.0
2016-01-07,23.68,38.13,0.0
2016-01-08,23.68,35.3,0.0
2016-01-09,25.15,38.06,0.0
2016-01-10,25.76,40.61,0.0
2016-01-11,25.01,35.78,0.0
2016-01-12,25.2,35.23,0.0
2016-01-13,24.76,35.42,0.0
2016-01-14,24.13,35.41,0.0
2016-01-15,24.51,35.62,0.0
2016-01-16,24.83,33.73,0.0
2016-01-17,24.58,35.51,0.0
2016-01-18,25.2,35.63,0.0
2016-01-19,26.03,38.12,0.0
2016-01-20,26.31,37.91,0.0
2016-01-21,25.61,33.44,0.0
2016-01-22,24.57,27.98,0.0
2016-01-23,24.68,27.54,0.0
2016-01-24,23.55,29.58,0.0
2016-01-25,24.52,34.27,0.0
2016-01-26,24.25,31.48,0.0
2016-01-27,23.17,29.88,0.0
2016-01-28,22.54,30.79,0.0
2016-01-29,22.9,31.81,0.0
2016-01-30,22.97,33.4,0.0
2016-01-31,23.67,32.03,0.0
2016-02-01,23.3,30.63,0.0
2016-02-02,23.21,29.63,0.0
2016-02-03,24.23,30.38,0.0
2016-02-04,25.54,31.05,0.0
2016-02-05,26.02,32.81,0.0
2016-02-06,26.92,31.32,0.0
2016-02-07,25.66,31.59,0.0
2016-02-08,24.97,29.94,0.0
2016-02-09,24.9,28.2,0.0
2016-02-10,24.36,25.21,0.0
2016-02-11,24.62,23.82,0.0
2016-02-12,24.82,23.89,0.0
2016-02-13,25.06,23.94,0.0
2016-02-14,25.89,23.06,0.0
2016-02-15,27.59,22.82,0.0
2016-02-16,27.47,26.09,0.0
2016-02-17,28.55,34.08,0.0
2016-02-18,29.33,29.8,0.0
2016-02-19,29.3,27.33,0.0
2016-02-20,30.72,23.84,0.0
2016-02-21,29.31,20.68,0.0
2016-02-22,30.42,28.88,0.0
2016-02-23,30.03,23.59,0.0
2016-02-24,29.09,21.22,0.0
2016-02-25,28.78,31.15,0.0
2016-02-26,30.4,22.83,0.0
2016-02-27,32.0,32.7,0.0
2016-02-28,33.16,47.55,0.92
2016-02-29,31.92,53.28,4.6
2016-03-01,31.72,53.8,0.6
2016-03-02,30.78,29.42,0.0
2016-03-03,30.89,25.66,0.0
2016-03-04,31.82,26.6,0.0
2016-03-05,31.97,22.62,0.0
2016-03-06,32.39,43.72,0.02
2016-03-07,33.36,42.74,0.15
2016-03-08,33.95,41.03,0.34
2016-03-09,34.07,31.1,0.0
2016-03-10,33.91,39.54,0.02
2016-03-11,32.47,52.92,3.79
2016-03-12,32.28,53.9,0.36
2016-03-13,32.97,50.49,1.62
2016-03-14,28.02,77.81,25.75
2016-03-15,30.31,63.93,0.2
2016-03-16,30.48,61.02,0.1
2016-03-17,30.81,61.92,2.03
2016-03-18,29.65,69.04,7.79
2016-03-19,30.12,68.01,0.51
2016-03-20,31.53,58.55,0.27
2016-03-21,30.03,66.65,1.32
2016-03-22,30.84,62.39,0.34
2016-03-23,31.8,56.28,0.18
2016-03-24,28.33,76.19,16.94
2016-03-25,29.47,68.39,0.45
2016-03-26,30.51,54.12,0.0
2016-03-27,32.13,44.21,0.0
2016-03-28,32.7,39.69,0.0
2016-03-29,32.82,52.82,0.03
2016-03-30,33.04,53.75,0.07
2016-03-31,32.48,56.9,0.21
2016-04-01,30.37,62.53,1.77
2016-04-02,29.28,69.29,2.39
2016-04-03,31.68,61.08,0.12
2016-04-04,32.72,57.03,0.85
2016-04-05,32.01,58.21,1.87
2016-04-06,32.59,51.56,0.54
2016-04-07,30.06,65.92,3.29
2016-04-08,29.66,67.44,1.3
2016-04-09,30.29,63.47,2.75
2016-04-10,30.81,58.85,0.91
2016-04-11,29.88,65.22,6.19
2016-04-12,32.07,57.55,0.66
2016-04-13,32.73,57.67,0.05
2016-04-14,32.92,56.87,1.19
2016-04-15,30.77,67.24,8.85
2016-04-16,29.38,74.94,7.27
2016-04-17,29.67,72.49,4.57
2016-04-18,29.63,70.37,1.74
2016-04-19,31.16,61.99,0.42
2016-04-20,31.4,61.03,2.1
2016-04-21,29.18,73.45,0.75
2016-04-22,30.89,64.17,0.03
2016-04-23,30.56,64.48,0.01
2016-04-24,31.95,58.19,0.01
2016-04-25,29.96,64.46,0.59
2016-04-26,31.0,60.86,0.51
2016-04-27,31.38,61.62,0.98
2016-04-28,30.37,66.46,2.65
2016-04-29,31.36,55.73,0.02
2016-04-30,32.28,54.06,0.09
2016-05-01,32.8,54.84,0.25
2016-05-02,32.47,57.3,2.12
2016-05-03,32.44,56.5,0.88
2016-05-04,29.77,65.31,7.89
2016-05-05,31.53,56.66,0.48
2016-05-06,31.69,56.31,1.21
2016-05-07,27.67,77.09,6.75
2016-05-08,29.41,65.93,1.73
2016-05-09,29.47,68.27,3.72
2016-05-10,27.13,82.56,33.4
2016-05-11,28.58,77.39,1.67
2016-05-12,28.74,76.75,3.41
2016-05-13,28.93,74.34,1.0
2016-05-14,28.25,72.19,1.12
2016-05-15,29.1,69.05,0.35
2016-05-16,29.07,67.76,7.13
2016-05-17,28.54,73.65,6.27
2016-05-18,28.03,76.51,0.19
2016-05-19,29.21,70.39,0.68
2016-05-20,30.2,63.56,0.48
2016-05-21,30.85,61.85,1.12
2016-05-22,30.04,66.34,1.74
2016-05-23,28.92,70.17,2.27
2016-05-24,26.45,82.73,5.47
2016-05-25,28.02,77.96,7.28
2016-05-26,28.9,73.63,2.66
2016-05-27,28.16,78.76,2.09
2016-05-28,28.06,79.0,2.53
2016-05-29,29.2,71.34,2.07
2016-05-30,29.07,70.69,4.02
2016-05-31,29.6,65.76,0.8
2016-06-01,30.35,61.95,0.86
2016-06-02,30.46,63.97,2.51
2016-06-03,29.36,69.16,2.71
2016-06-04,29.55,66.99,1.24
2016-06-05,30.86,60.75,0.08
2016-06-06,29.18,69.1,4.92
2016-06-07,28.36,72.12,1.64
2016-06-08,29.99,64.89,0.95
2016-06-09,28.65,72.91,7.48
2016-06-10,27.48,78.24,12.56
2016-06-11,28.45,70.14,0.0
2016-06-12,28.63,71.64,2.02
2016-06-13,27.01,78.79,2.2
2016-06-14,28.22,69.18,0.22
2016-06-15,27.45,73.57,1.12
2016-06-16,27.05,75.02,4.62
2016-06-17,27.17,75.63,2.28
2016-06-18,27.8,70.54,1.02
2016-06-19,28.66,69.93,3.36
2016-06-20,27.04,77.63,5.11
2016-06-21,26.25,81.07,9.92
2016-06-22,25.6,79.06,7.19
2016-06-23,27.15,69.46,2.4
2016-06-24,27.0,76.54,2.76
2016-06-25,26.6,77.92,2.84
2016-06-26,27.69,75.41,2.76
2016-06-27,27.19,78.38,3.01
2016-06-28,26.55,81.65,5.93
2016-06-29,27.48,77.72,1.39
2016-06-30,26.94,81.22,7.81
2016-07-01,26.31,83.18,6.65
2016-07-02,27.53,76.74,4.17
2016-07-03,27.33,81.15,9.34
2016-07-04,26.86,83.91,4.58
2016-07-05,27.74,77.78,1.73
2016-07-06,26.7,82.77,2.44
2016-07-07,27.65,75.88,0.93
2016-07-08,28.96,72.45,0.92
2016-07-09,27.62,78.06,0.95
2016-07-10,26.99,80.94,9.82
2016-07-11,25.85,84.98,22.46
2016-07-12,26.04,82.66,10.44
2016-07-13,25.55,84.78,3.74
2016-07-14,26.22,81.84,6.84
2016-07-15,26.68,80.08,1.35
2016-07-16,25.81,84.62,1.46
2016-07-17,25.7,83.36,1.72
2016-07-18,26.01,85.19,5.16
2016-07-19,26.37,83.7,4.11
2016-07-20,24.75,91.25,15.5
2016-07-21,26.01,79.62,2.55
2016-07-22,26.31,79.61,1.21
2016-07-23,26.1,83.01,7.45
2016-07-24,24.53,90.82,16.29
2016-07-25,25.39,85.67,7.84
2016-07-26,24.87,87.81,3.92
2016-07-27,25.77,83.65,3.68
2016-07-28,26.25,84.49,5.7
2016-07-29,26.15,84.47,4.17
2016-07-30,26.36,82.04,5.23
2016-07-31,26.28,85.45,6.66
2016-08-01,25.15,88.3,3.13
2016-08-02,26.04,83.57,2.3
2016-08-03,26.33,83.0,4.27
2016-08-04,26.31,84.67,22.22
2016-08-05,26.1,85.88,18.86
2016-08-06,26.15,87.21,14.7
2016-08-07,26.39,82.86,2.43
2016-08-08,25.96,83.66,2.86
2016-08-09,25.67,85.34,5.01
2016-08-10,26.03,84.19,7.97
2016-08-11,26.31,80.7,7.12
2016-08-12,26.47,82.6,6.04
2016-08-13,26.35,85.09,5.76
2016-08-14,25.87,84.23,2.39
2016-08-15,25.85,82.85,3.09
2016-08-16,25.92,84.97,1.55
2016-08-17,26.18,83.49,4.11
2016-08-18,25.44,86.95,4.48
2016-08-19,26.63,79.08,3.02
2016-08-20,27.41,77.11,4.51
2016-08-21,27.21,80.89,5.5
2016-08-22,26.99,82.58,2.58
2016-08-23,26.74,82.97,2.15
2016-08-24,26.92,79.21,3.7
2016-08-25,26.37,80.93,1.83
2016-08-26,26.38,82.52,3.38
2016-08-27,24.86,90.96,16.79
2016-08-28,24.73,90.05,14.85
2016-08-29,24.49,91.02,16.34
2016-08-30,25.14,86.92,18.97
2016-08-31,25.77,86.91,3.87
2016-09-01,25.78,85.55,3.48
2016-09-02,25.43,84.92,1.78
2016-09-03,26.5,78.71,3.35
2016-09-04,26.5,82.47,6.42
2016-09-05,25.34,90.82,12.02
2016-09-06,25.34,87.68,3.21
2016-09-07,26.34,82.97,2.1
2016-09-08,26.9,80.99,11.3
2016-09-09,24.98,92.08,12.9
2016-09-10,25.31,88.79,5.68
2016-09-11,26.43,79.81,6.51
2016-09-12,26.52,78.61,1.91
2016-09-13,26.13,83.1,1.3
2016-09-14,25.46,88.13,30.63
2016-09-15,24.72,90.38,12.56
2016-09-16,25.81,84.36,5.0
2016-09-17,26.14,83.06,1.56
2016-09-18,25.66,86.71,16.13
2016-09-19,26.55,81.76,18.61
2016-09-20,26.09,84.22,5.25
2016-09-21,26.05,85.93,10.22
2016-09-22,26.3,86.32,13.07
2016-09-23,26.18,79.19,21.85
2016-09-24,26.06,79.63,9.9
2016-09-25,25.26,88.13,10.81
2016-09-26,25.93,85.0,8.99
2016-09-27,26.55,82.15,3.28
2016-09-28,26.55,82.9,1.87
2016-09-29,26.57,83.86,7.29
2016-09-30,27.37,81.91,1.91
2016-10-01,26.74,85.6,9.37
2016-10-02,26.29,84.24,9.26
2016-10-03,26.09,84.69,2.5
2016-10-04,27.16,80.12,0.56
2016-10-05,27.23,80.59,2.28
2016-10-06,27.64,77.77,8.92
2016-10-07,28.06,77.47,3.76
2016-10-08,27.0,86.84,14.27
2016-10-09,25.99,87.97,7.43
2016-10-10,26.13,84.39,0.18
2016-10-11,27.32,79.28,3.81
2016-10-12,26.95,84.39,8.48
2016-10-13,27.35,81.99,1.14
2016-10-14,27.85,80.05,4.81
2016-10-15,27.36,83.41,4.05
2016-10-16,27.58,80.31,1.65
2016-10-17,27.84,78.42,0.34
2016-10-18,27.01,83.72,5.84
2016-10-19,26.5,83.9,6.18
2016-10-20,27.37,78.38,0.75
2016-10-21,27.9,75.93,5.29
2016-10-22,26.06,87.87,22.94
2016-10-23,27.01,79.08,0.0
2016-10-24,27.61,72.73,0.0
2016-10-25,27.56,69.84,0.0
2016-10-26,27.99,63.56,0.0
2016-10-27,28.03,68.67,0.01
2016-10-28,27.5,72.1,0.04
2016-10-29,27.61,72.6,0.4
2016-10-30,27.91,70.73,0.07
2016-10-31,27.08,79.36,1.21
2016-11-01,27.15,78.21,0.35
2016-11-02,27.95,74.31,0.01
2016-11-03,27.21,81.98,0.1
2016-11-04,26.45,85.16,0.03
2016-11-05,25.55,73.91,0.01
2016-11-06,26.17,66.86,0.0
2016-11-07,25.61,72.87,0.0
2016-11-08,25.47,69.48,0.0
2016-11-09,25.06,66.28,0.0
2016-11-10,24.92,62.27,0.0
2016-11-11,26.19,50.49,0.0
2016-11-12,27.11,54.61,0.02
2016-11-13,27.1,65.58,0.56
2016-11-14,26.39,65.34,0.0
2016-11-15,25.71,67.63,0.0
2016-11-16,25.75,65.41,0.0
2016-11-17,26.47,57.1,0.0
2016-11-18,27.68,56.89,0.0
2016-11-19,28.1,60.01,0.04
2016-11-20,28.59,60.54,0.0
2016-11-21,28.68,61.54,0.02
2016-11-22,28.29,74.54,0.18
2016-11-23,28.77,73.02,0.92
2016-11-24,28.6,73.1,0.07
2016-11-25,28.84,69.36,0.0
2016-11-26,28.59,72.25,0.01
2016-11-27,28.95,69.24,0.0
2016-11-28,27.88,73.71,0.0
2016-11-29,28.39,72.99,0.01
2016-11-30,28.1,72.19,0.0
2016-12-01,27.72,65.47,0.0
2016-12-02,26.25,64.87,0.09
2016-12-03,25.58,62.46,0.0
2016-12-04,25.43,57.19,0.0
2016-12-05,26.29,64.85,0.17
2016-12-06,26.47,61.39,0.0
2016-12-07,26.01,59.89,0.0
2016-12-08,26.78,57.66,0.0
2016-12-09,26.96,57.27,0.01
2016-12-10,25.91,55.09,0.0
2016-12-11,25.22,60.6,0.0
2016-12-12,26.26,66.93,0.18
2016-12-13,27.56,65.17,0.0
2016-12-14,26.16,52.74,0.0
2016-12-15,26.55,52.57,0.0
2016-12-16,28.11,61.86,0.0
2016-12-17,27.97,58.72,0.26
2016-12-18,26.75,62.84,0.04
2016-12-19,27.03,58.21,0.0
2016-12-20,25.94,53.71,0.0
2016-12-21,25.34,50.04,0.0
2016-12-22,24.68,48.05,0.0
2016-12-23,24.7,47.28,0.0
2016-12-24,25.15,46.78,0.0
2016-12-25,25.44,53.86,0.0
2016-12-26,24.0,45.96,0.0
2016-12-27,22.78,49.5,0.0
2016-12-28,22.68,54.05,0.0
2016-12-29,24.0,52.35,0.0
2016-12-30,24.43,55.62,0.0
2016-12-31,24.56,51.27,0.0
2017-01-01,24.5,47.73,0.0
2017-01-02,24.36,47.15,0.0
2017-01-03,23.94,46.61,0.0
2017-01-04,23.95,45.78,0.0
2017-01-05,24.08,45.06,0.0
2017-01-06,24.09,43.16,0.0
2017-01-07,24.38,46.98,0.0
2017-01-08,25.23,54.54,0.0
2017-01-09,25.32,43.45,0.0
2017-01-10,24.91,40.0,0.0
2017-01-11,26.13,37.35,0.0
2017-01-12,25.0,39.09,0.0
2017-01-13,24.46,36.27,0.0
2017-01-14,23.86,37.83,0.0
2017-01-15,25.81,37.03,0.0
2017-01-16,27.04,40.83,0.0
2017-01-17,26.61,38.07,0.0
2017-01-18,26.15,40.93,0.0
2017-01-19,28.56,52.19,0.0
2017-01-20,29.18,44.1,0.0
2017-01-21,29.61,44.71,0.01
2017-01-22,28.66,54.23,0.05
2017-01-23,26.62,36.93,0.0
2017-01-24,25.99,32.66,0.0
2017-01-25,25.58,33.19,0.0
2017-01-26,26.67,31.65,0.0
2017-01-27,27.25,30.7,0.0
2017-01-28,27.2,36.43,0.0
2017-01-29,26.64,35.09,0.0
2017-01-30,27.06,40.81,0.0
2017-01-31,28.95,42.62,0.0
2017-02-01,28.16,60.38,0.06
2017-02-02,28.96,56.53,0.01
2017-02-03,29.12,39.93,0.01
2017-02-04,27.66,38.27,0.0
2017-02-05,27.19,38.36,0.0
2017-02-06,26.86,32.01,0.0
2017-02-07,26.77,31.4,0.0
2017-02-08,26.93,32.45,0.0
2017-02-09,27.28,35.02,0.0
2017-02-10,27.15,28.39,0.0
2017-02-11,28.06,38.42,0.0
2017-02-12,29.67,38.3,0.0
2017-02-13,29.02,29.37,0.0
2017-02-14,28.5,22.45,0.0
2017-02-15,28.26,26.66,0.0
2017-02-16,27.36,25.09,0.0
2017-02-17,26.6,22.07,0.0
2017-02-18,26.1,18.64,0.0
2017-02-19,24.93,21.97,0.0
2017-02-20,26.81,25.27,0.0
2017-02-21,28.43,29.99,0.0
2017-02-22,28.81,25.5,0.0
2017-02-23,29.89,42.0,0.01
2017-02-24,30.42,55.05,0.05
2017-02-25,30.95,54.66,0.14
2017-02-26,30.74,55.18,0.23
2017-02-27,30.41,53.11,0.02
2017-02-28,30.77,32.93,0.0
2017-03-01,31.24,51.37,0.01
2017-03-02,31.43,55.15,0.04
2017-03-03,32.16,50.24,0.03
2017-03-04,31.79,54.0,0.05
2017-03-05,32.2,45.74,0.03
2017-03-06,31.91,39.35,0.03
2017-03-07,29.86,28.68,0.0
2017-03-08,29.93,20.37,0.0
2017-03-09,31.16,31.68,0.0
2017-03-10,32.17,51.62,0.03
2017-03-11,32.34,41.15,0.01
2017-03-12,31.47,27.84,0.0
2017-03-13,32.26,42.95,0.0
2017-03-14,32.46,46.53,0.01
2017-03-15,32.76,42.43,0.01
2017-03-16,32.1,35.69,0.0
2017-03-17,31.61,34.85,0.06
2017-03-18,33.08,43.8,0.02
2017-03-19,33.97,42.52,0.82
2017-03-20,30.76,57.37,4.21
2017-03-21,31.65,51.38,0.13
2017-03-22,31.18,55.77,0.12
2017-03-23,29.48,63.81,2.98
2017-03-24,28.13,72.21,1.3
2017-03-25,30.5,57.8,0.02
2017-03-26,32.38,53.45,0.02
2017-03-27,31.67,58.98,1.47
2017-03-28,31.3,60.54,0.8
2017-03-29,32.32,53.94,0.06
2017-03-30,31.67,58.99,0.87
2017-03-31,31.55,58.12,0.87
2017-04-01,32.34,53.12,1.6
2017-04-02,29.78,66.64,5.15
2017-04-03,29.08,70.09,4.42
2017-04-04,30.88,58.75,0.9
2017-04-05,31.69,55.35,0.4
2017-04-06,31.95,56.77,3.33
2017-04-07,29.57,71.07,11.92
2017-04-08,31.35,57.12,0.16
2017-04-09,31.09,59.74,0.28
2017-04-10,30.91,61.2,0.31
2017-04-11,31.05,60.06,0.07
2017-04-12,31.1,60.15,0.14
2017-04-13,31.33,51.21,0.01
2017-04-14,30.83,57.52,0.06
2017-04-15,31.55,57.47,2.71
2017-04-16,29.52,66.87,4.11
2017-04-17,30.67,51.82,0.0
2017-04-18,31.37,55.6,0.08
2017-04-19,32.74,53.61,0.04
2017-04-20,32.21,57.85,1.27
2017-04-21,29.83,67.74,4.91
2017-04-22,30.87,60.53,0.45
2017-04-23,31.07,57.94,0.22
2017-04-24,29.93,64.31,4.7
2017-04-25,30.0,65.18,1.18
2017-04-26,29.96,64.85,3.09
2017-04-27,29.59,67.25,1.45
2017-04-28,29.06,68.71,2.5
2017-04-29,29.68,68.15,3.04
2017-04-30,31.01,62.79,0.93
2017-05-01,30.87,61.57,1.14
2017-05-02,31.01,61.79,1.04
2017-05-03,29.83,69.52,10.71
2017-05-04,29.15,69.47,3.64
2017-05-05,29.63,65.61,2.34
2017-05-06,30.64,60.35,0.79
2017-05-07,31.05,63.25,0.9
2017-05-08,30.28,66.63,3.48
2017-05-09,31.52,60.16,0.52
2017-05-10,31.92,57.75,0.37
2017-05-11,30.62,63.55,2.8
2017-05-12,29.67,67.37,6.07
2017-05-13,30.74,64.24,4.27
2017-05-14,30.74,63.73,2.16
2017-05-15,30.99,59.19,1.62
2017-05-16,29.99,64.98,1.67
2017-05-17,27.99,77.22,6.13
2017-05-18,29.23,69.35,3.04
2017-05-19,29.64,71.24,9.85
2017-05-20,27.98,82.11,9.88
2017-05-21,29.31,72.66,7.8
2017-05-22,29.84,68.64,0.29
2017-05-23,29.75,72.93,2.47
2017-05-24,27.51,85.64,10.09
2017-05-25,27.18,84.44,19.25
2017-05-26,26.87,81.54,4.52
2017-05-27,27.7,77.65,0.44
2017-05-28,29.59,68.64,0.36
2017-05-29,29.91,68.56,0.11
2017-05-30,28.41,77.83,1.34
2017-05-31,27.88,79.95,3.47
2017-06-01,29.03,69.71,0.34
2017-06-02,30.21,62.22,0.97
2017-06-03,26.76,85.25,11.4
2017-06-04,27.18,82.79,3.02
2017-06-05,28.19,77.78,1.52
2017-06-06,27.63,78.16,3.7
2017-06-07,28.49,75.05,1.41
2017-06-08,29.93,67.35,0.69
2017-06-09,30.34,66.41,0.55
2017-06-10,27.95,81.41,8.15
2017-06-11,27.7,79.78,2.44
2017-06-12,27.38,75.66,3.8
2017-06-13,28.06,70.76,2.64
2017-06-14,27.72,76.63,5.94
2017-06-15,27.54,79.01,6.16
2017-06-16,25.78,85.18,9.71
2017-06-17,25.08,88.21,28.0
2017-06-18,26.38,80.08,0.52
2017-06-19,27.41,76.53,1.38
2017-06-20,25.39,87.96,25.32
2017-06-21,25.06,80.44,10.52
2017-06-22,27.05,72.8,0.17
2017-06-23,27.82,76.17,3.75
2017-06-24,26.39,83.34,7.57
2017-06-25,26.62,82.64,25.04
2017-06-26,26.27,85.4,9.62
2017-06-27,26.97,80.55,0.74
2017-06-28,26.34,82.31,6.03
2017-06-29,26.04,82.94,2.31
2017-06-30,26.41,80.92,2.45
2017-07-01,26.45,81.58,7.15
2017-07-02,25.93,82.76,1.52
2017-07-03,26.66,81.7,5.66
2017-07-04,26.37,84.09,6.01
2017-07-05,25.85,84.85,4.46
2017-07-06,26.6,80.56,4.19
2017-07-07,25.6,85.52,2.74
2017-07-08,26.83,79.74,1.76
2017-07-09,25.99,87.03,4.27
2017-07-10,25.62,84.32,1.62
2017-07-11,25.27,80.96,3.29
2017-07-12,26.68,73.16,0.15
2017-07-13,27.31,74.71,1.41
2017-07-14,26.79,77.33,2.1
2017-07-15,26.43,77.84,2.59
2017-07-16,27.01,77.14,6.07
2017-07-17,26.74,78.48,1.92
2017-07-18,27.25,78.65,4.59
2017-07-19,25.9,86.93,10.31
2017-07-20,26.94,77.55,1.4
2017-07-21,28.06,72.59,1.36
2017-07-22,27.22,79.99,2.95
2017-07-23,25.94,81.2,13.78
2017-07-24,26.38,80.12,5.08
2017-07-25,25.75,83.56,3.62
2017-07-26,25.99,86.71,2.2
2017-07-27,26.59,82.65,1.45
2017-07-28,27.15,79.54,0.98
2017-07-29,26.25,83.76,1.7
2017-07-30,26.38,78.94,1.26
2017-07-31,27.41,74.03,0.86
2017-08-01,27.34,77.45,1.01
2017-08-02,26.93,78.66,1.84
2017-08-03,25.41,87.0,5.72
2017-08-04,26.78,79.96,3.63
2017-08-05,25.96,83.13,10.21
2017-08-06,25.48,82.61,5.94
2017-08-07,25.71,82.97,3.87
2017-08-08,26.31,80.3,18.41
2017-08-09,26.46,81.12,6.6
2017-08-10,26.67,81.37,2.84
2017-08-11,26.43,82.36,2.82
2017-08-12,27.04,79.36,1.49
2017-08-13,27.52,78.06,1.54
2017-08-14,27.11,81.48,8.64
2017-08-15,25.59,87.74,9.36
2017-08-16,26.64,79.41,0.64
2017-08-17,26.59,79.08,3.06
2017-08-18,26.34,81.73,10.8
2017-08-19,26.05,81.63,1.6
2017-08-20,27.36,76.4,0.59
2017-08-21,25.19,88.22,4.06
2017-08-22,24.5,88.22,13.63
2017-08-23,26.16,79.08,0.75
2017-08-24,26.85,80.3,3.68
2017-08-25,26.97,80.0,5.73
2017-08-26,25.32,86.21,8.86
2017-08-27,25.76,84.43,3.72
2017-08-28,26.75,80.49,1.13
2017-08-29,27.23,77.21,1.77
2017-08-30,26.24,83.03,3.01
2017-08-31,25.76,86.21,2.58
2017-09-01,26.11,82.57,2.96
2017-09-02,26.27,79.38,0.31
2017-09-03,27.09,76.91,1.92
2017-09-04,26.17,83.3,7.36
2017-09-05,27.23,76.51,2.77
2017-09-06,28.04,73.77,2.6
2017-09-07,25.68,88.27,9.29
2017-09-08,26.01,82.45,4.14
2017-09-09,27.08,77.89,5.05
2017-09-10,28.06,73.2,2.24
2017-09-11,27.6,77.73,6.04
2017-09-12,26.52,83.05,5.26
2017-09-13,26.47,82.68,2.22
2017-09-14,27.14,77.38,1.92
2017-09-15,27.55,77.13,1.37
2017-09-16,26.32,83.02,3.38
2017-09-17,26.35,83.03,6.7
2017-09-18,27.89,75.31,0.24
2017-09-19,28.51,73.75,1.12
2017-09-20,28.29,76.31,2.01
2017-09-21,27.46,78.67,5.29
2017-09-22,25.85,79.54,3.4
2017-09-23,25.77,80.96,1.33
2017-09-24,27.05,77.1,1.65
2017-09-25,26.84,79.66,1.41
2017-09-26,26.49,81.1,1.98
2017-09-27,26.81,77.39,0.92
2017-09-28,27.39,77.37,4.61
2017-09-29,27.32,77.83,5.45
2017-09-30,26.99,77.11,0.55
2017-10-01,27.34,79.83,17.16
2017-10-02,26.88,85.27,10.23
2017-10-03,27.37,80.52,1.21
2017-10-04,27.38,80.04,3.16
2017-10-05,27.42,77.97,7.24
2017-10-06,26.58,83.48,3.29
2017-10-07,26.8,83.03,1.82
2017-10-08,25.57,88.05,2.69
2017-10-09,26.65,79.16,1.16
2017-10-10,27.42,76.54,0.52
2017-10-11,26.97,80.87,1.45
2017-10-12,27.09,79.58,2.42
2017-10-13,26.92,79.42,3.7
2017-10-14,27.38,74.61,0.74
2017-10-15,27.68,74.23,0.57
2017-10-16,27.53,67.54,0.07
2017-10-17,27.31,65.7,0.24
2017-10-18,27.72,63.02,0.03
2017-10-19,27.87,69.39,0.14
2017-10-20,28.04,68.29,0.2
2017-10-21,28.65,63.36,0.02
2017-10-22,29.0,64.01,0.27
2017-10-23,29.54,66.22,0.54
2017-10-24,29.68,65.03,0.11
2017-10-25,29.59,64.94,0.3
2017-10-26,29.64,64.37,0.86
2017-10-27,28.25,60.26,0.01
2017-10-28,27.17,59.39,0.0
2017-10-29,27.0,59.38,0.01
2017-10-30,28.15,63.01,0.0
2017-10-31,28.44,58.65,0.0
2017-11-01,28.54,55.09,0.01
2017-11-02,27.81,69.77,0.08
2017-11-03,29.59,63.15,0.01
2017-11-04,29.55,64.23,0.5
2017-11-05,28.25,71.24,2.7
2017-11-06,28.38,68.67,0.66
2017-11-07,28.33,57.33,0.0
2017-11-08,27.13,48.25,0.0
2017-11-09,27.61,53.62,0.0
2017-11-10,27.92,53.06,0.0
2017-11-11,27.39,53.39,0.0
2017-11-12,27.25,49.18,0.0
2017-11-13,28.32,52.09,0.02
2017-11-14,28.32,47.86,0.05
2017-11-15,28.63,49.96,0.0
2017-11-16,29.73,51.22,0.09
2017-11-17,29.83,58.69,0.03
2017-11-18,29.91,60.22,0.15
2017-11-19,29.78,61.38,0.52
2017-11-20,27.34,77.36,6.96
2017-11-21,27.4,72.93,0.77
2017-11-22,29.19,58.55,0.01
2017-11-23,28.33,60.57,0.24
2017-11-24,28.07,65.47,0.29
2017-11-25,27.44,58.09,0.1
2017-11-26,26.74,50.58,0.02
2017-11-27,25.59,50.47,0.0
2017-11-28,25.63,46.9,0.0
2017-11-29,25.98,45.73,0.0
2017-11-30,26.14,52.97,0.0
2017-12-01,26.75,50.83,0.0
2017-12-02,26.4,49.54,0.0
2017-12-03,26.33,47.42,0.0
2017-12-04,27.12,45.5,0.0
2017-12-05,27.98,44.23,0.0
2017-12-06,27.15,47.96,0.0
2017-12-07,27.71,47.18,0.0
2017-12-08,28.34,48.35,0.01
2017-12-09,25.65,50.94,0.1
2017-12-10,24.48,47.86,0.0
2017-12-11,23.92,43.48,0.0
2017-12-12,26.39,47.53,0.0
2017-12-13,27.54,55.04,0.0
2017-12-14,26.96,52.9,0.0
2017-12-15,27.81,48.48,0.0
2017-12-16,28.48,44.32,0.0
2017-12-17,27.45,40.29,0.0
2017-12-18,28.05,39.6,0.0
2017-12-19,28.86,52.25,0.05
2017-12-20,28.86,46.61,0.0
2017-12-21,26.58,34.97,0.01
2017-12-22,25.45,35.14,0.0
2017-12-23,25.02,32.17,0.0
2017-12-24,25.32,38.76,0.0
2017-12-25,26.57,45.18,0.0
2017-12-26,25.8,46.72,0.0
2017-12-27,26.26,45.13,0.0
2017-12-28,26.01,44.12,0.0
2017-12-29,26.3,42.1,0.0
2017-12-30,25.95,40.56,0.0
2017-12-31,24.8,37.5,0.0
2018-01-01,25.19,39.25,0.0
2018-01-02,24.45,39.98,0.0
2018-01-03,24.28,38.24,0.0
2018-01-04,24.4,37.19,0.0
2018-01-05,23.76,35.74,0.0
2018-01-06,24.12,31.36,0.0
2018-01-07,24.81,30.97,0.0
2018-01-08,26.38,28.99,0.0
2018-01-09,25.83,30.47,0.0
2018-01-10,24.72,29.5,0.0
2018-01-11,24.38,26.92,0.0
2018-01-12,24.59,27.36,0.0
2018-01-13,24.18,27.51,0.0
2018-01-14,24.36,27.38,0.0
2018-01-15,25.84,31.45,0.0
2018-01-16,27.41,37.25,0.0
2018-01-17,27.43,33.48,0.0
2018-01-18,26.6,30.5,0.0
2018-01-19,25.17,25.65,0.0
2018-01-20,25.9,25.86,0.0
2018-01-21,25.84,29.95,0.0
2018-01-22,25.07,24.43,0.0
2018-01-23,24.56,28.03,0.0
2018-01-24,25.14,29.26,0.0
2018-01-25,25.44,30.0,0.0
2018-01-26,26.31,31.78,0.0
2018-01-27,26.06,34.76,0.0
2018-01-28,26.96,37.06,0.0
2018-01-29,27.97,34.12,0.0
2018-01-30,27.03,29.8,0.0
2018-01-31,25.84,33.9,0.0
2018-02-01,27.3,31.58,0.0
2018-02-02,29.3,30.03,0.0
2018-02-03,30.51,31.88,0.0
2018-02-04,30.38,26.3,0.0
2018-02-05,29.28,27.38,0.0
2018-02-06,29.86,27.41,0.0
2018-02-07,29.57,20.38,0.0
2018-02-08,29.46,20.44,0.0
2018-02-09,29.55,20.43,0.0
2018-02-10,29.64,22.67,0.0
2018-02-11,29.0,20.24,0.0
2018-02-12,27.95,17.96,0.0
2018-02-13,28.38,19.57,0.0
2018-02-14,29.52,20.1,0.0
2018-02-15,31.19,22.34,0.0
2018-02-16,31.23,22.28,0.0
2018-02-17,31.29,24.57,0.0
2018-02-18,32.2,43.88,0.03
2018-02-19,32.22,50.75,0.92
2018-02-20,30.37,57.41,0.4
2018-02-21,31.08,54.83,1.83
2018-02-22,28.79,62.5,0.05
2018-02-23,30.39,56.92,1.66
2018-02-24,27.13,78.25,50.33
2018-02-25,27.78,74.35,4.12
2018-02-26,25.52,79.23,4.54
2018-02-27,27.98,68.27,0.16
2018-02-28,29.06,66.9,0.0
2018-03-01,29.75,60.88,0.02
2018-03-02,29.53,60.37,0.03
2018-03-03,29.52,54.79,0.02
2018-03-04,29.58,50.09,0.0
2018-03-05,30.86,57.43,0.09
2018-03-06,31.1,55.17,0.01
2018-03-07,30.7,56.83,0.78
2018-03-08,31.3,54.43,0.67
2018-03-09,31.91,53.47,0.04
2018-03-10,31.44,57.98,0.14
2018-03-11,30.67,59.68,0.28
2018-03-12,29.86,63.47,0.28
2018-03-13,30.75,58.93,0.42
2018-03-14,31.38,55.45,0.1
2018-03-15,31.56,54.51,0.14
2018-03-16,30.87,57.75,1.09
2018-03-17,31.08,56.24,0.85
2018-03-18,29.99,59.68,1.62
2018-03-19,31.13,52.77,0.02
2018-03-20,31.57,53.13,0.45
2018-03-21,30.31,61.45,4.64
2018-03-22,29.49,66.77,1.26
2018-03-23,29.21,65.37,1.93
2018-03-24,28.08,58.27,0.05
2018-03-25,28.52,26.81,0.0
2018-03-26,30.16,25.74,0.0
2018-03-27,31.59,34.38,0.02
2018-03-28,31.99,48.53,0.0
2018-03-29,31.37,55.94,0.03
2018-03-30,30.56,60.35,0.21
2018-03-31,31.53,52.13,0.21
2018-04-01,32.91,46.08,0.38
2018-04-02,32.3,51.8,0.03
2018-04-03,32.35,49.98,0.04
2018-04-04,32.64,51.97,1.83
2018-04-05,30.1,64.13,2.84
2018-04-06,30.96,58.9,0.27
2018-04-07,31.22,58.24,0.97
2018-04-08,29.59,66.11,15.72
2018-04-09,29.41,65.24,0.47
2018-04-10,28.86,64.44,3.15
2018-04-11,29.69,60.48,0.01
2018-04-12,30.5,58.48,0.14
2018-04-13,30.07,63.16,3.88
2018-04-14,28.62,72.19,4.17
2018-04-15,29.66,65.84,2.71
2018-04-16,30.89,60.74,0.27
2018-04-17,31.31,59.34,0.44
2018-04-18,30.29,66.59,2.51
2018-04-19,29.4,70.9,5.88
2018-04-20,28.8,71.71,3.18
2018-04-21,30.04,65.83,0.34
2018-04-22,30.92,60.24,0.45
2018-04-23,31.36,60.0,0.56
2018-04-24,31.31,60.27,0.29
2018-04-25,30.36,62.69,0.67
2018-04-26,28.86,70.89,14.14
2018-04-27,30.47,61.05,1.03
2018-04-28,30.83,59.65,0.13
2018-04-29,30.91,60.91,0.16
2018-04-30,29.63,66.82,0.12
2018-05-01,31.41,59.7,0.24
2018-05-02,30.52,62.38,0.23
2018-05-03,30.29,62.6,0.07
2018-05-04,31.27,56.44,0.15
2018-05-05,31.98,53.83,1.39
2018-05-06,29.03,69.92,3.88
2018-05-07,30.52,62.37,0.14
2018-05-08,30.74,59.8,0.02
2018-05-09,30.56,60.63,0.67
2018-05-10,29.44,67.44,6.65
2018-05-11,27.4,69.73,4.51
2018-05-12,28.58,64.24,1.61
2018-05-13,29.99,59.89,1.41
2018-05-14,30.34,60.37,0.09
2018-05-15,29.89,62.15,0.77
2018-05-16,29.7,64.22,2.45
2018-05-17,26.58,83.69,23.75
2018-05-18,28.02,74.18,0.72
2018-05-19,29.08,67.84,0.75
2018-05-20,30.34,63.49,1.4
2018-05-21,29.85,67.69,2.62
2018-05-22,29.47,71.62,1.33
2018-05-23,28.14,79.01,2.93
2018-05-24,28.2,74.27,2.66
2018-05-25,30.15,63.14,0.4
2018-05-26,29.72,65.85,2.15
2018-05-27,27.91,75.48,4.86
2018-05-28,28.01,72.07,0.66
2018-05-29,28.85,67.07,0.38
2018-05-30,28.3,72.58,3.16
2018-05-31,27.79,79.96,12.18
2018-06-01,28.61,75.15,3.63
2018-06-02,28.18,77.69,6.53
2018-06-03,27.8,76.19,6.74
2018-06-04,28.18,73.7,6.86
2018-06-05,28.2,75.7,2.09
2018-06-06,28.23,75.03,2.47
2018-06-07,28.22,76.92,5.62
2018-06-08,28.29,76.8,0.94
2018-06-09,28.56,74.54,2.23
2018-06-10,27.14,81.72,7.84
2018-06-11,27.93,72.47,0.95
2018-06-12,28.66,69.58,2.51
2018-06-13,28.7,71.58,0.81
2018-06-14,28.31,76.0,3.7
2018-06-15,28.48,75.07,1.03
2018-06-16,27.42,77.13,0.44
2018-06-17,28.03,72.68,0.77
2018-06-18,26.51,83.25,23.0
2018-06-19,26.4,79.96,1.01
2018-06-20,26.31,78.68,1.41
2018-06-21,25.51,86.51,22.41
2018-06-22,26.14,81.55,0.28
2018-06-23,26.57,79.44,2.22
2018-06-24,25.26,87.68,6.08
2018-06-25,26.5,82.46,9.28
2018-06-26,26.96,80.47,4.6
2018-06-27,26.76,80.77,5.33
2018-06-28,26.15,82.48,2.5
2018-06-29,26.63,78.5,1.42
2018-06-30,26.51,79.32,4.27
2018-07-01,25.16,86.99,15.31
2018-07-02,25.03,84.58,7.62
2018-07-03,26.32,79.78,6.6
2018-07-04,27.0,79.41,6.78
2018-07-05,24.73,92.01,7.21
2018-07-06,25.62,84.1,5.61
2018-07-07,25.99,82.02,1.26
2018-07-08,26.05,80.91,0.67
2018-07-09,26.5,80.78,2.1
2018-07-10,26.66,81.24,2.19
2018-07-11,26.99,78.57,5.73
2018-07-12,25.78,86.53,11.63
2018-07-13,26.14,83.45,3.4
2018-07-14,26.74,81.33,3.18
2018-07-15,25.96,84.29,2.63
2018-07-16,25.6,86.04,6.01
2018-07-17,25.3,88.55,16.2
2018-07-18,24.73,90.62,24.92
2018-07-19,26.09,82.67,2.88
2018-07-20,25.62,86.04,5.01
2018-07-21,24.6,91.88,7.86
2018-07-22,25.51,85.43,2.78
2018-07-23,26.96,80.41,2.24
2018-07-24,26.75,86.25,4.43
2018-07-25,25.18,91.46,11.31
2018-07-26,24.05,89.22,15.49
2018-07-27,25.64,83.67,2.31
2018-07-28,26.55,80.85,1.96
2018-07-29,26.07,85.08,4.74
2018-07-30,25.19,87.65,6.31
2018-07-31,25.65,82.31,2.1
2018-08-01,26.7,77.77,0.64
2018-08-02,26.39,81.83,4.34
2018-08-03,25.4,87.13,3.85
2018-08-04,25.46,83.84,3.67
2018-08-05,25.83,81.32,0.72
2018-08-06,26.26,80.97,1.4
2018-08-07,25.58,86.51,10.2
2018-08-08,26.09,78.78,0.36
2018-08-09,25.98,79.26,2.96
2018-08-10,26.33,80.03,2.36
2018-08-11,26.96,78.9,0.85
2018-08-12,27.4,76.27,2.18
2018-08-13,24.9,87.83,6.94
2018-08-14,25.35,84.45,1.47
2018-08-15,26.95,77.94,0.65
2018-08-16,27.44,77.7,0.99
2018-08-17,26.6,82.18,1.95
2018-08-18,26.04,82.57,2.35
2018-08-19,24.77,86.87,14.26
2018-08-20,25.96,81.39,5.14
2018-08-21,25.65,83.7,3.65
2018-08-22,25.92,82.0,2.02
2018-08-23,25.86,84.96,13.11
2018-08-24,25.57,88.99,17.39
2018-08-25,24.45,92.43,18.01
2018-08-26,25.38,85.31,11.75
2018-08-27,25.7,86.59,4.42
2018-08-28,25.7,84.35,3.2
2018-08-29,25.61,84.47,17.7
2018-08-30,26.28,82.13,2.91
2018-08-31,25.55,89.29,5.18
2018-09-01,24.28,92.81,19.01
2018-09-02,25.44,85.2,5.28
2018-09-03,25.56,85.99,9.38
2018-09-04,24.52,93.44,14.51
2018-09-05,25.42,88.96,8.46
2018-09-06,25.66,87.95,18.25
2018-09-07,25.16,89.12,14.71
2018-09-08,24.6,89.79,23.18
2018-09-09,25.4,86.6,1.07
2018-09-10,24.96,89.19,3.64
2018-09-11,25.18,82.8,4.79
2018-09-12,24.16,91.15,2.99
2018-09-13,25.68,84.41,2.04
2018-09-14,26.04,83.32,0.76
2018-09-15,26.18,82.52,1.24
2018-09-16,24.85,91.47,7.91
2018-09-17,25.92,86.83,4.66
2018-09-18,26.34,84.67,5.13
2018-09-19,26.28,86.33,3.9
2018-09-20,27.04,83.32,1.84
2018-09-21,26.99,84.61,1.5
2018-09-22,25.43,90.2,8.71
2018-09-23,25.61,88.59,9.43
2018-09-24,26.38,83.71,1.39
2018-09-25,26.11,87.18,5.24
2018-09-26,26.25,86.73,4.42
2018-09-27,26.22,85.25,2.85
2018-09-28,26.51,84.51,1.76
2018-09-29,26.06,85.64,1.66
2018-09-30,27.16,79.39,0.56
2018-10-01,25.59,87.54,1.55
2018-10-02,26.5,82.18,2.41
2018-10-03,26.11,85.77,5.15
2018-10-04,26.19,84.91,5.97
2018-10-05,26.61,82.72,7.69
2018-10-06,26.4,83.65,7.23
2018-10-07,26.72,84.31,1.43
2018-10-08,26.15,86.43,5.7
2018-10-09,25.69,88.67,3.7
2018-10-10,26.23,83.54,2.22
2018-10-11,26.71,81.68,2.07
2018-10-12,26.51,82.6,1.8
2018-10-13,26.41,80.11,0.94
2018-10-14,27.39,74.27,2.61
2018-10-15,27.17,78.74,4.41
2018-10-16,26.92,82.82,3.66
2018-10-17,26.43,84.64,0.52
2018-10-18,26.59,82.04,0.35
2018-10-19,27.83,76.52,0.18
2018-10-20,28.98,69.65,0.24
2018-10-21,28.2,73.47,0.09
2018-10-22,28.39,74.26,0.09
2018-10-23,28.35,76.11,0.13
2018-10-24,28.24,76.06,0.86
2018-10-25,27.49,82.74,1.22
2018-10-26,27.26,80.55,1.59
2018-10-27,27.88,79.68,1.88
2018-10-28,27.53,81.54,2.62
2018-10-29,27.56,77.98,1.65
2018-10-30,27.17,78.87,2.09
2018-10-31,27.67,73.86,1.69
2018-11-01,26.8,71.47,1.11
2018-11-02,27.96,73.68,0.07
2018-11-03,27.78,73.58,0.05
2018-11-04,27.7,75.83,0.06
2018-11-05,27.51,75.7,0.12
2018-11-06,28.58,69.56,0.04
2018-11-07,27.99,74.82,0.08
2018-11-08,27.52,75.82,0.18
2018-11-09,28.45,69.78,0.03
2018-11-10,28.17,71.21,0.53
2018-11-11,27.81,65.83,0.01
2018-11-12,27.9,58.79,0.0
2018-11-13,27.46,49.11,0.0
2018-11-14,27.42,52.46,0.0
2018-11-15,28.01,60.64,0.0
2018-11-16,28.27,64.98,0.01
2018-11-17,27.41,68.3,0.36
2018-11-18,28.27,71.25,0.71
2018-11-19,28.81,68.1,0.58
2018-11-20,26.46,77.1,1.46
2018-11-21,27.91,57.88,0.0
2018-11-22,27.65,57.2,0.0
2018-11-23,27.56,50.9,0.0
2018-11-24,28.76,52.92,0.0
2018-11-25,26.65,52.58,0.0
2018-11-26,26.46,51.97,0.0
2018-11-27,26.8,54.09,0.0
2018-11-28,27.13,59.88,0.01
2018-11-29,27.24,58.59,0.0
2018-11-30,26.03,53.82,0.0
2018-12-01,25.72,54.15,0.0
2018-12-02,26.29,50.59,0.0
2018-12-03,25.58,47.21,0.0
2018-12-04,26.62,56.23,0.0
2018-12-05,26.4,54.19,0.0
2018-12-06,25.98,51.66,0.0
2018-12-07,25.9,50.87,0.0
2018-12-08,25.71,48.29,0.0
2018-12-09,25.19,47.94,0.0
2018-12-10,24.47,49.63,0.0
2018-12-11,24.41,49.54,0.0
2018-12-12,25.5,49.2,0.0
2018-12-13,26.58,46.62,0.0
2018-12-14,25.83,48.84,0.0
2018-12-15,26.33,47.61,0.0
2018-12-16,25.39,51.47,0.0
2018-12-17,25.95,50.7,0.0
2018-12-18,25.88,49.41,0.0
2018-12-19,25.26,49.53,0.0
2018-12-20,24.71,49.78,0.0
2018-12-21,24.95,50.96,0.0
2018-12-22,24.04,51.66,0.0
2018-12-23,23.63,47.41,0.0
2018-12-24,22.33,47.78,0.0
2018-12-25,22.27,45.57,0.0
2018-12-26,22.23,47.14,0.0
2018-12-27,22.66,47.47,0.0
2018-12-28,24.13,46.91,0.0
2018-12-29,24.74,45.16,0.0
2018-12-30,25.65,51.72,0.0
2018-12-31,24.42,53.06,0.0
2019-01-01,25.21,42.07,0.0
2019-01-02,25.32,47.56,0.0
2019-01-03,24.97,47.44,0.0
2019-01-04,24.95,41.78,0.0
2019-01-05,24.34,39.17,0.0
2019-01-06,25.46,38.34,0.0
2019-01-07,24.33,41.04,0.0
2019-01-08,23.71,40.2,0.0
2019-01-09,25.25,40.6,0.0
2019-01-10,26.08,44.14,0.0
2019-01-11,26.07,41.2,0.0
2019-01-12,26.73,39.42,0.0
2019-01-13,26.32,37.69,0.0
2019-01-14,25.98,39.44,0.0
2019-01-15,26.73,35.56,0.0
2019-01-16,26.7,35.63,0.0
2019-01-17,28.02,44.54,0.0
2019-01-18,29.87,57.6,0.08
2019-01-19,30.03,49.24,0.65
2019-01-20,27.57,33.63,0.0
2019-01-21,27.26,30.53,0.0
2019-01-22,27.04,30.4,0.0
2019-01-23,26.38,27.85,0.0
2019-01-24,26.31,28.65,0.0
2019-01-25,27.53,35.31,0.0
2019-01-26,27.69,28.53,0.0
2019-01-27,26.09,25.76,0.0
2019-01-28,27.21,29.71,0.0
2019-01-29,29.08,31.95,0.0
2019-01-30,29.42,34.93,0.0
2019-01-31,30.66,49.69,0.7
2019-02-01,29.96,48.23,0.01
2019-02-02,30.83,55.23,2.69
2019-02-03,30.85,58.48,0.06
2019-02-04,31.07,55.57,0.81
2019-02-05,31.8,50.28,0.01
2019-02-06,29.91,32.86,0.02
2019-02-07,28.4,28.52,0.0
2019-02-08,28.11,26.99,0.0
2019-02-09,27.42,23.42,0.0
2019-02-10,27.35,23.95,0.0
2019-02-11,27.47,23.58,0.0
2019-02-12,26.73,23.62,0.0
2019-02-13,27.35,24.69,0.0
2019-02-14,28.5,31.67,0.0
2019-02-15,27.67,26.47,0.0
2019-02-16,27.92,24.64,0.0
2019-02-17,28.56,30.81,0.0
2019-02-18,30.53,34.85,0.0
2019-02-19,30.31,55.13,0.0
2019-02-20,31.29,52.25,0.02
2019-02-21,32.5,41.78,0.02
2019-02-22,31.62,51.76,0.0
2019-02-23,31.62,37.85,0.01
2019-02-24,30.84,40.95,0.0
2019-02-25,30.45,30.12,0.0
2019-02-26,30.08,25.17,0.0
2019-02-27,28.88,18.45,0.0
2019-02-28,28.71,17.65,0.0
2019-03-01,28.17,19.94,0.0
2019-03-02,29.79,18.33,0.0
2019-03-03,30.64,21.7,0.0
2019-03-04,30.9,19.67,0.0
2019-03-05,31.35,40.08,0.0
2019-03-06,32.23,31.17,0.41
2019-03-07,30.43,58.7,0.89
2019-03-08,31.08,54.59,1.28
2019-03-09,29.56,64.46,9.03
2019-03-10,29.96,58.71,3.18
2019-03-11,30.5,52.26,1.83
2019-03-12,31.31,37.7,0.0
2019-03-13,30.19,40.67,0.0
2019-03-14,30.67,56.66,0.0
2019-03-15,32.82,51.44,0.0
2019-03-16,32.36,54.79,0.38
2019-03-17,31.57,55.59,0.74
2019-03-18,32.75,48.56,0.0
2019-03-19,33.02,48.19,0.04
2019-03-20,31.31,56.11,2.12
2019-03-21,32.03,52.72,0.37
2019-03-22,31.16,54.01,0.0
2019-03-23,32.51,43.84,0.16
2019-03-24,32.74,43.94,0.01
2019-03-25,31.52,53.31,0.25
2019-03-26,32.77,50.51,0.06
2019-03-27,33.16,48.63,1.02
2019-03-28,34.01,44.39,0.0
2019-03-29,32.89,52.83,0.29
2019-03-30,31.18,60.73,4.09
2019-03-31,31.68,58.74,1.95
2019-04-01,31.69,57.67,0.24
2019-04-02,32.98,53.59,0.02
2019-04-03,32.82,53.25,0.02
2019-04-04,34.3,47.89,1.25
2019-04-05,30.15,69.93,17.53
2019-04-06,31.52,58.14,0.08
2019-04-07,30.44,63.87,0.48
2019-04-08,29.48,70.81,6.2
2019-04-09,30.78,62.45,0.2
2019-04-10,31.91,56.8,0.12
2019-04-11,29.18,70.74,1.9
2019-04-12,30.79,59.04,0.0
2019-04-13,30.43,56.87,1.79
2019-04-14,30.38,63.92,1.8
2019-04-15,31.08,60.3,0.92
2019-04-16,31.06,59.52,0.44
2019-04-17,32.24,54.34,0.04
2019-04-18,33.37,51.27,0.27
2019-04-19,32.64,55.26,0.04
2019-04-20,31.65,60.33,2.66
2019-04-21,30.47,64.8,0.81
2019-04-22,30.35,62.05,1.92
2019-04-23,29.27,74.26,26.25
2019-04-24,28.44,77.0,0.16
2019-04-25,29.23,69.33,3.05
2019-04-26,29.99,67.46,2.7
2019-04-27,31.24,64.84,0.09
2019-04-28,31.63,64.28,2.37
2019-04-29,30.92,68.51,6.83
2019-04-30,29.42,77.57,7.3
2019-05-01,28.69,78.87,2.66
2019-05-02,28.7,76.8,1.72
2019-05-03,28.99,75.93,9.45
2019-05-04,27.25,86.48,16.82
2019-05-05,29.51,70.69,0.43
2019-05-06,29.36,71.96,1.6
2019-05-07,29.4,75.71,3.99
2019-05-08,28.5,78.52,1.88
2019-05-09,28.74,76.88,5.21
2019-05-10,28.99,78.73,12.12
2019-05-11,28.6,78.33,6.8
2019-05-12,29.32,71.29,1.2
2019-05-13,29.03,69.7,1.39
2019-05-14,28.34,73.51,6.01
2019-05-15,27.35,79.95,31.77
2019-05-16,26.67,81.15,26.88
2019-05-17,27.51,77.44,0.13
2019-05-18,27.76,78.79,0.54
2019-05-19,28.04,78.68,1.04
2019-05-20,27.55,79.91,2.51
2019-05-21,28.0,77.79,2.06
2019-05-22,28.35,78.8,8.66
2019-05-23,28.62,77.14,2.36
2019-05-24,26.84,85.95,6.68
2019-05-25,27.14,82.37,3.05
2019-05-26,28.44,75.12,0.22
2019-05-27,28.45,73.89,1.06
2019-05-28,28.74,73.06,0.78
2019-05-29,28.49,75.44,2.5
2019-05-30,28.35,75.55,1.97
2019-05-31,27.89,77.82,0.58
2019-06-01,26.58,81.63,3.45
2019-06-02,27.81,74.05,0.29
2019-06-03,28.24,74.17,0.72
2019-06-04,27.1,82.78,10.66
2019-06-05,26.83,83.34,2.63
2019-06-06,27.21,79.63,1.11
2019-06-07,25.09,89.14,38.39
2019-06-08,26.89,79.66,0.59
2019-06-09,27.58,81.77,3.72
2019-06-10,26.27,87.43,5.28
2019-06-11,27.23,80.7,1.05
2019-06-12,28.06,76.38,0.81
2019-06-13,28.55,74.98,1.58
2019-06-14,27.51,83.37,29.68
2019-06-15,27.16,83.46,0.81
2019-06-16,27.09,81.16,5.66
2019-06-17,28.43,75.65,0.41
2019-06-18,28.44,77.76,0.4
2019-06-19,29.06,74.05,0.17
2019-06-20,28.57,77.2,2.81
2019-06-21,27.35,84.97,7.43
2019-06-22,26.31,88.86,13.98
2019-06-23,27.33,80.12,2.99
2019-06-24,26.44,82.44,3.41
2019-06-25,26.51,81.17,0.91
2019-06-26,26.54,79.87,0.32
2019-06-27,27.07,80.34,3.23
2019-06-28,27.3,78.75,1.06
2019-06-29,27.0,80.13,1.33
2019-06-30,28.05,75.32,5.65
2019-07-01,27.75,80.73,10.03
2019-07-02,27.28,83.58,7.67
2019-07-03,27.42,82.58,4.03
2019-07-04,27.12,84.11,9.57
2019-07-05,27.01,80.15,0.97
2019-07-06,26.92,79.12,3.39
2019-07-07,27.72,77.14,0.82
2019-07-08,26.96,81.56,2.3
2019-07-09,26.1,82.07,5.32
2019-07-10,26.25,77.42,0.41
2019-07-11,27.1,74.69,1.14
2019-07-12,26.63,80.2,5.49
2019-07-13,26.25,80.69,1.84
2019-07-14,27.52,77.37,3.29
2019-07-15,27.4,77.58,3.77
2019-07-16,26.31,81.66,8.65
2019-07-17,27.35,76.07,3.84
2019-07-18,26.97,80.19,4.38
2019-07-19,25.97,85.01,7.67
2019-07-20,25.94,83.22,8.96
2019-07-21,25.71,83.88,3.26
2019-07-22,26.39,79.57,1.7
2019-07-23,25.77,84.75,17.79
2019-07-24,26.13,84.12,9.38
2019-07-25,27.2,78.47,4.27
2019-07-26,26.87,81.87,3.68
2019-07-27,26.76,81.24,2.27
2019-07-28,26.22,83.81,3.17
2019-07-29,25.69,87.09,7.53
2019-07-30,25.72,84.97,3.86
2019-07-31,26.72,80.11,1.15
2019-08-01,25.93,86.37,7.23
2019-08-02,26.27,84.46,6.07
2019-08-03,25.2,86.14,5.3
2019-08-04,26.15,81.05,0.15
2019-08-05,25.55,84.47,0.31
2019-08-06,26.15,84.35,3.36
2019-08-07,25.19,86.46,2.39
2019-08-08,25.99,83.08,1.61
2019-08-09,26.19,80.58,0.98
2019-08-10,26.39,80.95,0.3
2019-08-11,26.64,79.01,0.3
2019-08-12,27.37,75.64,0.29
2019-08-13,28.01,75.51,0.22
2019-08-14,27.52,78.91,2.32
2019-08-15,27.78,77.32,1.88
2019-08-16,26.91,78.71,2.51
2019-08-17,26.23,81.85,3.92
2019-08-18,26.61,77.81,3.47
2019-08-19,25.45,87.0,7.88
2019-08-20,25.48,87.28,12.39
2019-08-21,25.71,84.53,1.68
2019-08-22,24.72,92.11,45.96
2019-08-23,25.7,85.47,14.25
2019-08-24,24.98,89.51,15.13
2019-08-25,25.12,85.64,0.67
2019-08-26,24.95,86.19,0.9
2019-08-27,25.88,83.65,0.71
2019-08-28,25.07,88.7,3.8
2019-08-29,25.49,85.96,1.46
2019-08-30,26.18,84.78,1.86
2019-08-31,26.49,82.97,3.26
2019-09-01,26.21,87.72,5.88
2019-09-02,25.66,88.07,17.4
2019-09-03,26.22,85.15,3.35
2019-09-04,27.24,81.43,5.62
2019-09-05,27.58,80.81,1.26
2019-09-06,26.94,84.16,3.52
2019-09-07,26.27,88.04,7.14
2019-09-08,26.05,87.18,13.39
2019-09-09,25.82,85.23,3.5
2019-09-10,26.15,85.92,4.78
2019-09-11,26.61,82.97,5.01
2019-09-12,26.48,85.32,2.28
2019-09-13,27.02,84.65,4.09
2019-09-14,26.43,86.02,7.03
2019-09-15,27.28,79.14,1.9
2019-09-16,27.09,80.41,5.01
2019-09-17,27.04,80.7,2.42
2019-09-18,25.95,85.12,10.06
2019-09-19,25.57,87.74,9.9
2019-09-20,26.33,86.31,5.15
2019-09-21,26.1,87.78,7.26
2019-09-22,26.65,85.58,4.01
2019-09-23,27.75,76.72,4.52
2019-09-24,27.19,77.74,2.92
2019-09-25,26.79,83.94,2.36
2019-09-26,26.41,87.57,7.42
2019-09-27,25.75,90.19,12.86
2019-09-28,25.86,87.15,1.46
2019-09-29,26.52,82.25,0.2
2019-09-30,27.44,80.07,1.21
2019-10-01,25.06,91.27,14.03
2019-10-02,25.89,84.82,1.76
2019-10-03,26.63,82.22,1.79
2019-10-04,26.98,80.4,3.46
2019-10-05,25.26,88.12,9.43
2019-10-06,25.25,88.18,15.48
2019-10-07,25.94,86.65,9.96
2019-10-08,25.16,91.44,4.9
2019-10-09,24.36,94.49,15.06
2019-10-10,24.82,93.87,7.35
2019-10-11,24.7,94.23,7.64
2019-10-12,25.3,89.6,16.11
2019-10-13,24.78,89.2,8.22
2019-10-14,26.7,80.88,0.3
2019-10-15,27.22,81.12,1.3
2019-10-16,26.06,89.13,1.56
2019-10-17,26.66,82.62,0.87
2019-10-18,27.91,76.05,1.23
2019-10-19,25.61,87.35,3.5
2019-10-20,25.28,86.41,11.44
2019-10-21,25.24,86.29,25.8
2019-10-22,26.96,78.77,1.64
2019-10-23,26.86,82.55,4.78
2019-10-24,26.06,88.26,1.83
2019-10-25,26.73,84.94,1.01
2019-10-26,26.64,84.75,0.44
2019-10-27,26.42,84.61,5.46
2019-10-28,24.96,91.03,2.83
2019-10-29,26.54,83.18,0.94
2019-10-30,26.2,85.83,1.36
2019-10-31,25.67,88.15,3.88
2019-11-01,26.59,83.31,0.43
2019-11-02,26.93,77.17,0.19
2019-11-03,27.01,78.9,0.51
2019-11-04,27.24,78.61,0.05
2019-11-05,27.84,68.62,0.0
2019-11-06,28.46,61.54,0.01
2019-11-07,28.47,69.69,0.0
2019-11-08,28.19,71.33,0.02
2019-11-09,28.14,68.56,0.0
2019-11-10,28.81,62.01,0.0
2019-11-11,28.55,70.36,0.0
2019-11-12,28.03,75.77,0.96
2019-11-13,27.76,76.4,0.32
2019-11-14,27.63,72.08,1.61
2019-11-15,27.04,62.82,0.02
2019-11-16,28.1,67.01,0.01
2019-11-17,28.22,66.56,0.02
2019-11-18,28.34,61.55,0.01
2019-11-19,27.91,71.61,0.09
2019-11-20,28.26,63.06,0.02
2019-11-21,28.01,61.26,0.0
2019-11-22,27.24,77.84,0.66
2019-11-23,28.2,69.08,0.03
2019-11-24,28.62,65.7,0.33
2019-11-25,29.04,64.22,0.19
2019-11-26,29.14,59.79,0.06
2019-11-27,27.98,60.9,0.04
2019-11-28,26.95,64.68,0.34
2019-11-29,25.19,61.86,0.03
2019-11-30,24.74,62.36,0.03
2019-12-01,25.44,60.34,0.0
2019-12-02,26.97,54.22,0.0
2019-12-03,26.84,59.92,0.01
2019-12-04,26.81,60.2,0.0
2019-12-05,26.37,56.86,0.0
2019-12-06,27.08,56.26,0.01
2019-12-07,26.28,67.89,0.02
2019-12-08,25.5,56.28,0.0
2019-12-09,25.55,56.25,0.03
2019-12-10,25.17,53.7,0.0
2019-12-11,24.14,51.47,0.0
2019-12-12,24.3,57.53,0.0
2019-12-13,24.43,55.92,0.0
2019-12-14,23.9,57.7,0.0
2019-12-15,24.31,54.01,0.0
2019-12-16,24.58,56.72,0.0
2019-12-17,24.96,53.17,0.0
2019-12-18,25.98,53.81,0.0
2019-12-19,25.99,56.68,0.0
2019-12-20,25.64,61.22,0.0
2019-12-21,24.57,56.52,0.0
2019-12-22,23.85,56.68,0.0
2019-12-23,22.82,49.42,0.0
2019-12-24,22.31,50.57,0.0
2019-12-25,22.83,47.0,0.0
2019-12-26,24.0,49.63,0.0
2019-12-27,24.72,53.82,0.0
2019-12-28,24.37,57.09,0.0
2019-12-29,23.94,48.29,0.0
2019-12-30,22.83,47.62,0.0
2019-12-31,22.42,45.35,0.0
2020-01-01,21.23,44.63,0.0
2020-01-02,19.96,45.93,0.0
2020-01-03,19.02,45.79,0.0
2020-01-04,20.19,46.34,0.0
2020-01-05,22.01,51.0,0.0
2020-01-06,23.75,52.58,0.0
2020-01-07,25.08,52.84,0.0
2020-01-08,26.25,56.19,0.0
2020-01-09,27.16,55.98,0.0
2020-01-10,27.03,61.96,0.0
2020-01-11,28.17,61.57,0.0
2020-01-12,28.28,53.27,0.0
2020-01-13,26.28,47.89,0.0
2020-01-14,24.92,46.92,0.0
2020-01-15,25.17,42.18,0.0
2020-01-16,25.52,46.26,0.0
2020-01-17,24.64,47.23,0.0
2020-01-18,24.18,43.01,0.0
2020-01-19,23.06,46.82,0.0
2020-01-20,24.86,49.15,0.0
2020-01-21,26.81,48.98,0.0
2020-01-22,27.82,48.5,0.0
2020-01-23,26.51,46.47,0.0
2020-01-24,24.61,41.59,0.0
2020-01-25,23.45,41.4,0.0
2020-01-26,22.9,43.02,0.0
2020-01-27,24.0,41.63,0.0
2020-01-28,24.2,41.97,0.0
2020-01-29,25.17,40.1,0.0
2020-01-30,24.69,36.48,0.0
2020-01-31,24.83,39.4,0.0
2020-02-01,25.29,35.72,0.0
2020-02-02,24.41,36.28,0.0
2020-02-03,23.4,32.57,0.0
2020-02-04,24.13,33.99,0.0
2020-02-05,24.53,35.37,0.0
2020-02-06,25.41,34.44,0.0
2020-02-07,25.45,30.07,0.0
2020-02-08,25.98,29.75,0.0
2020-02-09,26.82,36.67,0.0
2020-02-10,28.09,46.29,0.0
2020-02-11,26.14,40.56,0.0
2020-02-12,25.19,30.28,0.0
2020-02-13,24.63,38.07,0.0
2020-02-14,24.72,36.0,0.0
2020-02-15,25.79,29.07,0.0
2020-02-16,26.48,28.48,0.0
2020-02-17,27.93,31.65,0.0
2020-02-18,28.85,37.24,0.01
2020-02-19,28.09,36.11,0.04
2020-02-20,28.71,36.33,0.0
2020-02-21,29.35,34.92,0.0
2020-02-22,29.7,35.98,0.0
2020-02-23,29.37,34.42,0.0
2020-02-24,28.03,27.55,0.0
2020-02-25,27.89,29.57,0.0
2020-02-26,28.11,30.41,0.0
2020-02-27,29.58,37.84,0.0
2020-02-28,29.65,32.08,0.0
2020-02-29,29.58,27.62,0.0
2020-03-01,29.95,27.26,0.0
2020-03-02,31.56,37.68,0.02
2020-03-03,32.18,52.71,0.02
2020-03-04,32.1,53.15,0.06
2020-03-05,32.24,44.13,0.01
2020-03-06,31.72,48.71,0.01
2020-03-07,32.27,48.77,0.15
2020-03-08,32.64,49.01,0.64
2020-03-09,33.47,47.61,0.19
2020-03-10,31.43,55.1,2.64
2020-03-11,30.8,40.33,0.08
2020-03-12,31.35,46.69,0.11
2020-03-13,31.89,47.8,0.2
2020-03-14,29.97,70.52,25.78
2020-03-15,30.26,68.3,0.32
2020-03-16,31.41,60.1,0.02
2020-03-17,31.19,63.03,0.12
2020-03-18,31.47,61.67,0.63
2020-03-19,31.12,61.92,0.7
2020-03-20,30.19,66.08,1.7
2020-03-21,30.68,63.64,0.86
2020-03-22,30.88,62.68,0.96
2020-03-23,29.37,70.68,11.57
2020-03-24,26.71,80.74,11.97
2020-03-25,28.63,66.97,0.61
2020-03-26,29.61,63.91,0.05
2020-03-27,29.78,61.79,0.26
2020-03-28,30.68,61.64,0.08
2020-03-29,30.09,67.97,2.19
2020-03-30,30.83,64.14,0.01
2020-03-31,29.43,70.64,0.73
2020-04-01,30.38,63.49,1.02
2020-04-02,29.4,70.6,1.28
2020-04-03,31.33,61.04,0.37
2020-04-04,31.14,62.54,0.28
2020-04-05,31.82,61.31,0.5
2020-04-06,31.9,57.96,0.29
2020-04-07,29.94,70.12,6.17
2020-04-08,28.89,75.46,22.56
2020-04-09,28.5,67.22,1.52
2020-04-10,27.39,78.25,4.13
2020-04-11,27.82,74.52,5.1
2020-04-12,29.3,70.15,0.99
2020-04-13,30.37,62.72,0.09
2020-04-14,30.54,63.77,0.1
2020-04-15,31.48,59.3,0.14
2020-04-16,32.47,52.31,0.0
2020-04-17,32.01,60.19,0.44
2020-04-18,29.73,70.39,2.27
2020-04-19,29.74,67.79,2.16
2020-04-20,28.92,69.77,2.24
2020-04-21,29.69,64.84,0.44
2020-04-22,30.32,61.62,2.96
2020-04-23,28.52,78.63,21.82
2020-04-24,28.51,76.32,0.9
2020-04-25,28.27,76.8,1.68
2020-04-26,28.11,74.3,1.91
2020-04-27,27.91,74.84,0.91
2020-04-28,29.37,69.05,0.09
2020-04-29,29.41,71.13,0.92
2020-04-30,29.17,72.67,1.35
2020-05-01,29.72,69.61,1.63
2020-05-02,30.07,66.25,0.3
2020-05-03,29.78,69.04,1.31
2020-05-04,30.09,68.63,4.07
2020-05-05,30.74,66.62,4.02
2020-05-06,31.32,64.08,2.13
2020-05-07,31.25,63.69,3.6
2020-05-08,31.11,63.26,2.22
2020-05-09,29.08,74.83,8.65
2020-05-10,29.96,68.36,2.46
2020-05-11,26.78,84.88,21.14
2020-05-12,28.81,71.0,0.01
2020-05-13,29.54,66.21,0.11
2020-05-14,30.21,66.05,0.55
2020-05-15,28.36,79.21,10.67
2020-05-16,27.96,81.1,22.53
2020-05-17,27.53,81.13,29.39
2020-05-18,27.52,79.94,0.06
2020-05-19,28.68,74.32,0.16
2020-05-20,28.64,74.18,1.15
2020-05-21,28.97,74.01,0.84
2020-05-22,28.94,73.99,1.82
2020-05-23,28.88,73.37,2.82
2020-05-24,29.31,70.27,2.48
2020-05-25,28.15,78.64,12.53
2020-05-26,28.1,78.7,4.17
2020-05-27,28.68,74.73,3.02
2020-05-28,28.88,72.12,0.9
2020-05-29,29.49,70.24,3.23
2020-05-30,27.47,81.43,8.07
2020-05-31,27.43,79.66,6.26
2020-06-01,28.13,77.26,3.15
2020-06-02,27.7,81.11,4.56
2020-06-03,28.66,77.15,0.96
2020-06-04,28.3,78.32,2.0
2020-06-05,27.51,82.82,17.94
2020-06-06,27.68,79.67,2.05
2020-06-07,27.01,84.8,24.27
2020-06-08,27.72,77.85,1.15
2020-06-09,25.68,86.43,3.76
2020-06-10,26.18,77.6,1.89
2020-06-11,27.14,75.62,0.74
2020-06-12,26.51,81.67,1.82
2020-06-13,26.34,83.52,3.28
2020-06-14,27.28,80.88,2.23
2020-06-15,27.94,78.29,0.62
2020-06-16,27.71,79.18,0.6
2020-06-17,27.26,83.23,3.53
2020-06-18,26.47,82.45,4.92
2020-06-19,25.16,84.72,6.86
2020-06-20,27.01,72.34,0.04
2020-06-21,28.21,72.65,0.51
2020-06-22,27.54,76.98,1.85
2020-06-23,28.12,75.79,3.51
2020-06-24,28.51,73.5,1.23
2020-06-25,27.67,77.93,2.23
2020-06-26,26.55,83.52,3.0
2020-06-27,26.54,83.23,8.09
2020-06-28,26.16,85.79,7.73
2020-06-29,27.02,79.65,3.32
2020-06-30,26.61,79.61,16.35
2020-07-01,25.54,87.41,21.5
2020-07-02,27.16,81.69,2.74
2020-07-03,27.08,84.04,4.0
2020-07-04,26.26,86.16,6.2
2020-07-05,26.64,80.52,2.18
2020-07-06,26.66,79.31,0.6
2020-07-07,27.76,76.65,0.3
2020-07-08,27.51,78.1,0.42
2020-07-09,25.74,86.29,7.99
2020-07-10,25.27,88.59,15.46
2020-07-11,24.96,88.11,10.09
2020-07-12,26.15,80.08,3.12
2020-07-13,25.4,82.97,1.76
2020-07-14,25.57,84.81,4.34
2020-07-15,24.64,88.34,15.17
2020-07-16,24.83,88.26,8.92
2020-07-17,24.78,87.93,6.17
2020-07-18,25.76,84.36,3.86
2020-07-19,25.96,83.94,4.0
2020-07-20,25.42,87.21,5.75
2020-07-21,26.72,81.99,4.17
2020-07-22,26.65,79.3,1.05
2020-07-23,26.65,80.13,4.1
2020-07-24,25.59,87.88,4.62
2020-07-25,25.67,85.11,3.13
2020-07-26,25.63,82.6,3.52
2020-07-27,26.45,80.08,2.27
2020-07-28,25.99,84.45,4.32
2020-07-29,26.42,81.1,1.41
2020-07-30,26.95,80.14,2.88
2020-07-31,25.9,87.04,11.02
2020-08-01,26.46,82.09,3.26
2020-08-02,26.71,78.09,1.13
2020-08-03,26.15,76.07,0.1
2020-08-04,26.55,71.94,0.05
2020-08-05,26.33,68.9,0.0
2020-08-06,26.4,69.52,0.0
2020-08-07,25.33,76.43,0.07
2020-08-08,25.93,76.54,0.57
2020-08-09,27.1,72.11,0.05
2020-08-10,27.83,71.03,0.46
2020-08-11,25.11,78.39,0.37
2020-08-12,27.14,72.13,0.09
2020-08-13,28.51,68.61,0.0
2020-08-14,27.36,76.13,3.9
2020-08-15,25.38,85.41,9.67
2020-08-16,27.53,71.69,0.13
2020-08-17,28.43,71.6,0.93
2020-08-18,27.16,80.1,8.61
2020-08-19,27.57,78.75,2.64
2020-08-20,25.92,88.56,4.92
2020-08-21,26.63,85.28,7.56
2020-08-22,26.45,82.93,8.4
2020-08-23,26.4,79.6,1.97
2020-08-24,25.37,82.04,0.6
2020-08-25,25.79,79.89,2.73
2020-08-26,27.23,75.38,2.28
2020-08-27,26.37,83.39,13.46
2020-08-28,24.58,90.96,10.39
2020-08-29,25.78,82.56,1.98
2020-08-30,26.16,81.69,1.41
2020-08-31,24.89,87.93,3.84
2020-09-01,26.18,82.73,2.04
2020-09-02,24.25,91.85,10.75
2020-09-03,25.36,87.12,3.64
2020-09-04,26.73,80.95,3.08
2020-09-05,24.89,90.51,27.08
2020-09-06,24.38,88.73,9.58
2020-09-07,25.38,85.63,3.35
2020-09-08,25.92,86.45,15.57
2020-09-09,26.12,84.75,1.82
2020-09-10,25.38,88.15,9.77
2020-09-11,26.41,80.95,1.35
2020-09-12,27.04,80.71,0.5
2020-09-13,25.92,85.9,2.15
2020-09-14,26.48,81.44,3.9
2020-09-15,27.54,79.05,7.12
2020-09-16,26.04,88.67,15.27
2020-09-17,25.04,90.78,8.6
2020-09-18,26.37,84.73,8.48
2020-09-19,26.62,84.39,2.99
2020-09-20,25.52,89.93,9.89
2020-09-21,26.09,82.52,1.35
2020-09-22,26.95,78.53,9.35
2020-09-23,26.19,86.0,11.4
2020-09-24,26.48,85.43,5.22
2020-09-25,26.43,82.25,5.09
2020-09-26,26.28,81.19,2.64
2020-09-27,25.88,84.86,7.97
2020-09-28,26.69,80.09,1.0
2020-09-29,27.43,78.73,1.81
2020-09-30,25.58,90.11,11.96
2020-10-01,25.42,88.49,9.74
2020-10-02,26.19,85.7,5.18
2020-10-03,26.31,84.12,4.83
2020-10-04,25.66,89.84,7.62
2020-10-05,25.74,86.68,3.47
2020-10-06,26.74,83.79,3.25
2020-10-07,25.87,87.64,2.25
2020-10-08,25.99,83.53,3.39
2020-10-09,25.46,82.05,6.37
2020-10-10,24.17,86.4,4.96
2020-10-11,24.81,87.61,5.26
2020-10-12,26.5,79.99,0.51
2020-10-13,27.31,78.0,6.05
2020-10-14,26.53,83.95,10.9
2020-10-15,26.85,80.4,16.4
2020-10-16,26.55,83.52,14.44
2020-10-17,27.04,82.92,7.37
2020-10-18,26.61,83.85,5.08
2020-10-19,27.34,78.28,3.37
2020-10-20,27.66,76.26,5.55
2020-10-21,27.99,72.89,0.69
2020-10-22,27.83,72.46,0.17
2020-10-23,26.99,74.48,0.09
2020-10-24,26.15,69.56,0.01
2020-10-25,26.19,72.53,0.05
2020-10-26,26.29,73.3,0.0
2020-10-27,26.43,69.62,0.0
2020-10-28,26.43,63.31,0.02
2020-10-29,26.7,63.13,0.05
2020-10-30,26.86,68.34,0.01
2020-10-31,27.2,67.51,0.02
2020-11-01,27.03,66.08,0.0
2020-11-02,26.42,69.5,0.04
2020-11-03,27.76,70.6,0.03
2020-11-04,27.96,72.41,0.01
2020-11-05,27.76,73.76,0.1
2020-11-06,26.88,70.67,0.0
2020-11-07,26.1,66.19,0.0
2020-11-08,26.27,67.81,0.02
2020-11-09,27.38,65.34,0.01
2020-11-10,26.36,63.82,0.01
2020-11-11,26.18,62.3,0.0
2020-11-12,25.89,65.33,0.0
2020-11-13,25.47,63.83,0.0
2020-11-14,25.7,64.84,0.0
2020-11-15,26.16,65.26,0.0
2020-11-16,25.47,65.4,0.0
2020-11-17,25.52,63.48,0.0
2020-11-18,25.88,61.42,0.0
2020-11-19,24.3,59.04,0.0
2020-11-20,24.24,55.56,0.0
2020-11-21,25.77,57.74,0.0
2020-11-22,25.31,63.56,0.0
2020-11-23,27.4,59.15,0.0
2020-11-24,27.67,57.99,0.01
2020-11-25,27.63,55.56,0.0
2020-11-26,27.96,55.97,0.0
2020-11-27,28.6,65.44,0.03
2020-11-28,28.58,68.13,0.19
2020-11-29,28.8,65.89,0.06
2020-11-30,27.79,59.25,0.0
2020-12-01,25.77,54.7,0.0
2020-12-02,26.35,52.58,0.02
2020-12-03,26.63,50.89,0.01
2020-12-04,26.67,48.65,0.0
2020-12-05,27.39,46.43,0.0
2020-12-06,28.51,49.63,0.0
2020-12-07,29.12,52.96,0.01
2020-12-08,28.52,61.42,0.35
2020-12-09,28.93,60.8,0.0
2020-12-10,29.7,58.69,0.0
2020-12-11,29.34,57.04,0.02
2020-12-12,28.69,48.37,0.0
2020-12-13,29.13,51.18,0.0
2020-12-14,29.41,58.08,0.1
2020-12-15,29.34,52.14,0.01
2020-12-16,28.72,52.9,0.01
2020-12-17,27.38,52.08,0.01
2020-12-18,27.06,49.99,0.05
2020-12-19,25.88,44.55,0.0
2020-12-20,26.35,48.29,0.0
2020-12-21,26.78,51.84,0.0
2020-12-22,26.48,52.1,0.0
2020-12-23,26.66,50.05,0.0
2020-12-24,27.61,49.09,0.0
2020-12-25,26.82,48.77,0.0
2020-12-26,25.14,47.12,0.0
2020-12-27,23.81,46.64,0.0
2020-12-28,24.22,43.19,0.0
2020-12-29,24.09,44.2,0.0
2020-12-30,25.95,46.07,0.0
2020-12-31,28.13,50.65,0.0
