,airtemp_C,rh_pct,rain_mm
2001-01-01,25.68,19.5,0.0
2001-01-02,26.23,18.84,0.0
2001-01-03,26.26,12.25,0.0
2001-01-04,25.64,12.7,0.0
2001-01-05,25.21,15.32,0.0
2001-01-06,24.9,17.43,0.0
2001-01-07,25.52,20.44,0.0
2001-01-08,25.65,21.21,0.0
2001-01-09,24.12,22.23,0.0
2001-01-10,25.27,18.17,0.0
2001-01-11,25.08,19.12,0.0
2001-01-12,25.05,16.43,0.0
2001-01-13,25.54,15.68,0.0
2001-01-14,25.71,15.56,0.0
2001-01-15,26.4,14.57,0.0
2001-01-16,25.51,16.68,0.0
2001-01-17,26.58,14.67,0.0
2001-01-18,26.97,12.7,0.0
2001-01-19,25.63,13.36,0.0
2001-01-20,25.58,13.1,0.0
2001-01-21,25.0,13.19,0.0
2001-01-22,24.77,13.04,0.0
2001-01-23,23.17,13.45,0.0
2001-01-24,24.2,13.51,0.0
2001-01-25,24.45,13.73,0.0
2001-01-26,25.01,12.53,0.0
2001-01-27,26.23,11.55,0.0
2001-01-28,26.34,12.06,0.0
2001-01-29,26.38,13.45,0.0
2001-01-30,27.24,14.08,0.0
2001-01-31,26.91,15.17,0.0
2001-02-01,28.06,11.71,0.0
2001-02-02,27.86,10.43,0.0
2001-02-03,27.35,10.46,0.0
2001-02-04,27.48,15.04,0.02
2001-02-05,26.22,12.21,0.0
2001-02-06,26.32,11.69,0.0
2001-02-07,25.56,13.2,0.0
2001-02-08,26.21,13.68,0.0
2001-02-09,25.18,10.54,0.0
2001-02-10,26.04,9.22,0.0
2001-02-11,25.47,10.82,0.0
2001-02-12,24.61,10.04,0.0
2001-02-13,24.35,8.41,0.0
2001-02-14,23.05,12.37,0.0
2001-02-15,24.32,13.24,0.0
2001-02-16,26.0,14.84,0.0
2001-02-17,27.34,15.21,0.0
2001-02-18,28.23,15.64,0.0
2001-02-19,28.65,13.38,0.0
2001-02-20,29.18,8.52,0.0
2001-02-21,29.02,9.99,0.0
2001-02-22,29.34,11.0,0.0
2001-02-23,29.16,8.77,0.0
2001-02-24,28.51,10.23,0.0
2001-02-25,29.51,16.74,0.0
2001-02-26,31.6,23.65,0.01
2001-02-27,31.6,11.76,0.0
2001-02-28,30.43,13.36,0.0
2001-03-01,30.54,21.68,0.0
2001-03-02,31.74,30.69,0.0
2001-03-03,31.09,12.9,0.01
2001-03-04,31.17,18.2,0.0
2001-03-05,32.36,43.09,0.09
2001-03-06,32.63,27.23,0.01
2001-03-07,30.17,7.95,0.0
2001-03-08,28.69,7.52,0.0
2001-03-09,29.24,9.55,0.04
2001-03-10,30.56,28.69,0.1
2001-03-11,30.95,34.94,0.15
2001-03-12,32.61,38.48,0.96
2001-03-13,33.22,40.55,1.73
2001-03-14,26.55,72.45,2.4
2001-03-15,29.17,59.05,0.01
2001-03-16,30.77,50.0,2.09
2001-03-17,30.66,44.17,0.01
2001-03-18,29.95,50.35,0.02
2001-03-19,31.94,42.52,0.1
2001-03-20,31.62,38.62,0.0
2001-03-21,31.01,15.6,0.0
2001-03-22,31.05,34.05,0.5
2001-03-23,32.2,41.5,0.59
2001-03-24,33.04,35.81,0.71
2001-03-25,33.57,36.21,0.48
2001-03-26,33.39,39.39,0.96
2001-03-27,32.46,44.03,0.18
2001-03-28,32.5,44.97,0.61
2001-03-29,31.32,51.39,0.24
2001-03-30,30.85,52.91,3.39
2001-03-31,30.88,53.35,0.29
2001-04-01,32.28,45.38,0.67
2001-04-02,31.15,52.78,0.62
2001-04-03,30.23,53.56,0.36
2001-04-04,32.04,46.47,0.04
2001-04-05,32.47,43.33,0.94
2001-04-06,29.88,58.51,2.06
2001-04-07,30.96,55.08,3.59
2001-04-08,31.12,51.85,0.72
2001-04-09,31.48,49.76,0.02
2001-04-10,32.17,46.62,1.17
2001-04-11,30.54,57.23,0.36
2001-04-12,29.79,60.05,1.57
2001-04-13,30.77,57.13,0.77
2001-04-14,30.5,55.37,1.79
2001-04-15,31.74,52.59,4.41
2001-04-16,29.64,64.88,4.13
2001-04-17,29.09,67.7,2.95
2001-04-18,28.82,66.85,2.93
2001-04-19,29.04,64.53,0.39
2001-04-20,30.29,59.74,3.11
2001-04-21,29.83,63.13,1.37
2001-04-22,29.5,63.08,0.75
2001-04-23,30.7,58.49,0.13
2001-04-24,31.92,53.69,3.37
2001-04-25,30.24,61.45,2.4
2001-04-26,29.39,64.38,1.08
2001-04-27,31.14,56.01,0.6
2001-04-28,32.04,51.72,1.62
2001-04-29,31.39,55.28,1.05
2001-04-30,29.35,63.37,0.55
2001-05-01,30.3,59.27,1.41
2001-05-02,31.05,55.68,2.15
2001-05-03,32.23,51.56,1.77
2001-05-04,30.52,61.55,1.34
2001-05-05,29.79,60.89,0.41
2001-05-06,31.15,54.17,2.24
2001-05-07,31.01,55.54,0.51
2001-05-08,29.99,63.2,4.86
2001-05-09,29.9,63.04,2.36
2001-05-10,30.33,61.66,2.67
2001-05-11,29.92,64.39,1.84
2001-05-12,29.99,65.19,6.48
2001-05-13,29.34,65.16,0.43
2001-05-14,30.87,58.56,0.82
2001-05-15,30.17,64.41,3.12
2001-05-16,28.99,70.12,0.53
2001-05-17,30.86,59.34,1.47
2001-05-18,30.55,62.31,2.48
2001-05-19,29.73,64.69,0.69
2001-05-20,30.01,57.56,0.21
2001-05-21,30.82,51.49,0.21
2001-05-22,30.35,55.52,8.32
2001-05-23,29.21,65.72,10.43
2001-05-24,27.52,75.58,8.91
2001-05-25,27.89,68.17,0.48
2001-05-26,29.42,60.64,0.94
2001-05-27,29.33,62.46,0.22
2001-05-28,29.48,60.71,0.53
2001-05-29,28.23,69.33,8.33
2001-05-30,27.58,71.25,5.19
2001-05-31,28.57,65.1,2.47
2001-06-01,29.1,63.92,4.01
2001-06-02,27.74,70.91,1.09
2001-06-03,28.74,64.05,0.99
2001-06-04,29.89,54.22,0.2
2001-06-05,28.78,66.91,9.48
2001-06-06,28.22,67.91,5.16
2001-06-07,28.17,67.01,6.82
2001-06-08,27.49,71.78,5.8
2001-06-09,27.85,71.39,8.65
2001-06-10,27.03,74.03,2.23
2001-06-11,27.98,66.35,2.69
2001-06-12,28.05,67.52,2.15
2001-06-13,27.48,71.59,3.7
2001-06-14,27.37,71.43,1.33
2001-06-15,27.0,72.23,2.2
2001-06-16,26.74,73.17,1.55
2001-06-17,28.23,66.13,1.86
2001-06-18,28.77,62.42,1.53
2001-06-19,28.35,67.68,3.04
2001-06-20,27.91,68.94,5.32
2001-06-21,28.39,68.46,3.03
2001-06-22,26.25,78.44,8.33
2001-06-23,26.4,75.02,5.21
2001-06-24,25.67,78.87,16.68
2001-06-25,25.45,80.24,3.48
2001-06-26,27.31,70.33,2.38
2001-06-27,27.02,74.49,3.46
2001-06-28,26.86,72.1,2.48
2001-06-29,26.47,72.31,4.54
2001-06-30,27.29,69.79,2.18
2001-07-01,27.28,72.54,8.92
2001-07-02,27.24,74.8,3.4
2001-07-03,26.16,78.62,10.91
2001-07-04,26.09,76.69,3.26
2001-07-05,27.31,73.53,2.42
2001-07-06,26.59,77.7,5.36
2001-07-07,26.87,72.87,0.85
2001-07-08,26.98,71.77,0.66
2001-07-09,27.24,71.93,2.89
2001-07-10,26.88,74.84,1.78
2001-07-11,27.14,75.02,6.85
2001-07-12,25.84,80.13,4.27
2001-07-13,25.89,78.19,3.21
2001-07-14,27.97,69.24,3.62
2001-07-15,27.55,73.97,2.45
2001-07-16,25.96,77.74,5.9
2001-07-17,24.94,82.53,9.05
2001-07-18,25.96,76.83,5.71
2001-07-19,26.88,72.82,3.25
2001-07-20,26.44,77.54,3.98
2001-07-21,25.99,76.23,3.82
2001-07-22,25.64,78.72,4.7
2001-07-23,24.44,85.67,9.06
2001-07-24,24.88,82.28,11.55
2001-07-25,25.09,82.04,3.73
2001-07-26,25.17,80.58,2.2
2001-07-27,25.55,79.47,4.3
2001-07-28,25.77,78.32,5.32
2001-07-29,25.97,82.03,13.45
2001-07-30,25.95,76.84,2.02
2001-07-31,24.83,80.74,11.27
2001-08-01,24.56,84.68,3.19
2001-08-02,24.2,83.0,2.86
2001-08-03,25.49,75.32,0.92
2001-08-04,26.27,75.35,4.57
2001-08-05,25.4,79.79,4.99
2001-08-06,27.48,70.25,2.43
2001-08-07,26.52,78.79,9.27
2001-08-08,25.27,82.98,2.54
2001-08-09,23.79,85.4,3.58
2001-08-10,25.91,80.18,4.41
2001-08-11,27.14,76.63,5.38
2001-08-12,26.41,78.87,2.05
2001-08-13,25.44,81.37,4.4
2001-08-14,24.3,82.78,26.1
2001-08-15,25.36,79.36,5.9
2001-08-16,25.77,81.69,6.5
2001-08-17,26.67,77.92,3.4
2001-08-18,27.48,74.75,3.5
2001-08-19,27.12,77.45,7.25
2001-08-20,25.86,83.13,12.53
2001-08-21,25.35,85.15,10.17
2001-08-22,24.75,85.73,4.8
2001-08-23,26.14,81.02,6.7
2001-08-24,26.06,83.32,10.79
2001-08-25,25.08,85.09,18.77
2001-08-26,25.51,80.78,3.83
2001-08-27,26.15,81.76,10.56
2001-08-28,25.36,86.42,18.18
2001-08-29,25.28,83.79,4.64
2001-08-30,24.86,85.27,13.14
2001-08-31,26.44,78.14,3.39
2001-09-01,26.14,79.64,6.78
2001-09-02,25.9,80.94,5.32
2001-09-03,25.13,85.39,9.96
2001-09-04,25.58,81.63,3.04
2001-09-05,25.98,82.95,2.24
2001-09-06,25.0,84.87,4.3
2001-09-07,24.86,84.07,9.89
2001-09-08,25.71,82.73,14.08
2001-09-09,25.89,82.24,9.57
2001-09-10,25.1,84.52,3.26
2001-09-11,26.52,78.34,5.12
2001-09-12,26.69,79.77,6.38
2001-09-13,25.89,79.62,0.15
2001-09-14,25.76,80.23,4.29
2001-09-15,25.56,80.97,8.15
2001-09-16,24.24,88.37,5.23
2001-09-17,25.91,80.47,2.21
2001-09-18,25.13,81.77,2.13
2001-09-19,24.71,80.35,5.44
2001-09-20,25.05,81.27,6.9
2001-09-21,26.06,78.79,4.89
2001-09-22,26.21,80.34,9.85
2001-09-23,24.32,87.34,2.81
2001-09-24,25.17,82.61,1.07
2001-09-25,26.14,78.68,3.96
2001-09-26,26.07,78.98,1.12
2001-09-27,25.86,79.31,1.39
2001-09-28,26.22,78.18,1.34
2001-09-29,25.7,80.61,6.7
2001-09-30,26.44,77.18,1.38
2001-10-01,26.74,76.19,1.45
2001-10-02,26.48,78.56,1.54
2001-10-03,26.55,76.96,4.67
2001-10-04,26.32,76.85,3.96
2001-10-05,26.55,76.74,0.8
2001-10-06,26.56,76.82,1.21
2001-10-07,26.82,74.24,2.44
2001-10-08,26.22,78.36,1.38
2001-10-09,26.44,78.01,1.95
2001-10-10,27.46,74.75,1.34
2001-10-11,27.54,74.29,1.86
2001-10-12,27.47,72.94,0.68
2001-10-13,27.43,71.35,0.0
2001-10-14,27.24,70.93,0.02
2001-10-15,27.33,67.07,0.01
2001-10-16,27.33,67.65,0.01
2001-10-17,27.51,64.72,0.02
2001-10-18,27.96,67.48,0.29
2001-10-19,28.62,65.48,0.28
2001-10-20,28.74,62.59,0.38
2001-10-21,28.32,63.96,0.67
2001-10-22,28.36,60.06,0.49
2001-10-23,28.43,60.61,0.1
2001-10-24,28.25,61.42,0.28
2001-10-25,27.86,62.09,0.38
2001-10-26,27.5,61.92,0.43
2001-10-27,27.31,57.07,0.05
2001-10-28,26.45,50.21,0.08
2001-10-29,26.53,48.24,0.01
2001-10-30,26.61,48.45,0.11
2001-10-31,27.56,57.02,0.19
2001-11-01,26.94,58.02,0.14
2001-11-02,25.92,46.67,0.0
2001-11-03,26.65,46.57,0.0
2001-11-04,27.11,46.23,0.0
2001-11-05,27.75,43.63,0.0
2001-11-06,27.49,43.28,0.0
2001-11-07,27.29,40.66,0.0
2001-11-08,27.69,42.46,0.06
2001-11-09,27.97,41.56,0.52
2001-11-10,27.54,49.66,1.04
2001-11-11,28.73,54.46,0.03
2001-11-12,29.06,58.67,0.11
2001-11-13,29.73,54.33,0.24
2001-11-14,28.85,48.76,0.18
2001-11-15,28.44,51.66,0.05
2001-11-16,28.21,49.43,0.07
2001-11-17,26.08,36.6,0.01
2001-11-18,26.91,31.94,0.01
2001-11-19,25.69,32.84,0.0
2001-11-20,26.61,34.52,0.0
2001-11-21,27.31,46.24,0.04
2001-11-22,26.98,40.79,0.1
2001-11-23,28.83,56.12,0.38
2001-11-24,28.86,56.63,0.81
2001-11-25,28.32,52.77,0.02
2001-11-26,28.39,45.53,0.3
2001-11-27,28.75,53.71,0.56
2001-11-28,29.59,57.16,0.38
2001-11-29,28.9,47.54,0.05
2001-11-30,27.15,33.5,0.0
2001-12-01,26.99,34.49,0.0
2001-12-02,26.54,35.16,0.0
2001-12-03,26.23,28.33,0.0
2001-12-04,26.6,31.97,0.02
2001-12-05,26.42,27.92,0.0
2001-12-06,26.1,25.69,0.0
2001-12-07,25.73,24.18,0.0
2001-12-08,24.56,22.62,0.0
2001-12-09,24.77,24.41,0.0
2001-12-10,25.81,28.56,0.0
2001-12-11,26.03,27.91,0.0
2001-12-12,26.97,26.36,0.0
2001-12-13,26.99,28.63,0.0
2001-12-14,27.2,29.85,0.0
2001-12-15,28.95,31.62,0.0
2001-12-16,28.63,26.76,0.0
2001-12-17,28.29,24.38,0.0
2001-12-18,27.94,22.86,0.0
2001-12-19,28.5,27.55,0.0
2001-12-20,29.56,31.67,0.0
2001-12-21,28.64,22.29,0.0
2001-12-22,27.75,22.54,0.0
2001-12-23,27.93,21.36,0.0
2001-12-24,27.54,21.32,0.0
2001-12-25,26.77,25.96,0.0
2001-12-26,27.01,21.07,0.0
2001-12-27,26.79,19.79,0.0
2001-12-28,26.91,15.85,0.0
2001-12-29,26.14,17.42,0.0
2001-12-30,27.45,20.03,0.0
2001-12-31,27.39,23.98,0.0
2002-01-01,27.6,21.06,0.0
2002-01-02,26.75,20.65,0.0
2002-01-03,26.31,18.15,0.0
2002-01-04,26.93,17.17,0.0
2002-01-05,26.78,16.41,0.0
2002-01-06,26.91,17.18,0.01
2002-01-07,27.43,38.64,0.21
2002-01-08,27.29,56.27,2.28
2002-01-09,26.9,34.22,0.04
2002-01-10,25.78,22.04,0.0
2002-01-11,25.08,17.74,0.0
2002-01-12,23.76,18.16,0.0
2002-01-13,23.34,17.64,0.0
2002-01-14,23.32,15.4,0.0
2002-01-15,24.02,15.81,0.0
2002-01-16,24.96,17.59,0.0
2002-01-17,24.99,19.87,0.0
2002-01-18,26.29,20.02,0.0
2002-01-19,26.89,17.85,0.0
2002-01-20,27.54,16.24,0.0
2002-01-21,27.3,16.39,0.0
2002-01-22,27.66,15.72,0.0
2002-01-23,27.38,16.19,0.0
2002-01-24,26.96,16.8,0.0
2002-01-25,27.0,16.84,0.0
2002-01-26,26.37,16.23,0.0
2002-01-27,25.92,13.36,0.0
2002-01-28,25.39,12.25,0.0
2002-01-29,25.97,13.55,0.0
2002-01-30,26.15,14.77,0.0
2002-01-31,24.89,13.76,0.0
2002-02-01,26.17,14.49,0.0
2002-02-02,26.2,15.54,0.0
2002-02-03,27.18,16.52,0.0
2002-02-04,27.74,15.62,0.0
2002-02-05,27.73,15.16,0.0
2002-02-06,27.19,13.4,0.0
2002-02-07,27.53,13.78,0.0
2002-02-08,27.75,13.63,0.0
2002-02-09,27.37,12.06,0.0
2002-02-10,27.08,12.78,0.0
2002-02-11,27.08,12.59,0.0
2002-02-12,26.67,14.03,0.0
2002-02-13,26.89,13.35,0.0
2002-02-14,27.5,12.67,0.0
2002-02-15,27.57,12.77,0.0
2002-02-16,28.01,14.4,0.0
2002-02-17,29.1,17.34,0.0
2002-02-18,30.03,19.22,0.0
2002-02-19,29.58,13.79,0.0
2002-02-20,29.2,10.7,0.0
2002-02-21,29.31,12.9,0.03
2002-02-22,31.0,24.84,0.05
2002-02-23,32.06,25.49,0.18
2002-02-24,30.63,12.1,0.0
2002-02-25,30.24,13.09,0.0
2002-02-26,29.66,11.93,0.0
2002-02-27,29.56,12.28,0.0
2002-02-28,27.52,12.48,0.0
2002-03-01,29.52,19.75,0.1
2002-03-02,31.04,34.78,0.28
2002-03-03,31.93,27.18,0.04
2002-03-04,30.94,15.68,0.0
2002-03-05,31.3,14.76,0.13
2002-03-06,31.71,39.28,0.26
2002-03-07,33.88,36.89,2.72
2002-03-08,33.07,31.86,0.28
2002-03-09,31.47,49.39,1.45
2002-03-10,31.64,43.52,1.13
2002-03-11,30.59,53.25,1.98
2002-03-12,32.3,47.33,0.7
2002-03-13,33.83,37.84,0.2
2002-03-14,32.33,38.18,1.21
2002-03-15,32.56,37.69,1.12
2002-03-16,32.57,37.48,0.75
2002-03-17,31.49,44.27,0.67
2002-03-18,32.16,39.25,0.15
2002-03-19,33.29,37.26,0.0
2002-03-20,33.32,38.18,0.29
2002-03-21,32.52,43.18,0.32
2002-03-22,32.05,26.99,0.01
2002-03-23,32.51,42.6,0.64
2002-03-24,31.76,46.65,0.73
2002-03-25,30.52,51.42,0.52
2002-03-26,32.3,44.34,1.04
2002-03-27,32.77,41.97,0.42
2002-03-28,33.16,42.75,0.05
2002-03-29,33.24,42.59,0.36
2002-03-30,33.94,33.87,0.28
2002-03-31,33.15,22.42,0.31
2002-04-01,33.17,37.49,0.7
2002-04-02,34.73,32.69,0.68
2002-04-03,34.6,38.32,0.41
2002-04-04,33.78,43.18,1.38
2002-04-05,33.0,44.36,0.46
2002-04-06,32.39,50.19,6.96
2002-04-07,29.62,66.78,4.42
2002-04-08,28.62,66.21,5.9
2002-04-09,30.32,60.57,3.63
2002-04-10,30.92,53.76,5.32
2002-04-11,30.14,63.78,1.52
2002-04-12,30.51,65.16,2.91
2002-04-13,29.79,67.81,4.59
2002-04-14,29.23,65.87,0.13
2002-04-15,28.53,69.52,7.86
2002-04-16,28.49,67.96,0.33
2002-04-17,30.91,56.51,1.95
2002-04-18,30.47,57.75,0.32
2002-04-19,29.94,57.44,0.05
2002-04-20,30.62,53.73,2.19
2002-04-21,31.47,54.82,2.28
2002-04-22,30.33,60.59,0.68
2002-04-23,31.87,50.34,0.8
2002-04-24,32.22,48.44,0.04
2002-04-25,31.98,48.24,2.32
2002-04-26,32.35,46.26,0.77
2002-04-27,31.03,48.5,0.01
2002-04-28,32.71,48.21,0.16
2002-04-29,32.83,47.5,0.04
2002-04-30,33.2,45.82,1.02
2002-05-01,32.41,49.27,1.4
2002-05-02,30.36,57.83,0.79
2002-05-03,31.45,53.82,1.07
2002-05-04,30.99,54.64,3.09
2002-05-05,31.06,55.69,0.16
2002-05-06,31.18,52.62,0.88
2002-05-07,31.43,51.36,3.36
2002-05-08,31.21,56.95,6.55
2002-05-09,31.12,59.47,3.96
2002-05-10,31.74,52.84,1.69
2002-05-11,30.44,59.8,1.66
2002-05-12,31.67,54.39,1.19
2002-05-13,30.42,60.7,4.06
2002-05-14,29.48,66.36,0.23
2002-05-15,30.77,58.36,0.92
2002-05-16,31.87,56.19,2.19
2002-05-17,30.67,63.73,3.34
2002-05-18,30.71,62.3,1.36
2002-05-19,31.08,58.41,1.11
2002-05-20,30.95,57.43,0.02
2002-05-21,31.15,55.08,0.16
2002-05-22,31.33,53.88,1.79
2002-05-23,30.18,56.9,0.31
2002-05-24,31.5,52.03,1.97
2002-05-25,32.3,49.63,0.78
2002-05-26,32.97,45.92,0.68
2002-05-27,32.44,48.27,0.76
2002-05-28,32.22,49.1,1.2
2002-05-29,32.26,47.3,0.21
2002-05-30,32.25,46.12,0.48
2002-05-31,31.76,52.69,6.47
2002-06-01,28.3,70.2,3.27
2002-06-02,28.9,66.97,3.72
2002-06-03,28.37,64.11,1.81
2002-06-04,26.64,69.01,5.48
2002-06-05,28.54,62.63,0.35
2002-06-06,28.07,62.5,1.66
2002-06-07,28.7,63.77,2.46
2002-06-08,29.6,61.91,3.17
2002-06-09,29.07,63.54,3.37
2002-06-10,29.11,61.88,0.96
2002-06-11,28.96,55.63,1.68
2002-06-12,29.22,61.47,5.65
2002-06-13,28.52,68.18,5.26
2002-06-14,26.98,71.1,1.73
2002-06-15,28.34,60.36,0.37
2002-06-16,28.97,60.55,0.35
2002-06-17,29.56,59.2,0.43
2002-06-18,30.46,55.37,1.06
2002-06-19,30.26,56.65,1.29
2002-06-20,28.46,66.68,4.47
2002-06-21,29.51,58.48,2.77
2002-06-22,29.82,60.24,1.65
2002-06-23,29.53,63.48,4.7
2002-06-24,28.15,69.19,6.78
2002-06-25,28.66,64.81,0.89
2002-06-26,29.35,62.52,2.46
2002-06-27,29.07,66.48,4.0
2002-06-28,28.05,68.92,1.55
2002-06-29,29.2,61.98,2.23
2002-06-30,28.66,63.38,2.31
2002-07-01,29.24,61.6,2.49
2002-07-02,27.82,70.35,2.9
2002-07-03,27.04,66.73,1.52
2002-07-04,25.78,77.36,3.29
2002-07-05,27.32,68.78,5.59
2002-07-06,28.61,63.48,3.72
2002-07-07,28.3,66.74,1.51
2002-07-08,29.39,64.4,3.47
2002-07-09,28.7,67.78,5.09
2002-07-10,28.25,67.91,2.56
2002-07-11,28.57,62.6,0.78
2002-07-12,28.77,61.57,0.21
2002-07-13,28.25,63.42,1.38
2002-07-14,29.11,61.57,3.23
2002-07-15,28.42,69.59,5.43
2002-07-16,27.47,73.0,6.5
2002-07-17,26.98,70.45,1.59
2002-07-18,28.76,63.57,0.04
2002-07-19,27.8,67.81,2.69
2002-07-20,27.78,72.17,10.38
2002-07-21,26.89,72.02,5.12
2002-07-22,26.1,76.19,3.51
2002-07-23,26.49,75.38,13.36
2002-07-24,25.63,78.76,11.01
2002-07-25,27.29,71.36,0.6
2002-07-26,27.29,72.45,3.28
2002-07-27,26.7,74.85,8.16
2002-07-28,26.92,75.43,3.67
2002-07-29,24.42,87.69,4.29
2002-07-30,25.05,81.32,2.83
2002-07-31,25.32,80.34,5.67
2002-08-01,25.64,78.45,6.18
2002-08-02,25.11,81.06,7.0
2002-08-03,25.51,79.35,7.86
2002-08-04,26.25,78.12,3.49
2002-08-05,25.79,82.1,10.19
2002-08-06,24.74,84.32,9.13
2002-08-07,24.79,82.04,4.02
2002-08-08,25.95,78.99,5.5
2002-08-09,27.13,74.15,6.78
2002-08-10,26.44,80.04,3.89
2002-08-11,25.52,83.05,5.86
2002-08-12,25.84,77.84,6.94
2002-08-13,26.9,76.43,9.54
2002-08-14,26.63,80.38,2.58
2002-08-15,26.22,77.16,2.06
2002-08-16,26.22,78.51,3.96
2002-08-17,26.06,79.07,4.64
2002-08-18,25.55,79.72,6.84
2002-08-19,26.3,79.78,5.41
2002-08-20,26.31,81.37,10.33
2002-08-21,26.19,82.07,6.74
2002-08-22,24.83,82.22,1.49
2002-08-23,26.56,74.45,0.31
2002-08-24,27.24,72.62,2.37
2002-08-25,27.27,74.67,5.48
2002-08-26,26.81,78.41,4.75
2002-08-27,25.46,81.49,6.9
2002-08-28,26.14,79.42,6.44
2002-08-29,26.47,78.78,3.94
2002-08-30,26.08,78.31,3.76
2002-08-31,26.15,78.04,4.18
2002-09-01,26.26,76.65,2.09
2002-09-02,27.44,73.84,1.94
2002-09-03,26.94,75.85,3.29
2002-09-04,25.66,81.25,5.25
2002-09-05,25.18,79.16,1.84
2002-09-06,25.84,78.94,4.05
2002-09-07,25.53,79.52,13.37
2002-09-08,26.12,78.7,2.53
2002-09-09,26.58,76.96,1.21
2002-09-10,26.91,72.37,0.33
2002-09-11,25.65,78.93,1.14
2002-09-12,26.46,74.77,1.47
2002-09-13,26.01,77.32,5.68
2002-09-14,25.53,82.91,10.9
2002-09-15,26.07,79.02,1.19
2002-09-16,26.86,72.93,2.0
2002-09-17,27.27,74.47,12.46
2002-09-18,27.13,73.92,1.41
2002-09-19,25.56,80.2,3.15
2002-09-20,25.47,80.33,1.05
2002-09-21,27.17,73.21,1.58
2002-09-22,26.98,73.7,0.69
2002-09-23,26.19,74.31,1.88
2002-09-24,26.79,73.47,1.33
2002-09-25,27.33,70.85,0.12
2002-09-26,27.73,71.55,0.52
2002-09-27,28.62,68.33,1.37
2002-09-28,27.93,71.02,3.77
2002-09-29,28.22,68.38,0.2
2002-09-30,28.43,65.49,1.36
2002-10-01,27.93,67.75,8.65
2002-10-02,27.68,68.74,6.46
2002-10-03,27.15,72.19,5.68
2002-10-04,25.91,77.83,7.05
2002-10-05,26.36,73.87,1.53
2002-10-06,27.33,67.86,2.43
2002-10-07,25.99,77.99,5.75
2002-10-08,26.31,78.55,5.3
2002-10-09,27.1,75.28,2.45
2002-10-10,25.75,82.12,3.5
2002-10-11,26.55,72.82,2.87
2002-10-12,27.75,69.54,1.39
2002-10-13,27.97,67.68,0.98
2002-10-14,27.35,69.24,1.58
2002-10-15,27.39,66.48,0.98
2002-10-16,28.26,64.65,0.72
2002-10-17,27.59,68.28,2.53
2002-10-18,27.66,66.59,0.36
2002-10-19,28.09,64.67,0.44
2002-10-20,28.16,65.86,0.24
2002-10-21,28.52,60.69,0.03
2002-10-22,28.5,60.18,0.39
2002-10-23,27.6,67.74,0.39
2002-10-24,27.48,68.04,1.31
2002-10-25,27.78,65.31,0.37
2002-10-26,27.51,65.96,0.2
2002-10-27,28.72,54.37,0.45
2002-10-28,29.22,54.74,0.21
2002-10-29,29.66,53.43,0.12
2002-10-30,28.96,55.72,0.18
2002-10-31,28.87,53.69,0.06
2002-11-01,28.14,55.32,0.03
2002-11-02,29.94,50.2,0.12
2002-11-03,30.54,50.22,0.23
2002-11-04,30.58,47.32,0.57
2002-11-05,29.39,56.15,0.93
2002-11-06,27.68,58.72,0.46
2002-11-07,28.37,54.64,0.11
2002-11-08,29.82,49.94,0.44
2002-11-09,30.04,48.27,0.3
2002-11-10,29.73,50.6,0.31
2002-11-11,29.55,46.21,0.32
2002-11-12,29.89,49.67,0.0
2002-11-13,29.0,43.44,0.0
2002-11-14,28.93,43.23,0.0
2002-11-15,29.86,45.65,0.0
2002-11-16,29.78,45.92,0.0
2002-11-17,29.38,44.59,0.08
2002-11-18,28.66,41.85,0.13
2002-11-19,28.92,38.22,0.0
2002-11-20,29.23,41.69,0.04
2002-11-21,27.67,42.24,0.0
2002-11-22,27.93,34.71,0.06
2002-11-23,27.61,35.8,0.07
2002-11-24,27.62,32.9,0.05
2002-11-25,27.48,31.81,0.06
2002-11-26,27.05,30.6,0.01
2002-11-27,26.22,27.57,0.0
2002-11-28,26.31,24.56,0.0
2002-11-29,26.69,24.41,0.0
2002-11-30,26.88,23.87,0.0
2002-12-01,26.22,25.29,0.0
2002-12-02,28.4,23.02,0.0
2002-12-03,28.45,26.77,0.01
2002-12-04,28.71,30.9,0.02
2002-12-05,28.97,34.68,0.01
2002-12-06,27.95,43.11,0.01
2002-12-07,29.12,30.22,0.12
2002-12-08,28.38,41.66,0.13
2002-12-09,29.38,45.54,0.07
2002-12-10,29.08,36.38,0.49
2002-12-11,28.47,27.6,0.11
2002-12-12,28.59,29.11,0.0
2002-12-13,28.95,29.41,0.0
2002-12-14,28.26,27.37,0.0
2002-12-15,28.21,27.57,0.0
2002-12-16,27.97,28.28,0.0
2002-12-17,26.93,20.37,0.0
2002-12-18,25.44,20.56,0.0
2002-12-19,25.88,21.55,0.0
2002-12-20,25.51,20.42,0.0
2002-12-21,25.22,17.47,0.0
2002-12-22,26.07,12.61,0.0
2002-12-23,25.68,12.84,0.0
2002-12-24,23.87,16.91,0.0
2002-12-25,23.71,16.12,0.0
2002-12-26,23.05,15.4,0.0
2002-12-27,22.94,15.22,0.0
2002-12-28,23.44,15.21,0.0
2002-12-29,24.21,18.06,0.0
2002-12-30,25.15,16.56,0.0
2002-12-31,26.04,13.9,0.0
2003-01-01,25.16,11.68,0.0
2003-01-02,24.42,13.37,0.0
2003-01-03,24.97,15.62,0.0
2003-01-04,25.44,15.36,0.0
2003-01-05,25.42,15.35,0.0
2003-01-06,25.67,13.84,0.0
2003-01-07,26.15,13.55,0.0
2003-01-08,26.22,13.84,0.0
2003-01-09,27.35,13.91,0.0
2003-01-10,27.78,12.97,0.0
2003-01-11,27.34,17.2,0.03
2003-01-12,27.81,41.61,0.19
2003-01-13,29.53,44.37,0.26
2003-01-14,29.31,27.2,0.0
2003-01-15,28.35,15.46,0.01
2003-01-16,28.35,15.78,0.0
2003-01-17,27.54,14.2,0.0
2003-01-18,27.79,15.6,0.0
2003-01-19,28.99,21.0,0.0
2003-01-20,28.56,15.29,0.0
2003-01-21,28.6,15.13,0.0
2003-01-22,28.82,21.42,0.02
2003-01-23,28.85,21.45,0.0
2003-01-24,28.62,13.93,0.0
2003-01-25,28.06,19.81,0.0
2003-01-26,27.72,16.94,0.0
2003-01-27,26.36,13.05,0.0
2003-01-28,26.09,10.17,0.0
2003-01-29,26.35,9.31,0.0
2003-01-30,27.05,11.68,0.0
2003-01-31,27.66,12.8,0.0
2003-02-01,29.01,13.24,0.0
2003-02-02,30.7,13.22,0.0
2003-02-03,30.28,12.98,0.0
2003-02-04,28.88,12.84,0.0
2003-02-05,28.11,14.95,0.0
2003-02-06,28.87,15.05,0.0
2003-02-07,29.18,11.65,0.0
2003-02-08,29.52,9.75,0.0
2003-02-09,29.88,14.33,0.0
2003-02-10,31.09,26.24,2.59
2003-02-11,31.21,40.93,1.77
2003-02-12,30.54,51.6,1.3
2003-02-13,31.59,48.53,0.67
2003-02-14,31.27,48.46,1.04
2003-02-15,30.33,49.13,0.62
2003-02-16,30.53,51.35,0.14
2003-02-17,29.24,55.78,2.31
2003-02-18,30.78,43.35,0.0
2003-02-19,30.3,26.29,0.0
2003-02-20,30.35,21.7,0.0
2003-02-21,29.99,17.42,0.0
2003-02-22,31.32,23.98,0.06
2003-02-23,32.2,24.12,0.07
2003-02-24,31.86,18.32,0.06
2003-02-25,30.72,48.03,2.89
2003-02-26,31.56,46.35,0.94
2003-02-27,32.91,38.69,0.01
2003-02-28,31.17,29.99,0.26
2003-03-01,30.58,29.5,1.32
2003-03-02,30.31,24.88,0.01
2003-03-03,30.97,30.95,0.01
2003-03-04,30.09,21.87,0.02
2003-03-05,30.17,15.91,0.0
2003-03-06,30.5,17.12,0.0
2003-03-07,30.6,13.82,0.0
2003-03-08,30.7,12.61,0.0
2003-03-09,30.88,15.54,0.02
2003-03-10,31.66,25.84,0.12
2003-03-11,31.74,36.01,0.37
2003-03-12,30.41,21.82,0.4
2003-03-13,29.93,15.17,0.46
2003-03-14,30.27,9.27,0.0
2003-03-15,29.43,8.54,0.0
2003-03-16,29.81,9.3,0.0
2003-03-17,30.93,10.89,0.0
2003-03-18,31.71,12.43,0.1
2003-03-19,31.16,38.08,2.2
2003-03-20,31.43,45.19,0.07
2003-03-21,31.89,42.96,1.32
2003-03-22,30.0,59.15,13.08
2003-03-23,28.21,68.16,0.26
2003-03-24,30.71,49.68,0.0
2003-03-25,30.45,34.41,0.3
2003-03-26,28.69,36.53,2.11
2003-03-27,29.8,42.02,0.91
2003-03-28,28.98,27.78,0.0
2003-03-29,30.82,43.2,0.64
2003-03-30,31.9,48.07,0.14
2003-03-31,32.89,32.17,0.0
2003-04-01,31.15,15.74,0.18
2003-04-02,32.74,31.56,0.36
2003-04-03,34.12,39.35,0.85
2003-04-04,32.43,47.91,0.25
2003-04-05,32.55,46.18,0.71
2003-04-06,31.03,52.92,2.4
2003-04-07,30.12,56.12,0.65
2003-04-08,31.35,49.16,1.5
2003-04-09,32.31,48.79,3.39
2003-04-10,31.98,53.52,0.99
2003-04-11,31.84,53.49,1.65
2003-04-12,29.96,62.16,0.74
2003-04-13,31.65,55.74,3.4
2003-04-14,30.84,61.23,4.53
2003-04-15,29.06,69.69,5.81
2003-04-16,29.69,60.09,0.69
2003-04-17,28.72,65.51,3.75
2003-04-18,28.43,67.29,6.02
2003-04-19,28.34,67.32,5.51
2003-04-20,27.61,68.94,0.6
2003-04-21,29.81,59.16,3.44
2003-04-22,31.04,57.97,3.14
2003-04-23,29.97,66.29,4.74
2003-04-24,30.46,64.5,1.9
2003-04-25,30.55,64.2,2.63
2003-04-26,30.61,63.35,2.0
2003-04-27,28.92,71.11,1.05
2003-04-28,30.45,61.71,0.43
2003-04-29,31.43,55.65,0.87
2003-04-30,31.34,53.76,2.38
2003-05-01,31.01,52.91,0.81
2003-05-02,31.38,50.31,0.38
2003-05-03,32.17,48.76,1.14
2003-05-04,32.44,45.38,0.89
2003-05-05,32.33,40.84,1.3
2003-05-06,32.54,46.31,0.49
2003-05-07,32.35,47.72,0.29
2003-05-08,32.73,46.33,1.54
2003-05-09,32.49,49.28,3.03
2003-05-10,30.18,61.27,3.2
2003-05-11,29.33,67.7,8.72
2003-05-12,28.93,68.22,3.46
2003-05-13,30.35,59.47,0.83
2003-05-14,30.75,58.01,3.82
2003-05-15,30.22,63.5,5.15
2003-05-16,30.22,65.44,2.0
2003-05-17,29.67,65.63,1.19
2003-05-18,31.19,58.09,1.5
2003-05-19,32.22,53.93,3.43
2003-05-20,29.63,67.71,3.55
2003-05-21,29.31,68.46,1.11
2003-05-22,29.02,69.89,1.55
2003-05-23,30.76,61.57,0.93
2003-05-24,30.19,60.43,1.45
2003-05-25,29.58,62.6,0.67
2003-05-26,28.42,70.65,8.37
2003-05-27,29.24,68.37,10.03
2003-05-28,26.12,80.03,10.72
2003-05-29,26.61,77.17,9.1
2003-05-30,26.99,76.49,11.73
2003-05-31,26.13,82.18,6.14
2003-06-01,26.26,80.17,9.84
2003-06-02,25.16,85.25,14.0
2003-06-03,25.38,82.76,6.32
2003-06-04,27.26,77.24,5.42
2003-06-05,26.3,83.57,8.27
2003-06-06,26.13,80.78,7.38
2003-06-07,26.65,79.68,6.73
2003-06-08,26.38,77.9,3.15
2003-06-09,27.31,74.84,5.61
2003-06-10,27.07,78.65,5.8
2003-06-11,26.67,79.16,4.04
2003-06-12,26.86,76.21,4.12
2003-06-13,25.56,82.35,5.33
2003-06-14,26.72,76.95,1.98
2003-06-15,27.89,72.38,2.27
2003-06-16,28.01,73.22,3.08
2003-06-17,27.6,77.09,3.97
2003-06-18,26.45,80.01,5.58
2003-06-19,27.28,71.99,3.57
2003-06-20,26.25,75.23,2.68
2003-06-21,26.69,75.75,3.74
2003-06-22,26.53,74.81,10.28
2003-06-23,25.47,81.03,14.13
2003-06-24,26.08,76.73,3.64
2003-06-25,25.89,77.29,10.71
2003-06-26,24.39,85.19,9.02
2003-06-27,25.51,79.13,4.81
2003-06-28,26.56,74.38,6.12
2003-06-29,26.9,74.98,11.42
2003-06-30,26.54,74.87,2.74
2003-07-01,26.37,75.88,3.06
2003-07-02,26.08,75.18,7.25
2003-07-03,25.12,75.53,5.32
2003-07-04,25.9,72.91,2.51
2003-07-05,26.63,74.83,3.25
2003-07-06,27.26,73.11,2.43
2003-07-07,27.3,74.71,4.07
2003-07-08,25.55,79.18,4.8
2003-07-09,25.43,79.94,3.83
2003-07-10,25.66,78.33,2.66
2003-07-11,25.54,80.5,2.38
2003-07-12,26.62,77.28,2.82
2003-07-13,26.54,77.85,2.57
2003-07-14,26.13,76.82,2.65
2003-07-15,25.52,80.04,7.39
2003-07-16,26.43,77.44,12.14
2003-07-17,25.8,83.58,14.55
2003-07-18,25.58,78.65,2.55
2003-07-19,24.32,82.91,3.87
2003-07-20,24.85,83.95,10.71
2003-07-21,25.24,79.35,4.22
2003-07-22,25.54,78.82,4.23
2003-07-23,26.27,79.63,3.21
2003-07-24,25.66,81.7,2.12
2003-07-25,26.44,76.39,4.44
2003-07-26,26.91,73.74,3.21
2003-07-27,27.42,74.06,3.76
2003-07-28,26.88,77.1,4.08
2003-07-29,27.28,77.32,5.51
2003-07-30,26.74,77.88,2.57
2003-07-31,26.5,76.55,1.05
2003-08-01,27.57,73.61,1.52
2003-08-02,27.65,72.24,2.0
2003-08-03,27.0,75.47,1.61
2003-08-04,26.44,78.49,15.3
2003-08-05,26.89,77.88,7.68
2003-08-06,25.7,83.35,8.62
2003-08-07,25.11,82.39,7.21
2003-08-08,24.87,82.82,11.93
2003-08-09,26.59,76.03,5.17
2003-08-10,26.36,78.83,9.86
2003-08-11,24.27,88.33,10.54
2003-08-12,25.39,80.51,8.06
2003-08-13,24.48,87.8,2.91
2003-08-14,24.08,87.94,7.03
2003-08-15,25.8,81.07,3.79
2003-08-16,25.06,85.79,2.94
2003-08-17,24.62,87.0,9.25
2003-08-18,24.93,86.59,19.7
2003-08-19,24.94,87.27,19.09
2003-08-20,25.04,83.77,10.24
2003-08-21,24.43,86.02,12.59
2003-08-22,25.59,81.88,7.04
2003-08-23,24.43,88.32,10.29
2003-08-24,24.51,86.1,6.54
2003-08-25,25.15,81.18,4.05
2003-08-26,25.88,78.84,4.49
2003-08-27,26.72,74.52,4.96
2003-08-28,26.47,77.79,1.78
2003-08-29,24.9,84.44,6.0
2003-08-30,25.15,84.4,8.55
2003-08-31,24.7,86.78,8.5
2003-09-01,24.69,85.14,5.83
2003-09-02,24.79,85.0,12.12
2003-09-03,23.42,90.86,11.63
2003-09-04,24.98,83.18,6.55
2003-09-05,25.5,78.86,4.26
2003-09-06,24.27,88.19,19.27
2003-09-07,24.19,90.47,10.74
2003-09-08,24.64,86.57,14.66
2003-09-09,26.09,79.36,2.64
2003-09-10,26.22,79.46,2.24
2003-09-11,25.01,87.5,4.87
2003-09-12,25.86,82.73,3.04
2003-09-13,25.3,83.73,10.01
2003-09-14,24.13,89.2,6.3
2003-09-15,24.76,84.83,6.56
2003-09-16,24.92,85.58,5.46
2003-09-17,25.82,82.72,1.94
2003-09-18,26.02,82.36,2.23
2003-09-19,25.41,82.56,3.84
2003-09-20,24.63,88.35,19.78
2003-09-21,24.31,88.32,33.05
2003-09-22,25.37,85.3,12.37
2003-09-23,25.44,79.07,0.55
2003-09-24,25.06,81.88,4.12
2003-09-25,25.36,83.72,1.79
2003-09-26,26.95,79.1,3.97
2003-09-27,26.06,84.48,2.72
2003-09-28,25.33,85.41,3.25
2003-09-29,25.23,87.59,9.35
2003-09-30,25.54,84.96,7.96
2003-10-01,26.0,78.87,5.24
2003-10-02,26.23,80.3,2.5
2003-10-03,26.33,79.73,2.66
2003-10-04,26.36,81.38,2.83
2003-10-05,26.37,80.41,2.28
2003-10-06,26.04,83.15,3.27
2003-10-07,26.22,84.09,2.42
2003-10-08,26.63,82.18,0.88
2003-10-09,26.77,79.76,0.68
2003-10-10,26.92,79.2,0.67
2003-10-11,27.03,80.75,0.99
2003-10-12,27.64,78.15,1.02
2003-10-13,27.82,76.89,5.75
2003-10-14,26.09,86.07,4.15
2003-10-15,25.22,87.23,3.71
2003-10-16,25.2,87.44,7.41
2003-10-17,24.99,87.74,13.86
2003-10-18,25.63,82.89,0.67
2003-10-19,26.09,81.5,1.15
2003-10-20,26.39,81.55,0.78
2003-10-21,26.62,80.97,1.13
2003-10-22,26.84,79.62,0.4
2003-10-23,27.15,78.64,2.07
2003-10-24,27.13,77.63,2.05
2003-10-25,26.39,80.36,1.74
2003-10-26,26.36,81.01,2.85
2003-10-27,26.69,78.32,1.19
2003-10-28,26.6,78.78,1.13
2003-10-29,27.41,74.82,0.86
2003-10-30,26.48,79.8,1.95
2003-10-31,26.55,79.62,1.86
2003-11-01,26.57,77.74,3.19
2003-11-02,26.44,79.12,0.16
2003-11-03,27.29,72.5,0.96
2003-11-04,26.92,72.95,0.2
2003-11-05,26.58,74.14,0.79
2003-11-06,26.14,75.26,1.24
2003-11-07,26.48,69.79,0.71
2003-11-08,26.69,76.75,1.11
2003-11-09,26.5,78.57,1.23
2003-11-10,26.78,75.91,0.14
2003-11-11,26.73,73.85,0.37
2003-11-12,26.97,70.06,0.33
2003-11-13,26.93,70.36,0.28
2003-11-14,26.42,75.25,0.39
2003-11-15,26.78,75.37,0.14
2003-11-16,27.44,66.22,0.4
2003-11-17,27.09,69.02,0.23
2003-11-18,27.18,74.63,0.28
2003-11-19,27.36,69.46,0.05
2003-11-20,26.36,65.94,0.37
2003-11-21,26.52,65.94,0.15
2003-11-22,25.86,66.92,0.0
2003-11-23,24.75,59.21,0.0
2003-11-24,25.69,62.8,0.0
2003-11-25,25.86,65.47,0.0
2003-11-26,26.64,51.04,0.0
2003-11-27,25.84,53.18,0.08
2003-11-28,25.22,55.34,0.04
2003-11-29,24.53,51.36,0.04
2003-11-30,24.95,50.58,0.0
2003-12-01,25.15,48.21,0.0
2003-12-02,25.83,49.06,0.0
2003-12-03,25.86,64.22,0.02
2003-12-04,26.38,66.78,0.06
2003-12-05,26.17,61.43,0.07
2003-12-06,25.07,55.23,0.14
2003-12-07,24.51,52.37,0.0
2003-12-08,23.74,47.63,0.0
2003-12-09,22.26,47.77,0.0
2003-12-10,24.18,40.61,0.0
2003-12-11,25.13,45.55,0.0
2003-12-12,25.2,47.87,0.0
2003-12-13,25.23,52.43,0.07
2003-12-14,24.25,57.06,0.02
2003-12-15,25.08,44.76,0.0
2003-12-16,23.25,45.36,0.0
2003-12-17,24.76,40.64,0.0
2003-12-18,24.16,48.02,0.0
2003-12-19,23.65,42.84,0.0
2003-12-20,23.05,43.5,0.0
2003-12-21,24.18,46.59,0.0
2003-12-22,23.94,49.49,0.0
2003-12-23,24.11,45.41,0.0
2003-12-24,23.76,45.18,0.0
2003-12-25,24.07,43.51,0.0
2003-12-26,23.64,39.59,0.0
2003-12-27,22.78,38.05,0.0
2003-12-28,22.56,35.07,0.0
2003-12-29,22.33,32.41,0.0
2003-12-30,23.47,37.23,0.0
2003-12-31,24.71,43.25,0.0
2004-01-01,24.87,40.93,0.0
2004-01-02,26.11,38.33,0.0
2004-01-03,27.0,38.48,0.0
2004-01-04,26.94,39.88,0.0
2004-01-05,26.76,40.63,0.42
2004-01-06,26.14,36.85,0.0
2004-01-07,25.47,34.25,0.0
2004-01-08,24.88,34.42,0.0
2004-01-09,24.05,33.19,0.0
2004-01-10,24.47,33.05,0.0
2004-01-11,24.59,32.16,0.0
2004-01-12,25.09,31.73,0.0
2004-01-13,25.5,30.87,0.0
2004-01-14,25.17,31.95,0.0
2004-01-15,25.24,33.59,0.0
2004-01-16,25.03,29.68,0.0
2004-01-17,26.68,27.06,0.0
2004-01-18,27.86,27.42,0.01
2004-01-19,27.18,45.97,6.72
2004-01-20,28.54,61.19,1.91
2004-01-21,27.54,60.55,1.52
2004-01-22,26.13,62.37,1.23
2004-01-23,25.86,42.87,0.07
2004-01-24,26.61,41.55,0.0
2004-01-25,26.07,33.77,0.0
2004-01-26,26.64,31.84,0.0
2004-01-27,26.73,29.12,0.0
2004-01-28,27.19,31.5,0.0
2004-01-29,27.18,25.74,0.0
2004-01-30,26.59,23.37,0.0
2004-01-31,27.3,22.89,0.0
2004-02-01,27.46,24.01,0.0
2004-02-02,27.91,25.86,0.0
2004-02-03,24.81,20.43,0.0
2004-02-04,24.94,17.92,0.0
2004-02-05,23.89,20.1,0.0
2004-02-06,24.59,20.54,0.0
2004-02-07,25.9,23.04,0.0
2004-02-08,25.56,24.14,0.0
2004-02-09,25.33,23.52,0.0
2004-02-10,25.56,25.67,0.0
2004-02-11,27.63,23.55,0.0
2004-02-12,28.0,21.02,0.0
2004-02-13,27.77,19.66,0.0
2004-02-14,28.87,25.36,0.02
2004-02-15,27.82,31.88,0.07
2004-02-16,29.43,30.98,0.01
2004-02-17,28.94,19.23,0.0
2004-02-18,28.31,21.67,0.0
2004-02-19,29.58,33.15,0.04
2004-02-20,28.95,54.73,2.9
2004-02-21,30.68,43.39,2.22
2004-02-22,29.9,34.39,1.62
2004-02-23,28.46,32.61,0.05
2004-02-24,26.97,19.72,0.0
2004-02-25,28.69,27.0,0.74
2004-02-26,29.17,62.29,2.33
2004-02-27,28.9,62.02,2.37
2004-02-28,29.05,64.14,3.53
2004-02-29,29.07,64.26,5.94
2004-03-01,29.52,62.01,2.82
2004-03-02,28.89,58.26,0.04
2004-03-03,29.09,58.25,0.12
2004-03-04,26.08,35.29,0.01
2004-03-05,24.58,19.19,0.0
2004-03-06,24.01,19.24,0.0
2004-03-07,25.56,19.87,0.0
2004-03-08,26.76,16.85,0.0
2004-03-09,27.55,19.21,0.0
2004-03-10,28.43,23.38,0.0
2004-03-11,29.95,28.99,0.0
2004-03-12,29.75,31.35,0.0
2004-03-13,29.96,17.43,0.0
2004-03-14,29.31,13.17,0.0
2004-03-15,29.35,15.71,0.0
2004-03-16,31.43,42.61,0.03
2004-03-17,30.01,42.55,0.02
2004-03-18,30.58,14.78,0.0
2004-03-19,29.89,18.4,0.01
2004-03-20,30.68,21.73,0.02
2004-03-21,31.51,41.83,0.04
2004-03-22,32.67,41.48,0.47
2004-03-23,31.53,46.46,0.58
2004-03-24,32.46,41.96,0.04
2004-03-25,33.04,36.5,0.44
2004-03-26,32.73,41.86,0.28
2004-03-27,33.58,45.55,0.45
2004-03-28,34.03,44.0,0.36
2004-03-29,33.66,44.48,1.02
2004-03-30,32.46,51.74,2.25
2004-03-31,31.35,50.5,1.87
2004-04-01,29.81,59.01,1.73
2004-04-02,30.91,45.84,0.13
2004-04-03,32.38,32.75,0.08
2004-04-04,32.05,40.15,0.18
2004-04-05,31.23,50.08,1.21
2004-04-06,31.52,47.7,0.97
2004-04-07,29.78,57.78,1.44
2004-04-08,29.89,56.84,1.57
2004-04-09,29.17,61.03,3.76
2004-04-10,30.01,59.08,2.8
2004-04-11,30.08,61.81,3.88
2004-04-12,31.86,54.59,3.24
2004-04-13,32.78,52.85,3.92
2004-04-14,31.39,59.69,6.73
2004-04-15,30.8,60.26,0.51
2004-04-16,31.0,58.3,2.53
2004-04-17,31.65,57.2,5.27
2004-04-18,29.8,65.12,4.72
2004-04-19,28.06,71.71,2.31
2004-04-20,29.34,65.67,2.91
2004-04-21,28.67,70.74,1.38
2004-04-22,27.12,75.29,6.37
2004-04-23,29.06,66.68,1.1
2004-04-24,29.68,64.8,1.96
2004-04-25,29.23,68.9,1.67
2004-04-26,28.66,71.82,13.43
2004-04-27,26.72,79.33,2.46
2004-04-28,28.1,69.27,1.19
2004-04-29,27.19,72.42,5.15
2004-04-30,29.27,65.54,0.38
2004-05-01,30.1,61.37,0.98
2004-05-02,30.22,63.26,1.23
2004-05-03,30.1,65.81,3.14
2004-05-04,30.34,66.9,2.15
2004-05-05,29.13,72.36,4.42
2004-05-06,28.6,71.76,0.66
2004-05-07,29.69,63.72,0.04
2004-05-08,30.59,60.79,1.47
2004-05-09,31.1,59.55,1.4
2004-05-10,30.46,63.27,0.97
2004-05-11,30.78,58.6,0.61
2004-05-12,29.04,65.64,1.57
2004-05-13,29.44,62.73,3.02
2004-05-14,30.15,62.23,3.61
2004-05-15,29.87,64.13,2.59
2004-05-16,30.72,56.49,0.22
2004-05-17,31.26,57.42,4.17
2004-05-18,29.89,67.72,5.49
2004-05-19,27.42,77.88,6.77
2004-05-20,27.33,75.57,3.08
2004-05-21,28.01,73.53,2.92
2004-05-22,27.51,75.76,3.69
2004-05-23,28.21,71.62,1.66
2004-05-24,28.92,66.18,2.63
2004-05-25,28.45,68.63,2.6
2004-05-26,26.92,75.3,8.88
2004-05-27,27.45,67.5,4.79
2004-05-28,27.68,69.78,1.54
2004-05-29,28.71,66.23,4.01
2004-05-30,28.53,66.89,2.04
2004-05-31,28.22,68.24,1.78
2004-06-01,27.89,68.49,0.64
2004-06-02,26.85,71.95,6.05
2004-06-03,28.27,63.14,1.79
2004-06-04,27.51,70.38,0.55
2004-06-05,27.4,70.47,4.5
2004-06-06,28.3,67.48,1.71
2004-06-07,28.09,68.62,4.69
2004-06-08,28.61,63.54,0.27
2004-06-09,27.98,70.03,3.97
2004-06-10,27.47,73.32,3.09
2004-06-11,27.53,71.89,3.13
2004-06-12,27.71,70.83,2.67
2004-06-13,27.76,67.68,2.53
2004-06-14,27.65,68.58,5.05
2004-06-15,27.17,71.43,3.86
2004-06-16,27.63,70.54,1.77
2004-06-17,27.53,71.55,3.02
2004-06-18,28.2,69.22,1.99
2004-06-19,27.78,70.8,4.11
2004-06-20,28.1,69.25,4.25
2004-06-21,26.44,78.64,11.58
2004-06-22,27.04,76.09,8.58
2004-06-23,27.06,75.25,4.03
2004-06-24,27.35,70.55,1.18
2004-06-25,27.63,70.21,1.96
2004-06-26,27.74,68.53,1.93
2004-06-27,28.31,65.08,4.14
2004-06-28,27.9,67.65,2.15
2004-06-29,26.7,70.65,0.64
2004-06-30,27.55,68.88,5.55
2004-07-01,27.0,70.79,4.12
2004-07-02,27.17,72.34,7.04
2004-07-03,26.62,77.4,8.08
2004-07-04,26.19,79.72,12.71
2004-07-05,26.92,74.65,0.83
2004-07-06,25.93,80.89,13.39
2004-07-07,25.26,81.14,8.67
2004-07-08,25.14,81.23,7.0
2004-07-09,26.19,79.29,10.44
2004-07-10,24.97,83.49,10.46
2004-07-11,24.17,84.33,8.62
2004-07-12,25.11,80.78,7.44
2004-07-13,26.69,74.96,5.77
2004-07-14,25.77,81.34,8.0
2004-07-15,25.89,81.33,3.48
2004-07-16,25.88,79.86,4.42
2004-07-17,25.42,80.07,8.66
2004-07-18,25.89,77.75,4.59
2004-07-19,25.5,79.99,6.6
2004-07-20,26.04,77.58,2.99
2004-07-21,24.72,83.36,16.36
2004-07-22,25.03,80.65,9.86
2004-07-23,25.86,76.94,4.57
2004-07-24,25.02,84.19,10.01
2004-07-25,23.93,86.58,23.91
2004-07-26,24.24,83.34,3.96
2004-07-27,24.81,81.54,4.68
2004-07-28,25.1,79.54,3.53
2004-07-29,25.04,81.31,2.64
2004-07-30,26.3,75.72,4.87
2004-07-31,25.45,81.33,4.19
2004-08-01,25.88,80.67,5.55
2004-08-02,26.07,78.31,4.75
2004-08-03,26.14,78.07,3.28
2004-08-04,25.51,82.12,4.87
2004-08-05,26.06,77.6,3.45
2004-08-06,25.76,78.67,9.76
2004-08-07,26.46,76.4,4.33
2004-08-08,26.76,76.0,5.28
2004-08-09,26.54,77.83,3.13
2004-08-10,26.29,81.25,8.3
2004-08-11,24.75,87.23,5.48
2004-08-12,24.38,85.58,7.46
2004-08-13,25.52,82.57,3.58
2004-08-14,26.19,82.1,3.84
2004-08-15,26.64,76.73,1.26
2004-08-16,26.33,78.88,2.28
2004-08-17,26.5,77.0,3.16
2004-08-18,26.82,76.88,2.17
2004-08-19,27.29,74.97,2.09
2004-08-20,26.72,77.98,5.76
2004-08-21,25.4,84.94,8.85
2004-08-22,26.15,82.66,5.18
2004-08-23,24.84,87.44,10.36
2004-08-24,24.93,85.79,5.52
2004-08-25,25.84,80.86,4.49
2004-08-26,25.49,83.45,6.81
2004-08-27,24.54,87.74,5.88
2004-08-28,24.98,85.18,2.95
2004-08-29,25.52,82.05,8.46
2004-08-30,26.09,79.18,5.65
2004-08-31,25.5,81.37,3.15
2004-09-01,25.8,77.98,5.34
2004-09-02,25.87,80.31,9.72
2004-09-03,25.62,80.06,13.81
2004-09-04,25.27,83.14,7.11
2004-09-05,25.4,83.4,5.31
2004-09-06,25.39,82.63,5.1
2004-09-07,25.85,79.05,7.36
2004-09-08,24.58,87.32,7.69
2004-09-09,25.64,81.83,3.49
2004-09-10,25.93,79.89,3.84
2004-09-11,25.58,84.46,1.52
2004-09-12,24.64,86.84,8.93
2004-09-13,24.84,86.5,4.41
2004-09-14,25.34,83.86,3.08
2004-09-15,24.79,84.24,3.35
2004-09-16,25.96,77.08,1.32
2004-09-17,26.09,79.48,2.24
2004-09-18,26.1,78.13,1.96
2004-09-19,26.02,79.09,3.81
2004-09-20,25.32,82.77,3.05
2004-09-21,25.42,83.2,3.29
2004-09-22,26.27,79.22,3.17
2004-09-23,26.45,78.65,0.83
2004-09-24,26.01,78.66,1.86
2004-09-25,25.82,78.76,1.37
2004-09-26,26.33,77.39,0.91
2004-09-27,26.86,75.74,0.72
2004-09-28,27.21,74.81,1.86
2004-09-29,27.59,76.77,4.43
2004-09-30,26.38,80.69,2.21
2004-10-01,26.34,78.89,2.06
2004-10-02,26.96,75.77,1.34
2004-10-03,27.35,73.77,3.37
2004-10-04,26.61,79.81,4.24
2004-10-05,26.55,80.54,4.83
2004-10-06,26.74,80.22,2.99
2004-10-07,27.29,76.42,0.94
2004-10-08,27.41,75.48,0.81
2004-10-09,27.25,75.06,1.9
2004-10-10,27.63,74.04,1.02
2004-10-11,27.54,74.49,1.55
2004-10-12,27.76,73.48,0.37
2004-10-13,27.49,72.8,0.99
2004-10-14,26.5,77.28,1.08
2004-10-15,26.61,74.18,0.61
2004-10-16,27.15,71.55,0.16
2004-10-17,27.49,68.81,1.4
2004-10-18,27.37,70.45,0.76
2004-10-19,27.74,65.98,0.57
2004-10-20,28.24,65.4,1.15
2004-10-21,28.03,69.26,0.53
2004-10-22,27.95,68.85,0.85
2004-10-23,27.68,68.83,0.47
2004-10-24,27.84,68.33,0.31
2004-10-25,27.16,72.33,1.19
2004-10-26,27.21,71.24,0.76
2004-10-27,28.06,66.35,0.77
2004-10-28,28.38,66.14,0.06
2004-10-29,28.81,64.85,1.29
2004-10-30,28.92,64.76,0.79
2004-10-31,27.92,68.3,1.61
2004-11-01,28.42,65.75,2.43
2004-11-02,27.79,70.01,3.92
2004-11-03,28.12,66.96,1.94
2004-11-04,27.8,68.05,4.18
2004-11-05,27.68,68.95,3.24
2004-11-06,27.79,68.95,0.43
2004-11-07,28.32,64.72,0.71
2004-11-08,28.2,67.68,0.87
2004-11-09,28.65,66.37,0.0
2004-11-10,28.53,62.36,0.0
2004-11-11,28.68,60.74,0.04
2004-11-12,29.44,59.4,0.28
2004-11-13,28.56,65.48,1.28
2004-11-14,28.95,64.5,0.03
2004-11-15,28.15,61.29,0.31
2004-11-16,27.94,65.12,0.95
2004-11-17,27.74,63.77,0.09
2004-11-18,28.04,61.01,0.1
2004-11-19,28.53,61.07,0.1
2004-11-20,28.58,62.01,0.13
2004-11-21,28.09,60.11,0.16
2004-11-22,27.62,50.05,0.17
2004-11-23,26.38,44.35,0.0
2004-11-24,25.91,42.95,0.0
2004-11-25,25.7,44.72,0.01
2004-11-26,25.47,57.73,0.53
2004-11-27,26.73,57.47,0.02
2004-11-28,26.41,42.7,0.0
2004-11-29,25.84,40.02,0.0
2004-11-30,25.5,44.22,0.0
2004-12-01,25.95,47.5,0.02
2004-12-02,26.78,43.23,0.0
2004-12-03,25.67,38.32,0.0
2004-12-04,25.12,36.32,0.0
2004-12-05,26.12,32.96,0.0
2004-12-06,26.38,37.22,0.0
2004-12-07,27.1,38.94,0.0
2004-12-08,27.09,40.32,0.0
2004-12-09,27.53,45.13,0.01
2004-12-10,27.49,39.58,0.0
2004-12-11,28.78,35.17,0.0
2004-12-12,29.12,40.67,0.0
2004-12-13,28.8,36.85,0.03
2004-12-14,28.48,38.34,0.0
2004-12-15,29.03,51.52,0.05
2004-12-16,28.7,44.06,0.02
2004-12-17,27.39,30.42,0.0
2004-12-18,26.81,27.2,0.0
2004-12-19,26.33,31.18,0.0
2004-12-20,27.1,30.21,0.0
2004-12-21,27.75,34.26,0.0
2004-12-22,28.65,43.16,0.02
2004-12-23,29.27,38.3,0.11
2004-12-24,28.59,40.97,0.18
2004-12-25,29.58,44.58,0.1
2004-12-26,29.14,36.19,0.16
2004-12-27,29.82,50.29,0.01
2004-12-28,30.74,39.21,0.0
2004-12-29,28.64,25.41,0.0
2004-12-30,27.32,27.57,0.0
2004-12-31,26.97,27.94,0.0
2005-01-01,25.95,23.96,0.0
2005-01-02,26.2,20.39,0.0
2005-01-03,25.91,19.44,0.0
2005-01-04,26.08,23.38,0.0
2005-01-05,26.14,28.25,0.0
2005-01-06,25.88,25.68,0.0
2005-01-07,24.27,24.25,0.0
2005-01-08,23.5,22.23,0.0
2005-01-09,21.72,21.36,0.0
2005-01-10,22.02,22.27,0.0
2005-01-11,22.58,22.71,0.0
2005-01-12,21.43,24.49,0.0
2005-01-13,22.61,22.63,0.0
2005-01-14,22.52,21.3,0.0
2005-01-15,23.84,22.23,0.0
2005-01-16,24.53,20.2,0.0
2005-01-17,24.91,23.79,0.0
2005-01-18,25.4,18.08,0.0
2005-01-19,25.45,15.99,0.0
2005-01-20,25.49,14.38,0.0
2005-01-21,26.11,12.39,0.0
2005-01-22,26.34,13.07,0.0
2005-01-23,26.29,20.31,0.0
2005-01-24,27.02,31.93,0.21
2005-01-25,28.63,40.26,0.07
2005-01-26,29.1,42.28,0.04
2005-01-27,30.45,41.57,0.53
2005-01-28,29.98,44.52,1.02
2005-01-29,30.04,48.74,0.14
2005-01-30,29.02,30.35,0.35
2005-01-31,28.8,27.19,0.0
2005-02-01,27.65,21.35,0.0
2005-02-02,28.37,23.19,0.0
2005-02-03,30.12,27.06,0.0
2005-02-04,29.71,28.7,0.1
2005-02-05,29.32,18.33,0.0
2005-02-06,29.31,20.33,0.0
2005-02-07,28.52,51.2,0.0
2005-02-08,29.64,20.69,0.06
2005-02-09,29.84,36.93,0.08
2005-02-10,30.28,32.17,0.0
2005-02-11,30.37,20.0,0.01
2005-02-12,29.82,22.3,0.0
2005-02-13,28.7,21.14,0.0
2005-02-14,28.59,21.83,0.0
2005-02-15,29.14,14.53,0.0
2005-02-16,29.42,16.31,0.0
2005-02-17,31.18,28.68,0.01
2005-02-18,31.58,44.98,7.69
2005-02-19,31.19,55.69,3.53
2005-02-20,31.62,52.17,0.0
2005-02-21,29.6,56.13,0.39
2005-02-22,31.07,44.58,0.0
2005-02-23,31.85,34.84,0.0
2005-02-24,33.23,32.24,0.0
2005-02-25,32.95,34.79,0.0
2005-02-26,31.56,48.42,0.01
2005-02-27,31.91,37.4,0.01
2005-02-28,33.01,32.85,0.08
2005-03-01,33.82,38.57,0.22
2005-03-02,32.74,45.63,0.42
2005-03-03,30.58,51.12,2.6
2005-03-04,29.65,44.99,0.39
2005-03-05,31.12,44.27,0.59
2005-03-06,30.73,49.85,1.4
2005-03-07,31.0,54.38,0.07
2005-03-08,33.2,43.78,0.1
2005-03-09,31.74,50.13,0.04
2005-03-10,31.93,49.74,0.06
2005-03-11,33.06,42.56,0.08
2005-03-12,33.58,41.34,1.54
2005-03-13,30.71,52.34,0.58
2005-03-14,31.06,48.29,0.18
2005-03-15,32.42,46.46,1.3
2005-03-16,33.98,34.1,0.13
2005-03-17,32.94,43.61,0.51
2005-03-18,32.86,46.31,0.39
2005-03-19,33.63,43.44,0.28
2005-03-20,31.2,51.68,0.93
2005-03-21,31.99,47.1,0.01
2005-03-22,32.88,42.03,1.43
2005-03-23,33.2,43.07,1.49
2005-03-24,32.62,47.1,0.4
2005-03-25,32.47,45.02,0.04
2005-03-26,32.65,45.27,3.63
2005-03-27,31.46,51.01,0.24
2005-03-28,32.63,39.43,0.11
2005-03-29,33.32,32.73,0.04
2005-03-30,33.04,39.66,0.11
2005-03-31,33.52,41.27,0.7
2005-04-01,33.74,42.66,1.19
2005-04-02,31.6,50.23,0.6
2005-04-03,32.95,45.75,0.63
2005-04-04,33.32,44.08,1.3
2005-04-05,33.66,43.94,0.81
2005-04-06,34.52,40.24,0.56
2005-04-07,34.86,38.16,0.57
2005-04-08,32.17,52.42,0.81
2005-04-09,31.53,55.11,0.69
2005-04-10,30.22,61.34,1.69
2005-04-11,31.18,55.3,1.26
2005-04-12,32.54,51.44,2.63
2005-04-13,29.68,63.36,2.77
2005-04-14,30.05,62.23,1.43
2005-04-15,29.52,63.03,0.89
2005-04-16,31.55,52.8,0.23
2005-04-17,32.14,48.52,4.51
2005-04-18,30.39,62.94,4.28
2005-04-19,29.28,69.91,6.5
2005-04-20,30.6,60.8,1.43
2005-04-21,30.15,63.22,3.16
2005-04-22,30.25,61.24,5.7
2005-04-23,27.25,73.73,2.17
2005-04-24,28.94,62.24,0.42
2005-04-25,30.05,58.26,4.19
2005-04-26,30.06,62.13,0.75
2005-04-27,29.75,65.36,2.03
2005-04-28,31.05,62.85,2.85
2005-04-29,30.13,65.79,2.56
2005-04-30,29.28,66.72,2.19
2005-05-01,29.31,65.1,2.91
2005-05-02,27.36,73.52,6.73
2005-05-03,28.02,71.95,4.03
2005-05-04,29.22,64.27,0.98
2005-05-05,28.59,69.47,10.89
2005-05-06,27.29,74.66,13.6
2005-05-07,26.13,76.63,4.57
2005-05-08,27.86,70.52,4.67
2005-05-09,28.27,72.14,4.55
2005-05-10,27.57,76.12,3.47
2005-05-11,28.73,69.35,1.36
2005-05-12,30.24,64.16,1.39
2005-05-13,29.15,69.41,1.04
2005-05-14,30.09,62.18,0.37
2005-05-15,29.8,62.4,0.44
2005-05-16,28.49,71.71,2.19
2005-05-17,28.94,64.79,0.4
2005-05-18,28.31,70.21,0.96
2005-05-19,30.5,59.88,1.21
2005-05-20,30.18,63.15,2.08
2005-05-21,30.17,63.23,2.29
2005-05-22,27.82,73.9,3.94
2005-05-23,29.11,64.13,2.09
2005-05-24,30.42,57.53,2.63
2005-05-25,29.61,66.81,5.16
2005-05-26,28.69,69.17,3.53
2005-05-27,29.94,61.05,1.26
2005-05-28,29.36,64.2,3.84
2005-05-29,29.14,67.45,5.14
2005-05-30,28.68,70.11,5.98
2005-05-31,27.34,74.18,2.55
2005-06-01,27.79,71.07,3.56
2005-06-02,28.2,73.0,10.57
2005-06-03,27.38,78.58,11.37
2005-06-04,27.33,76.69,1.83
2005-06-05,27.77,72.9,3.29
2005-06-06,27.93,71.99,1.92
2005-06-07,28.77,69.94,2.41
2005-06-08,27.45,77.59,2.34
2005-06-09,26.27,78.38,7.69
2005-06-10,26.78,74.66,3.47
2005-06-11,27.53,71.79,1.36
2005-06-12,27.06,77.56,1.8
2005-06-13,27.34,74.71,2.39
2005-06-14,27.89,71.12,2.69
2005-06-15,28.53,68.15,6.77
2005-06-16,28.03,72.15,1.41
2005-06-17,27.49,76.38,5.55
2005-06-18,27.35,76.77,4.19
2005-06-19,27.26,74.96,6.27
2005-06-20,27.32,75.05,8.74
2005-06-21,26.55,78.6,6.66
2005-06-22,28.13,71.45,2.55
2005-06-23,26.83,78.47,1.34
2005-06-24,26.35,79.4,6.57
2005-06-25,26.21,80.53,4.42
2005-06-26,24.15,83.84,3.52
2005-06-27,26.02,75.35,3.44
2005-06-28,26.76,74.11,3.93
2005-06-29,27.25,71.82,2.66
2005-06-30,26.33,78.43,6.0
2005-07-01,27.61,73.81,6.13
2005-07-02,26.2,78.49,2.43
2005-07-03,25.93,78.07,2.37
2005-07-04,26.77,74.35,4.03
2005-07-05,27.81,70.47,1.17
2005-07-06,27.49,71.23,4.1
2005-07-07,26.39,74.02,3.76
2005-07-08,26.96,73.68,5.59
2005-07-09,24.79,82.2,1.23
2005-07-10,25.72,74.96,2.39
2005-07-11,26.73,69.13,3.49
2005-07-12,28.22,64.45,2.55
2005-07-13,27.75,70.82,6.88
2005-07-14,24.9,82.93,10.84
2005-07-15,24.52,87.64,8.26
2005-07-16,26.16,77.76,2.04
2005-07-17,26.17,79.64,9.72
2005-07-18,25.87,81.81,5.46
2005-07-19,23.13,88.97,17.67
2005-07-20,25.55,77.62,9.66
2005-07-21,26.2,80.98,1.96
2005-07-22,26.65,78.37,2.84
2005-07-23,26.7,77.36,3.94
2005-07-24,27.37,77.4,5.96
2005-07-25,26.29,81.17,3.95
2005-07-26,26.21,81.5,6.61
2005-07-27,26.33,80.57,4.76
2005-07-28,25.58,85.5,4.87
2005-07-29,26.33,80.95,4.45
2005-07-30,26.03,77.44,1.08
2005-07-31,25.9,77.37,2.28
2005-08-01,26.08,77.86,2.54
2005-08-02,27.19,74.12,1.9
2005-08-03,27.05,74.54,1.69
2005-08-04,27.57,72.94,4.85
2005-08-05,27.91,73.75,2.78
2005-08-06,27.44,74.12,4.03
2005-08-07,28.44,70.23,4.04
2005-08-08,27.08,76.05,6.4
2005-08-09,24.7,85.07,10.22
2005-08-10,25.3,84.55,12.73
2005-08-11,26.63,79.75,5.67
2005-08-12,26.85,80.12,5.74
2005-08-13,25.79,81.32,0.84
2005-08-14,24.86,80.71,2.46
2005-08-15,25.82,78.02,3.74
2005-08-16,24.76,85.69,12.56
2005-08-17,24.49,85.47,1.89
2005-08-18,25.65,78.85,1.68
2005-08-19,25.96,77.53,4.47
2005-08-20,26.84,75.68,3.91
2005-08-21,26.56,78.76,3.8
2005-08-22,26.4,77.04,6.2
2005-08-23,26.52,79.04,4.13
2005-08-24,25.37,84.15,2.09
2005-08-25,26.36,77.27,3.48
2005-08-26,25.88,79.62,4.51
2005-08-27,25.47,81.83,5.03
2005-08-28,26.23,80.28,9.11
2005-08-29,25.75,82.12,5.69
2005-08-30,24.65,83.42,9.21
2005-08-31,25.5,80.4,6.94
2005-09-01,26.18,80.0,13.58
2005-09-02,24.17,90.17,15.7
2005-09-03,25.56,80.14,14.08
2005-09-04,26.5,77.46,4.27
2005-09-05,25.54,81.11,11.13
2005-09-06,25.38,82.66,8.24
2005-09-07,25.67,80.18,5.64
2005-09-08,25.94,82.25,5.86
2005-09-09,25.86,83.54,4.21
2005-09-10,26.76,79.42,2.53
2005-09-11,27.58,75.84,2.63
2005-09-12,26.28,80.43,2.09
2005-09-13,26.52,77.62,1.96
2005-09-14,26.91,76.88,1.48
2005-09-15,27.9,74.69,0.17
2005-09-16,27.61,75.24,1.16
2005-09-17,27.67,72.47,1.06
2005-09-18,28.29,71.76,1.22
2005-09-19,28.72,71.26,2.06
2005-09-20,26.74,80.47,7.14
2005-09-21,26.03,79.79,7.5
2005-09-22,25.81,79.6,6.43
2005-09-23,26.38,79.58,2.33
2005-09-24,26.07,81.79,4.95
2005-09-25,24.33,89.85,24.74
2005-09-26,24.23,86.87,11.92
2005-09-27,24.7,85.66,6.73
2005-09-28,25.14,84.87,8.64
2005-09-29,25.89,81.88,1.0
2005-09-30,25.8,82.16,3.27
2005-10-01,26.37,79.93,3.01
2005-10-02,26.14,81.3,4.84
2005-10-03,25.41,85.2,7.58
2005-10-04,24.55,87.63,17.72
2005-10-05,25.46,82.27,2.89
2005-10-06,26.3,72.85,1.29
2005-10-07,26.07,73.83,2.55
2005-10-08,25.15,80.37,2.25
2005-10-09,25.7,78.51,0.92
2005-10-10,26.17,79.46,4.84
2005-10-11,25.63,81.09,0.83
2005-10-12,26.49,76.24,1.46
2005-10-13,26.71,76.35,2.51
2005-10-14,26.91,76.84,4.84
2005-10-15,26.72,77.9,1.94
2005-10-16,26.61,78.51,2.25
2005-10-17,26.21,78.61,0.88
2005-10-18,26.83,74.88,0.71
2005-10-19,26.38,77.43,1.11
2005-10-20,26.43,76.25,2.82
2005-10-21,26.7,72.33,2.53
2005-10-22,26.02,80.25,1.28
2005-10-23,26.93,74.57,0.15
2005-10-24,27.23,63.48,0.07
2005-10-25,27.16,56.45,0.0
2005-10-26,26.99,69.99,0.02
2005-10-27,27.39,70.09,0.08
2005-10-28,27.01,72.28,1.2
2005-10-29,26.69,74.29,0.25
2005-10-30,27.09,72.48,1.29
2005-10-31,27.41,67.64,1.37
2005-11-01,26.95,73.25,2.15
2005-11-02,26.41,76.72,0.45
2005-11-03,27.69,67.53,1.35
2005-11-04,27.45,68.81,0.34
2005-11-05,27.38,67.45,0.53
2005-11-06,26.81,69.54,0.01
2005-11-07,27.06,56.97,0.0
2005-11-08,25.41,46.24,0.0
2005-11-09,25.62,49.94,0.0
2005-11-10,26.06,52.97,0.0
2005-11-11,25.97,51.73,0.0
2005-11-12,25.62,53.44,0.0
2005-11-13,26.25,51.54,0.0
2005-11-14,26.62,53.17,0.01
2005-11-15,26.97,49.22,0.0
2005-11-16,26.91,45.9,0.0
2005-11-17,26.17,48.41,0.0
2005-11-18,26.39,54.93,0.0
2005-11-19,27.63,52.69,0.12
2005-11-20,27.71,46.69,0.13
2005-11-21,25.57,52.01,0.03
2005-11-22,26.7,43.51,0.0
2005-11-23,26.66,47.15,0.0
2005-11-24,26.82,42.17,0.0
2005-11-25,27.34,44.37,0.0
2005-11-26,28.39,58.99,0.0
2005-11-27,28.95,56.17,0.02
2005-11-28,29.34,51.45,0.04
2005-11-29,28.21,44.51,0.01
2005-11-30,28.35,50.1,0.04
2005-12-01,28.61,48.8,0.08
2005-12-02,28.21,59.74,1.67
2005-12-03,28.21,57.72,0.52
2005-12-04,27.54,48.94,1.15
2005-12-05,27.66,38.9,0.1
2005-12-06,26.77,48.26,0.79
2005-12-07,27.39,56.93,0.68
2005-12-08,26.95,48.1,0.06
2005-12-09,25.99,37.15,0.13
2005-12-10,26.63,33.73,0.0
2005-12-11,27.26,34.9,0.01
2005-12-12,27.67,34.19,0.03
2005-12-13,26.98,33.15,0.02
2005-12-14,26.26,29.61,0.0
2005-12-15,26.04,31.53,0.0
2005-12-16,26.64,31.67,0.0
2005-12-17,26.95,30.42,0.0
2005-12-18,26.88,28.09,0.0
2005-12-19,26.47,26.61,0.0
2005-12-20,25.86,25.29,0.0
2005-12-21,26.03,24.07,0.0
2005-12-22,26.07,26.96,0.0
2005-12-23,26.18,28.34,0.0
2005-12-24,25.28,25.81,0.0
2005-12-25,25.78,25.68,0.0
2005-12-26,25.99,25.51,0.0
2005-12-27,25.46,30.01,0.0
2005-12-28,25.78,29.24,0.0
2005-12-29,26.79,29.76,0.0
2005-12-30,26.76,28.16,0.0
2005-12-31,26.08,25.39,0.0
2006-01-01,26.62,26.39,0.0
2006-01-02,27.05,26.4,0.0
2006-01-03,27.96,24.23,0.0
2006-01-04,27.57,25.65,0.0
2006-01-05,28.22,28.45,0.0
2006-01-06,29.7,39.57,0.15
2006-01-07,29.58,44.74,0.22
2006-01-08,28.66,49.32,0.19
2006-01-09,27.47,28.42,0.01
2006-01-10,27.45,24.7,0.0
2006-01-11,27.97,25.69,0.0
2006-01-12,27.98,24.75,0.0
2006-01-13,27.67,21.87,0.0
2006-01-14,27.83,23.55,0.0
2006-01-15,28.19,25.61,0.0
2006-01-16,27.82,25.4,0.0
2006-01-17,28.99,27.84,0.09
2006-01-18,29.73,36.84,0.02
2006-01-19,28.65,18.29,0.0
2006-01-20,27.96,21.37,0.0
2006-01-21,28.59,20.13,0.0
2006-01-22,29.48,17.22,0.0
2006-01-23,29.52,17.28,0.0
2006-01-24,29.03,18.26,0.0
2006-01-25,29.11,16.76,0.0
2006-01-26,28.86,15.24,0.0
2006-01-27,28.33,19.44,0.0
2006-01-28,29.24,46.02,1.26
2006-01-29,30.34,50.27,1.07
2006-01-30,30.74,46.69,3.33
2006-01-31,29.52,40.09,0.0
2006-02-01,29.01,29.82,0.0
2006-02-02,29.23,23.42,0.0
2006-02-03,28.9,19.57,0.0
2006-02-04,28.08,17.98,0.0
2006-02-05,28.38,17.27,0.0
2006-02-06,28.79,18.64,0.0
2006-02-07,29.6,18.39,0.0
2006-02-08,29.5,19.24,0.02
2006-02-09,29.57,19.21,0.02
2006-02-10,29.76,24.47,1.91
2006-02-11,30.13,43.02,0.13
2006-02-12,30.5,35.35,0.36
2006-02-13,30.93,36.81,0.15
2006-02-14,31.26,40.67,0.43
2006-02-15,29.16,41.23,1.17
2006-02-16,30.76,38.85,2.94
2006-02-17,29.52,50.66,0.0
2006-02-18,30.11,41.19,0.01
2006-02-19,30.28,31.21,0.0
2006-02-20,30.98,27.41,0.0
2006-02-21,31.42,30.0,0.0
2006-02-22,32.01,25.75,0.0
2006-02-23,31.12,25.8,0.03
2006-02-24,30.89,14.95,0.0
2006-02-25,30.45,15.53,0.15
2006-02-26,30.42,15.59,0.06
2006-02-27,31.41,17.7,0.06
2006-02-28,30.25,24.96,1.33
2006-03-01,29.9,52.21,0.75
2006-03-02,31.31,33.86,0.22
2006-03-03,31.73,24.06,0.09
2006-03-04,32.0,23.48,0.15
2006-03-05,32.04,40.89,0.11
2006-03-06,33.31,28.9,0.14
2006-03-07,31.72,22.93,0.33
2006-03-08,31.46,34.26,0.27
2006-03-09,30.26,46.14,0.51
2006-03-10,30.94,32.96,0.2
2006-03-11,28.42,14.09,0.0
2006-03-12,29.85,13.54,0.01
2006-03-13,29.5,36.8,0.6
2006-03-14,31.27,33.03,0.95
2006-03-15,31.02,46.84,0.43
2006-03-16,31.16,38.91,0.31
2006-03-17,31.29,45.87,0.51
2006-03-18,31.73,44.86,1.25
2006-03-19,31.05,50.68,0.86
2006-03-20,30.83,51.75,0.93
2006-03-21,30.49,53.1,0.58
2006-03-22,32.45,44.14,0.79
2006-03-23,33.17,43.39,0.27
2006-03-24,32.66,38.49,0.71
2006-03-25,32.35,43.04,0.65
2006-03-26,32.09,47.84,0.16
2006-03-27,31.76,49.18,0.55
2006-03-28,30.02,55.06,2.54
2006-03-29,30.88,49.53,2.26
2006-03-30,31.04,50.5,1.05
2006-03-31,29.62,51.27,0.1
2006-04-01,31.18,34.68,0.01
2006-04-02,31.21,29.63,0.03
2006-04-03,30.32,32.27,0.11
2006-04-04,31.83,44.32,1.19
2006-04-05,30.86,53.13,0.8
2006-04-06,31.6,49.53,0.87
2006-04-07,31.81,47.87,0.31
2006-04-08,32.3,45.45,0.67
2006-04-09,32.55,42.3,0.52
2006-04-10,33.03,35.16,0.26
2006-04-11,32.84,41.02,0.06
2006-04-12,33.74,30.42,0.35
2006-04-13,33.06,38.37,0.47
2006-04-14,33.81,42.0,0.59
2006-04-15,33.32,46.31,0.39
2006-04-16,33.18,45.45,1.69
2006-04-17,31.54,52.42,1.57
2006-04-18,31.55,52.73,0.91
2006-04-19,31.18,53.0,1.73
2006-04-20,30.82,52.93,0.73
2006-04-21,30.71,56.86,4.66
2006-04-22,30.36,58.82,0.53
2006-04-23,29.62,64.36,11.88
2006-04-24,29.01,65.23,2.96
2006-04-25,28.67,66.52,10.01
2006-04-26,28.33,69.51,0.71
2006-04-27,28.94,65.25,9.05
2006-04-28,28.98,66.49,1.68
2006-04-29,28.92,65.9,1.14
2006-04-30,30.24,58.61,1.4
2006-05-01,30.56,61.55,2.02
2006-05-02,31.14,58.68,3.27
2006-05-03,30.76,61.46,1.49
2006-05-04,31.2,59.79,0.7
2006-05-05,31.58,58.82,0.98
2006-05-06,30.46,60.67,0.69
2006-05-07,29.33,66.9,1.87
2006-05-08,29.84,62.93,0.84
2006-05-09,28.03,73.08,2.33
2006-05-10,29.94,62.11,0.82
2006-05-11,30.46,59.88,2.87
2006-05-12,29.54,63.35,2.3
2006-05-13,29.61,65.41,4.16
2006-05-14,28.91,69.38,2.61
2006-05-15,28.9,66.23,4.44
2006-05-16,26.98,75.22,1.11
2006-05-17,27.87,67.97,2.68
2006-05-18,27.55,70.41,3.61
2006-05-19,28.03,67.32,6.35
2006-05-20,26.66,77.56,11.03
2006-05-21,25.43,82.68,10.9
2006-05-22,25.82,80.86,3.83
2006-05-23,26.28,79.55,5.41
2006-05-24,27.29,75.12,2.9
2006-05-25,27.39,75.41,5.18
2006-05-26,26.13,81.61,0.56
2006-05-27,28.38,68.64,3.05
2006-05-28,28.38,70.5,5.73
2006-05-29,26.96,78.88,1.68
2006-05-30,27.9,72.23,2.07
2006-05-31,28.02,71.12,1.83
2006-06-01,28.72,70.35,3.98
2006-06-02,28.42,71.77,2.61
2006-06-03,27.76,72.81,1.46
2006-06-04,28.94,67.37,1.79
2006-06-05,28.6,70.81,5.28
2006-06-06,28.2,72.14,5.15
2006-06-07,28.1,72.86,9.25
2006-06-08,25.86,81.31,4.69
2006-06-09,26.66,76.11,12.33
2006-06-10,27.02,73.62,9.99
2006-06-11,27.03,77.34,16.45
2006-06-12,26.14,82.54,5.8
2006-06-13,26.95,79.71,7.5
2006-06-14,27.16,78.48,2.22
2006-06-15,26.19,81.5,0.9
2006-06-16,26.45,77.04,6.69
2006-06-17,26.58,73.27,1.87
2006-06-18,27.26,73.68,0.73
2006-06-19,26.62,76.34,2.49
2006-06-20,26.47,77.59,7.29
2006-06-21,26.86,76.06,3.7
2006-06-22,26.48,77.18,6.52
2006-06-23,26.53,75.52,1.87
2006-06-24,26.99,73.89,1.78
2006-06-25,27.91,71.31,2.13
2006-06-26,27.49,73.5,5.18
2006-06-27,27.76,74.79,2.45
2006-06-28,28.38,71.17,2.24
2006-06-29,28.41,72.03,4.75
2006-06-30,27.82,74.16,2.81
2006-07-01,26.38,79.11,9.57
2006-07-02,27.4,74.44,12.97
2006-07-03,26.71,77.78,13.73
2006-07-04,26.6,80.82,10.33
2006-07-05,25.8,83.88,6.29
2006-07-06,25.47,81.74,2.88
2006-07-07,26.79,75.96,2.82
2006-07-08,26.29,80.08,1.75
2006-07-09,26.6,77.28,1.76
2006-07-10,26.84,75.93,7.27
2006-07-11,27.14,75.31,2.37
2006-07-12,27.36,74.11,3.36
2006-07-13,27.66,73.41,2.38
2006-07-14,26.3,81.27,8.55
2006-07-15,24.45,86.5,9.84
2006-07-16,26.2,77.79,2.4
2006-07-17,26.34,78.81,8.6
2006-07-18,26.61,77.75,4.09
2006-07-19,25.95,81.37,8.63
2006-07-20,24.53,86.26,12.49
2006-07-21,24.97,83.51,1.48
2006-07-22,24.67,85.65,5.39
2006-07-23,24.3,87.29,4.76
2006-07-24,25.57,81.5,4.42
2006-07-25,24.88,85.67,7.13
2006-07-26,24.67,84.48,8.21
2006-07-27,26.31,78.79,4.11
2006-07-28,26.97,77.94,4.62
2006-07-29,26.17,82.32,5.58
2006-07-30,24.54,87.74,7.63
2006-07-31,25.64,82.46,4.04
2006-08-01,25.31,85.1,3.08
2006-08-02,24.96,86.77,4.97
2006-08-03,24.82,85.31,3.96
2006-08-04,25.12,82.47,1.24
2006-08-05,25.56,80.85,2.59
2006-08-06,26.2,80.51,2.64
2006-08-07,25.1,84.5,2.63
2006-08-08,25.21,82.23,1.98
2006-08-09,25.77,80.05,2.93
2006-08-10,25.64,82.79,5.2
2006-08-11,25.1,87.62,5.82
2006-08-12,25.44,85.45,9.21
2006-08-13,25.03,84.94,9.87
2006-08-14,25.74,83.55,8.1
2006-08-15,26.12,83.43,5.73
2006-08-16,25.19,87.65,9.71
2006-08-17,25.45,85.42,5.28
2006-08-18,25.26,85.77,4.25
2006-08-19,24.96,85.26,3.29
2006-08-20,25.55,84.3,2.9
2006-08-21,26.73,78.97,2.22
2006-08-22,26.32,80.63,2.68
2006-08-23,24.98,84.9,3.65
2006-08-24,25.76,79.46,1.58
2006-08-25,26.26,78.1,1.41
2006-08-26,26.41,78.88,3.96
2006-08-27,25.47,81.19,2.29
2006-08-28,26.38,75.25,1.47
2006-08-29,25.97,80.65,11.28
2006-08-30,25.37,86.44,15.82
2006-08-31,25.02,86.73,20.48
2006-09-01,23.71,91.83,12.38
2006-09-02,25.46,82.22,2.95
2006-09-03,26.37,80.89,3.96
2006-09-04,26.13,79.27,0.45
2006-09-05,25.54,83.0,14.58
2006-09-06,25.47,84.22,8.08
2006-09-07,25.6,83.17,5.22
2006-09-08,23.69,91.18,13.58
2006-09-09,24.02,90.42,17.86
2006-09-10,24.48,85.6,4.56
2006-09-11,24.92,83.43,8.5
2006-09-12,24.83,85.33,8.65
2006-09-13,23.94,91.86,5.37
2006-09-14,24.93,83.54,3.85
2006-09-15,26.17,80.73,4.34
2006-09-16,26.39,79.26,3.96
2006-09-17,25.86,82.88,5.53
2006-09-18,26.0,83.0,4.82
2006-09-19,25.28,86.88,2.96
2006-09-20,24.89,86.48,8.23
2006-09-21,25.99,80.1,3.27
2006-09-22,25.95,81.19,4.8
2006-09-23,25.79,80.05,7.61
2006-09-24,24.31,88.61,6.98
2006-09-25,25.71,82.19,3.12
2006-09-26,26.31,81.76,6.28
2006-09-27,25.41,86.27,6.87
2006-09-28,25.27,87.17,8.43
2006-09-29,25.36,84.7,3.73
2006-09-30,25.61,83.01,5.7
2006-10-01,26.61,77.12,2.44
2006-10-02,25.75,84.52,23.41
2006-10-03,24.97,87.02,9.07
2006-10-04,26.14,81.69,1.56
2006-10-05,27.04,79.81,1.61
2006-10-06,26.86,81.69,1.87
2006-10-07,26.25,84.7,6.54
2006-10-08,26.17,86.02,6.54
2006-10-09,25.74,87.43,6.28
2006-10-10,26.42,84.32,4.65
2006-10-11,25.65,86.59,4.55
2006-10-12,25.61,83.88,2.89
2006-10-13,25.9,82.42,4.46
2006-10-14,25.88,84.36,2.4
2006-10-15,26.9,78.54,0.99
2006-10-16,26.38,83.43,2.94
2006-10-17,26.56,81.79,2.44
2006-10-18,26.76,80.36,8.2
2006-10-19,26.0,84.68,5.35
2006-10-20,26.01,81.56,2.37
2006-10-21,26.93,79.11,3.53
2006-10-22,26.83,79.63,3.35
2006-10-23,26.32,80.63,1.75
2006-10-24,26.36,76.26,1.75
2006-10-25,26.51,76.84,2.15
2006-10-26,26.57,77.13,2.26
2006-10-27,26.4,77.99,1.01
2006-10-28,26.78,77.06,1.16
2006-10-29,27.3,75.84,0.95
2006-10-30,26.95,74.15,0.67
2006-10-31,26.64,72.1,0.21
2006-11-01,26.75,70.5,0.25
2006-11-02,26.91,75.82,0.65
2006-11-03,26.87,75.44,0.4
2006-11-04,26.99,73.34,0.41
2006-11-05,26.94,71.62,0.16
2006-11-06,26.7,61.58,0.01
2006-11-07,26.63,56.39,0.0
2006-11-08,26.55,63.12,0.11
2006-11-09,25.71,65.91,0.09
2006-11-10,25.34,63.11,0.0
2006-11-11,25.64,62.17,0.0
2006-11-12,26.03,62.97,0.0
2006-11-13,25.81,59.91,0.0
2006-11-14,26.13,57.87,0.0
2006-11-15,25.5,64.97,0.01
2006-11-16,24.82,58.68,0.0
2006-11-17,24.38,58.14,0.0
2006-11-18,24.46,59.77,0.0
2006-11-19,24.09,53.47,0.0
2006-11-20,23.28,50.64,0.0
2006-11-21,23.23,51.09,0.0
2006-11-22,23.63,45.5,0.0
2006-11-23,24.08,40.14,0.0
2006-11-24,23.77,45.57,0.0
2006-11-25,24.12,45.91,0.0
2006-11-26,23.92,44.3,0.0
2006-11-27,23.44,43.18,0.0
2006-11-28,22.77,43.42,0.0
2006-11-29,22.7,45.67,0.0
2006-11-30,23.08,43.9,0.0
2006-12-01,23.55,45.63,0.0
2006-12-02,23.76,46.5,0.0
2006-12-03,23.88,49.14,0.0
2006-12-04,23.0,45.01,0.0
2006-12-05,22.45,42.57,0.0
2006-12-06,22.63,45.37,0.0
2006-12-07,22.87,41.81,0.0
2006-12-08,22.6,39.11,0.0
2006-12-09,22.96,38.51,0.0
2006-12-10,24.11,44.45,0.0
2006-12-11,25.04,46.93,0.0
2006-12-12,26.36,47.06,0.0
2006-12-13,24.86,50.08,0.0
2006-12-14,24.21,52.02,0.0
2006-12-15,24.19,44.79,0.0
2006-12-16,24.02,36.4,0.0
2006-12-17,23.66,38.85,0.0
2006-12-18,23.88,38.78,0.0
2006-12-19,23.85,41.01,0.0
2006-12-20,24.47,42.63,0.0
2006-12-21,24.79,39.7,0.0
2006-12-22,24.1,35.83,0.0
2006-12-23,23.14,35.05,0.0
2006-12-24,23.48,35.57,0.0
2006-12-25,23.12,33.3,0.0
2006-12-26,22.63,34.0,0.0
2006-12-27,22.49,34.38,0.0
2006-12-28,23.27,32.88,0.0
2006-12-29,23.15,29.88,0.0
2006-12-30,22.43,35.51,0.0
2006-12-31,21.8,34.09,0.0
2007-01-01,20.46,32.79,0.0
2007-01-02,20.35,35.8,0.0
2007-01-03,20.41,36.5,0.0
2007-01-04,19.49,36.3,0.0
2007-01-05,20.8,34.66,0.0
2007-01-06,22.42,33.67,0.0
2007-01-07,23.42,33.73,0.0
2007-01-08,22.95,35.35,0.0
2007-01-09,23.16,32.11,0.0
2007-01-10,23.24,30.35,0.0
2007-01-11,23.19,30.52,0.0
2007-01-12,23.05,27.1,0.0
2007-01-13,21.89,24.55,0.0
2007-01-14,20.58,27.4,0.0
2007-01-15,21.04,29.94,0.0
2007-01-16,22.5,30.43,0.0
2007-01-17,23.41,28.46,0.0
2007-01-18,23.0,25.63,0.0
2007-01-19,22.83,25.72,0.0
2007-01-20,22.4,26.72,0.0
2007-01-21,22.99,25.22,0.0
2007-01-22,24.25,22.64,0.0
2007-01-23,24.74,21.27,0.0
2007-01-24,25.38,23.34,0.0
2007-01-25,26.73,22.81,0.0
2007-01-26,27.94,24.04,0.0
2007-01-27,28.79,24.32,0.0
2007-01-28,28.08,41.0,0.0
2007-01-29,29.46,44.26,0.0
2007-01-30,29.08,34.05,0.0
2007-01-31,27.7,29.46,0.21
2007-02-01,29.38,35.36,0.23
2007-02-02,28.41,34.7,0.2
2007-02-03,28.42,28.91,0.08
2007-02-04,28.51,26.98,0.01
2007-02-05,30.58,42.47,0.58
2007-02-06,32.02,32.4,0.35
2007-02-07,31.28,28.72,0.56
2007-02-08,30.24,33.34,0.09
2007-02-09,30.49,32.18,0.02
2007-02-10,29.12,21.51,0.0
2007-02-11,28.76,18.27,0.0
2007-02-12,28.03,16.79,0.0
2007-02-13,27.28,13.86,0.0
2007-02-14,25.63,9.95,0.0
2007-02-15,26.08,12.7,0.0
2007-02-16,26.65,14.07,0.0
2007-02-17,28.2,15.69,0.0
2007-02-18,28.45,17.21,0.0
2007-02-19,29.6,21.07,0.0
2007-02-20,29.83,27.39,0.0
2007-02-21,29.29,22.07,0.0
2007-02-22,28.16,15.66,0.0
2007-02-23,27.18,14.03,0.0
2007-02-24,27.4,13.63,0.0
2007-02-25,27.82,12.58,0.0
2007-02-26,28.33,14.45,0.0
2007-02-27,28.15,14.15,0.0
2007-02-28,28.05,11.62,0.0
2007-03-01,28.09,13.24,0.0
2007-03-02,28.35,12.36,0.0
2007-03-03,28.17,13.95,0.0
2007-03-04,27.68,13.31,0.0
2007-03-05,28.3,10.76,0.0
2007-03-06,29.43,8.28,0.0
2007-03-07,29.36,9.0,0.0
2007-03-08,27.65,17.63,0.0
2007-03-09,29.08,9.82,0.0
2007-03-10,28.36,10.05,0.0
2007-03-11,27.64,12.15,0.0
2007-03-12,28.07,12.57,0.0
2007-03-13,28.88,13.31,0.0
2007-03-14,29.53,12.81,0.0
2007-03-15,29.86,30.1,0.37
2007-03-16,30.17,49.38,0.67
2007-03-17,31.58,44.82,0.16
2007-03-18,31.69,47.22,0.49
2007-03-19,32.63,41.23,0.29
2007-03-20,30.68,51.46,0.15
2007-03-21,32.02,47.17,0.62
2007-03-22,32.22,47.48,0.54
2007-03-23,29.72,57.87,0.61
2007-03-24,32.09,43.61,0.32
2007-03-25,32.85,44.45,0.69
2007-03-26,31.59,48.21,0.68
2007-03-27,31.02,53.13,0.43
2007-03-28,33.32,42.92,0.65
2007-03-29,32.15,49.05,1.02
2007-03-30,33.04,44.78,0.37
2007-03-31,31.13,52.21,1.02
2007-04-01,30.65,55.77,2.36
2007-04-02,28.95,68.38,9.62
2007-04-03,31.08,57.12,2.56
2007-04-04,30.95,62.28,7.82
2007-04-05,28.89,74.09,8.58
2007-04-06,29.25,69.59,0.23
2007-04-07,29.03,66.3,0.68
2007-04-08,28.09,70.16,0.22
2007-04-09,30.69,56.31,0.76
2007-04-10,31.02,59.73,0.85
2007-04-11,29.67,66.63,3.3
2007-04-12,29.75,65.62,4.07
2007-04-13,28.98,71.07,2.62
2007-04-14,29.78,65.74,4.87
2007-04-15,30.07,63.22,1.9
2007-04-16,29.25,66.09,2.38
2007-04-17,29.78,65.04,4.1
2007-04-18,28.71,71.32,2.85
2007-04-19,29.23,65.33,1.51
2007-04-20,30.34,62.43,4.41
2007-04-21,30.36,62.87,2.43
2007-04-22,28.87,69.81,4.22
2007-04-23,28.55,65.76,1.41
2007-04-24,29.31,61.71,2.01
2007-04-25,29.91,60.99,2.46
2007-04-26,29.69,64.37,4.6
2007-04-27,27.56,73.86,7.2
2007-04-28,29.44,62.23,0.83
2007-04-29,28.81,69.56,13.21
2007-04-30,27.65,75.42,9.61
2007-05-01,27.87,74.69,9.66
2007-05-02,27.13,76.82,2.43
2007-05-03,29.24,68.16,2.07
2007-05-04,29.97,66.13,1.29
2007-05-05,29.14,68.89,1.55
2007-05-06,28.29,74.11,2.8
2007-05-07,28.26,74.92,2.29
2007-05-08,28.48,74.16,1.87
2007-05-09,28.33,76.09,2.82
2007-05-10,29.35,71.17,1.73
2007-05-11,29.28,71.44,4.55
2007-05-12,28.41,74.02,9.83
2007-05-13,27.52,78.63,10.81
2007-05-14,27.31,77.25,3.36
2007-05-15,27.67,74.51,4.37
2007-05-16,28.06,73.0,1.04
2007-05-17,27.91,75.94,0.6
2007-05-18,29.37,68.97,0.75
2007-05-19,28.71,72.59,0.61
2007-05-20,30.23,65.59,0.98
2007-05-21,30.7,63.59,2.19
2007-05-22,29.85,67.33,1.01
2007-05-23,29.46,66.05,1.3
2007-05-24,29.97,65.27,1.74
2007-05-25,29.58,66.0,1.66
2007-05-26,29.18,68.37,2.63
2007-05-27,29.95,67.06,5.22
2007-05-28,27.84,74.27,4.53
2007-05-29,28.72,67.51,1.19
2007-05-30,28.85,64.69,0.92
2007-05-31,27.92,70.98,1.49
2007-06-01,29.95,64.12,1.67
2007-06-02,28.2,69.86,2.65
2007-06-03,28.11,70.21,0.8
2007-06-04,27.29,71.51,2.57
2007-06-05,27.45,72.15,3.61
2007-06-06,26.7,74.58,4.99
2007-06-07,26.64,73.76,1.91
2007-06-08,26.89,74.19,5.77
2007-06-09,27.41,72.3,2.15
2007-06-10,27.33,74.97,3.67
2007-06-11,27.1,75.03,1.8
2007-06-12,27.37,73.06,2.63
2007-06-13,27.0,75.07,3.31
2007-06-14,27.18,74.23,3.71
2007-06-15,28.25,71.96,2.07
2007-06-16,27.31,77.24,2.94
2007-06-17,27.49,75.54,2.16
2007-06-18,26.63,78.48,2.74
2007-06-19,28.37,67.55,1.52
2007-06-20,27.44,72.48,3.09
2007-06-21,26.28,77.97,3.34
2007-06-22,27.1,71.74,3.29
2007-06-23,27.11,72.51,3.28
2007-06-24,26.67,77.15,7.05
2007-06-25,26.14,78.69,2.09
2007-06-26,26.99,74.34,2.6
2007-06-27,26.41,78.92,2.94
2007-06-28,26.42,78.41,3.6
2007-06-29,27.09,75.66,2.46
2007-06-30,26.06,81.51,5.41
2007-07-01,24.34,86.57,6.21
2007-07-02,25.82,76.88,6.3
2007-07-03,26.74,73.81,5.14
2007-07-04,26.77,74.99,4.19
2007-07-05,26.65,74.19,2.47
2007-07-06,27.64,71.05,1.27
2007-07-07,27.74,70.61,0.99
2007-07-08,27.03,72.69,0.97
2007-07-09,27.4,71.02,1.04
2007-07-10,26.4,75.27,2.87
2007-07-11,27.54,73.02,4.77
2007-07-12,27.13,75.55,3.72
2007-07-13,27.56,74.81,4.68
2007-07-14,27.55,72.78,2.9
2007-07-15,26.66,77.16,6.72
2007-07-16,25.62,83.37,8.19
2007-07-17,26.93,73.68,7.26
2007-07-18,25.17,84.92,23.05
2007-07-19,25.5,81.97,3.78
2007-07-20,25.33,82.01,8.85
2007-07-21,25.55,81.41,12.31
2007-07-22,25.17,81.88,7.16
2007-07-23,25.05,83.62,8.54
2007-07-24,25.6,81.51,6.99
2007-07-25,24.94,85.57,5.5
2007-07-26,25.37,85.52,16.31
2007-07-27,24.44,86.06,10.0
2007-07-28,24.15,85.39,11.5
2007-07-29,24.37,86.13,18.96
2007-07-30,25.19,83.5,3.73
2007-07-31,24.95,83.93,2.86
2007-08-01,24.03,87.91,8.86
2007-08-02,25.95,80.41,2.26
2007-08-03,25.72,83.15,4.36
2007-08-04,25.8,82.2,5.38
2007-08-05,24.8,86.86,9.53
2007-08-06,24.7,83.53,6.26
2007-08-07,25.25,82.14,3.38
2007-08-08,24.99,87.72,28.86
2007-08-09,25.66,86.87,10.14
2007-08-10,25.8,82.96,3.45
2007-08-11,24.39,87.83,8.43
2007-08-12,25.72,82.85,9.27
2007-08-13,25.29,87.11,5.58
2007-08-14,24.18,90.21,18.19
2007-08-15,24.7,84.37,14.84
2007-08-16,25.47,84.34,5.09
2007-08-17,24.86,86.7,9.18
2007-08-18,25.61,82.36,0.78
2007-08-19,25.69,83.33,5.23
2007-08-20,24.76,88.28,7.91
2007-08-21,25.24,84.16,10.61
2007-08-22,25.27,84.53,3.38
2007-08-23,25.25,85.9,5.3
2007-08-24,24.23,89.82,7.57
2007-08-25,23.95,89.42,12.0
2007-08-26,23.89,88.85,16.55
2007-08-27,24.3,89.76,23.4
2007-08-28,23.93,89.13,9.32
2007-08-29,24.13,87.29,22.23
2007-08-30,24.99,85.23,13.69
2007-08-31,25.21,86.58,9.92
2007-09-01,23.51,92.06,13.72
2007-09-02,23.51,89.92,7.4
2007-09-03,24.67,86.35,4.26
2007-09-04,24.81,87.11,17.21
2007-09-05,23.58,87.29,15.38
2007-09-06,23.76,86.68,5.58
2007-09-07,25.05,85.58,4.14
2007-09-08,25.63,82.73,4.46
2007-09-09,25.54,85.26,4.86
2007-09-10,25.23,83.08,9.15
2007-09-11,25.46,82.03,9.59
2007-09-12,26.46,77.21,4.1
2007-09-13,26.03,82.18,0.5
2007-09-14,24.85,86.67,2.09
2007-09-15,25.2,83.89,4.17
2007-09-16,25.91,81.54,4.36
2007-09-17,25.58,85.54,3.74
2007-09-18,25.85,82.79,8.89
2007-09-19,25.95,80.47,6.06
2007-09-20,25.61,84.41,8.38
2007-09-21,25.8,82.58,5.09
2007-09-22,25.47,84.06,6.16
2007-09-23,25.04,86.2,5.48
2007-09-24,24.89,84.87,5.83
2007-09-25,24.97,86.2,2.73
2007-09-26,25.23,84.63,1.13
2007-09-27,25.24,83.87,7.53
2007-09-28,26.41,78.38,0.53
2007-09-29,25.1,84.7,0.36
2007-09-30,25.89,76.53,0.2
2007-10-01,26.51,76.36,0.44
2007-10-02,25.81,81.88,0.55
2007-10-03,25.66,80.45,0.74
2007-10-04,26.16,79.26,1.03
2007-10-05,26.48,79.14,0.37
2007-10-06,26.13,79.03,1.4
2007-10-07,25.75,81.08,0.77
2007-10-08,25.34,82.55,2.22
2007-10-09,24.91,80.6,1.45
2007-10-10,26.0,80.39,2.17
2007-10-11,26.66,77.85,1.19
2007-10-12,27.17,74.48,1.4
2007-10-13,26.87,76.47,0.05
2007-10-14,25.92,80.45,0.03
2007-10-15,25.91,79.35,0.03
2007-10-16,26.66,78.86,0.04
2007-10-17,26.66,78.36,0.02
2007-10-18,26.54,77.15,1.34
2007-10-19,26.41,77.69,0.94
2007-10-20,25.51,77.33,0.9
2007-10-21,25.07,81.4,1.29
2007-10-22,25.46,79.3,1.53
2007-10-23,26.43,75.79,4.42
2007-10-24,26.17,77.12,2.05
2007-10-25,25.85,77.5,2.76
2007-10-26,26.02,78.51,2.69
2007-10-27,24.59,81.45,4.53
2007-10-28,25.86,75.95,2.1
2007-10-29,26.06,78.81,2.13
2007-10-30,25.94,76.46,0.68
2007-10-31,26.06,79.65,1.18
2007-11-01,26.5,76.12,0.98
2007-11-02,26.41,73.34,0.62
2007-11-03,26.4,73.02,0.34
2007-11-04,26.22,74.85,0.25
2007-11-05,26.04,72.15,0.08
2007-11-06,26.43,68.61,0.11
2007-11-07,26.21,68.47,1.09
2007-11-08,26.48,63.34,0.85
2007-11-09,26.97,63.52,0.57
2007-11-10,25.24,74.2,2.02
2007-11-11,24.86,71.18,0.61
2007-11-12,25.33,66.11,0.01
2007-11-13,26.01,59.65,0.0
2007-11-14,26.61,59.3,0.07
2007-11-15,26.71,67.85,0.42
2007-11-16,26.45,75.87,0.53
2007-11-17,26.36,78.3,3.32
2007-11-18,26.69,76.39,2.52
2007-11-19,26.11,74.94,1.03
2007-11-20,26.84,71.77,1.52
2007-11-21,26.93,65.95,0.77
2007-11-22,25.68,68.91,0.38
2007-11-23,26.61,64.08,0.18
2007-11-24,25.52,70.89,0.27
2007-11-25,26.74,69.77,0.43
2007-11-26,26.89,66.48,0.35
2007-11-27,26.95,68.47,0.03
2007-11-28,26.92,69.33,0.01
2007-11-29,27.2,65.73,0.02
2007-11-30,27.9,64.45,0.02
2007-12-01,26.54,72.57,0.02
2007-12-02,27.27,61.88,0.0
2007-12-03,25.9,57.75,0.0
2007-12-04,24.14,56.27,0.0
2007-12-05,24.55,53.92,0.0
2007-12-06,24.42,46.92,0.0
2007-12-07,24.66,45.23,0.0
2007-12-08,25.53,47.51,0.0
2007-12-09,25.39,53.83,0.0
2007-12-10,25.44,60.66,0.0
2007-12-11,24.26,53.13,0.0
2007-12-12,23.49,47.64,0.0
2007-12-13,24.0,49.38,0.0
2007-12-14,24.72,49.23,0.0
2007-12-15,24.91,49.28,0.0
2007-12-16,25.81,50.62,0.0
2007-12-17,26.06,48.88,0.0
2007-12-18,26.03,46.63,0.0
2007-12-19,25.77,51.53,0.01
2007-12-20,24.66,47.53,0.01
2007-12-21,23.02,43.75,0.0
2007-12-22,22.3,44.86,0.0
2007-12-23,22.29,45.57,0.0
2007-12-24,22.37,43.01,0.0
2007-12-25,22.32,42.96,0.0
2007-12-26,21.94,46.37,0.0
2007-12-27,22.56,42.58,0.0
2007-12-28,23.17,40.14,0.0
2007-12-29,23.76,38.72,0.0
2007-12-30,22.96,37.71,0.0
2007-12-31,22.26,35.17,0.0
2008-01-01,22.07,35.85,0.0
2008-01-02,21.96,34.77,0.0
2008-01-03,23.09,32.51,0.0
2008-01-04,24.39,40.17,0.0
2008-01-05,25.19,38.31,0.0
2008-01-06,22.58,31.08,0.0
2008-01-07,20.26,33.3,0.0
2008-01-08,19.84,32.04,0.0
2008-01-09,21.68,34.07,0.0
2008-01-10,24.46,35.41,0.01
2008-01-11,24.93,34.54,0.0
2008-01-12,25.19,35.74,0.0
2008-01-13,25.77,36.1,0.0
2008-01-14,25.56,35.34,0.0
2008-01-15,24.56,41.42,0.0
2008-01-16,24.85,30.13,0.0
2008-01-17,24.11,25.92,0.0
2008-01-18,23.63,25.35,0.0
2008-01-19,24.01,27.32,0.0
2008-01-20,23.47,24.2,0.0
2008-01-21,22.62,24.04,0.0
2008-01-22,21.53,24.12,0.0
2008-01-23,21.26,24.45,0.0
2008-01-24,21.31,25.31,0.0
2008-01-25,21.82,23.14,0.0
2008-01-26,21.69,24.18,0.0
2008-01-27,21.36,24.25,0.0
2008-01-28,21.59,21.66,0.0
2008-01-29,21.38,23.67,0.0
2008-01-30,21.97,24.22,0.0
2008-01-31,23.67,26.03,0.0
2008-02-01,24.32,27.2,0.0
2008-02-02,25.02,26.79,0.0
2008-02-03,25.49,25.25,0.0
2008-02-04,25.94,26.27,0.0
2008-02-05,26.85,24.46,0.0
2008-02-06,27.45,23.24,0.0
2008-02-07,27.23,26.47,0.01
2008-02-08,27.3,21.53,0.0
2008-02-09,26.67,20.32,0.0
2008-02-10,26.81,22.89,0.0
2008-02-11,27.08,21.5,0.0
2008-02-12,26.76,22.88,0.0
2008-02-13,26.16,15.63,0.0
2008-02-14,26.62,19.18,0.0
2008-02-15,27.1,23.38,0.0
2008-02-16,27.17,20.35,0.0
2008-02-17,25.83,17.21,0.0
2008-02-18,25.84,15.71,0.0
2008-02-19,25.29,18.32,0.0
2008-02-20,25.83,18.88,0.0
2008-02-21,25.98,18.31,0.0
2008-02-22,26.11,17.78,0.0
2008-02-23,27.19,20.89,0.0
2008-02-24,28.58,22.02,0.0
2008-02-25,29.24,23.0,0.0
2008-02-26,30.4,44.17,0.0
2008-02-27,31.94,38.44,0.0
2008-02-28,30.88,40.83,0.01
2008-02-29,29.22,40.17,0.01
2008-03-01,30.57,32.04,0.01
2008-03-02,30.92,41.96,1.23
2008-03-03,31.47,46.92,1.42
2008-03-04,29.82,56.75,1.37
2008-03-05,29.68,56.65,1.34
2008-03-06,30.06,45.63,0.37
2008-03-07,29.73,29.45,0.49
2008-03-08,28.74,21.01,0.03
2008-03-09,28.51,18.41,0.0
2008-03-10,28.52,35.39,3.68
2008-03-11,28.09,66.71,7.3
2008-03-12,27.11,69.94,1.69
2008-03-13,28.54,54.09,0.01
2008-03-14,29.15,27.22,0.0
2008-03-15,28.5,36.9,0.01
2008-03-16,29.5,49.75,1.19
2008-03-17,29.5,42.22,0.18
2008-03-18,29.76,46.96,0.34
2008-03-19,31.14,44.94,0.27
2008-03-20,32.48,43.24,0.15
2008-03-21,32.99,41.28,0.28
2008-03-22,31.98,44.84,0.5
2008-03-23,31.22,51.12,1.31
2008-03-24,31.44,48.5,1.42
2008-03-25,32.0,41.78,1.02
2008-03-26,31.41,38.0,0.73
2008-03-27,30.58,25.34,0.04
2008-03-28,31.43,40.84,0.09
2008-03-29,31.97,42.81,0.25
2008-03-30,33.7,39.13,0.25
2008-03-31,33.83,42.54,0.44
2008-04-01,31.91,48.38,0.37
2008-04-02,33.47,42.74,0.19
2008-04-03,32.58,45.47,0.48
2008-04-04,31.49,35.98,0.42
2008-04-05,30.26,15.86,0.0
2008-04-06,30.1,22.84,0.04
2008-04-07,31.62,35.13,0.89
2008-04-08,32.36,43.74,0.8
2008-04-09,31.34,32.7,1.01
2008-04-10,30.38,25.48,0.46
2008-04-11,31.65,30.58,0.36
2008-04-12,32.34,42.12,0.1
2008-04-13,32.65,37.96,0.36
2008-04-14,32.31,40.92,0.39
2008-04-15,32.74,43.26,0.26
2008-04-16,32.65,43.43,2.36
2008-04-17,31.94,48.32,0.9
2008-04-18,32.61,46.05,1.07
2008-04-19,31.75,49.28,1.26
2008-04-20,32.17,48.75,2.64
2008-04-21,31.87,55.58,10.09
2008-04-22,31.11,60.7,5.81
2008-04-23,30.62,61.47,5.23
2008-04-24,28.45,67.48,1.48
2008-04-25,29.09,61.11,1.86
2008-04-26,30.23,57.67,2.03
2008-04-27,29.54,56.38,0.33
2008-04-28,28.91,62.77,1.51
2008-04-29,28.67,63.49,2.23
2008-04-30,29.65,59.66,0.44
2008-05-01,30.77,51.44,0.24
2008-05-02,31.24,50.41,0.33
2008-05-03,32.07,49.41,1.94
2008-05-04,31.54,53.3,0.99
2008-05-05,31.62,52.18,2.79
2008-05-06,27.87,66.98,0.58
2008-05-07,30.62,50.35,0.35
2008-05-08,32.36,45.92,0.97
2008-05-09,31.77,51.31,1.18
2008-05-10,29.61,59.3,1.74
2008-05-11,31.21,54.71,5.05
2008-05-12,30.13,64.65,4.95
2008-05-13,28.34,68.86,1.76
2008-05-14,28.99,63.89,1.12
2008-05-15,29.96,61.37,1.3
2008-05-16,30.1,59.31,1.32
2008-05-17,30.24,58.96,0.58
2008-05-18,30.81,56.28,1.22
2008-05-19,29.52,62.51,1.74
2008-05-20,30.0,59.83,1.85
2008-05-21,28.08,69.24,3.93
2008-05-22,29.76,61.75,4.35
2008-05-23,30.15,64.17,2.66
2008-05-24,29.16,66.31,4.14
2008-05-25,27.68,71.61,1.47
2008-05-26,28.3,66.4,0.0
2008-05-27,30.66,55.62,0.0
2008-05-28,30.17,60.31,0.0
2008-05-29,27.59,69.97,0.0
2008-05-30,28.49,58.53,0.0
2008-05-31,30.64,51.62,0.72
2008-06-01,30.56,54.07,2.88
2008-06-02,30.02,59.67,2.0
2008-06-03,27.97,70.33,2.37
2008-06-04,28.39,65.17,1.03
2008-06-05,30.45,56.1,0.88
2008-06-06,30.73,56.16,2.52
2008-06-07,29.97,59.98,1.43
2008-06-08,29.59,58.15,1.22
2008-06-09,28.59,65.37,2.31
2008-06-10,28.75,65.69,3.73
2008-06-11,27.77,71.92,8.09
2008-06-12,29.3,66.86,6.28
2008-06-13,27.11,71.86,4.35
2008-06-14,28.02,61.27,1.72
2008-06-15,29.16,61.55,1.4
2008-06-16,29.08,64.58,3.12
2008-06-17,27.74,70.52,2.53
2008-06-18,27.84,67.42,3.15
2008-06-19,26.99,69.94,1.37
2008-06-20,28.51,63.21,1.13
2008-06-21,29.6,58.72,0.75
2008-06-22,29.6,60.14,1.08
2008-06-23,28.73,66.32,8.77
2008-06-24,26.76,77.12,10.26
2008-06-25,25.62,79.94,12.39
2008-06-26,25.96,77.04,4.21
2008-06-27,28.02,67.84,2.98
2008-06-28,27.51,73.07,9.13
2008-06-29,26.32,78.79,4.24
2008-06-30,25.81,79.26,12.3
2008-07-01,26.98,73.39,9.04
2008-07-02,26.93,75.45,7.25
2008-07-03,26.7,75.71,2.36
2008-07-04,26.41,78.11,7.78
2008-07-05,25.85,78.38,1.2
2008-07-06,27.03,71.86,2.65
2008-07-07,25.75,79.02,9.83
2008-07-08,25.49,80.64,10.57
2008-07-09,25.35,83.08,8.32
2008-07-10,25.16,81.5,4.18
2008-07-11,26.74,74.27,2.58
2008-07-12,27.26,73.38,2.29
2008-07-13,26.65,76.98,2.95
2008-07-14,26.65,76.44,1.6
2008-07-15,25.91,81.57,13.95
2008-07-16,25.51,81.05,23.16
2008-07-17,25.48,80.34,14.34
2008-07-18,24.35,84.29,10.4
2008-07-19,24.15,86.35,11.39
2008-07-20,24.4,87.98,3.94
2008-07-21,25.04,82.47,4.21
2008-07-22,24.87,85.56,10.31
2008-07-23,24.52,87.45,3.83
2008-07-24,25.36,80.55,0.7
2008-07-25,25.76,79.79,3.63
2008-07-26,26.14,80.34,9.77
2008-07-27,25.52,83.77,14.12
2008-07-28,24.78,82.99,5.47
2008-07-29,25.9,79.26,4.82
2008-07-30,25.68,82.08,26.24
2008-07-31,25.49,82.29,5.38
2008-08-01,25.68,81.58,5.83
2008-08-02,25.12,84.97,23.23
2008-08-03,24.32,87.82,23.81
2008-08-04,24.38,85.99,11.08
2008-08-05,24.34,87.05,6.57
2008-08-06,24.84,84.61,6.97
2008-08-07,25.76,81.06,6.13
2008-08-08,25.25,84.24,10.65
2008-08-09,24.61,87.06,3.51
2008-08-10,25.3,82.86,2.8
2008-08-11,25.89,81.41,6.12
2008-08-12,25.16,86.36,4.71
2008-08-13,24.56,86.4,8.64
2008-08-14,24.41,85.23,9.24
2008-08-15,25.34,83.89,10.24
2008-08-16,24.67,89.49,13.56
2008-08-17,24.9,85.37,8.76
2008-08-18,24.78,86.5,16.51
2008-08-19,24.0,90.14,28.27
2008-08-20,24.13,89.19,10.1
2008-08-21,25.02,84.34,4.37
2008-08-22,24.63,87.89,23.63
2008-08-23,24.87,86.13,11.89
2008-08-24,25.26,81.0,4.12
2008-08-25,25.3,83.64,7.81
2008-08-26,24.39,88.85,15.85
2008-08-27,24.69,85.48,7.72
2008-08-28,24.9,86.05,9.56
2008-08-29,24.7,86.45,11.44
2008-08-30,24.65,87.19,6.87
2008-08-31,24.51,87.18,3.24
2008-09-01,25.91,82.59,9.33
2008-09-02,25.09,87.23,11.67
2008-09-03,23.76,89.54,16.61
2008-09-04,24.63,86.61,8.99
2008-09-05,24.19,85.73,6.56
2008-09-06,24.77,86.35,11.37
2008-09-07,25.71,82.78,6.0
2008-09-08,25.52,85.85,7.69
2008-09-09,25.59,78.95,4.68
2008-09-10,25.66,80.12,8.76
2008-09-11,26.41,81.25,3.66
2008-09-12,24.63,88.38,8.46
2008-09-13,25.21,85.03,5.47
2008-09-14,25.41,83.18,8.7
2008-09-15,24.59,89.68,10.87
2008-09-16,23.94,88.74,6.02
2008-09-17,25.42,83.63,3.76
2008-09-18,26.26,81.75,5.58
2008-09-19,25.75,83.56,3.5
2008-09-20,24.88,87.05,2.81
2008-09-21,25.9,81.07,2.03
2008-09-22,26.17,80.34,2.76
2008-09-23,25.83,83.41,4.17
2008-09-24,25.11,86.3,9.16
2008-09-25,25.98,84.1,6.11
2008-09-26,25.33,82.47,3.67
2008-09-27,25.33,84.41,4.21
2008-09-28,24.16,88.12,1.88
2008-09-29,24.98,83.29,2.63
2008-09-30,25.42,84.31,4.57
2008-10-01,25.83,80.66,6.18
2008-10-02,26.17,79.46,0.99
2008-10-03,26.3,82.79,4.34
2008-10-04,25.55,85.32,1.77
2008-10-05,25.89,81.14,2.81
2008-10-06,26.05,83.53,5.38
2008-10-07,26.32,82.85,3.81
2008-10-08,24.69,88.75,4.86
2008-10-09,26.1,80.8,2.48
2008-10-10,26.42,77.72,4.15
2008-10-11,25.03,86.21,12.97
2008-10-12,24.52,87.26,8.58
2008-10-13,25.73,81.89,2.25
2008-10-14,26.13,81.15,1.09
2008-10-15,26.25,81.26,0.68
2008-10-16,26.34,81.08,1.39
2008-10-17,26.01,83.42,1.18
2008-10-18,26.99,77.04,2.38
2008-10-19,25.78,84.15,2.39
2008-10-20,26.15,79.99,1.88
2008-10-21,26.25,76.6,0.15
2008-10-22,26.02,75.28,0.99
2008-10-23,25.6,78.3,0.02
2008-10-24,26.63,75.42,0.06
2008-10-25,26.88,71.14,0.04
2008-10-26,26.1,69.67,0.02
2008-10-27,26.31,70.84,0.07
2008-10-28,26.18,77.93,0.33
2008-10-29,26.55,78.64,1.04
2008-10-30,26.78,78.45,0.32
2008-10-31,26.93,75.96,0.19
2008-11-01,26.68,75.97,0.4
2008-11-02,25.15,68.72,0.01
2008-11-03,25.54,55.11,0.05
2008-11-04,25.34,54.39,0.12
2008-11-05,24.6,61.13,0.06
2008-11-06,24.95,57.68,0.0
2008-11-07,24.84,56.74,0.0
2008-11-08,25.83,51.56,0.0
2008-11-09,25.6,55.09,0.0
2008-11-10,25.12,60.01,0.04
2008-11-11,25.46,73.83,0.13
2008-11-12,24.38,75.77,0.02
2008-11-13,23.1,64.11,0.01
2008-11-14,23.73,64.99,0.0
2008-11-15,24.13,63.65,0.0
2008-11-16,23.92,62.73,0.0
2008-11-17,24.73,53.85,0.0
2008-11-18,25.24,47.48,0.0
2008-11-19,24.98,46.05,0.0
2008-11-20,25.31,55.53,0.93
2008-11-21,25.19,68.96,0.0
2008-11-22,26.14,62.52,0.0
2008-11-23,25.68,56.45,0.0
2008-11-24,25.95,55.04,0.0
2008-11-25,26.42,57.71,0.0
2008-11-26,26.2,54.23,0.0
2008-11-27,26.6,50.52,0.01
2008-11-28,26.26,57.01,0.0
2008-11-29,26.09,56.67,0.01
2008-11-30,26.74,50.44,0.01
2008-12-01,27.17,49.36,0.01
2008-12-02,27.55,60.5,0.3
2008-12-03,26.68,54.05,0.13
2008-12-04,24.22,50.49,0.0
2008-12-05,21.96,44.62,0.0
2008-12-06,22.0,44.14,0.0
2008-12-07,23.56,44.6,0.0
2008-12-08,24.28,48.19,0.0
2008-12-09,24.41,47.27,0.0
2008-12-10,25.41,44.78,0.0
2008-12-11,25.31,53.56,0.0
2008-12-12,26.08,57.06,0.09
2008-12-13,26.11,50.04,0.05
2008-12-14,26.69,47.07,0.04
2008-12-15,27.26,60.31,0.09
2008-12-16,28.49,61.54,0.11
2008-12-17,26.12,56.07,0.25
2008-12-18,25.0,48.54,0.0
2008-12-19,24.55,44.42,0.0
2008-12-20,24.31,41.88,0.0
2008-12-21,24.22,41.9,0.0
2008-12-22,23.96,44.06,0.0
2008-12-23,23.84,41.82,0.0
2008-12-24,23.43,40.8,0.0
2008-12-25,23.13,46.01,0.0
2008-12-26,24.49,50.12,0.0
2008-12-27,24.87,50.39,0.0
2008-12-28,25.43,48.25,0.0
2008-12-29,25.23,44.23,0.0
2008-12-30,24.09,41.07,0.0
2008-12-31,24.01,35.91,0.0
2009-01-01,23.91,35.43,0.0
2009-01-02,24.1,40.01,0.0
2009-01-03,24.91,38.64,0.0
2009-01-04,24.96,41.18,0.0
2009-01-05,26.07,43.18,0.0
2009-01-06,26.26,41.22,0.0
2009-01-07,25.67,40.15,0.0
2009-01-08,26.0,38.32,0.0
2009-01-09,25.72,38.82,0.0
2009-01-10,25.76,40.4,0.0
2009-01-11,26.03,40.54,0.0
2009-01-12,25.42,38.01,0.0
2009-01-13,24.75,38.38,0.0
2009-01-14,25.03,36.37,0.0
2009-01-15,25.95,32.43,0.0
2009-01-16,26.25,36.9,0.0
2009-01-17,25.34,34.75,0.0
2009-01-18,23.3,33.22,0.0
2009-01-19,23.33,38.39,0.0
2009-01-20,21.45,28.42,0.0
2009-01-21,22.0,26.83,0.0
2009-01-22,22.94,23.81,0.0
2009-01-23,22.14,23.09,0.0
2009-01-24,22.75,24.23,0.0
2009-01-25,24.38,30.31,0.0
2009-01-26,25.91,31.29,0.0
2009-01-27,27.1,29.59,0.0
2009-01-28,26.88,27.25,0.0
2009-01-29,26.94,26.2,0.0
2009-01-30,27.61,25.67,0.0
2009-01-31,28.51,33.78,0.12
2009-02-01,30.14,47.53,0.1
2009-02-02,30.85,45.53,0.12
2009-02-03,32.2,41.57,0.1
2009-02-04,31.88,45.48,0.14
2009-02-05,32.17,41.38,0.04
2009-02-06,32.3,41.25,0.03
2009-02-07,32.13,38.95,0.03
2009-02-08,29.77,29.73,0.03
2009-02-09,28.52,24.34,0.02
2009-02-10,29.28,27.7,0.15
2009-02-11,30.28,39.44,0.32
2009-02-12,30.46,33.98,0.11
2009-02-13,29.99,39.61,0.13
2009-02-14,31.07,38.95,0.87
2009-02-15,30.14,52.48,1.15
2009-02-16,27.77,63.31,6.15
2009-02-17,27.22,67.42,0.44
2009-02-18,27.42,59.49,3.1
2009-02-19,27.83,48.77,0.46
2009-02-20,26.85,40.32,0.0
2009-02-21,28.62,35.1,0.0
2009-02-22,28.62,33.09,0.0
2009-02-23,28.62,32.68,0.06
2009-02-24,30.27,35.62,0.11
2009-02-25,30.7,47.83,0.2
2009-02-26,29.9,53.15,0.1
2009-02-27,31.41,45.71,0.36
2009-02-28,32.53,41.21,0.24
2009-03-01,32.46,39.93,0.09
2009-03-02,31.0,35.67,0.04
2009-03-03,31.24,45.41,0.03
2009-03-04,32.45,43.38,0.05
2009-03-05,32.24,45.35,0.04
2009-03-06,31.7,22.18,0.04
2009-03-07,31.45,30.26,1.07
2009-03-08,31.29,26.72,0.06
2009-03-09,32.45,32.09,0.0
2009-03-10,33.0,44.27,1.52
2009-03-11,29.89,58.04,1.72
2009-03-12,30.11,56.13,0.45
2009-03-13,30.57,50.1,2.38
2009-03-14,30.12,45.92,1.11
2009-03-15,31.01,35.52,1.12
2009-03-16,29.91,53.77,1.01
2009-03-17,30.39,55.5,0.42
2009-03-18,30.5,51.0,0.51
2009-03-19,30.87,47.65,0.32
2009-03-20,29.62,54.26,0.79
2009-03-21,32.21,38.92,0.01
2009-03-22,31.95,41.93,1.56
2009-03-23,31.02,53.72,2.34
2009-03-24,28.92,63.76,2.01
2009-03-25,30.6,57.83,2.52
2009-03-26,29.73,61.81,1.93
2009-03-27,30.46,58.4,4.14
2009-03-28,31.33,53.94,2.1
2009-03-29,28.48,71.59,3.28
2009-03-30,30.61,58.28,0.05
2009-03-31,29.35,62.44,4.05
2009-04-01,28.03,71.4,1.24
2009-04-02,28.34,68.94,7.22
2009-04-03,29.63,59.79,2.86
2009-04-04,28.8,66.64,8.64
2009-04-05,29.26,62.55,3.25
2009-04-06,29.76,60.14,1.23
2009-04-07,29.77,60.01,0.95
2009-04-08,29.71,59.04,0.34
2009-04-09,29.54,59.42,0.86
2009-04-10,29.33,63.3,0.56
2009-04-11,29.5,65.72,3.16
2009-04-12,28.13,71.1,3.53
2009-04-13,28.3,70.32,3.29
2009-04-14,29.13,64.46,1.28
2009-04-15,29.74,58.75,2.22
2009-04-16,29.9,59.22,0.83
2009-04-17,29.73,57.69,1.29
2009-04-18,30.74,58.44,1.53
2009-04-19,30.69,61.56,1.3
2009-04-20,29.59,65.87,1.28
2009-04-21,29.15,65.22,1.15
2009-04-22,29.98,61.61,1.93
2009-04-23,30.49,58.99,1.97
2009-04-24,30.59,60.15,2.45
2009-04-25,30.84,58.57,2.38
2009-04-26,30.85,60.43,3.97
2009-04-27,27.19,79.01,4.67
2009-04-28,29.28,66.79,2.87
2009-04-29,29.48,66.91,4.32
2009-04-30,29.17,69.57,2.03
2009-05-01,29.68,66.01,6.0
2009-05-02,28.49,74.1,5.73
2009-05-03,28.23,72.88,7.31
2009-05-04,28.64,69.94,2.33
2009-05-05,26.49,79.22,5.35
2009-05-06,28.22,69.29,1.98
2009-05-07,28.72,68.4,3.42
2009-05-08,28.64,69.37,0.87
2009-05-09,28.31,71.39,2.5
2009-05-10,27.05,76.48,5.77
2009-05-11,26.11,80.43,0.85
2009-05-12,28.62,67.52,0.39
2009-05-13,29.62,62.2,0.91
2009-05-14,29.13,64.55,0.67
2009-05-15,27.73,70.94,0.4
2009-05-16,28.51,70.01,4.19
2009-05-17,29.02,67.33,3.93
2009-05-18,28.03,71.98,1.89
2009-05-19,29.51,65.78,2.63
2009-05-20,29.38,65.94,3.89
2009-05-21,30.37,64.32,3.28
2009-05-22,29.81,67.49,4.05
2009-05-23,28.22,75.29,5.41
2009-05-24,27.66,74.84,2.72
2009-05-25,28.71,69.62,3.27
2009-05-26,27.59,74.72,0.61
2009-05-27,28.02,73.42,4.75
2009-05-28,29.06,68.9,1.96
2009-05-29,29.46,65.07,1.06
2009-05-30,29.12,66.94,2.31
2009-05-31,29.1,66.62,0.73
2009-06-01,29.87,63.62,1.16
2009-06-02,29.8,64.66,0.79
2009-06-03,28.13,73.65,1.4
2009-06-04,29.29,66.49,0.77
2009-06-05,27.28,73.48,3.62
2009-06-06,26.96,71.43,4.07
2009-06-07,28.91,63.62,3.16
2009-06-08,30.6,60.51,0.5
2009-06-09,29.24,68.26,5.03
2009-06-10,28.37,73.84,4.29
2009-06-11,27.43,76.57,4.04
2009-06-12,26.14,80.66,11.41
2009-06-13,26.58,76.89,2.29
2009-06-14,27.25,74.67,2.14
2009-06-15,28.09,70.69,5.7
2009-06-16,26.59,78.11,5.59
2009-06-17,27.0,75.26,2.81
2009-06-18,27.76,72.54,3.97
2009-06-19,27.25,77.06,5.52
2009-06-20,25.82,82.97,4.54
2009-06-21,24.9,81.5,6.98
2009-06-22,26.47,72.08,3.68
2009-06-23,28.09,68.99,4.24
2009-06-24,28.61,69.59,8.26
2009-06-25,26.74,81.24,5.83
2009-06-26,25.42,82.62,9.19
2009-06-27,26.14,77.1,5.95
2009-06-28,26.43,78.69,13.39
2009-06-29,25.77,81.75,8.9
2009-06-30,25.72,79.36,3.88
2009-07-01,25.14,82.79,4.57
2009-07-02,26.13,77.13,4.55
2009-07-03,27.14,74.69,1.71
2009-07-04,26.38,81.42,3.21
2009-07-05,26.9,78.39,2.96
2009-07-06,25.87,82.8,5.32
2009-07-07,25.68,81.97,6.8
2009-07-08,25.65,81.22,6.4
2009-07-09,25.74,80.03,4.26
2009-07-10,24.83,83.19,7.92
2009-07-11,25.38,80.07,6.5
2009-07-12,25.73,78.86,1.41
2009-07-13,26.84,75.78,5.31
2009-07-14,26.25,79.7,7.78
2009-07-15,25.67,79.9,1.02
2009-07-16,26.98,75.38,2.13
2009-07-17,26.34,78.8,5.02
2009-07-18,24.99,85.74,5.69
2009-07-19,25.97,77.93,2.93
2009-07-20,26.64,75.78,6.05
2009-07-21,27.5,73.03,6.56
2009-07-22,26.2,79.38,6.61
2009-07-23,26.26,79.93,7.91
2009-07-24,26.7,78.0,4.97
2009-07-25,26.09,81.09,4.07
2009-07-26,26.43,78.79,3.15
2009-07-27,25.72,81.47,6.14
2009-07-28,25.2,88.06,16.01
2009-07-29,25.59,83.81,6.29
2009-07-30,26.47,81.07,7.67
2009-07-31,25.81,84.98,7.51
2009-08-01,25.61,84.3,11.85
2009-08-02,25.53,84.28,4.72
2009-08-03,24.96,87.58,14.24
2009-08-04,25.26,85.11,6.96
2009-08-05,25.88,81.31,2.39
2009-08-06,25.9,83.62,7.02
2009-08-07,24.26,89.5,6.12
2009-08-08,25.65,81.58,3.33
2009-08-09,26.46,78.09,8.08
2009-08-10,26.06,80.83,7.41
2009-08-11,26.13,78.35,10.38
2009-08-12,26.13,82.61,7.62
2009-08-13,25.0,87.94,9.18
2009-08-14,24.59,88.23,7.81
2009-08-15,25.11,84.73,8.94
2009-08-16,26.0,82.75,9.15
2009-08-17,24.9,87.04,4.87
2009-08-18,25.53,83.33,4.79
2009-08-19,24.64,88.86,9.72
2009-08-20,24.99,83.92,4.83
2009-08-21,25.93,79.78,3.14
2009-08-22,25.84,84.81,5.81
2009-08-23,24.53,89.62,7.42
2009-08-24,25.44,83.13,2.89
2009-08-25,25.08,84.38,7.86
2009-08-26,25.7,83.96,12.06
2009-08-27,25.49,83.76,5.08
2009-08-28,26.38,82.02,3.33
2009-08-29,23.57,90.32,9.15
2009-08-30,24.57,84.63,3.18
2009-08-31,25.46,83.95,7.01
2009-09-01,24.59,89.48,23.08
2009-09-02,25.5,85.94,4.89
2009-09-03,25.09,86.78,4.89
2009-09-04,24.9,86.33,5.65
2009-09-05,26.69,76.49,4.4
2009-09-06,24.9,88.07,9.37
2009-09-07,24.75,86.02,4.12
2009-09-08,26.08,78.83,4.68
2009-09-09,26.17,79.83,5.57
2009-09-10,25.78,83.55,7.87
2009-09-11,24.93,89.01,19.67
2009-09-12,24.88,88.49,8.29
2009-09-13,24.98,84.7,5.99
2009-09-14,25.04,82.35,6.99
2009-09-15,25.18,82.19,10.53
2009-09-16,25.12,84.58,4.93
2009-09-17,24.52,86.12,2.82
2009-09-18,26.58,79.37,2.33
2009-09-19,26.16,84.65,3.94
2009-09-20,25.88,83.25,6.47
2009-09-21,25.31,83.37,5.83
2009-09-22,25.71,83.24,3.84
2009-09-23,26.28,82.87,2.59
2009-09-24,25.97,84.23,2.32
2009-09-25,25.59,86.07,2.11
2009-09-26,25.34,84.78,1.88
2009-09-27,26.18,78.95,0.75
2009-09-28,26.26,80.59,3.38
2009-09-29,26.17,81.48,5.24
2009-09-30,26.21,82.98,7.87
2009-10-01,26.9,79.36,3.75
2009-10-02,26.74,82.23,3.61
2009-10-03,26.84,80.44,0.49
2009-10-04,26.86,79.45,0.66
2009-10-05,26.73,79.37,1.36
2009-10-06,26.05,83.33,2.12
2009-10-07,26.98,78.86,0.96
2009-10-08,26.43,80.25,5.05
2009-10-09,26.7,77.89,2.07
2009-10-10,26.96,78.03,3.41
2009-10-11,27.3,73.76,2.1
2009-10-12,27.54,73.71,2.51
2009-10-13,27.2,76.21,1.97
2009-10-14,27.01,78.43,3.99
2009-10-15,25.81,83.81,4.39
2009-10-16,25.8,82.47,11.97
2009-10-17,27.14,77.01,2.38
2009-10-18,27.03,76.68,1.38
2009-10-19,27.45,72.46,2.73
2009-10-20,25.99,81.24,2.51
2009-10-21,26.52,77.36,1.83
2009-10-22,26.4,78.01,4.06
2009-10-23,25.71,84.06,5.03
2009-10-24,25.07,87.81,4.96
2009-10-25,25.91,79.54,1.63
2009-10-26,26.76,76.71,2.86
2009-10-27,26.96,77.13,2.39
2009-10-28,27.02,75.06,3.16
2009-10-29,26.78,75.66,5.02
2009-10-30,24.8,86.48,2.9
2009-10-31,25.76,83.29,10.24
2009-11-01,26.33,77.42,2.19
2009-11-02,25.34,81.22,0.73
2009-11-03,26.18,73.66,0.5
2009-11-04,25.65,69.1,0.28
2009-11-05,26.09,72.72,0.54
2009-11-06,27.05,66.37,0.26
2009-11-07,27.25,68.23,0.85
2009-11-08,27.35,73.35,1.13
2009-11-09,26.19,80.63,1.42
2009-11-10,26.68,78.12,1.4
2009-11-11,27.62,71.53,2.71
2009-11-12,27.28,72.51,1.19
2009-11-13,27.15,71.14,0.87
2009-11-14,26.87,68.89,0.24
2009-11-15,26.63,73.68,0.1
2009-11-16,26.62,72.56,0.22
2009-11-17,25.22,67.01,0.0
2009-11-18,23.32,58.13,0.0
2009-11-19,23.72,62.38,0.0
2009-11-20,24.06,59.42,0.0
2009-11-21,23.42,56.73,0.0
2009-11-22,23.19,55.94,0.0
2009-11-23,23.52,52.22,0.0
2009-11-24,24.36,58.49,0.0
2009-11-25,25.33,58.59,0.0
2009-11-26,24.83,57.09,0.0
2009-11-27,24.53,59.76,0.0
2009-11-28,25.16,61.42,0.0
2009-11-29,24.59,56.28,0.0
2009-11-30,23.92,53.28,0.0
2009-12-01,24.46,54.67,0.0
2009-12-02,23.97,49.68,0.0
2009-12-03,23.32,48.57,0.0
2009-12-04,23.95,47.34,0.0
2009-12-05,23.92,48.56,0.0
2009-12-06,24.23,48.63,0.0
2009-12-07,24.03,46.02,0.0
2009-12-08,24.93,44.54,0.0
2009-12-09,24.31,46.19,0.0
2009-12-10,24.62,47.93,0.0
2009-12-11,26.2,48.12,0.0
2009-12-12,27.52,44.62,0.0
2009-12-13,27.37,48.26,0.12
2009-12-14,26.98,57.35,0.01
2009-12-15,26.7,53.76,0.33
2009-12-16,27.43,51.19,0.28
2009-12-17,26.0,48.85,0.02
2009-12-18,25.6,47.7,0.0
2009-12-19,27.16,42.84,0.0
2009-12-20,27.26,41.99,0.0
2009-12-21,26.44,47.39,0.02
2009-12-22,26.71,43.6,0.0
2009-12-23,26.61,39.64,0.0
2009-12-24,25.81,41.27,0.0
2009-12-25,24.62,39.58,0.0
2009-12-26,23.89,38.07,0.0
2009-12-27,23.97,34.09,0.0
2009-12-28,24.4,39.31,0.0
2009-12-29,24.68,34.9,0.0
2009-12-30,23.92,36.34,0.0
2009-12-31,24.34,35.36,0.0
2010-01-01,24.78,39.01,0.0
2010-01-02,24.69,36.2,0.0
2010-01-03,24.61,31.24,0.0
2010-01-04,23.7,29.38,0.0
2010-01-05,24.17,29.1,0.0
2010-01-06,25.17,29.22,0.0
2010-01-07,26.37,29.69,0.0
2010-01-08,26.17,30.18,0.0
2010-01-09,25.84,29.54,0.0
2010-01-10,25.64,29.32,0.0
2010-01-11,25.56,30.18,0.0
2010-01-12,25.31,28.06,0.0
2010-01-13,25.56,28.82,0.0
2010-01-14,25.8,29.02,0.0
2010-01-15,26.26,26.62,0.0
2010-01-16,25.79,23.87,0.0
2010-01-17,25.47,23.26,0.0
2010-01-18,24.97,23.16,0.0
2010-01-19,24.7,22.81,0.0
2010-01-20,24.14,20.29,0.0
2010-01-21,25.28,22.81,0.0
2010-01-22,25.83,23.21,0.0
2010-01-23,27.16,23.69,0.0
2010-01-24,27.08,23.19,0.0
2010-01-25,27.72,23.78,0.0
2010-01-26,28.0,26.13,0.0
2010-01-27,28.69,27.55,0.06
2010-01-28,29.07,24.03,0.02
2010-01-29,29.18,21.88,0.0
2010-01-30,28.52,18.35,0.0
2010-01-31,28.04,17.21,0.0
2010-02-01,27.74,17.96,0.0
2010-02-02,28.79,16.38,0.0
2010-02-03,28.99,17.5,0.0
2010-02-04,28.93,21.69,0.0
2010-02-05,27.98,18.17,0.0
2010-02-06,28.11,18.35,0.0
2010-02-07,27.15,20.57,0.0
2010-02-08,27.33,20.93,0.0
2010-02-09,28.84,18.7,0.0
2010-02-10,29.73,24.26,0.36
2010-02-11,29.57,47.11,2.62
2010-02-12,30.02,48.11,2.2
2010-02-13,28.16,64.27,2.44
2010-02-14,30.01,54.23,0.93
2010-02-15,30.33,49.92,0.09
2010-02-16,30.75,51.67,0.15
2010-02-17,31.89,45.66,0.09
2010-02-18,32.82,43.01,0.15
2010-02-19,32.72,45.33,0.19
2010-02-20,33.41,42.27,0.83
2010-02-21,33.11,43.16,0.63
2010-02-22,32.32,47.02,0.7
2010-02-23,32.11,42.92,0.48
2010-02-24,32.47,40.4,0.77
2010-02-25,31.66,43.83,0.03
2010-02-26,32.52,45.93,0.05
2010-02-27,33.96,39.69,0.07
2010-02-28,33.27,34.05,0.07
2010-03-01,32.9,42.84,0.04
2010-03-02,33.16,42.44,0.24
2010-03-03,33.44,35.86,0.2
2010-03-04,32.42,33.37,0.18
2010-03-05,33.16,40.61,0.15
2010-03-06,32.2,43.22,0.2
2010-03-07,32.0,49.98,3.11
2010-03-08,31.17,57.71,3.58
2010-03-09,29.31,66.44,4.68
2010-03-10,28.01,64.77,0.5
2010-03-11,29.61,59.75,3.61
2010-03-12,29.93,56.85,0.3
2010-03-13,30.1,51.21,0.05
2010-03-14,30.1,47.04,0.12
2010-03-15,28.62,63.68,0.19
2010-03-16,30.17,56.51,0.14
2010-03-17,30.5,55.52,1.5
2010-03-18,31.33,42.27,0.11
2010-03-19,31.25,37.51,0.91
2010-03-20,30.83,55.1,1.51
2010-03-21,30.21,44.42,0.11
2010-03-22,27.97,31.29,0.0
2010-03-23,28.12,27.84,0.0
2010-03-24,28.82,28.25,0.0
2010-03-25,28.58,39.37,0.02
2010-03-26,30.53,42.04,0.0
2010-03-27,30.1,26.62,0.01
2010-03-28,30.37,26.94,0.07
2010-03-29,31.06,41.18,0.1
2010-03-30,31.17,23.18,0.1
2010-03-31,31.7,36.49,0.07
2010-04-01,32.95,39.2,0.42
2010-04-02,33.56,39.6,0.71
2010-04-03,33.63,42.6,1.3
2010-04-04,31.74,52.64,0.49
2010-04-05,32.48,47.51,0.78
2010-04-06,33.23,43.58,0.36
2010-04-07,34.31,37.88,0.85
2010-04-08,33.45,42.85,0.53
2010-04-09,33.74,43.16,1.55
2010-04-10,31.74,51.47,0.97
2010-04-11,32.27,44.48,0.68
2010-04-12,34.01,43.98,2.97
2010-04-13,33.01,51.53,1.99
2010-04-14,29.84,66.1,2.52
2010-04-15,31.2,61.14,1.32
2010-04-16,30.37,65.86,5.58
2010-04-17,30.95,61.9,3.73
2010-04-18,32.46,52.26,0.76
2010-04-19,33.21,51.24,4.85
2010-04-20,31.53,58.67,2.68
2010-04-21,30.66,64.01,2.24
2010-04-22,29.19,69.54,4.79
2010-04-23,28.47,72.82,6.3
2010-04-24,29.74,61.72,2.38
2010-04-25,28.57,67.81,2.08
2010-04-26,29.06,61.79,9.48
2010-04-27,28.07,71.04,3.14
2010-04-28,28.82,67.23,3.31
2010-04-29,30.08,63.2,4.62
2010-04-30,28.22,73.21,5.4
2010-05-01,29.5,68.04,3.89
2010-05-02,27.56,76.81,7.43
2010-05-03,27.46,76.51,0.98
2010-05-04,29.23,67.97,2.69
2010-05-05,29.32,69.19,3.24
2010-05-06,28.59,73.52,5.03
2010-05-07,28.01,76.72,7.24
2010-05-08,28.9,69.92,4.08
2010-05-09,30.3,63.27,3.4
2010-05-10,29.39,72.18,3.88
2010-05-11,29.33,73.17,2.72
2010-05-12,29.25,73.54,1.89
2010-05-13,28.95,72.68,1.04
2010-05-14,29.63,66.61,1.23
2010-05-15,30.01,65.76,1.01
2010-05-16,30.53,63.2,2.5
2010-05-17,30.14,65.77,3.49
2010-05-18,28.67,73.18,1.43
2010-05-19,30.16,65.87,4.07
2010-05-20,29.86,67.33,3.94
2010-05-21,28.99,70.68,10.2
2010-05-22,29.03,70.31,4.1
2010-05-23,29.54,69.53,4.11
2010-05-24,30.06,68.41,3.83
2010-05-25,30.46,68.47,6.02
2010-05-26,29.41,73.41,1.95
2010-05-27,29.64,71.8,1.88
2010-05-28,28.28,74.27,2.6
2010-05-29,27.01,82.08,3.98
2010-05-30,27.41,78.03,2.1
2010-05-31,28.7,71.2,11.86
2010-06-01,25.48,83.55,3.25
2010-06-02,27.05,76.85,12.93
2010-06-03,27.65,74.3,5.34
2010-06-04,25.95,84.1,22.33
2010-06-05,26.06,82.71,7.16
2010-06-06,27.16,77.87,6.69
2010-06-07,26.86,80.89,4.45
2010-06-08,27.57,78.12,3.24
2010-06-09,27.09,79.07,9.06
2010-06-10,25.53,83.51,6.38
2010-06-11,26.67,75.33,2.12
2010-06-12,28.18,73.17,2.31
2010-06-13,26.7,83.34,5.26
2010-06-14,26.98,80.97,2.82
2010-06-15,26.58,81.27,5.29
2010-06-16,26.83,77.89,5.38
2010-06-17,26.44,79.04,2.47
2010-06-18,27.32,76.82,6.23
2010-06-19,27.5,77.15,5.27
2010-06-20,27.24,80.28,4.36
2010-06-21,27.16,77.33,2.82
2010-06-22,27.86,74.78,2.46
2010-06-23,27.76,78.0,3.31
2010-06-24,26.11,86.13,5.99
2010-06-25,26.65,81.71,4.66
2010-06-26,26.08,81.97,3.95
2010-06-27,25.49,83.88,4.25
2010-06-28,25.65,82.3,2.12
2010-06-29,27.81,75.04,1.86
2010-06-30,28.25,75.22,2.51
2010-07-01,26.87,80.98,5.81
2010-07-02,26.39,74.93,0.27
2010-07-03,27.0,71.06,2.84
2010-07-04,26.83,74.96,2.33
2010-07-05,26.87,76.19,4.54
2010-07-06,26.35,78.72,2.6
2010-07-07,26.06,79.69,15.88
2010-07-08,26.14,77.22,5.35
2010-07-09,27.16,73.87,7.64
2010-07-10,25.36,85.15,11.43
2010-07-11,24.07,86.36,11.29
2010-07-12,25.16,82.99,12.97
2010-07-13,26.47,76.11,3.29
2010-07-14,26.0,81.86,6.54
2010-07-15,25.28,86.35,4.97
2010-07-16,25.3,86.44,14.41
2010-07-17,24.88,84.74,12.08
2010-07-18,25.75,81.74,9.25
2010-07-19,26.17,81.74,8.8
2010-07-20,25.43,87.18,3.53
2010-07-21,25.02,86.71,3.9
2010-07-22,24.93,84.1,4.59
2010-07-23,24.16,87.79,12.07
2010-07-24,24.17,83.85,0.89
2010-07-25,24.7,81.5,0.61
2010-07-26,26.42,80.36,2.76
2010-07-27,25.88,85.25,3.52
2010-07-28,25.41,83.03,5.36
2010-07-29,25.14,83.08,3.02
2010-07-30,25.22,82.31,3.77
2010-07-31,25.63,81.36,2.96
2010-08-01,26.16,79.58,3.26
2010-08-02,25.7,83.92,3.52
2010-08-03,26.7,79.61,2.87
2010-08-04,25.67,83.55,2.89
2010-08-05,26.16,80.87,2.68
2010-08-06,26.15,82.39,7.2
2010-08-07,25.71,86.13,9.38
2010-08-08,25.35,86.68,13.18
2010-08-09,23.97,89.17,8.18
2010-08-10,24.72,85.83,5.12
2010-08-11,25.01,88.03,11.89
2010-08-12,24.39,89.29,14.41
2010-08-13,25.15,85.57,7.13
2010-08-14,23.78,91.76,22.29
2010-08-15,25.78,83.67,6.5
2010-08-16,26.83,80.09,5.64
2010-08-17,25.45,87.44,10.87
2010-08-18,24.48,86.29,8.37
2010-08-19,25.18,83.56,3.19
2010-08-20,24.82,86.45,8.83
2010-08-21,24.42,88.79,8.35
2010-08-22,24.63,87.63,5.95
2010-08-23,24.14,88.83,7.53
2010-08-24,24.6,87.49,7.91
2010-08-25,25.87,79.29,4.74
2010-08-26,25.99,82.21,4.79
2010-08-27,26.34,82.77,7.07
2010-08-28,25.31,88.6,8.41
2010-08-29,25.82,84.4,7.37
2010-08-30,25.58,86.56,11.06
2010-08-31,24.42,89.66,14.12
2010-09-01,24.05,88.4,8.51
2010-09-02,25.3,85.14,8.47
2010-09-03,25.02,90.26,21.71
2010-09-04,24.71,90.75,7.15
2010-09-05,24.02,91.15,13.69
2010-09-06,24.0,91.31,6.97
2010-09-07,25.19,84.61,1.29
2010-09-08,24.91,87.28,17.65
2010-09-09,24.49,85.87,8.88
2010-09-10,24.97,87.03,4.29
2010-09-11,25.35,83.45,11.57
2010-09-12,25.69,83.0,7.46
2010-09-13,25.44,84.81,3.91
2010-09-14,24.79,90.15,6.68
2010-09-15,24.25,88.33,13.74
2010-09-16,25.82,77.54,5.16
2010-09-17,25.87,83.41,10.16
2010-09-18,24.99,90.39,29.14
2010-09-19,24.01,89.81,13.09
2010-09-20,24.22,89.35,8.03
2010-09-21,25.07,84.59,4.44
2010-09-22,26.11,80.94,5.29
2010-09-23,24.41,90.58,20.44
2010-09-24,25.29,86.06,2.62
2010-09-25,23.93,89.41,2.4
2010-09-26,25.29,84.06,7.52
2010-09-27,26.32,81.6,4.38
2010-09-28,25.28,87.21,4.51
2010-09-29,25.4,84.03,5.42
2010-09-30,25.97,83.7,1.69
2010-10-01,25.72,83.9,5.15
2010-10-02,26.21,78.3,1.67
2010-10-03,26.79,78.49,4.01
2010-10-04,26.08,82.12,5.95
2010-10-05,24.65,88.81,8.19
2010-10-06,25.17,87.57,5.55
2010-10-07,25.53,84.88,12.84
2010-10-08,24.54,90.35,5.26
2010-10-09,26.49,80.02,2.18
2010-10-10,26.2,81.31,0.74
2010-10-11,25.85,85.08,0.76
2010-10-12,25.74,83.4,3.29
2010-10-13,24.78,88.03,6.2
2010-10-14,25.34,86.62,3.52
2010-10-15,26.32,81.56,1.42
2010-10-16,26.53,80.55,1.34
2010-10-17,26.18,85.13,1.86
2010-10-18,25.55,88.46,4.05
2010-10-19,25.23,86.45,3.56
2010-10-20,25.58,83.53,7.27
2010-10-21,25.6,84.23,7.08
2010-10-22,25.66,82.92,4.88
2010-10-23,26.16,80.22,1.5
2010-10-24,26.51,80.97,3.02
2010-10-25,25.1,87.35,2.83
2010-10-26,24.58,87.67,4.59
2010-10-27,25.65,85.4,3.05
2010-10-28,26.14,82.06,4.07
2010-10-29,26.64,77.51,2.5
2010-10-30,26.19,80.56,2.66
2010-10-31,26.16,82.25,3.48
2010-11-01,26.05,83.29,3.77
2010-11-02,26.04,82.31,0.38
2010-11-03,26.4,80.18,0.28
2010-11-04,26.76,77.14,0.66
2010-11-05,26.54,77.02,0.52
2010-11-06,26.94,74.36,0.65
2010-11-07,26.28,76.36,1.53
2010-11-08,24.6,82.93,0.35
2010-11-09,25.84,76.24,0.21
2010-11-10,26.18,79.12,0.46
2010-11-11,27.3,76.33,0.63
2010-11-12,26.22,72.08,0.07
2010-11-13,25.82,65.05,0.3
2010-11-14,25.87,78.91,0.29
2010-11-15,25.8,81.36,0.17
2010-11-16,26.89,75.74,0.29
2010-11-17,26.81,73.06,0.05
2010-11-18,26.03,77.08,0.04
2010-11-19,25.6,80.22,0.02
2010-11-20,26.62,73.43,0.05
2010-11-21,25.31,78.61,0.07
2010-11-22,25.62,80.28,0.1
2010-11-23,24.93,82.68,0.06
2010-11-24,25.34,72.59,0.02
2010-11-25,24.73,65.85,0.0
2010-11-26,25.33,59.31,0.01
2010-11-27,26.1,63.63,0.01
2010-11-28,26.58,69.41,0.02
2010-11-29,26.17,76.39,0.01
2010-11-30,24.78,61.25,0.0
2010-12-01,23.8,52.36,0.0
2010-12-02,24.6,47.77,0.0
2010-12-03,25.08,56.75,0.0
2010-12-04,25.35,58.61,0.0
2010-12-05,25.79,59.91,0.0
2010-12-06,24.8,60.69,0.0
2010-12-07,24.76,61.38,0.0
2010-12-08,24.22,63.25,0.12
2010-12-09,22.02,58.88,0.03
2010-12-10,20.98,56.57,0.0
2010-12-11,21.4,49.8,0.0
2010-12-12,22.06,43.67,0.0
2010-12-13,22.66,51.57,0.0
2010-12-14,23.03,61.7,0.0
2010-12-15,23.49,58.72,0.0
2010-12-16,23.36,54.95,0.0
2010-12-17,24.18,54.37,0.0
2010-12-18,24.35,61.37,0.0
2010-12-19,25.1,67.15,0.01
2010-12-20,24.97,61.67,0.01
2010-12-21,23.7,56.01,0.0
2010-12-22,24.22,49.74,0.0
2010-12-23,24.09,56.4,0.12
2010-12-24,24.28,60.37,0.08
2010-12-25,23.88,56.62,0.08
2010-12-26,25.84,50.9,0.13
2010-12-27,25.49,50.96,0.07
2010-12-28,22.59,53.49,0.0
2010-12-29,22.83,50.77,0.0
2010-12-30,22.84,50.08,0.0
2010-12-31,21.37,49.41,0.0
2011-01-01,20.48,51.1,0.0
2011-01-02,20.99,50.2,0.0
2011-01-03,22.38,50.65,0.0
2011-01-04,22.71,50.95,0.0
2011-01-05,23.65,49.42,0.0
2011-01-06,23.95,50.77,0.0
2011-01-07,23.64,52.91,0.0
2011-01-08,22.58,47.75,0.0
2011-01-09,21.66,49.77,0.0
2011-01-10,21.63,53.25,0.0
2011-01-11,21.5,51.46,0.0
2011-01-12,21.37,48.9,0.0
2011-01-13,21.68,44.67,0.0
2011-01-14,22.45,46.66,0.0
2011-01-15,22.25,46.53,0.0
2011-01-16,21.66,44.51,0.0
2011-01-17,20.78,43.91,0.0
2011-01-18,20.4,45.17,0.0
2011-01-19,20.78,44.99,0.0
2011-01-20,23.17,43.45,0.0
2011-01-21,23.83,50.52,0.0
2011-01-22,24.43,46.51,0.0
2011-01-23,24.84,48.12,0.0
2011-01-24,25.5,49.5,0.0
2011-01-25,26.65,52.7,0.0
2011-01-26,27.54,61.66,0.22
2011-01-27,28.09,61.89,0.15
2011-01-28,26.73,51.55,0.05
2011-01-29,26.27,45.09,0.0
2011-01-30,27.02,55.89,0.23
2011-01-31,28.33,61.37,1.07
2011-02-01,28.16,63.65,1.26
2011-02-02,28.16,64.66,1.19
2011-02-03,28.47,62.1,0.66
2011-02-04,25.2,46.63,0.0
2011-02-05,24.38,32.63,0.0
2011-02-06,24.33,33.24,0.0
2011-02-07,26.02,31.11,0.0
2011-02-08,26.33,36.32,0.0
2011-02-09,26.6,39.61,0.0
2011-02-10,26.54,42.79,0.0
2011-02-11,27.64,63.9,0.07
2011-02-12,29.43,55.37,0.83
2011-02-13,27.64,60.91,0.88
2011-02-14,26.53,42.44,0.0
2011-02-15,26.92,42.15,0.0
2011-02-16,27.68,42.74,0.0
2011-02-17,28.52,41.65,0.0
2011-02-18,27.83,37.11,0.0
2011-02-19,27.78,39.08,0.0
2011-02-20,29.32,33.76,0.0
2011-02-21,29.06,45.32,0.21
2011-02-22,30.04,47.91,0.72
2011-02-23,28.21,57.74,0.7
2011-02-24,28.88,58.5,0.3
2011-02-25,29.97,51.68,1.32
2011-02-26,26.73,69.87,1.71
2011-02-27,27.37,60.8,1.02
2011-02-28,27.82,60.5,1.8
2011-03-01,29.62,55.22,0.75
2011-03-02,29.95,44.63,0.3
2011-03-03,29.12,57.11,2.68
2011-03-04,29.65,55.43,2.19
2011-03-05,29.36,61.68,3.71
2011-03-06,28.74,66.51,2.25
2011-03-07,29.61,62.31,1.76
2011-03-08,30.1,60.16,1.27
2011-03-09,29.89,63.0,1.18
2011-03-10,29.46,65.0,1.45
2011-03-11,30.21,60.51,1.46
2011-03-12,30.86,59.48,4.57
2011-03-13,29.52,65.92,2.76
2011-03-14,28.73,67.65,2.71
2011-03-15,29.3,66.22,1.42
2011-03-16,30.59,58.98,3.49
2011-03-17,30.13,59.59,3.65
2011-03-18,29.26,64.9,2.09
2011-03-19,29.48,64.28,1.6
2011-03-20,28.21,69.95,1.88
2011-03-21,27.55,73.87,3.43
2011-03-22,28.64,66.1,0.46
2011-03-23,28.79,66.02,1.52
2011-03-24,29.94,61.47,0.7
2011-03-25,29.82,61.15,0.94
2011-03-26,29.27,63.41,0.83
2011-03-27,29.82,60.98,0.28
2011-03-28,29.88,61.3,0.22
2011-03-29,30.76,55.13,0.18
2011-03-30,30.5,54.98,0.18
2011-03-31,29.78,58.77,0.11
2011-04-01,30.13,55.51,2.33
2011-04-02,28.03,63.29,0.9
2011-04-03,29.07,59.3,1.86
2011-04-04,28.41,60.1,3.23
2011-04-05,27.0,70.1,1.62
2011-04-06,29.34,56.5,0.56
2011-04-07,30.03,39.35,0.0
2011-04-08,29.72,34.27,0.01
2011-04-09,31.35,50.13,0.12
2011-04-10,30.7,54.65,1.16
2011-04-11,30.69,52.17,0.66
2011-04-12,30.4,50.48,1.24
2011-04-13,30.53,44.51,0.11
2011-04-14,32.07,36.41,0.59
2011-04-15,32.31,44.33,1.44
2011-04-16,31.46,53.27,1.02
2011-04-17,31.32,54.1,1.72
2011-04-18,30.55,60.49,1.84
2011-04-19,29.68,65.88,2.38
2011-04-20,29.06,66.96,1.04
2011-04-21,29.54,65.17,1.88
2011-04-22,28.83,70.35,1.72
2011-04-23,29.53,67.44,4.45
2011-04-24,27.65,73.88,1.15
2011-04-25,29.22,65.0,6.34
2011-04-26,29.33,63.45,0.72
2011-04-27,31.23,55.26,0.98
2011-04-28,30.1,61.54,1.53
2011-04-29,28.85,68.22,1.18
2011-04-30,27.99,69.64,0.7
2011-05-01,28.88,64.68,0.38
2011-05-02,30.19,61.62,1.18
2011-05-03,29.08,65.97,0.86
2011-05-04,31.38,55.7,0.29
2011-05-05,32.23,52.56,0.58
2011-05-06,30.23,62.17,3.03
2011-05-07,29.69,62.75,2.86
2011-05-08,28.9,70.77,3.92
2011-05-09,29.87,64.49,2.23
2011-05-10,29.15,65.57,3.83
2011-05-11,30.41,60.98,1.6
2011-05-12,28.81,67.04,5.11
2011-05-13,28.47,70.1,7.49
2011-05-14,27.75,74.51,5.84
2011-05-15,28.69,70.01,3.56
2011-05-16,29.33,70.03,5.38
2011-05-17,29.35,72.29,6.28
2011-05-18,28.79,74.42,2.01
2011-05-19,27.68,78.46,1.14
2011-05-20,28.82,70.42,1.94
2011-05-21,28.75,72.22,2.49
2011-05-22,27.01,77.83,3.16
2011-05-23,27.85,70.65,0.06
2011-05-24,28.55,68.27,2.85
2011-05-25,28.68,68.31,2.58
2011-05-26,28.57,70.59,3.66
2011-05-27,27.48,76.94,2.63
2011-05-28,27.5,73.71,4.07
2011-05-29,26.85,76.83,1.87
2011-05-30,27.94,71.37,1.84
2011-05-31,28.0,71.24,1.16
2011-06-01,28.31,70.88,1.03
2011-06-02,29.03,68.97,1.2
2011-06-03,28.5,71.93,1.91
2011-06-04,27.86,73.53,1.45
2011-06-05,27.17,74.09,2.0
2011-06-06,28.7,66.34,2.27
2011-06-07,28.83,70.36,3.9
2011-06-08,26.42,80.08,1.41
2011-06-09,26.64,75.17,0.83
2011-06-10,28.03,68.98,4.66
2011-06-11,27.79,74.08,11.27
2011-06-12,27.01,76.96,2.17
2011-06-13,27.65,71.25,1.31
2011-06-14,28.71,67.61,4.58
2011-06-15,28.78,70.82,6.89
2011-06-16,26.89,79.7,3.08
2011-06-17,26.25,82.81,7.78
2011-06-18,26.49,77.77,1.41
2011-06-19,26.94,75.22,6.22
2011-06-20,26.86,76.97,2.49
2011-06-21,26.66,79.69,2.95
2011-06-22,27.47,77.07,4.74
2011-06-23,27.84,74.62,3.15
2011-06-24,25.72,84.41,3.0
2011-06-25,25.86,77.34,1.81
2011-06-26,27.39,71.32,3.83
2011-06-27,26.82,74.37,1.94
2011-06-28,27.1,71.62,2.49
2011-06-29,26.74,77.18,7.09
2011-06-30,26.22,79.19,2.78
2011-07-01,25.96,78.84,2.37
2011-07-02,27.01,75.03,6.86
2011-07-03,26.62,79.75,9.77
2011-07-04,25.75,81.12,4.52
2011-07-05,26.64,76.94,5.54
2011-07-06,26.68,77.74,6.14
2011-07-07,27.28,74.18,3.88
2011-07-08,26.22,80.07,5.05
2011-07-09,26.43,79.8,13.31
2011-07-10,25.27,86.03,14.18
2011-07-11,24.59,85.72,14.09
2011-07-12,25.03,80.35,3.9
2011-07-13,25.63,81.65,3.04
2011-07-14,25.32,84.59,5.06
2011-07-15,25.19,84.74,9.06
2011-07-16,25.43,81.5,11.16
2011-07-17,25.49,84.07,10.39
2011-07-18,23.71,88.78,6.4
2011-07-19,25.8,78.88,3.26
2011-07-20,26.43,79.63,3.94
2011-07-21,25.03,85.72,3.88
2011-07-22,25.85,80.65,1.8
2011-07-23,25.93,81.88,3.96
2011-07-24,25.84,80.69,4.11
2011-07-25,25.53,82.07,5.26
2011-07-26,24.5,86.35,5.05
2011-07-27,24.48,83.54,6.73
2011-07-28,26.56,76.6,3.65
2011-07-29,27.16,75.82,3.25
2011-07-30,24.92,85.13,6.89
2011-07-31,25.28,82.87,3.99
2011-08-01,25.82,83.38,3.0
2011-08-02,26.16,81.26,3.09
2011-08-03,26.16,82.87,2.43
2011-08-04,25.28,85.25,7.17
2011-08-05,26.09,80.4,4.24
2011-08-06,25.33,84.53,9.48
2011-08-07,25.74,81.09,3.33
2011-08-08,25.73,82.6,18.47
2011-08-09,25.49,84.89,7.46
2011-08-10,26.12,80.86,4.18
2011-08-11,26.41,78.0,2.27
2011-08-12,26.26,78.68,2.5
2011-08-13,25.48,81.32,6.37
2011-08-14,24.48,84.22,4.29
2011-08-15,24.92,85.54,10.91
2011-08-16,25.3,84.63,5.27
2011-08-17,25.06,84.0,3.65
2011-08-18,24.8,84.9,5.0
2011-08-19,23.49,89.8,14.61
2011-08-20,24.87,83.73,10.95
2011-08-21,25.86,80.91,3.57
2011-08-22,25.18,85.09,14.9
2011-08-23,24.24,86.46,8.32
2011-08-24,25.56,77.9,1.7
2011-08-25,25.67,81.54,10.6
2011-08-26,25.63,83.55,11.46
2011-08-27,24.29,89.72,10.26
2011-08-28,24.5,87.22,13.18
2011-08-29,23.84,89.51,5.36
2011-08-30,25.6,82.47,3.75
2011-08-31,25.43,85.3,7.33
2011-09-01,24.81,86.57,7.3
2011-09-02,26.39,77.7,3.91
2011-09-03,26.42,78.92,2.52
2011-09-04,25.82,82.09,1.86
2011-09-05,25.82,80.32,2.24
2011-09-06,26.12,80.17,1.86
2011-09-07,26.84,78.69,1.97
2011-09-08,26.79,76.99,5.42
2011-09-09,26.43,77.55,6.04
2011-09-10,25.51,83.36,10.64
2011-09-11,26.64,80.44,6.24
2011-09-12,27.01,78.12,6.43
2011-09-13,25.98,83.15,5.16
2011-09-14,24.62,88.46,5.99
2011-09-15,25.48,78.49,4.67
2011-09-16,25.81,79.34,7.37
2011-09-17,25.03,86.8,12.5
2011-09-18,24.84,87.24,6.51
2011-09-19,24.84,86.02,6.07
2011-09-20,26.08,80.94,1.37
2011-09-21,25.26,86.69,3.29
2011-09-22,24.35,88.0,6.83
2011-09-23,25.96,80.14,8.44
2011-09-24,25.95,82.38,3.17
2011-09-25,26.13,82.51,4.42
2011-09-26,26.59,79.9,3.72
2011-09-27,25.38,84.84,5.06
2011-09-28,25.31,82.78,3.98
2011-09-29,24.63,83.48,5.94
2011-09-30,25.59,79.47,0.83
2011-10-01,25.66,81.6,4.14
2011-10-02,25.97,82.58,1.17
2011-10-03,26.28,80.42,1.58
2011-10-04,26.99,79.93,1.08
2011-10-05,27.29,78.61,2.29
2011-10-06,26.9,80.5,2.34
2011-10-07,26.63,81.45,2.86
2011-10-08,25.96,85.72,7.06
2011-10-09,26.02,84.3,5.07
2011-10-10,25.72,85.18,7.73
2011-10-11,25.59,84.12,1.74
2011-10-12,24.81,88.2,4.01
2011-10-13,24.6,86.86,2.1
2011-10-14,24.32,86.91,2.48
2011-10-15,24.37,88.27,2.65
2011-10-16,25.44,84.85,2.43
2011-10-17,26.19,79.31,0.55
2011-10-18,26.38,77.94,3.22
2011-10-19,26.63,79.37,2.63
2011-10-20,26.58,80.13,2.93
2011-10-21,26.7,80.15,2.07
2011-10-22,26.21,82.75,4.72
2011-10-23,25.59,84.45,0.69
2011-10-24,25.84,82.34,0.71
2011-10-25,25.29,84.05,0.18
2011-10-26,25.0,82.37,0.69
2011-10-27,25.53,79.2,0.63
2011-10-28,26.03,75.42,0.04
2011-10-29,25.9,73.7,0.02
2011-10-30,26.42,71.34,0.07
2011-10-31,26.75,70.99,0.05
2011-11-01,26.87,72.19,0.06
2011-11-02,26.88,71.65,0.2
2011-11-03,26.49,69.94,0.17
2011-11-04,26.81,65.76,0.24
2011-11-05,26.96,65.26,0.05
2011-11-06,26.86,68.99,0.23
2011-11-07,26.94,67.96,0.11
2011-11-08,27.1,64.28,0.06
2011-11-09,27.02,63.8,0.12
2011-11-10,27.51,65.33,0.14
2011-11-11,27.96,62.12,0.19
2011-11-12,27.49,61.77,0.0
2011-11-13,27.26,59.37,0.0
2011-11-14,26.51,55.37,0.0
2011-11-15,26.77,54.62,0.0
2011-11-16,26.39,58.41,0.0
2011-11-17,25.56,50.54,0.0
2011-11-18,26.29,52.24,0.0
2011-11-19,27.02,62.97,0.08
2011-11-20,27.37,65.01,0.07
2011-11-21,28.03,64.37,0.09
2011-11-22,27.64,65.89,0.17
2011-11-23,27.3,63.34,0.08
2011-11-24,27.24,61.62,0.07
2011-11-25,27.35,64.22,0.24
2011-11-26,26.57,58.08,0.19
2011-11-27,26.09,58.99,0.0
2011-11-28,26.22,55.17,0.0
2011-11-29,25.43,48.99,0.0
2011-11-30,23.58,45.78,0.0
2011-12-01,23.02,41.0,0.0
2011-12-02,23.11,43.02,0.0
2011-12-03,23.58,40.86,0.0
2011-12-04,23.3,41.05,0.0
2011-12-05,24.33,42.66,0.0
2011-12-06,24.44,48.39,0.0
2011-12-07,24.23,44.99,0.0
2011-12-08,23.73,41.8,0.0
2011-12-09,23.0,40.47,0.0
2011-12-10,22.14,38.29,0.0
2011-12-11,21.86,40.2,0.0
2011-12-12,21.23,43.88,0.0
2011-12-13,21.68,41.35,0.0
2011-12-14,22.0,38.69,0.0
2011-12-15,22.71,38.89,0.0
2011-12-16,22.52,36.41,0.0
2011-12-17,23.08,37.25,0.0
2011-12-18,23.23,40.68,0.0
2011-12-19,23.97,39.58,0.0
2011-12-20,24.78,40.37,0.0
2011-12-21,24.85,37.54,0.0
2011-12-22,23.76,33.1,0.0
2011-12-23,24.33,35.55,0.0
2011-12-24,24.1,32.83,0.0
2011-12-25,24.32,31.57,0.0
2011-12-26,24.6,33.6,0.0
2011-12-27,25.13,32.77,0.0
2011-12-28,24.92,32.03,0.0
2011-12-29,24.61,28.13,0.0
2011-12-30,21.26,27.55,0.0
2011-12-31,23.09,27.96,0.0
2012-01-01,24.38,29.46,0.0
2012-01-02,24.95,30.96,0.0
2012-01-03,24.32,30.48,0.0
2012-01-04,24.45,27.71,0.0
2012-01-05,24.37,28.27,0.0
2012-01-06,24.12,30.08,0.0
2012-01-07,24.13,24.71,0.0
2012-01-08,24.37,21.47,0.0
2012-01-09,24.64,23.87,0.0
2012-01-10,24.74,22.15,0.0
2012-01-11,24.84,18.93,0.0
2012-01-12,24.65,18.44,0.0
2012-01-13,23.47,18.85,0.0
2012-01-14,22.58,22.15,0.0
2012-01-15,22.66,24.37,0.0
2012-01-16,23.48,22.21,0.0
2012-01-17,24.68,20.34,0.0
2012-01-18,25.72,21.13,0.0
2012-01-19,26.31,23.18,0.0
2012-01-20,27.96,28.52,0.0
2012-01-21,25.58,27.58,0.0
2012-01-22,25.96,27.94,0.0
2012-01-23,26.12,28.02,0.0
2012-01-24,26.47,27.83,0.0
2012-01-25,27.01,28.72,0.0
2012-01-26,27.55,28.47,0.0
2012-01-27,27.05,27.13,0.0
2012-01-28,27.94,25.86,0.0
2012-01-29,28.55,25.06,0.0
2012-01-30,28.34,24.02,0.0
2012-01-31,28.12,24.33,0.0
2012-02-01,28.07,25.09,0.0
2012-02-02,28.06,24.22,0.0
2012-02-03,27.0,24.5,0.0
2012-02-04,28.14,21.61,0.0
2012-02-05,28.65,20.02,0.21
2012-02-06,26.34,16.52,0.0
2012-02-07,24.75,13.13,0.0
2012-02-08,25.32,13.84,0.0
2012-02-09,26.65,21.19,0.0
2012-02-10,27.92,20.25,0.0
2012-02-11,28.73,18.25,0.0
2012-02-12,28.61,16.98,0.0
2012-02-13,27.81,17.29,0.0
2012-02-14,28.66,16.98,0.0
2012-02-15,28.92,18.34,0.0
2012-02-16,29.72,18.1,0.0
2012-02-17,29.75,26.86,0.02
2012-02-18,31.59,34.89,0.06
2012-02-19,32.03,42.03,0.12
2012-02-20,28.69,57.87,3.55
2012-02-21,27.78,65.56,2.13
2012-02-22,28.47,55.06,0.38
2012-02-23,28.15,57.1,1.49
2012-02-24,29.36,45.78,0.01
2012-02-25,29.29,33.29,0.0
2012-02-26,30.23,37.56,0.13
2012-02-27,30.94,46.19,0.22
2012-02-28,31.2,46.23,0.28
2012-02-29,31.21,47.38,0.15
2012-03-01,31.84,44.59,0.16
2012-03-02,31.29,45.81,0.92
2012-03-03,31.32,44.77,0.04
2012-03-04,32.11,35.45,1.75
2012-03-05,30.44,52.78,0.95
2012-03-06,30.56,50.21,1.03
2012-03-07,31.22,46.1,0.62
2012-03-08,32.0,42.52,0.81
2012-03-09,30.62,52.25,2.13
2012-03-10,28.27,28.34,0.0
2012-03-11,27.35,18.48,0.0
2012-03-12,27.68,17.1,0.0
2012-03-13,28.17,15.32,0.0
2012-03-14,29.97,14.88,0.0
2012-03-15,30.16,19.23,0.0
2012-03-16,30.97,18.12,0.0
2012-03-17,31.55,22.96,0.04
2012-03-18,30.29,22.64,0.06
2012-03-19,30.3,33.59,0.02
2012-03-20,30.26,39.86,0.05
2012-03-21,30.44,20.85,0.04
2012-03-22,30.39,24.12,0.51
2012-03-23,30.85,29.0,0.51
2012-03-24,30.98,40.28,0.75
2012-03-25,32.55,42.0,0.71
2012-03-26,31.59,46.09,0.46
2012-03-27,32.76,37.31,0.44
2012-03-28,33.13,34.95,0.51
2012-03-29,33.15,40.7,0.93
2012-03-30,32.42,45.66,0.5
2012-03-31,31.05,52.15,0.68
2012-04-01,30.47,54.02,2.81
2012-04-02,29.05,64.27,4.07
2012-04-03,28.6,65.44,2.71
2012-04-04,28.39,63.88,0.98
2012-04-05,27.34,69.81,7.14
2012-04-06,30.63,53.43,0.39
2012-04-07,30.06,57.2,6.01
2012-04-08,28.71,70.47,6.57
2012-04-09,27.84,73.82,5.98
2012-04-10,28.87,66.86,1.09
2012-04-11,29.18,66.98,7.6
2012-04-12,28.41,71.43,4.26
2012-04-13,27.29,74.53,2.34
2012-04-14,28.87,57.18,0.44
2012-04-15,29.58,48.25,0.01
2012-04-16,28.73,57.14,1.8
2012-04-17,28.73,65.09,0.78
2012-04-18,28.99,63.61,2.07
2012-04-19,28.24,67.14,2.83
2012-04-20,27.94,62.37,2.67
2012-04-21,29.84,57.26,1.13
2012-04-22,30.97,53.75,1.78
2012-04-23,29.34,65.98,3.1
2012-04-24,30.25,60.48,0.99
2012-04-25,29.44,64.0,4.07
2012-04-26,28.54,67.69,1.15
2012-04-27,30.51,55.01,2.27
2012-04-28,31.24,55.75,3.21
2012-04-29,31.15,59.67,2.49
2012-04-30,30.7,62.75,3.78
2012-05-01,29.83,64.24,4.17
2012-05-02,28.84,69.12,5.47
2012-05-03,29.22,69.9,6.34
2012-05-04,27.56,76.43,6.94
2012-05-05,28.59,71.56,2.85
2012-05-06,28.96,71.62,2.04
2012-05-07,28.53,72.96,1.05
2012-05-08,29.75,65.44,1.6
2012-05-09,27.45,72.55,0.76
2012-05-10,28.26,67.19,0.67
2012-05-11,28.93,64.4,3.72
2012-05-12,28.41,67.54,3.48
2012-05-13,28.35,68.05,8.16
2012-05-14,27.54,71.38,9.37
2012-05-15,26.45,76.51,17.76
2012-05-16,25.97,79.47,3.65
2012-05-17,28.17,70.29,1.96
2012-05-18,28.95,68.79,1.42
2012-05-19,28.17,74.05,2.24
2012-05-20,27.22,77.84,3.14
2012-05-21,27.49,69.59,2.45
2012-05-22,28.2,70.45,1.96
2012-05-23,28.87,65.16,1.74
2012-05-24,28.39,68.02,1.8
2012-05-25,27.34,71.91,1.49
2012-05-26,27.53,72.38,4.28
2012-05-27,27.45,74.11,3.25
2012-05-28,27.8,73.72,9.53
2012-05-29,27.31,76.78,7.79
2012-05-30,27.01,77.52,12.09
2012-05-31,26.22,80.55,4.49
2012-06-01,26.4,78.17,1.32
2012-06-02,26.52,79.58,3.6
2012-06-03,26.34,80.76,1.11
2012-06-04,27.42,72.79,1.35
2012-06-05,27.74,74.05,5.83
2012-06-06,26.82,79.13,3.35
2012-06-07,27.16,75.39,2.42
2012-06-08,26.45,78.18,2.19
2012-06-09,27.67,70.83,1.16
2012-06-10,28.65,69.05,2.11
2012-06-11,27.46,78.97,6.12
2012-06-12,26.27,80.98,2.4
2012-06-13,26.88,74.6,5.69
2012-06-14,27.47,70.44,4.43
2012-06-15,27.45,74.5,7.91
2012-06-16,26.72,79.63,5.57
2012-06-17,25.91,80.63,6.59
2012-06-18,25.99,79.4,4.52
2012-06-19,26.56,76.51,4.56
2012-06-20,26.96,74.11,6.46
2012-06-21,26.1,77.23,1.69
2012-06-22,26.03,76.89,4.32
2012-06-23,25.49,80.89,7.34
2012-06-24,25.46,83.22,22.34
2012-06-25,24.51,87.13,7.22
2012-06-26,25.07,80.95,4.78
2012-06-27,25.54,81.55,10.08
2012-06-28,24.0,90.41,10.66
2012-06-29,24.84,84.53,5.22
2012-06-30,25.56,80.65,4.32
2012-07-01,25.72,81.31,4.16
2012-07-02,26.25,79.58,7.5
2012-07-03,25.22,82.48,7.96
2012-07-04,24.07,88.17,13.13
2012-07-05,23.7,87.9,8.74
2012-07-06,24.9,82.5,4.65
2012-07-07,23.64,88.2,3.99
2012-07-08,25.64,79.64,5.04
2012-07-09,25.96,81.11,3.34
2012-07-10,26.5,79.24,9.85
2012-07-11,25.25,85.09,7.23
2012-07-12,24.51,88.45,8.42
2012-07-13,26.17,79.65,8.19
2012-07-14,26.07,82.49,13.09
2012-07-15,24.51,87.98,4.81
2012-07-16,24.08,84.12,3.82
2012-07-17,25.27,81.55,0.63
2012-07-18,26.4,79.11,2.83
2012-07-19,24.99,87.13,9.48
2012-07-20,24.77,85.45,8.52
2012-07-21,25.45,80.77,8.58
2012-07-22,24.63,88.15,19.38
2012-07-23,25.59,84.57,5.21
2012-07-24,24.44,87.89,9.76
2012-07-25,25.17,86.08,5.25
2012-07-26,24.77,86.61,7.13
2012-07-27,24.71,85.76,8.0
2012-07-28,24.8,85.54,3.81
2012-07-29,25.53,81.53,2.63
2012-07-30,25.69,82.15,2.99
2012-07-31,25.29,86.68,6.58
2012-08-01,24.63,88.9,7.73
2012-08-02,25.69,80.4,5.5
2012-08-03,26.41,78.43,3.14
2012-08-04,24.66,86.43,19.83
2012-08-05,25.16,81.24,7.08
2012-08-06,25.17,85.61,4.12
2012-08-07,24.34,89.98,5.56
2012-08-08,24.87,84.67,3.71
2012-08-09,25.5,81.8,2.28
2012-08-10,24.98,84.42,3.23
2012-08-11,25.84,80.37,2.62
2012-08-12,24.77,85.06,6.2
2012-08-13,25.12,82.11,1.57
2012-08-14,25.07,86.11,8.16
2012-08-15,24.25,88.99,16.48
2012-08-16,24.71,81.02,3.13
2012-08-17,25.45,81.14,3.99
2012-08-18,26.2,83.29,9.03
2012-08-19,25.18,83.41,2.53
2012-08-20,24.71,83.89,3.86
2012-08-21,25.31,82.6,1.35
2012-08-22,25.27,80.99,3.74
2012-08-23,25.05,82.52,3.82
2012-08-24,24.31,87.06,7.92
2012-08-25,24.31,88.15,10.77
2012-08-26,25.66,75.57,1.76
2012-08-27,26.1,80.74,1.67
2012-08-28,25.9,83.54,3.35
2012-08-29,25.26,85.65,3.83
2012-08-30,25.19,83.11,5.93
2012-08-31,24.76,84.15,17.12
2012-09-01,24.79,85.99,9.69
2012-09-02,24.26,88.1,9.67
2012-09-03,25.09,81.98,7.41
2012-09-04,24.8,87.68,5.58
2012-09-05,24.43,89.9,8.42
2012-09-06,24.03,87.48,6.17
2012-09-07,26.04,77.45,1.73
2012-09-08,25.34,82.89,6.68
2012-09-09,25.5,83.05,1.98
2012-09-10,25.4,81.02,4.19
2012-09-11,25.94,76.92,5.52
2012-09-12,25.25,83.24,14.4
2012-09-13,25.05,85.68,5.19
2012-09-14,25.26,83.13,2.27
2012-09-15,25.87,82.48,3.42
2012-09-16,24.82,88.62,3.57
2012-09-17,23.76,88.62,4.86
2012-09-18,24.47,84.95,18.82
2012-09-19,25.08,83.98,9.89
2012-09-20,24.78,85.84,14.98
2012-09-21,23.96,92.14,12.1
2012-09-22,24.75,88.57,12.83
2012-09-23,24.29,89.89,1.19
2012-09-24,26.14,80.35,2.53
2012-09-25,26.68,78.52,1.79
2012-09-26,25.74,84.19,1.71
2012-09-27,24.68,89.01,3.28
2012-09-28,24.71,85.32,3.27
2012-09-29,26.04,80.69,2.58
2012-09-30,25.52,84.97,3.32
2012-10-01,25.34,84.23,6.03
2012-10-02,25.15,85.54,4.8
2012-10-03,25.75,82.24,9.88
2012-10-04,26.45,77.03,1.16
2012-10-05,26.87,75.43,5.28
2012-10-06,26.52,80.79,9.81
2012-10-07,25.28,86.28,6.39
2012-10-08,25.43,83.06,4.42
2012-10-09,24.43,89.51,3.16
2012-10-10,25.68,81.89,0.88
2012-10-11,26.81,79.51,1.53
2012-10-12,26.19,82.75,0.86
2012-10-13,26.39,80.49,2.3
2012-10-14,26.45,80.48,1.63
2012-10-15,26.26,82.56,3.15
2012-10-16,26.08,83.69,4.12
2012-10-17,25.12,88.45,8.19
2012-10-18,26.47,78.72,3.55
2012-10-19,27.09,76.09,3.79
2012-10-20,26.23,81.84,1.59
2012-10-21,26.0,83.54,3.1
2012-10-22,25.91,84.46,3.14
2012-10-23,25.96,82.2,2.03
2012-10-24,25.92,81.61,5.25
2012-10-25,25.81,81.17,7.07
2012-10-26,26.01,82.86,10.15
2012-10-27,25.19,87.18,13.9
2012-10-28,26.0,82.8,5.3
2012-10-29,24.58,82.31,1.83
2012-10-30,26.16,78.33,3.49
2012-10-31,26.11,78.24,2.83
2012-11-01,26.24,79.0,1.19
2012-11-02,26.89,72.14,3.14
2012-11-03,26.5,75.32,3.28
2012-11-04,26.25,78.7,1.35
2012-11-05,26.74,76.79,1.67
2012-11-06,26.39,78.64,1.9
2012-11-07,26.68,75.12,1.62
2012-11-08,26.71,75.04,1.46
2012-11-09,26.49,76.38,1.2
2012-11-10,26.04,76.1,0.71
2012-11-11,26.13,73.97,0.87
2012-11-12,26.47,68.66,0.07
2012-11-13,27.03,70.97,0.29
2012-11-14,27.0,75.8,0.18
2012-11-15,27.13,76.86,0.18
2012-11-16,27.22,73.01,0.12
2012-11-17,26.94,65.6,0.14
2012-11-18,27.34,60.99,0.16
2012-11-19,27.48,66.37,0.13
2012-11-20,27.48,62.48,0.24
2012-11-21,26.72,65.13,0.23
2012-11-22,27.39,69.01,4.4
2012-11-23,27.39,68.5,2.86
2012-11-24,27.69,66.32,2.64
2012-11-25,26.82,69.21,2.87
2012-11-26,25.99,74.46,4.97
2012-11-27,25.25,72.94,0.08
2012-11-28,25.69,69.79,0.0
2012-11-29,26.84,65.68,0.57
2012-11-30,27.1,68.92,0.42
2012-12-01,27.25,71.0,0.32
2012-12-02,26.69,74.95,0.56
2012-12-03,26.98,68.44,0.12
2012-12-04,25.41,63.96,0.0
2012-12-05,24.17,57.88,0.0
2012-12-06,23.5,57.29,0.0
2012-12-07,23.75,56.08,0.0
2012-12-08,24.48,56.38,0.0
2012-12-09,26.4,60.9,0.0
2012-12-10,27.59,60.38,0.0
2012-12-11,27.43,53.16,0.0
2012-12-12,27.18,67.83,1.31
2012-12-13,26.73,72.55,0.75
2012-12-14,25.53,59.92,0.27
2012-12-15,24.05,55.83,0.0
2012-12-16,23.47,54.48,0.0
2012-12-17,23.39,56.92,0.0
2012-12-18,22.64,49.81,0.0
2012-12-19,21.53,50.74,0.0
2012-12-20,21.7,50.51,0.0
2012-12-21,22.31,49.47,0.0
2012-12-22,23.41,53.21,0.0
2012-12-23,22.84,48.11,0.0
2012-12-24,22.86,51.53,0.0
2012-12-25,23.59,51.4,0.0
2012-12-26,23.47,49.73,0.0
2012-12-27,22.88,46.83,0.0
2012-12-28,22.61,45.85,0.0
2012-12-29,22.71,42.27,0.0
2012-12-30,21.69,43.05,0.0
2012-12-31,20.98,40.85,0.0
2013-01-01,20.83,40.02,0.0
2013-01-02,22.17,40.2,0.0
2013-01-03,22.61,42.83,0.0
2013-01-04,21.13,40.67,0.0
2013-01-05,21.51,35.31,0.0
2013-01-06,21.85,35.61,0.0
2013-01-07,23.09,37.83,0.0
2013-01-08,23.7,44.09,0.0
2013-01-09,23.87,41.26,0.0
2013-01-10,23.56,43.43,0.0
2013-01-11,23.56,40.23,0.0
2013-01-12,22.96,38.63,0.0
2013-01-13,23.49,35.73,0.0
2013-01-14,23.96,36.02,0.0
2013-01-15,24.76,37.13,0.0
2013-01-16,24.7,32.07,0.0
2013-01-17,24.83,33.97,0.0
2013-01-18,25.4,35.17,0.0
2013-01-19,27.11,34.85,0.0
2013-01-20,26.4,37.88,0.0
2013-01-21,26.76,35.24,0.0
2013-01-22,28.14,34.44,0.0
2013-01-23,28.28,45.83,0.01
2013-01-24,27.62,42.22,0.02
2013-01-25,28.33,32.62,0.0
2013-01-26,26.44,35.64,0.0
2013-01-27,26.5,28.22,0.0
2013-01-28,26.25,34.33,0.0
2013-01-29,26.55,37.35,0.0
2013-01-30,26.93,32.45,0.0
2013-01-31,25.43,28.89,0.0
2013-02-01,23.49,25.81,0.0
2013-02-02,22.96,25.48,0.0
2013-02-03,23.82,25.85,0.0
2013-02-04,24.94,23.28,0.0
2013-02-05,26.22,25.16,0.0
2013-02-06,26.08,28.17,0.0
2013-02-07,26.89,27.39,0.0
2013-02-08,27.1,25.57,0.0
2013-02-09,28.82,28.28,0.0
2013-02-10,28.1,26.04,0.0
2013-02-11,28.54,28.86,0.0
2013-02-12,29.14,21.23,0.0
2013-02-13,28.24,26.4,0.0
2013-02-14,27.37,18.42,0.0
2013-02-15,27.69,16.52,0.0
2013-02-16,28.42,17.15,0.0
2013-02-17,29.25,23.58,0.0
2013-02-18,30.24,32.87,0.0
2013-02-19,30.92,36.11,0.0
2013-02-20,30.24,54.67,5.1
2013-02-21,28.59,66.13,4.76
2013-02-22,28.8,40.44,0.02
2013-02-23,29.18,36.93,0.0
2013-02-24,29.85,38.57,0.24
2013-02-25,30.09,55.45,2.86
2013-02-26,29.81,61.44,2.52
2013-02-27,29.9,60.88,1.5
2013-02-28,31.06,55.76,1.88
2013-03-01,30.48,59.33,0.84
2013-03-02,30.88,56.78,0.58
2013-03-03,30.2,59.2,0.34
2013-03-04,29.89,59.42,0.21
2013-03-05,30.78,56.49,0.11
2013-03-06,31.71,47.36,0.27
2013-03-07,31.93,41.88,0.25
2013-03-08,32.88,46.6,0.17
2013-03-09,33.38,44.46,0.1
2013-03-10,30.64,57.31,0.17
2013-03-11,32.03,49.68,0.12
2013-03-12,31.38,55.12,2.67
2013-03-13,30.62,59.63,3.58
2013-03-14,30.66,59.49,2.31
2013-03-15,28.63,65.5,3.08
2013-03-16,29.54,59.99,1.34
2013-03-17,30.54,56.18,1.33
2013-03-18,30.03,61.1,4.2
2013-03-19,31.36,54.54,1.8
2013-03-20,32.62,47.85,1.97
2013-03-21,30.73,60.91,3.54
2013-03-22,30.01,62.67,2.16
2013-03-23,29.51,63.26,2.02
2013-03-24,29.15,66.29,4.49
2013-03-25,29.73,65.22,1.62
2013-03-26,28.62,70.55,3.39
2013-03-27,29.38,65.57,1.21
2013-03-28,27.62,72.01,3.41
2013-03-29,29.67,62.89,1.97
2013-03-30,30.48,54.4,2.45
2013-03-31,29.92,58.26,2.47
2013-04-01,29.94,60.07,0.51
2013-04-02,29.72,58.55,0.75
2013-04-03,29.05,61.9,1.59
2013-04-04,28.59,66.09,2.69
2013-04-05,29.28,60.89,2.0
2013-04-06,29.3,64.02,2.78
2013-04-07,30.26,56.9,1.2
2013-04-08,30.16,59.77,2.66
2013-04-09,29.86,62.49,1.29
2013-04-10,28.93,65.11,0.52
2013-04-11,30.92,58.48,1.37
2013-04-12,30.74,59.46,3.42
2013-04-13,28.17,73.53,3.71
2013-04-14,31.0,58.38,0.71
2013-04-15,30.88,57.71,3.31
2013-04-16,30.02,61.43,1.27
2013-04-17,29.33,65.05,1.64
2013-04-18,29.56,63.92,1.9
2013-04-19,29.02,66.7,2.4
2013-04-20,29.67,64.31,1.94
2013-04-21,30.67,60.15,3.4
2013-04-22,29.41,65.75,5.29
2013-04-23,29.69,63.8,3.0
2013-04-24,30.39,61.77,3.13
2013-04-25,29.89,64.72,5.88
2013-04-26,30.52,62.03,3.1
2013-04-27,30.09,62.28,2.34
2013-04-28,30.78,58.35,2.73
2013-04-29,30.91,57.31,0.7
2013-04-30,29.9,63.74,2.6
2013-05-01,29.63,65.16,4.19
2013-05-02,29.5,65.36,3.01
2013-05-03,30.75,60.41,7.23
2013-05-04,29.08,72.18,12.56
2013-05-05,28.73,68.42,2.95
2013-05-06,28.83,70.63,2.33
2013-05-07,29.02,68.34,1.23
2013-05-08,27.67,72.5,3.7
2013-05-09,28.09,70.85,0.77
2013-05-10,28.48,70.7,1.42
2013-05-11,28.71,66.72,0.9
2013-05-12,29.65,60.24,1.27
2013-05-13,29.74,61.86,1.12
2013-05-14,29.5,62.72,0.98
2013-05-15,28.67,68.29,6.7
2013-05-16,28.77,69.03,2.21
2013-05-17,29.6,65.55,2.79
2013-05-18,29.16,67.81,2.58
2013-05-19,29.23,66.6,1.84
2013-05-20,28.94,67.45,1.41
2013-05-21,28.38,69.62,1.65
2013-05-22,28.88,69.37,3.37
2013-05-23,27.18,76.01,0.85
2013-05-24,29.88,62.53,0.65
2013-05-25,28.77,68.02,1.37
2013-05-26,27.46,78.3,7.19
2013-05-27,27.44,76.12,11.2
2013-05-28,27.38,72.6,2.91
2013-05-29,28.21,72.75,6.03
2013-05-30,27.17,76.93,7.41
2013-05-31,27.14,77.6,5.47
2013-06-01,27.33,77.32,9.83
2013-06-02,26.35,80.8,0.81
2013-06-03,26.45,75.22,2.25
2013-06-04,26.53,75.35,1.85
2013-06-05,28.02,71.39,3.32
2013-06-06,27.56,70.49,1.79
2013-06-07,27.17,74.59,3.28
2013-06-08,26.74,78.13,2.87
2013-06-09,26.89,76.66,2.52
2013-06-10,27.51,74.05,0.78
2013-06-11,28.26,70.58,1.38
2013-06-12,28.97,66.53,0.91
2013-06-13,28.97,68.04,1.06
2013-06-14,28.59,69.91,1.76
2013-06-15,28.3,71.11,1.6
2013-06-16,28.62,66.02,1.16
2013-06-17,29.3,63.86,2.11
2013-06-18,28.0,71.36,1.73
2013-06-19,29.47,61.99,1.17
2013-06-20,28.03,71.04,5.29
2013-06-21,27.89,71.24,2.34
2013-06-22,29.01,65.12,1.17
2013-06-23,29.77,61.62,1.76
2013-06-24,28.13,66.95,1.02
2013-06-25,27.97,68.8,1.44
2013-06-26,28.01,69.1,5.04
2013-06-27,27.24,74.04,6.08
2013-06-28,26.04,77.24,2.32
2013-06-29,27.38,70.78,1.84
2013-06-30,27.62,69.98,2.24
2013-07-01,26.35,75.79,2.03
2013-07-02,26.49,73.1,1.36
2013-07-03,28.6,62.91,1.15
2013-07-04,28.72,63.15,2.31
2013-07-05,26.37,74.46,5.18
2013-07-06,25.91,77.85,13.51
2013-07-07,25.65,79.81,10.28
2013-07-08,24.9,84.9,13.67
2013-07-09,23.57,86.88,11.11
2013-07-10,25.38,80.4,7.32
2013-07-11,25.93,79.42,8.15
2013-07-12,26.38,76.62,1.2
2013-07-13,25.67,80.91,2.09
2013-07-14,26.36,75.55,2.95
2013-07-15,26.02,78.62,5.37
2013-07-16,25.69,78.66,4.05
2013-07-17,26.52,76.69,3.91
2013-07-18,26.61,76.37,4.3
2013-07-19,26.32,78.75,4.01
2013-07-20,25.77,81.34,11.34
2013-07-21,25.86,81.34,10.6
2013-07-22,25.92,79.96,4.47
2013-07-23,26.67,78.33,8.89
2013-07-24,25.52,83.78,5.74
2013-07-25,25.44,81.78,1.88
2013-07-26,25.99,77.1,2.07
2013-07-27,26.6,75.35,1.62
2013-07-28,26.92,74.12,1.75
2013-07-29,26.16,78.05,1.13
2013-07-30,25.46,79.12,1.14
2013-07-31,26.07,76.69,4.06
2013-08-01,26.1,75.4,1.47
2013-08-02,26.39,74.86,0.91
2013-08-03,26.67,74.21,3.41
2013-08-04,27.27,73.39,14.36
2013-08-05,26.66,77.65,5.21
2013-08-06,25.92,82.88,4.49
2013-08-07,25.98,79.93,21.29
2013-08-08,25.14,82.35,6.67
2013-08-09,25.48,79.59,1.24
2013-08-10,26.26,76.3,1.77
2013-08-11,26.96,75.62,3.08
2013-08-12,25.03,81.95,0.37
2013-08-13,24.98,79.48,2.13
2013-08-14,25.89,76.85,3.79
2013-08-15,25.35,84.36,10.47
2013-08-16,25.62,85.11,7.46
2013-08-17,25.17,79.77,4.24
2013-08-18,25.23,80.62,9.73
2013-08-19,25.05,84.41,7.67
2013-08-20,26.06,83.9,3.14
2013-08-21,25.73,83.19,7.25
2013-08-22,24.87,84.93,7.78
2013-08-23,25.48,82.1,3.73
2013-08-24,26.66,78.91,3.52
2013-08-25,26.12,82.05,5.34
2013-08-26,25.56,81.42,3.71
2013-08-27,26.23,78.34,3.29
2013-08-28,25.6,83.14,2.62
2013-08-29,24.28,86.62,5.38
2013-08-30,23.97,86.74,4.27
2013-08-31,25.14,82.89,5.04
2013-09-01,25.72,80.33,5.01
2013-09-02,24.47,86.18,6.26
2013-09-03,25.59,81.98,6.9
2013-09-04,26.1,81.48,6.12
2013-09-05,25.93,83.27,5.82
2013-09-06,24.35,87.98,6.26
2013-09-07,24.45,84.51,4.25
2013-09-08,25.45,81.8,8.31
2013-09-09,24.9,87.03,8.95
2013-09-10,25.43,75.83,4.8
2013-09-11,25.7,76.44,7.15
2013-09-12,25.37,84.01,7.57
2013-09-13,24.6,86.57,5.35
2013-09-14,24.8,85.31,3.18
2013-09-15,25.8,81.27,1.6
2013-09-16,26.03,80.34,1.66
2013-09-17,26.88,76.93,1.63
2013-09-18,27.02,78.04,1.02
2013-09-19,27.76,76.13,1.85
2013-09-20,26.84,79.17,3.01
2013-09-21,26.17,82.91,2.52
2013-09-22,27.58,75.9,1.11
2013-09-23,26.74,80.44,17.21
2013-09-24,25.43,88.77,8.66
2013-09-25,25.03,84.72,8.91
2013-09-26,25.98,81.19,3.26
2013-09-27,26.94,77.22,2.28
2013-09-28,26.42,81.29,3.18
2013-09-29,26.7,78.76,3.18
2013-09-30,27.34,75.05,5.44
2013-10-01,27.45,75.47,4.27
2013-10-02,27.7,72.02,9.31
2013-10-03,27.19,77.3,4.25
2013-10-04,25.53,85.04,3.17
2013-10-05,25.4,82.14,1.1
2013-10-06,26.72,75.07,2.05
2013-10-07,26.54,76.47,1.28
2013-10-08,26.57,75.29,2.31
2013-10-09,25.52,81.08,6.15
2013-10-10,25.33,81.61,10.19
2013-10-11,26.44,77.12,3.28
2013-10-12,27.5,72.76,0.82
2013-10-13,27.55,68.42,1.26
2013-10-14,27.2,68.6,2.12
2013-10-15,26.64,75.68,1.5
2013-10-16,26.49,78.76,3.23
2013-10-17,27.43,74.35,1.95
2013-10-18,27.64,70.4,0.51
2013-10-19,28.16,69.26,0.47
2013-10-20,27.85,68.83,0.5
2013-10-21,27.73,66.8,0.53
2013-10-22,27.71,65.41,0.24
2013-10-23,27.84,64.75,0.15
2013-10-24,28.17,62.28,0.2
2013-10-25,28.49,61.89,0.26
2013-10-26,28.74,62.27,0.4
2013-10-27,28.64,60.23,0.21
2013-10-28,28.32,62.0,2.11
2013-10-29,28.37,55.75,1.54
2013-10-30,27.23,72.54,1.39
2013-10-31,27.49,71.38,1.97
2013-11-01,28.49,65.23,1.03
2013-11-02,28.7,63.53,0.04
2013-11-03,28.46,61.25,0.04
2013-11-04,27.55,53.72,0.07
2013-11-05,26.04,43.29,0.0
2013-11-06,26.4,45.8,0.0
2013-11-07,26.88,47.28,0.0
2013-11-08,28.21,47.8,0.23
2013-11-09,27.88,60.07,0.32
2013-11-10,28.78,56.43,0.1
2013-11-11,27.96,49.39,0.27
2013-11-12,27.99,50.32,0.14
2013-11-13,27.45,49.05,0.13
2013-11-14,28.02,43.33,0.1
2013-11-15,29.26,54.41,0.34
2013-11-16,29.91,57.03,0.35
2013-11-17,29.34,60.85,1.96
2013-11-18,29.84,57.64,1.37
2013-11-19,26.83,73.57,1.99
2013-11-20,27.16,72.28,0.89
2013-11-21,28.93,61.36,1.37
2013-11-22,28.62,56.84,1.61
2013-11-23,29.07,60.72,0.49
2013-11-24,27.86,65.24,0.9
2013-11-25,28.04,55.66,0.19
2013-11-26,27.47,59.45,2.23
2013-11-27,28.15,64.71,0.05
2013-11-28,29.39,58.57,0.08
2013-11-29,27.63,46.65,0.04
2013-11-30,27.33,42.17,0.0
2013-12-01,27.95,37.52,0.0
2013-12-02,27.88,39.92,0.0
2013-12-03,27.46,38.82,0.0
2013-12-04,27.69,37.94,0.0
2013-12-05,27.55,32.6,0.0
2013-12-06,25.55,28.04,0.0
2013-12-07,23.92,28.53,0.0
2013-12-08,24.16,25.71,0.0
2013-12-09,24.74,28.29,0.0
2013-12-10,25.83,28.41,0.0
2013-12-11,26.0,31.03,0.0
2013-12-12,27.05,30.35,0.0
2013-12-13,27.53,31.67,0.0
2013-12-14,27.35,44.52,0.21
2013-12-15,24.87,39.89,0.49
2013-12-16,24.28,31.32,0.0
2013-12-17,24.8,29.4,0.0
2013-12-18,23.72,27.68,0.0
2013-12-19,23.63,27.79,0.0
2013-12-20,23.94,26.86,0.0
2013-12-21,24.44,27.37,0.0
2013-12-22,25.52,25.78,0.0
2013-12-23,24.74,25.06,0.0
2013-12-24,25.43,26.83,0.0
2013-12-25,27.5,27.84,0.0
2013-12-26,27.87,27.55,0.0
2013-12-27,27.16,27.56,0.0
2013-12-28,27.74,24.72,0.0
2013-12-29,27.97,24.0,0.0
2013-12-30,28.16,25.22,0.0
2013-12-31,27.93,25.37,0.3
2014-01-01,27.77,28.28,0.14
2014-01-02,27.17,19.19,0.04
2014-01-03,26.35,15.84,0.0
2014-01-04,26.93,16.23,0.0
2014-01-05,26.31,19.84,0.0
2014-01-06,26.7,18.58,0.0
2014-01-07,26.49,19.84,0.0
2014-01-08,26.99,21.78,0.0
2014-01-09,27.31,26.85,0.0
2014-01-10,27.78,21.82,0.0
2014-01-11,27.13,22.28,0.01
2014-01-12,26.56,20.67,0.0
2014-01-13,25.56,21.07,0.0
2014-01-14,26.18,21.23,0.0
2014-01-15,27.06,19.58,0.0
2014-01-16,27.1,20.59,0.0
2014-01-17,29.65,42.42,1.06
2014-01-18,28.5,57.93,5.55
2014-01-19,28.04,59.08,1.84
2014-01-20,28.16,44.02,0.27
2014-01-21,27.44,34.69,0.0
2014-01-22,27.45,31.75,0.0
2014-01-23,27.6,25.27,0.0
2014-01-24,28.16,23.74,0.02
2014-01-25,27.27,23.89,0.01
2014-01-26,27.45,18.95,0.02
2014-01-27,27.91,24.42,0.0
2014-01-28,28.63,23.05,0.0
2014-01-29,28.87,27.82,0.0
2014-01-30,29.65,26.74,0.23
2014-01-31,28.23,24.02,0.3
2014-02-01,26.6,22.42,0.0
2014-02-02,25.78,14.93,0.0
2014-02-03,27.17,16.16,0.0
2014-02-04,28.17,18.22,0.02
2014-02-05,29.77,21.59,0.01
2014-02-06,30.19,26.45,0.04
2014-02-07,30.19,24.25,0.0
2014-02-08,30.37,18.9,0.0
2014-02-09,29.73,18.65,0.05
2014-02-10,29.45,16.58,0.0
2014-02-11,28.86,15.03,0.0
2014-02-12,29.14,14.37,0.0
2014-02-13,28.72,15.66,0.01
2014-02-14,28.15,10.53,0.0
2014-02-15,27.85,10.19,0.0
2014-02-16,28.51,28.17,0.04
2014-02-17,30.0,44.11,0.03
2014-02-18,31.11,27.24,0.02
2014-02-19,29.59,15.25,0.0
2014-02-20,29.27,17.77,0.0
2014-02-21,28.93,16.13,0.0
2014-02-22,29.85,17.34,0.0
2014-02-23,30.5,18.67,0.0
2014-02-24,30.83,17.45,0.0
2014-02-25,32.13,25.61,0.0
2014-02-26,33.18,36.35,0.36
2014-02-27,33.39,39.46,0.52
2014-02-28,30.27,20.15,0.0
2014-03-01,27.82,16.89,0.0
2014-03-02,27.67,17.27,0.0
2014-03-03,28.96,14.28,0.0
2014-03-04,30.06,14.21,0.0
2014-03-05,30.87,16.42,0.15
2014-03-06,31.79,24.64,2.46
2014-03-07,31.17,47.11,0.14
2014-03-08,30.75,37.47,0.02
2014-03-09,30.4,13.27,0.04
2014-03-10,30.49,28.52,0.01
2014-03-11,31.12,46.19,0.06
2014-03-12,30.91,48.2,1.3
2014-03-13,29.32,56.35,1.31
2014-03-14,31.73,46.22,0.59
2014-03-15,31.41,49.62,0.77
2014-03-16,31.89,47.78,1.87
2014-03-17,29.82,57.21,0.34
2014-03-18,31.13,53.44,2.14
2014-03-19,31.55,52.71,2.13
2014-03-20,31.0,56.34,3.03
2014-03-21,29.78,64.77,3.43
2014-03-22,29.77,62.18,0.07
2014-03-23,28.91,61.34,0.04
2014-03-24,29.56,56.48,0.13
2014-03-25,30.7,43.85,0.17
2014-03-26,31.67,29.7,0.08
2014-03-27,31.25,34.93,0.09
2014-03-28,30.15,37.53,0.27
2014-03-29,30.96,51.52,1.27
2014-03-30,31.81,52.99,4.16
2014-03-31,28.08,68.65,17.76
2014-04-01,29.87,57.69,0.02
2014-04-02,31.47,49.43,0.64
2014-04-03,30.53,55.78,1.12
2014-04-04,30.38,63.57,0.67
2014-04-05,30.36,63.38,0.95
2014-04-06,29.57,65.13,2.5
2014-04-07,30.01,61.54,6.31
2014-04-08,29.71,63.38,3.31
2014-04-09,29.0,66.35,2.96
2014-04-10,28.49,68.92,6.14
2014-04-11,28.66,67.4,2.73
2014-04-12,30.36,60.21,1.69
2014-04-13,29.94,62.19,3.32
2014-04-14,28.2,70.6,1.93
2014-04-15,30.1,61.41,0.5
2014-04-16,30.81,58.06,1.93
2014-04-17,29.62,65.01,1.38
2014-04-18,30.2,62.97,1.15
2014-04-19,30.13,64.12,1.42
2014-04-20,30.82,60.97,2.8
2014-04-21,28.97,69.51,4.94
2014-04-22,28.85,72.08,5.5
2014-04-23,27.74,76.31,5.28
2014-04-24,28.81,70.39,3.73
2014-04-25,29.25,67.61,2.18
2014-04-26,28.5,73.9,11.13
2014-04-27,27.53,75.44,2.43
2014-04-28,28.82,68.61,5.7
2014-04-29,27.19,75.82,6.68
2014-04-30,27.2,73.89,4.01
2014-05-01,27.39,73.11,3.98
2014-05-02,29.08,67.86,4.82
2014-05-03,29.27,69.47,4.22
2014-05-04,29.15,71.76,5.09
2014-05-05,27.74,78.45,7.55
2014-05-06,26.71,82.59,3.85
2014-05-07,27.94,75.28,1.8
2014-05-08,26.94,79.75,3.89
2014-05-09,26.69,75.73,2.11
2014-05-10,27.27,73.42,4.2
2014-05-11,28.49,68.87,2.4
2014-05-12,29.72,62.98,5.17
2014-05-13,28.59,71.69,4.54
2014-05-14,27.91,73.86,4.73
2014-05-15,27.63,74.26,5.63
2014-05-16,27.84,70.1,2.25
2014-05-17,27.85,72.54,1.57
2014-05-18,28.88,70.18,2.41
2014-05-19,29.39,66.36,0.5
2014-05-20,30.76,59.75,0.06
2014-05-21,31.12,54.92,0.5
2014-05-22,30.28,65.48,1.49
2014-05-23,29.63,67.28,1.77
2014-05-24,30.01,63.89,1.35
2014-05-25,29.38,69.4,1.79
2014-05-26,30.31,63.57,2.08
2014-05-27,28.23,72.2,1.86
2014-05-28,29.97,62.99,0.23
2014-05-29,28.08,71.17,1.34
2014-05-30,28.66,69.09,2.88
2014-05-31,29.86,64.31,2.57
2014-06-01,29.48,67.87,4.44
2014-06-02,28.01,71.9,3.83
2014-06-03,29.15,67.48,3.84
2014-06-04,29.38,70.35,3.44
2014-06-05,26.91,80.24,10.35
2014-06-06,27.08,76.52,5.89
2014-06-07,27.88,72.82,1.47
2014-06-08,29.28,68.94,1.2
2014-06-09,28.25,75.57,4.09
2014-06-10,26.92,82.28,7.35
2014-06-11,27.97,71.67,3.59
2014-06-12,28.08,69.57,5.46
2014-06-13,26.49,79.2,6.44
2014-06-14,27.95,73.52,6.14
2014-06-15,27.95,75.95,6.96
2014-06-16,28.58,74.22,4.2
2014-06-17,28.04,75.76,5.52
2014-06-18,27.24,76.53,6.91
2014-06-19,28.41,70.74,0.95
2014-06-20,29.04,70.36,3.17
2014-06-21,28.12,76.83,5.0
2014-06-22,27.69,76.97,2.78
2014-06-23,26.5,79.99,3.3
2014-06-24,27.52,71.35,0.16
2014-06-25,28.62,67.05,1.26
2014-06-26,28.0,71.79,1.56
2014-06-27,27.8,72.89,3.97
2014-06-28,27.43,74.04,2.79
2014-06-29,26.62,76.24,5.74
2014-06-30,27.95,67.9,5.86
2014-07-01,27.18,75.22,2.05
2014-07-02,26.53,75.33,4.54
2014-07-03,26.86,76.38,3.5
2014-07-04,26.74,75.97,1.38
2014-07-05,26.55,76.04,1.99
2014-07-06,26.95,74.59,2.38
2014-07-07,25.79,80.68,3.82
2014-07-08,26.19,77.74,1.44
2014-07-09,27.21,71.44,0.93
2014-07-10,28.49,65.75,1.32
2014-07-11,29.02,68.24,2.57
2014-07-12,28.74,68.79,1.63
2014-07-13,28.66,69.66,2.87
2014-07-14,26.33,79.02,4.03
2014-07-15,27.08,76.07,5.42
2014-07-16,26.57,80.93,9.06
2014-07-17,26.28,78.05,4.64
2014-07-18,25.63,79.01,6.7
2014-07-19,26.76,72.55,2.14
2014-07-20,27.33,74.39,3.17
2014-07-21,26.9,76.67,4.47
2014-07-22,26.3,79.64,5.58
2014-07-23,25.52,84.69,7.58
2014-07-24,26.21,79.57,5.53
2014-07-25,26.87,74.73,0.43
2014-07-26,27.33,75.6,0.49
2014-07-27,27.29,74.61,0.39
2014-07-28,27.82,72.41,0.5
2014-07-29,26.79,76.62,0.95
2014-07-30,25.07,87.67,9.21
2014-07-31,25.88,79.13,3.34
2014-08-01,24.69,82.7,3.63
2014-08-02,25.03,83.47,8.3
2014-08-03,25.1,83.31,7.54
2014-08-04,25.36,84.93,9.97
2014-08-05,24.75,87.32,5.12
2014-08-06,25.04,85.05,5.12
2014-08-07,25.71,78.9,4.19
2014-08-08,25.79,81.36,6.81
2014-08-09,25.2,82.97,4.46
2014-08-10,25.19,82.22,6.15
2014-08-11,26.17,78.65,3.45
2014-08-12,25.36,84.75,7.4
2014-08-13,25.46,80.12,4.45
2014-08-14,25.51,80.85,6.55
2014-08-15,25.82,83.1,6.25
2014-08-16,25.61,86.82,19.3
2014-08-17,24.45,85.41,1.26
2014-08-18,25.43,79.25,3.56
2014-08-19,25.91,80.77,9.28
2014-08-20,25.91,79.26,9.57
2014-08-21,25.53,80.24,14.79
2014-08-22,24.21,87.76,13.6
2014-08-23,24.01,90.14,14.63
2014-08-24,25.38,83.49,5.22
2014-08-25,26.84,77.87,4.97
2014-08-26,25.85,85.09,11.37
2014-08-27,25.14,83.33,8.58
2014-08-28,26.27,79.36,3.46
2014-08-29,27.33,76.95,3.37
2014-08-30,25.9,85.38,8.17
2014-08-31,25.83,84.07,2.99
2014-09-01,24.46,87.12,8.03
2014-09-02,25.11,83.23,6.17
2014-09-03,24.97,85.0,2.73
2014-09-04,26.02,80.89,1.68
2014-09-05,24.88,84.46,7.07
2014-09-06,24.8,84.98,5.33
2014-09-07,24.29,88.87,5.84
2014-09-08,25.67,81.6,6.89
2014-09-09,25.3,82.98,4.9
2014-09-10,24.8,83.73,10.21
2014-09-11,25.72,80.65,6.59
2014-09-12,26.37,79.36,3.65
2014-09-13,25.76,82.83,5.15
2014-09-14,25.69,84.35,11.15
2014-09-15,25.5,85.15,7.03
2014-09-16,25.13,85.29,12.23
2014-09-17,24.92,83.83,2.94
2014-09-18,25.19,82.42,6.21
2014-09-19,24.19,88.58,8.3
2014-09-20,25.81,80.78,3.34
2014-09-21,25.59,83.95,2.96
2014-09-22,25.59,82.49,1.52
2014-09-23,26.73,77.94,11.48
2014-09-24,25.81,83.75,11.45
2014-09-25,26.02,79.27,2.65
2014-09-26,26.83,74.05,6.56
2014-09-27,26.25,78.11,7.03
2014-09-28,25.99,80.39,3.85
2014-09-29,25.64,81.45,1.59
2014-09-30,25.69,82.05,6.31
2014-10-01,25.08,80.49,5.9
2014-10-02,25.01,85.54,16.39
2014-10-03,25.54,82.24,5.29
2014-10-04,26.46,78.03,1.68
2014-10-05,25.71,83.2,2.97
2014-10-06,24.87,87.51,3.64
2014-10-07,26.51,80.22,1.54
2014-10-08,26.33,82.02,2.71
2014-10-09,26.98,78.11,1.67
2014-10-10,27.54,73.67,1.84
2014-10-11,27.38,76.38,4.29
2014-10-12,25.79,84.56,2.82
2014-10-13,25.14,85.19,4.32
2014-10-14,25.7,81.2,1.86
2014-10-15,26.12,79.0,1.65
2014-10-16,27.32,72.95,1.73
2014-10-17,27.68,71.85,1.82
2014-10-18,27.52,71.34,0.9
2014-10-19,26.57,78.48,1.77
2014-10-20,26.45,77.51,1.17
2014-10-21,26.62,77.12,5.22
2014-10-22,27.04,72.96,1.51
2014-10-23,26.8,72.41,0.21
2014-10-24,26.91,74.08,0.55
2014-10-25,27.28,74.05,0.46
2014-10-26,26.98,77.7,0.73
2014-10-27,26.77,76.87,0.96
2014-10-28,26.63,76.06,0.68
2014-10-29,27.34,73.47,1.56
2014-10-30,27.7,71.56,1.04
2014-10-31,27.61,71.2,1.2
2014-11-01,27.26,74.03,1.06
2014-11-02,27.24,71.35,1.04
2014-11-03,27.3,71.6,0.58
2014-11-04,27.74,69.5,0.93
2014-11-05,27.62,71.46,1.97
2014-11-06,27.43,70.16,0.05
2014-11-07,27.23,67.29,0.57
2014-11-08,27.03,67.14,1.41
2014-11-09,27.5,51.56,0.05
2014-11-10,27.53,58.0,0.6
2014-11-11,27.53,65.62,2.71
2014-11-12,26.68,70.61,0.28
2014-11-13,28.22,60.84,0.07
2014-11-14,28.24,66.81,0.29
2014-11-15,28.49,64.83,0.18
2014-11-16,28.54,62.85,0.13
2014-11-17,29.07,61.29,0.95
2014-11-18,28.07,66.38,0.87
2014-11-19,27.4,68.8,2.24
2014-11-20,28.32,64.49,1.42
2014-11-21,27.83,66.61,0.23
2014-11-22,28.16,61.37,0.0
2014-11-23,27.51,60.52,0.01
2014-11-24,27.24,50.7,0.0
2014-11-25,27.04,50.41,0.0
2014-11-26,27.84,54.79,0.0
2014-11-27,28.56,60.66,0.02
2014-11-28,28.71,62.15,0.02
2014-11-29,28.37,65.97,0.04
2014-11-30,28.9,61.22,0.05
2014-12-01,28.79,60.43,0.03
2014-12-02,28.6,59.11,0.07
2014-12-03,27.35,45.62,0.0
2014-12-04,24.67,40.5,0.0
2014-12-05,25.93,50.64,0.0
2014-12-06,27.23,44.89,0.13
2014-12-07,28.03,54.21,0.0
2014-12-08,27.02,41.28,0.0
2014-12-09,26.87,53.2,0.0
2014-12-10,26.85,41.92,0.0
2014-12-11,24.56,35.85,0.0
2014-12-12,23.44,34.62,0.0
2014-12-13,24.62,36.97,0.0
2014-12-14,26.54,41.94,0.0
2014-12-15,26.58,40.7,0.0
2014-12-16,27.2,43.96,0.0
2014-12-17,27.65,50.94,0.0
2014-12-18,28.43,48.89,0.32
2014-12-19,27.07,49.2,0.56
2014-12-20,25.8,37.17,0.0
2014-12-21,26.55,37.31,0.0
2014-12-22,26.82,39.66,0.0
2014-12-23,26.3,33.59,0.0
2014-12-24,25.02,30.17,0.0
2014-12-25,24.08,24.74,0.0
2014-12-26,23.08,26.38,0.0
2014-12-27,22.96,26.24,0.0
2014-12-28,23.08,26.72,0.0
2014-12-29,23.76,28.13,0.0
2014-12-30,24.21,27.01,0.0
2014-12-31,23.75,23.44,0.0
2015-01-01,23.81,17.14,0.0
2015-01-02,24.52,21.77,0.0
2015-01-03,25.4,21.53,0.0
2015-01-04,24.12,21.42,0.0
2015-01-05,23.75,23.39,0.0
2015-01-06,23.37,20.59,0.0
2015-01-07,23.29,21.8,0.0
2015-01-08,23.6,22.65,0.0
2015-01-09,24.02,22.92,0.0
2015-01-10,22.23,21.29,0.0
2015-01-11,21.88,17.84,0.0
2015-01-12,22.01,18.94,0.0
2015-01-13,21.36,18.28,0.0
2015-01-14,22.13,20.7,0.0
2015-01-15,23.44,23.95,0.0
2015-01-16,24.94,23.85,0.0
2015-01-17,25.85,24.13,0.0
2015-01-18,25.51,22.82,0.0
2015-01-19,26.14,19.79,0.0
2015-01-20,26.49,17.59,0.0
2015-01-21,27.78,31.66,0.14
2015-01-22,29.05,37.13,0.35
2015-01-23,27.86,19.58,0.0
2015-01-24,28.1,21.62,0.0
2015-01-25,27.77,26.2,0.0
2015-01-26,27.97,21.74,0.0
2015-01-27,27.47,17.93,0.0
2015-01-28,26.88,15.01,0.0
2015-01-29,26.99,12.89,0.0
2015-01-30,26.71,16.8,0.0
2015-01-31,28.41,22.17,0.0
2015-02-01,29.78,31.56,0.0
2015-02-02,28.98,19.06,0.0
2015-02-03,29.5,18.5,0.0
2015-02-04,30.69,37.22,0.0
2015-02-05,32.28,32.3,0.02
2015-02-06,30.94,22.49,0.0
2015-02-07,31.4,23.44,0.0
2015-02-08,30.69,21.67,0.0
2015-02-09,32.09,42.2,0.06
2015-02-10,31.6,46.83,0.35
2015-02-11,32.18,46.29,0.81
2015-02-12,29.33,58.11,1.94
2015-02-13,29.29,55.4,0.14
2015-02-14,30.54,47.92,0.06
2015-02-15,30.57,51.21,0.07
2015-02-16,30.68,37.49,0.24
2015-02-17,28.83,25.04,0.01
2015-02-18,29.39,24.13,0.01
2015-02-19,28.24,66.55,17.24
2015-02-20,28.06,65.69,2.51
2015-02-21,24.44,69.77,7.13
2015-02-22,27.15,57.39,0.1
2015-02-23,26.64,41.05,0.0
2015-02-24,26.62,29.37,0.0
2015-02-25,27.09,26.67,0.0
2015-02-26,26.35,25.85,0.0
2015-02-27,25.72,22.09,0.0
2015-02-28,26.15,20.65,0.0
2015-03-01,26.86,16.34,0.0
2015-03-02,27.21,15.42,0.0
2015-03-03,27.88,14.36,0.0
2015-03-04,30.05,27.94,0.01
2015-03-05,31.68,32.7,0.07
2015-03-06,30.3,26.28,0.0
2015-03-07,30.5,18.47,0.0
2015-03-08,29.78,16.24,0.0
2015-03-09,30.09,16.6,0.0
2015-03-10,31.43,34.79,0.04
2015-03-11,33.6,30.56,0.0
2015-03-12,32.56,41.03,0.02
2015-03-13,32.76,34.37,0.79
2015-03-14,32.99,43.82,0.98
2015-03-15,32.61,37.7,0.01
2015-03-16,32.32,44.03,0.02
2015-03-17,32.9,40.04,0.03
2015-03-18,31.48,44.61,0.59
2015-03-19,31.49,40.04,0.18
2015-03-20,32.11,31.97,0.0
2015-03-21,31.2,51.58,1.27
2015-03-22,28.35,69.93,6.36
2015-03-23,29.76,63.88,1.23
2015-03-24,30.89,53.74,0.98
2015-03-25,29.74,53.29,1.81
2015-03-26,30.02,60.32,1.57
2015-03-27,30.17,55.05,0.01
2015-03-28,30.78,37.43,0.0
2015-03-29,29.4,21.03,0.0
2015-03-30,29.13,18.45,0.0
2015-03-31,29.91,28.59,0.0
2015-04-01,29.86,51.68,0.5
2015-04-02,30.66,42.91,0.04
2015-04-03,31.1,36.05,0.0
2015-04-04,30.52,49.57,0.11
2015-04-05,31.18,45.93,0.47
2015-04-06,31.62,48.35,1.31
2015-04-07,32.83,44.89,0.22
2015-04-08,30.53,56.68,1.19
2015-04-09,30.36,57.56,0.55
2015-04-10,31.36,54.96,0.04
2015-04-11,31.9,52.58,0.13
2015-04-12,29.32,64.49,5.3
2015-04-13,29.11,64.65,0.84
2015-04-14,28.68,41.94,0.0
2015-04-15,29.21,24.63,0.0
2015-04-16,29.18,36.11,0.0
2015-04-17,29.72,29.3,0.0
2015-04-18,31.27,35.53,0.0
2015-04-19,32.94,41.64,0.05
2015-04-20,32.42,44.71,0.04
2015-04-21,32.36,49.62,0.14
2015-04-22,32.91,48.73,0.7
2015-04-23,32.81,47.76,1.03
2015-04-24,30.77,54.76,1.03
2015-04-25,31.1,55.9,0.77
2015-04-26,31.17,54.6,0.55
2015-04-27,29.35,60.37,1.12
2015-04-28,31.03,51.7,0.04
2015-04-29,32.7,46.14,0.07
2015-04-30,32.98,46.0,0.3
2015-05-01,33.49,45.93,0.18
2015-05-02,32.29,49.31,0.67
2015-05-03,30.93,55.06,1.87
2015-05-04,29.16,62.4,5.38
2015-05-05,29.58,59.98,0.85
2015-05-06,29.38,61.89,0.08
2015-05-07,32.2,52.22,0.03
2015-05-08,32.21,52.43,2.71
2015-05-09,28.62,69.27,12.15
2015-05-10,30.02,61.04,0.54
2015-05-11,29.18,64.54,2.47
2015-05-12,30.57,57.92,0.26
2015-05-13,30.92,57.86,0.7
2015-05-14,32.01,53.05,0.16
2015-05-15,29.56,64.83,2.68
2015-05-16,30.2,58.58,0.78
2015-05-17,31.33,51.14,0.35
2015-05-18,28.5,70.32,10.49
2015-05-19,27.83,73.69,3.97
2015-05-20,28.73,66.12,0.21
2015-05-21,30.59,59.64,1.44
2015-05-22,30.43,62.9,3.74
2015-05-23,28.79,69.98,4.31
2015-05-24,29.62,63.65,1.83
2015-05-25,29.52,64.7,1.41
2015-05-26,31.11,57.96,0.05
2015-05-27,30.09,63.23,1.69
2015-05-28,27.97,71.69,3.12
2015-05-29,29.7,62.89,1.11
2015-05-30,30.97,58.83,0.29
2015-05-31,29.68,65.28,1.45
2015-06-01,27.89,71.44,3.68
2015-06-02,28.16,69.86,1.77
2015-06-03,27.59,72.19,9.3
2015-06-04,28.62,66.57,1.19
2015-06-05,29.03,64.75,2.09
2015-06-06,28.8,67.08,2.25
2015-06-07,28.81,66.73,2.23
2015-06-08,27.24,75.58,3.38
2015-06-09,28.2,69.22,1.67
2015-06-10,27.88,73.98,11.19
2015-06-11,27.6,74.52,2.74
2015-06-12,29.35,68.0,1.19
2015-06-13,28.01,74.3,1.9
2015-06-14,28.38,71.26,4.44
2015-06-15,28.82,67.02,2.3
2015-06-16,29.49,63.27,1.5
2015-06-17,29.98,61.93,0.86
2015-06-18,29.95,60.92,0.94
2015-06-19,28.25,72.83,5.99
2015-06-20,29.17,66.39,11.35
2015-06-21,28.13,69.81,6.13
2015-06-22,28.39,68.95,10.36
2015-06-23,28.63,68.34,3.03
2015-06-24,28.69,68.15,6.94
2015-06-25,28.57,68.52,0.53
2015-06-26,28.65,68.34,0.87
2015-06-27,29.16,65.11,2.23
2015-06-28,28.63,66.62,1.34
2015-06-29,28.67,64.63,0.52
2015-06-30,29.33,61.81,3.46
2015-07-01,30.06,59.8,1.78
2015-07-02,30.73,59.16,2.01
2015-07-03,27.61,72.43,6.32
2015-07-04,27.86,66.92,0.77
2015-07-05,28.01,70.67,4.36
2015-07-06,27.86,71.93,4.74
2015-07-07,28.47,70.67,6.89
2015-07-08,28.2,74.25,7.61
2015-07-09,27.4,77.2,8.44
2015-07-10,28.41,68.58,3.23
2015-07-11,27.76,73.12,24.39
2015-07-12,27.28,78.1,6.8
2015-07-13,27.35,76.28,3.55
2015-07-14,27.74,74.35,0.8
2015-07-15,26.86,78.69,12.4
2015-07-16,25.88,80.69,12.14
2015-07-17,26.67,77.84,1.95
2015-07-18,27.43,77.84,2.6
2015-07-19,27.57,76.54,3.02
2015-07-20,25.69,85.19,9.88
2015-07-21,26.09,80.18,8.57
2015-07-22,26.31,76.4,0.89
2015-07-23,27.28,73.0,1.01
2015-07-24,26.81,75.21,5.48
2015-07-25,27.3,73.22,1.55
2015-07-26,26.79,73.66,2.13
2015-07-27,26.29,77.63,2.41
2015-07-28,24.7,84.76,12.14
2015-07-29,26.36,75.06,1.38
2015-07-30,26.84,72.23,3.09
2015-07-31,27.26,73.97,4.07
2015-08-01,27.41,75.04,3.4
2015-08-02,26.43,77.57,4.22
2015-08-03,26.55,76.72,1.74
2015-08-04,26.84,76.4,3.39
2015-08-05,25.8,80.36,4.21
2015-08-06,26.16,80.46,3.57
2015-08-07,25.38,83.94,11.37
2015-08-08,24.84,86.19,6.58
2015-08-09,25.69,81.45,3.45
2015-08-10,24.65,86.43,47.72
2015-08-11,24.93,86.7,78.6
2015-08-12,25.69,83.44,3.6
2015-08-13,25.24,89.5,8.43
2015-08-14,26.25,85.51,4.17
2015-08-15,25.8,83.33,5.41
2015-08-16,25.77,82.47,4.32
2015-08-17,25.66,85.16,10.19
2015-08-18,26.47,75.81,19.4
2015-08-19,26.67,78.55,1.83
2015-08-20,25.99,83.96,6.07
2015-08-21,25.08,88.68,5.02
2015-08-22,24.59,87.51,7.29
2015-08-23,25.87,83.03,1.98
2015-08-24,25.66,83.34,8.27
2015-08-25,25.63,83.12,2.19
2015-08-26,25.73,81.37,8.77
2015-08-27,25.92,82.43,14.9
2015-08-28,25.48,86.86,15.75
2015-08-29,24.68,86.07,8.8
2015-08-30,24.2,88.07,7.77
2015-08-31,24.91,85.78,4.35
2015-09-01,25.17,86.03,3.76
2015-09-02,25.16,85.67,3.23
2015-09-03,26.26,80.23,5.14
2015-09-04,25.38,84.16,37.72
2015-09-05,26.0,85.19,4.7
2015-09-06,25.19,88.76,10.36
2015-09-07,25.83,83.98,1.75
2015-09-08,25.81,81.88,4.49
2015-09-09,25.37,83.82,5.65
2015-09-10,26.66,77.72,2.59
2015-09-11,26.57,81.23,3.15
2015-09-12,26.8,81.92,5.72
2015-09-13,26.34,82.52,12.73
2015-09-14,25.7,86.67,17.27
2015-09-15,26.1,83.71,4.29
2015-09-16,26.14,81.71,11.15
2015-09-17,26.38,79.43,16.93
2015-09-18,25.78,83.01,8.98
2015-09-19,26.39,81.31,2.23
2015-09-20,25.72,87.61,3.13
2015-09-21,25.28,88.49,14.95
2015-09-22,25.99,84.26,5.33
2015-09-23,26.38,81.61,2.9
2015-09-24,27.53,78.97,1.56
2015-09-25,26.6,84.14,14.32
2015-09-26,25.73,85.27,4.73
2015-09-27,26.58,81.37,0.58
2015-09-28,26.64,82.34,9.07
2015-09-29,26.05,85.17,10.96
2015-09-30,25.45,88.07,18.37
2015-10-01,26.39,84.57,5.82
2015-10-02,27.55,80.26,4.8
2015-10-03,25.85,89.28,9.55
2015-10-04,25.48,86.54,3.42
2015-10-05,26.04,82.14,5.23
2015-10-06,26.23,84.14,7.3
2015-10-07,25.83,85.58,14.16
2015-10-08,26.65,79.92,2.09
2015-10-09,26.16,83.43,3.83
2015-10-10,24.91,87.97,2.87
2015-10-11,26.15,82.26,3.74
2015-10-12,25.46,87.13,4.53
2015-10-13,26.27,84.11,0.74
2015-10-14,27.2,79.42,0.67
2015-10-15,27.46,76.98,1.08
2015-10-16,27.24,79.75,0.27
2015-10-17,27.56,76.97,0.51
2015-10-18,26.59,81.78,6.14
2015-10-19,27.04,78.93,2.28
2015-10-20,26.99,79.19,9.1
2015-10-21,26.83,80.58,2.69
2015-10-22,25.68,85.18,1.51
2015-10-23,27.04,78.91,2.2
2015-10-24,27.24,76.18,0.11
2015-10-25,27.61,74.86,1.12
2015-10-26,27.09,78.06,6.66
2015-10-27,26.85,80.53,6.51
2015-10-28,27.09,75.38,3.61
2015-10-29,26.91,75.36,0.58
2015-10-30,26.77,76.6,0.87
2015-10-31,26.53,79.73,11.48
2015-11-01,25.68,83.13,8.15
2015-11-02,26.26,80.02,0.31
2015-11-03,26.57,73.96,0.0
2015-11-04,25.35,72.86,0.0
2015-11-05,25.68,65.11,0.06
2015-11-06,24.89,64.5,0.02
2015-11-07,24.13,62.22,0.0
2015-11-08,23.29,67.14,0.11
2015-11-09,25.27,70.26,0.41
2015-11-10,26.8,71.26,0.61
2015-11-11,26.33,69.48,1.05
2015-11-12,24.63,69.15,0.0
2015-11-13,23.92,68.83,0.0
2015-11-14,23.6,61.71,0.0
2015-11-15,24.22,55.12,0.0
2015-11-16,23.56,60.15,0.0
2015-11-17,24.35,65.0,0.0
2015-11-18,24.0,65.67,0.0
2015-11-19,24.08,61.75,0.0
2015-11-20,23.76,66.85,0.0
2015-11-21,22.98,67.73,0.0
2015-11-22,24.29,61.04,0.0
2015-11-23,25.25,58.33,0.0
2015-11-24,25.45,60.41,0.0
2015-11-25,24.52,67.11,0.01
2015-11-26,25.94,58.67,0.0
2015-11-27,26.81,54.21,0.0
2015-11-28,26.08,54.91,0.0
2015-11-29,25.1,55.72,0.0
2015-11-30,23.92,49.87,0.0
2015-12-01,22.7,52.89,0.0
2015-12-02,21.72,56.36,0.0
2015-12-03,21.37,60.27,0.0
2015-12-04,20.61,61.53,0.0
2015-12-05,20.5,60.13,0.0
2015-12-06,21.06,58.93,0.0
2015-12-07,21.88,59.53,0.0
2015-12-08,22.12,61.97,0.0
2015-12-09,21.83,56.9,0.0
2015-12-10,21.98,51.06,0.0
2015-12-11,22.13,55.61,0.0
2015-12-12,21.81,53.45,0.0
2015-12-13,21.04,51.52,0.0
2015-12-14,20.65,50.33,0.0
2015-12-15,20.57,50.44,0.0
2015-12-16,20.04,48.7,0.0
2015-12-17,20.05,47.67,0.0
2015-12-18,19.53,46.47,0.0
2015-12-19,19.8,45.94,0.0
2015-12-20,20.71,44.27,0.0
2015-12-21,20.75,50.11,0.0
2015-12-22,21.79,49.44,0.0
2015-12-23,21.34,51.63,0.0
2015-12-24,21.0,48.51,0.0
2015-12-25,19.25,50.18,0.0
2015-12-26,19.92,47.94,0.0
2015-12-27,19.98,47.86,0.0
2015-12-28,20.7,46.01,0.0
2015-12-29,21.59,44.71,0.0
2015-12-30,22.18,43.35,0.0
2015-12-31,21.71,42.52,0.0
2016-01-01,21.85,41.1,0.0
2016-01-02,21.46,42.04,0.0
2016-01-03,21.29,43.9,0.0
2016-01-04,21.09,44.63,0.0
2016-01-05,21.32,43.17,0.0
2016-01-06,20.55,40.85,0.0
2016-01-07,21.61,40.53,0.0
2016-01-08,23.43,38.49,0.0
2016-01-09,23.89,43.6,0.0
2016-01-10,24.42,39.85,0.0
2016-01-11,23.92,37.9,0.0
2016-01-12,23.73,35.77,0.0
2016-01-13,23.42,35.9,0.0
2016-01-14,23.22,34.82,0.0
2016-01-15,24.16,35.93,0.0
2016-01-16,24.14,36.12,0.0
2016-01-17,23.75,35.6,0.0
2016-01-18,24.51,32.9,0.0
2016-01-19,24.12,36.75,0.0
2016-01-20,24.84,39.03,0.0
2016-01-21,23.94,33.44,0.0
2016-01-22,24.46,27.14,0.0
2016-01-23,23.92,27.26,0.0
2016-01-24,22.91,29.42,0.0
2016-01-25,23.33,35.48,0.0
2016-01-26,23.24,34.98,0.0
2016-01-27,22.09,32.38,0.0
2016-01-28,21.93,29.86,0.0
2016-01-29,21.14,32.55,0.0
2016-01-30,22.81,30.71,0.0
2016-01-31,22.77,33.12,0.0
2016-02-01,22.47,29.25,0.0
2016-02-02,21.9,30.9,0.0
2016-02-03,23.51,31.95,0.0
2016-02-04,24.29,32.63,0.0
2016-02-05,25.03,35.18,0.0
2016-02-06,25.97,31.25,0.0
2016-02-07,25.43,26.03,0.0
2016-02-08,24.21,27.91,0.0
2016-02-09,24.36,24.43,0.0
2016-02-10,23.94,22.69,0.0
2016-02-11,23.76,22.19,0.0
2016-02-12,24.23,22.62,0.0
2016-02-13,24.23,21.97,0.0
2016-02-14,25.14,21.96,0.0
2016-02-15,26.19,23.57,0.0
2016-02-16,25.19,38.34,0.0
2016-02-17,26.92,40.33,0.0
2016-02-18,28.41,26.65,0.0
2016-02-19,28.69,28.44,0.0
2016-02-20,30.23,24.63,0.0
2016-02-21,28.49,20.5,0.0
2016-02-22,29.02,21.0,0.0
2016-02-23,28.83,20.74,0.0
2016-02-24,27.88,18.9,0.0
2016-02-25,28.0,21.9,0.0
2016-02-26,29.27,21.64,0.0
2016-02-27,29.59,21.94,0.0
2016-02-28,30.64,27.74,0.03
2016-02-29,31.24,33.51,2.62
2016-03-01,31.38,35.73,0.04
2016-03-02,30.23,26.47,0.0
2016-03-03,30.29,19.16,0.0
2016-03-04,29.73,20.38,0.0
2016-03-05,30.58,16.75,0.0
2016-03-06,30.19,16.27,0.0
2016-03-07,30.24,15.45,0.0
2016-03-08,31.56,20.91,0.0
2016-03-09,33.02,23.56,0.0
2016-03-10,33.24,31.32,0.05
2016-03-11,31.25,56.14,14.78
2016-03-12,30.52,61.18,1.54
2016-03-13,31.39,57.05,0.66
2016-03-14,29.93,63.43,4.56
2016-03-15,30.47,62.61,0.86
2016-03-16,31.1,58.21,2.21
2016-03-17,30.12,63.07,2.67
2016-03-18,30.58,57.22,0.29
2016-03-19,30.01,64.64,2.82
2016-03-20,31.2,59.78,1.37
2016-03-21,31.04,58.44,0.52
2016-03-22,30.65,58.74,0.27
2016-03-23,32.15,44.86,0.11
2016-03-24,29.62,48.87,0.73
2016-03-25,31.28,44.17,0.09
2016-03-26,30.21,29.39,0.0
2016-03-27,32.43,32.78,0.0
2016-03-28,32.31,22.27,0.0
2016-03-29,33.71,37.48,0.0
2016-03-30,34.96,40.54,0.0
2016-03-31,33.42,47.83,1.53
2016-04-01,33.19,41.02,1.23
2016-04-02,32.29,49.05,0.01
2016-04-03,33.45,46.1,0.01
2016-04-04,34.73,41.81,0.36
2016-04-05,31.88,46.74,0.84
2016-04-06,32.51,37.11,0.01
2016-04-07,31.1,53.34,3.46
2016-04-08,30.71,58.38,2.78
2016-04-09,30.84,57.97,4.44
2016-04-10,29.11,64.83,1.03
2016-04-11,30.16,60.21,2.26
2016-04-12,31.77,57.25,0.98
2016-04-13,33.13,51.77,0.01
2016-04-14,34.04,50.43,0.22
2016-04-15,33.74,50.49,1.63
2016-04-16,31.79,58.76,2.25
2016-04-17,32.7,54.72,1.55
2016-04-18,31.6,56.77,0.9
2016-04-19,32.39,51.99,0.48
2016-04-20,32.74,47.76,0.88
2016-04-21,31.33,57.23,1.74
2016-04-22,32.28,52.14,0.04
2016-04-23,33.62,46.75,0.01
2016-04-24,34.21,44.52,0.02
2016-04-25,33.8,45.07,1.01
2016-04-26,31.68,53.03,1.8
2016-04-27,32.55,50.58,2.14
2016-04-28,32.66,50.01,0.95
2016-04-29,33.06,44.2,0.01
2016-04-30,33.91,39.9,0.02
2016-05-01,34.73,41.09,0.32
2016-05-02,34.21,44.13,1.65
2016-05-03,33.61,46.55,4.18
2016-05-04,31.49,54.43,3.06
2016-05-05,32.08,49.88,0.46
2016-05-06,32.03,50.82,2.03
2016-05-07,26.85,75.72,5.23
2016-05-08,30.64,58.25,2.16
2016-05-09,29.23,67.47,14.67
2016-05-10,29.28,67.63,7.88
2016-05-11,29.77,67.05,5.02
2016-05-12,29.66,70.25,5.67
2016-05-13,29.15,71.72,6.49
2016-05-14,29.1,68.17,3.63
2016-05-15,29.64,65.36,2.53
2016-05-16,29.44,65.97,2.8
2016-05-17,28.98,69.71,18.23
2016-05-18,28.77,69.64,0.18
2016-05-19,29.12,66.46,4.44
2016-05-20,29.56,64.16,0.86
2016-05-21,30.61,61.22,0.4
2016-05-22,31.07,60.71,0.21
2016-05-23,29.29,67.78,1.34
2016-05-24,27.47,76.13,7.78
2016-05-25,26.61,78.31,6.39
2016-05-26,28.81,69.79,5.62
2016-05-27,28.39,72.33,5.4
2016-05-28,27.79,78.26,10.27
2016-05-29,28.88,72.81,5.57
2016-05-30,28.53,71.08,2.76
2016-05-31,28.92,66.63,0.87
2016-06-01,29.58,63.59,1.27
2016-06-02,29.69,64.75,1.6
2016-06-03,28.88,70.35,6.64
2016-06-04,28.95,68.46,1.49
2016-06-05,29.11,67.97,1.58
2016-06-06,29.36,66.62,5.28
2016-06-07,29.04,67.79,1.77
2016-06-08,29.57,65.9,2.01
2016-06-09,28.58,72.4,8.87
2016-06-10,26.78,81.03,15.61
2016-06-11,27.77,71.09,0.1
2016-06-12,27.51,74.86,37.01
2016-06-13,26.0,83.76,14.23
2016-06-14,26.75,77.35,1.71
2016-06-15,25.69,81.44,2.32
2016-06-16,26.43,77.36,7.03
2016-06-17,25.44,80.59,6.18
2016-06-18,26.23,78.18,0.83
2016-06-19,27.66,73.2,1.12
2016-06-20,26.04,80.03,9.38
2016-06-21,25.75,81.5,19.08
2016-06-22,24.83,81.53,10.37
2016-06-23,26.63,72.52,2.25
2016-06-24,26.71,77.82,4.98
2016-06-25,26.4,79.47,5.07
2016-06-26,27.3,76.1,4.94
2016-06-27,26.27,82.01,5.97
2016-06-28,26.07,81.89,5.48
2016-06-29,27.26,76.5,2.86
2016-06-30,26.24,80.85,3.36
2016-07-01,26.03,82.03,3.57
2016-07-02,26.65,79.29,2.92
2016-07-03,26.49,81.99,4.41
2016-07-04,27.34,77.17,3.83
2016-07-05,26.08,84.34,9.37
2016-07-06,25.48,84.67,8.57
2016-07-07,27.26,74.2,4.36
2016-07-08,27.94,76.45,3.16
2016-07-09,27.09,79.37,4.37
2016-07-10,27.37,76.69,3.73
2016-07-11,25.38,83.97,14.51
2016-07-12,25.65,82.18,10.47
2016-07-13,25.26,83.39,9.43
2016-07-14,25.0,84.54,7.22
2016-07-15,26.2,79.45,1.99
2016-07-16,25.85,82.15,3.91
2016-07-17,25.83,80.88,1.59
2016-07-18,25.82,79.61,6.59
2016-07-19,26.18,80.36,8.68
2016-07-20,24.4,89.93,20.73
2016-07-21,24.85,82.58,3.86
2016-07-22,25.58,81.86,1.05
2016-07-23,25.18,83.71,6.82
2016-07-24,24.43,88.52,40.44
2016-07-25,24.62,84.34,10.83
2016-07-26,24.43,86.86,7.25
2016-07-27,25.32,82.89,3.77
2016-07-28,25.35,85.8,7.89
2016-07-29,25.76,82.0,5.35
2016-07-30,25.86,82.75,4.65
2016-07-31,25.35,86.53,10.17
2016-08-01,25.62,83.86,3.92
2016-08-02,25.67,83.43,2.22
2016-08-03,25.81,85.44,7.34
2016-08-04,25.46,85.6,9.88
2016-08-05,26.03,82.11,3.17
2016-08-06,26.34,82.48,2.04
2016-08-07,26.4,80.08,2.93
2016-08-08,26.36,78.85,0.84
2016-08-09,26.33,80.28,5.35
2016-08-10,26.02,84.16,9.31
2016-08-11,25.61,85.87,5.35
2016-08-12,26.35,81.02,6.87
2016-08-13,24.87,87.69,7.21
2016-08-14,25.79,81.38,2.01
2016-08-15,24.24,89.93,8.97
2016-08-16,25.31,84.91,2.61
2016-08-17,25.2,86.42,4.47
2016-08-18,25.21,85.14,18.91
2016-08-19,26.0,80.9,5.53
2016-08-20,26.78,79.23,3.24
2016-08-21,27.1,77.72,3.25
2016-08-22,26.61,81.18,1.29
2016-08-23,26.32,81.08,3.51
2016-08-24,26.29,79.01,1.77
2016-08-25,26.03,81.05,2.16
2016-08-26,25.47,84.59,4.77
2016-08-27,24.24,90.0,17.43
2016-08-28,24.07,90.17,64.29
2016-08-29,24.5,88.67,7.53
2016-08-30,25.25,86.23,10.61
2016-08-31,25.32,87.36,25.4
2016-09-01,25.23,84.49,3.23
2016-09-02,25.75,81.77,1.61
2016-09-03,25.68,80.31,1.15
2016-09-04,26.01,82.0,6.86
2016-09-05,25.33,88.03,13.56
2016-09-06,25.34,84.25,2.12
2016-09-07,26.89,76.46,1.11
2016-09-08,26.37,79.99,4.52
2016-09-09,24.97,88.09,12.5
2016-09-10,24.9,86.64,5.69
2016-09-11,26.17,75.8,3.18
2016-09-12,25.9,77.88,1.32
2016-09-13,25.82,83.17,2.73
2016-09-14,23.98,89.59,7.39
2016-09-15,23.36,90.06,25.98
2016-09-16,25.14,84.3,2.83
2016-09-17,26.13,80.04,1.67
2016-09-18,25.51,84.12,7.14
2016-09-19,26.08,80.29,5.81
2016-09-20,25.47,83.3,0.68
2016-09-21,26.11,81.77,2.71
2016-09-22,25.44,86.15,2.0
2016-09-23,25.53,82.15,7.09
2016-09-24,25.83,80.16,2.03
2016-09-25,25.14,84.49,2.4
2016-09-26,24.49,89.99,6.1
2016-09-27,25.79,82.9,1.92
2016-09-28,26.09,81.18,1.19
2016-09-29,25.8,83.79,6.12
2016-09-30,26.46,80.19,0.18
2016-10-01,27.01,79.51,5.57
2016-10-02,25.91,81.52,10.78
2016-10-03,25.79,80.88,0.05
2016-10-04,26.56,78.32,0.05
2016-10-05,26.73,78.33,0.24
2016-10-06,26.7,78.49,3.79
2016-10-07,27.33,77.72,0.06
2016-10-08,26.54,85.02,2.58
2016-10-09,25.72,85.87,1.68
2016-10-10,25.84,81.98,0.0
2016-10-11,26.96,77.1,0.02
2016-10-12,26.65,81.81,5.34
2016-10-13,26.91,80.42,0.66
2016-10-14,27.21,79.06,1.8
2016-10-15,26.87,81.2,1.61
2016-10-16,26.95,78.31,1.23
2016-10-17,27.18,76.98,0.24
2016-10-18,26.83,78.56,0.49
2016-10-19,26.19,80.02,0.49
2016-10-20,26.45,78.96,0.44
2016-10-21,27.03,76.12,0.48
2016-10-22,26.24,82.0,6.41
2016-10-23,26.36,78.38,0.0
2016-10-24,26.75,75.84,0.0
2016-10-25,26.55,71.54,0.0
2016-10-26,26.81,69.86,0.0
2016-10-27,26.98,70.89,0.0
2016-10-28,26.89,69.0,0.01
2016-10-29,26.48,73.51,0.42
2016-10-30,26.79,73.39,1.51
2016-10-31,26.48,78.57,9.61
2016-11-01,26.94,76.55,0.63
2016-11-02,27.74,72.27,0.0
2016-11-03,27.08,76.22,0.33
2016-11-04,26.75,79.97,1.55
2016-11-05,25.97,74.28,0.0
2016-11-06,25.32,65.99,0.0
2016-11-07,24.86,71.41,0.0
2016-11-08,25.52,66.64,0.0
2016-11-09,24.43,61.13,0.0
2016-11-10,24.89,58.54,0.0
2016-11-11,25.8,48.94,0.0
2016-11-12,25.34,58.45,0.0
2016-11-13,26.27,65.54,0.04
2016-11-14,26.24,65.28,0.0
2016-11-15,25.39,62.11,0.0
2016-11-16,26.33,59.95,0.0
2016-11-17,26.05,55.78,0.0
2016-11-18,26.58,56.39,0.0
2016-11-19,27.13,60.37,0.02
2016-11-20,28.26,59.8,0.0
2016-11-21,27.8,58.07,0.0
2016-11-22,27.29,64.72,0.32
2016-11-23,28.2,71.74,2.7
2016-11-24,27.61,74.1,0.33
2016-11-25,27.67,66.25,0.0
2016-11-26,27.85,65.51,0.0
2016-11-27,28.05,70.09,0.01
2016-11-28,28.01,67.8,0.0
2016-11-29,27.98,70.14,0.19
2016-11-30,27.87,68.79,0.17
2016-12-01,26.94,65.73,0.0
2016-12-02,26.27,58.09,0.0
2016-12-03,25.68,58.24,0.0
2016-12-04,25.62,51.64,0.0
2016-12-05,26.08,53.22,0.0
2016-12-06,26.67,62.39,0.19
2016-12-07,26.41,51.81,0.0
2016-12-08,26.12,56.14,0.0
2016-12-09,25.38,54.84,0.0
2016-12-10,25.17,48.55,0.0
2016-12-11,25.24,47.15,0.0
2016-12-12,26.15,58.06,0.0
2016-12-13,26.52,64.6,0.02
2016-12-14,25.24,47.19,0.0
2016-12-15,25.28,42.09,0.0
2016-12-16,26.32,48.13,0.0
2016-12-17,26.72,56.32,0.0
2016-12-18,27.42,61.36,0.01
2016-12-19,27.57,55.68,0.0
2016-12-20,25.43,45.71,0.0
2016-12-21,24.75,44.59,0.0
2016-12-22,24.24,42.89,0.0
2016-12-23,24.58,41.12,0.0
2016-12-24,24.28,37.36,0.0
2016-12-25,24.44,45.69,0.0
2016-12-26,23.89,41.55,0.0
2016-12-27,23.5,38.2,0.0
2016-12-28,23.39,42.93,0.0
2016-12-29,24.91,42.66,0.0
2016-12-30,24.74,46.62,0.0
2016-12-31,24.5,44.45,0.0
2017-01-01,24.52,41.46,0.0
2017-01-02,24.06,42.41,0.0
2017-01-03,24.1,41.48,0.0
2017-01-04,24.08,40.21,0.0
2017-01-05,24.34,40.55,0.0
2017-01-06,24.84,39.88,0.0
2017-01-07,24.58,40.76,0.0
2017-01-08,25.34,42.13,0.0
2017-01-09,25.16,38.12,0.0
2017-01-10,25.81,33.24,0.0
2017-01-11,24.64,32.82,0.0
2017-01-12,24.09,31.66,0.0
2017-01-13,23.46,30.34,0.0
2017-01-14,23.35,32.16,0.0
2017-01-15,26.06,33.2,0.0
2017-01-16,27.16,37.5,0.0
2017-01-17,26.5,32.02,0.0
2017-01-18,26.43,31.06,0.0
2017-01-19,28.55,29.56,0.01
2017-01-20,28.72,39.56,0.0
2017-01-21,28.89,36.96,0.0
2017-01-22,27.8,40.58,0.0
2017-01-23,26.54,29.96,0.0
2017-01-24,26.54,26.44,0.0
2017-01-25,26.12,26.01,0.0
2017-01-26,27.09,24.74,0.0
2017-01-27,27.82,22.99,0.0
2017-01-28,27.53,23.89,0.0
2017-01-29,26.97,23.83,0.0
2017-01-30,27.25,23.31,0.0
2017-01-31,28.77,29.79,0.0
2017-02-01,29.38,41.47,0.0
2017-02-02,30.6,46.88,0.09
2017-02-03,30.49,29.94,0.0
2017-02-04,28.29,26.27,0.0
2017-02-05,27.68,23.81,0.0
2017-02-06,27.47,22.2,0.0
2017-02-07,27.77,19.41,0.0
2017-02-08,27.77,20.33,0.0
2017-02-09,27.54,18.7,0.0
2017-02-10,28.02,17.62,0.0
2017-02-11,28.31,22.25,0.0
2017-02-12,29.16,29.98,0.0
2017-02-13,29.29,18.55,0.0
2017-02-14,28.78,14.6,0.0
2017-02-15,29.31,16.81,0.0
2017-02-16,27.99,17.44,0.0
2017-02-17,27.43,14.42,0.0
2017-02-18,27.04,12.05,0.0
2017-02-19,26.36,11.84,0.0
2017-02-20,26.69,13.99,0.0
2017-02-21,27.97,21.81,0.0
2017-02-22,29.92,18.2,0.0
2017-02-23,31.11,23.12,0.0
2017-02-24,31.41,39.55,0.0
2017-02-25,32.55,41.71,0.11
2017-02-26,30.07,51.53,0.05
2017-02-27,30.54,43.81,0.0
2017-02-28,30.62,30.44,0.0
2017-03-01,30.58,23.66,0.0
2017-03-02,32.5,36.18,0.0
2017-03-03,32.46,36.47,0.0
2017-03-04,31.76,36.48,0.02
2017-03-05,32.0,30.14,0.0
2017-03-06,30.44,18.95,0.03
2017-03-07,30.24,18.37,0.0
2017-03-08,29.65,12.86,0.0
2017-03-09,30.89,17.01,0.0
2017-03-10,31.67,30.45,0.0
2017-03-11,32.96,32.6,0.04
2017-03-12,31.13,17.82,0.0
2017-03-13,31.78,34.31,0.0
2017-03-14,33.1,35.13,0.1
2017-03-15,33.28,37.55,0.01
2017-03-16,32.65,23.9,0.0
2017-03-17,32.56,22.26,0.0
2017-03-18,33.03,38.16,0.13
2017-03-19,33.82,39.45,0.11
2017-03-20,29.5,62.14,22.13
2017-03-21,30.85,51.21,0.01
2017-03-22,29.61,60.64,0.06
2017-03-23,29.59,59.94,1.02
2017-03-24,27.07,73.89,3.7
2017-03-25,29.92,58.27,0.01
2017-03-26,31.29,52.51,0.0
2017-03-27,31.74,52.87,0.22
2017-03-28,32.1,54.06,0.28
2017-03-29,32.03,51.19,0.52
2017-03-30,32.15,48.16,0.11
2017-03-31,32.42,48.6,0.64
2017-04-01,33.08,43.71,0.04
2017-04-02,32.08,50.86,2.9
2017-04-03,28.97,64.47,7.01
2017-04-04,30.96,50.16,0.17
2017-04-05,32.11,49.65,0.3
2017-04-06,31.33,55.02,19.42
2017-04-07,29.13,70.4,22.71
2017-04-08,29.44,67.13,2.75
2017-04-09,30.2,61.95,0.0
2017-04-10,30.0,62.59,0.21
2017-04-11,30.76,59.88,0.0
2017-04-12,30.11,52.5,0.01
2017-04-13,30.06,35.84,0.0
2017-04-14,28.59,42.18,0.0
2017-04-15,30.23,54.07,0.0
2017-04-16,30.88,55.47,3.83
2017-04-17,30.99,50.2,0.02
2017-04-18,32.01,47.85,0.21
2017-04-19,33.38,45.53,0.02
2017-04-20,32.98,51.82,6.95
2017-04-21,30.07,65.06,3.61
2017-04-22,30.1,63.21,2.93
2017-04-23,29.96,61.73,0.57
2017-04-24,30.53,57.97,1.9
2017-04-25,30.47,60.19,0.71
2017-04-26,29.11,69.74,9.95
2017-04-27,30.04,64.8,1.49
2017-04-28,29.36,67.82,1.34
2017-04-29,29.57,66.58,0.82
2017-04-30,30.9,60.73,3.39
2017-05-01,31.07,58.64,2.3
2017-05-02,30.48,62.38,3.35
2017-05-03,29.81,64.88,6.47
2017-05-04,29.47,64.95,2.74
2017-05-05,29.02,67.31,2.92
2017-05-06,30.89,57.41,0.28
2017-05-07,31.48,57.61,0.78
2017-05-08,31.13,59.92,3.85
2017-05-09,32.27,52.66,0.68
2017-05-10,31.79,57.65,7.62
2017-05-11,31.84,55.7,0.94
2017-05-12,29.92,65.21,7.0
2017-05-13,30.45,61.97,1.2
2017-05-14,29.96,63.48,4.58
2017-05-15,29.35,65.43,1.5
2017-05-16,29.26,65.68,2.43
2017-05-17,28.74,68.12,4.06
2017-05-18,28.12,71.9,7.54
2017-05-19,28.62,73.36,13.26
2017-05-20,27.67,79.68,14.31
2017-05-21,28.77,72.34,7.06
2017-05-22,29.96,66.57,0.18
2017-05-23,29.04,73.31,1.25
2017-05-24,27.16,82.08,1.23
2017-05-25,28.25,70.48,5.13
2017-05-26,27.73,71.35,5.07
2017-05-27,26.48,78.2,1.62
2017-05-28,29.12,67.21,0.38
2017-05-29,30.72,62.58,0.63
2017-05-30,28.15,76.31,6.84
2017-05-31,27.59,77.79,8.82
2017-06-01,28.32,70.89,0.48
2017-06-02,30.11,62.37,0.91
2017-06-03,27.87,75.49,10.54
2017-06-04,27.94,75.48,2.47
2017-06-05,27.68,75.72,0.6
2017-06-06,27.82,72.88,1.7
2017-06-07,27.87,73.65,1.55
2017-06-08,29.02,68.29,0.78
2017-06-09,30.42,63.19,0.2
2017-06-10,27.53,78.05,11.49
2017-06-11,26.75,78.64,3.32
2017-06-12,28.14,68.37,2.24
2017-06-13,28.06,71.54,4.15
2017-06-14,27.87,74.26,9.41
2017-06-15,26.79,78.96,7.72
2017-06-16,24.92,85.01,10.98
2017-06-17,25.26,83.06,13.42
2017-06-18,27.18,73.62,0.38
2017-06-19,27.79,72.75,0.78
2017-06-20,25.72,84.5,11.29
2017-06-21,25.03,80.21,18.05
2017-06-22,26.51,72.24,0.0
2017-06-23,28.39,67.48,1.52
2017-06-24,25.82,83.34,9.84
2017-06-25,24.88,87.06,14.35
2017-06-26,26.11,82.11,24.42
2017-06-27,25.79,83.77,3.9
2017-06-28,25.57,83.54,30.85
2017-06-29,25.96,80.43,5.61
2017-06-30,25.75,81.0,2.41
2017-07-01,26.24,79.72,4.23
2017-07-02,26.06,81.03,1.67
2017-07-03,26.96,76.32,2.98
2017-07-04,26.06,82.05,3.85
2017-07-05,25.71,82.82,10.34
2017-07-06,26.0,81.21,5.7
2017-07-07,25.97,81.56,0.85
2017-07-08,26.85,77.3,2.23
2017-07-09,25.89,83.36,6.48
2017-07-10,25.63,82.34,1.16
2017-07-11,25.12,80.19,2.74
2017-07-12,26.19,76.15,0.26
2017-07-13,26.9,75.55,2.21
2017-07-14,25.46,83.4,9.34
2017-07-15,25.88,78.01,3.5
2017-07-16,26.37,78.52,5.89
2017-07-17,26.49,77.11,2.1
2017-07-18,26.95,77.17,3.41
2017-07-19,26.37,82.07,4.77
2017-07-20,26.61,77.88,6.94
2017-07-21,26.56,78.77,2.37
2017-07-22,26.98,78.25,1.78
2017-07-23,26.48,77.79,14.2
2017-07-24,26.16,81.11,5.83
2017-07-25,26.3,83.47,2.57
2017-07-26,26.17,84.19,2.84
2017-07-27,26.53,81.96,5.8
2017-07-28,26.88,80.19,2.23
2017-07-29,26.1,80.23,2.95
2017-07-30,26.22,77.27,1.39
2017-07-31,27.0,74.4,2.61
2017-08-01,27.03,78.21,2.01
2017-08-02,26.79,77.42,1.97
2017-08-03,25.08,84.63,6.99
2017-08-04,26.31,79.36,2.88
2017-08-05,25.99,81.42,5.12
2017-08-06,25.61,80.43,7.86
2017-08-07,25.52,81.55,2.04
2017-08-08,24.89,84.86,14.64
2017-08-09,25.97,78.82,3.75
2017-08-10,27.17,74.12,1.52
2017-08-11,25.57,83.05,9.47
2017-08-12,26.22,80.72,3.28
2017-08-13,27.28,74.8,2.54
2017-08-14,26.79,78.84,3.63
2017-08-15,25.74,81.64,5.22
2017-08-16,25.8,80.15,0.51
2017-08-17,26.09,79.9,3.52
2017-08-18,25.68,80.65,6.39
2017-08-19,25.79,79.13,1.49
2017-08-20,26.61,77.19,0.37
2017-08-21,25.37,85.14,2.64
2017-08-22,24.26,89.91,6.92
2017-08-23,25.28,79.63,0.39
2017-08-24,25.54,77.96,0.69
2017-08-25,26.57,79.58,6.19
2017-08-26,24.89,85.34,4.52
2017-08-27,25.11,83.05,7.1
2017-08-28,26.03,81.63,1.93
2017-08-29,27.51,73.63,1.09
2017-08-30,25.72,84.23,3.49
2017-08-31,25.63,82.76,1.71
2017-09-01,25.65,82.54,3.39
2017-09-02,26.32,77.69,0.72
2017-09-03,27.0,76.56,1.96
2017-09-04,25.4,84.48,11.49
2017-09-05,26.49,73.63,1.94
2017-09-06,27.74,70.04,0.57
2017-09-07,25.93,83.28,7.29
2017-09-08,25.28,82.41,0.96
2017-09-09,25.22,81.75,2.77
2017-09-10,27.33,74.35,2.08
2017-09-11,26.7,79.69,2.54
2017-09-12,26.54,79.84,4.42
2017-09-13,26.92,78.38,1.17
2017-09-14,27.14,76.17,1.36
2017-09-15,27.72,73.14,1.03
2017-09-16,26.4,79.42,2.7
2017-09-17,25.5,83.06,12.35
2017-09-18,26.87,79.43,0.9
2017-09-19,28.07,74.0,0.29
2017-09-20,28.01,75.84,2.41
2017-09-21,26.7,77.81,4.55
2017-09-22,25.52,76.87,15.49
2017-09-23,23.92,86.34,7.05
2017-09-24,26.02,78.94,0.36
2017-09-25,26.85,77.05,2.28
2017-09-26,26.3,82.32,1.27
2017-09-27,26.72,77.79,0.67
2017-09-28,26.96,76.38,0.73
2017-09-29,26.79,79.39,14.16
2017-09-30,26.96,76.38,0.23
2017-10-01,26.71,78.81,9.86
2017-10-02,26.77,81.27,10.61
2017-10-03,26.84,79.17,1.31
2017-10-04,26.77,79.4,0.69
2017-10-05,26.39,79.21,2.29
2017-10-06,25.49,84.92,6.75
2017-10-07,26.62,79.97,1.88
2017-10-08,26.13,82.9,0.99
2017-10-09,27.2,73.67,1.85
2017-10-10,27.03,73.03,0.07
2017-10-11,26.85,76.63,0.28
2017-10-12,26.67,77.4,0.21
2017-10-13,26.45,76.54,0.72
2017-10-14,26.88,72.65,0.26
2017-10-15,26.92,74.04,0.4
2017-10-16,27.22,65.02,0.02
2017-10-17,26.82,62.41,0.11
2017-10-18,26.99,59.94,0.0
2017-10-19,27.28,66.1,0.01
2017-10-20,27.37,64.97,0.0
2017-10-21,27.7,62.91,0.0
2017-10-22,28.26,60.71,0.02
2017-10-23,28.9,60.6,0.1
2017-10-24,29.13,59.08,0.03
2017-10-25,29.31,59.85,0.35
2017-10-26,28.69,64.1,0.33
2017-10-27,29.0,55.06,0.01
2017-10-28,27.31,54.33,0.0
2017-10-29,26.12,55.9,0.0
2017-10-30,28.27,58.03,0.0
2017-10-31,28.38,57.94,0.0
2017-11-01,27.43,57.35,0.0
2017-11-02,28.81,51.61,0.04
2017-11-03,29.45,55.93,0.0
2017-11-04,29.56,58.16,0.23
2017-11-05,28.63,64.36,1.15
2017-11-06,28.0,64.49,0.75
2017-11-07,27.41,61.34,0.0
2017-11-08,26.7,47.97,0.0
2017-11-09,26.5,51.03,0.0
2017-11-10,27.48,49.15,0.0
2017-11-11,26.91,48.64,0.0
2017-11-12,26.38,46.56,0.0
2017-11-13,27.7,50.75,0.02
2017-11-14,28.27,48.77,0.38
2017-11-15,28.28,45.46,0.58
2017-11-16,28.36,48.68,0.47
2017-11-17,28.88,48.79,0.02
2017-11-18,29.63,51.51,0.03
2017-11-19,30.15,52.86,0.3
2017-11-20,27.7,67.1,2.37
2017-11-21,28.78,59.93,0.59
2017-11-22,28.93,55.97,0.0
2017-11-23,27.53,56.34,0.0
2017-11-24,27.88,58.68,0.01
2017-11-25,27.13,52.6,0.03
2017-11-26,26.65,44.4,0.0
2017-11-27,26.06,44.97,0.0
2017-11-28,26.46,40.95,0.0
2017-11-29,26.23,36.56,0.0
2017-11-30,27.23,41.67,0.0
2017-12-01,27.33,41.49,0.0
2017-12-02,27.02,40.87,0.0
2017-12-03,26.86,36.59,0.0
2017-12-04,27.43,35.34,0.0
2017-12-05,26.11,38.83,0.0
2017-12-06,26.21,32.49,0.0
2017-12-07,26.2,38.33,0.01
2017-12-08,26.64,35.06,0.0
2017-12-09,25.64,38.93,0.0
2017-12-10,24.45,33.98,0.0
2017-12-11,24.3,28.42,0.0
2017-12-12,26.11,35.97,0.0
2017-12-13,27.45,45.26,0.0
2017-12-14,27.6,47.54,0.0
2017-12-15,28.4,36.39,0.0
2017-12-16,28.22,33.33,0.0
2017-12-17,27.65,32.24,0.0
2017-12-18,28.06,29.83,0.0
2017-12-19,27.56,34.41,0.0
2017-12-20,27.04,29.2,0.0
2017-12-21,25.2,28.81,0.0
2017-12-22,24.94,27.69,0.0
2017-12-23,24.92,26.08,0.0
2017-12-24,25.69,28.04,0.0
2017-12-25,26.44,33.65,0.0
2017-12-26,26.34,35.93,0.0
2017-12-27,26.34,32.52,0.0
2017-12-28,26.22,33.95,0.0
2017-12-29,26.45,31.83,0.0
2017-12-30,26.31,29.11,0.0
2017-12-31,25.33,22.29,0.0
2018-01-01,25.23,25.43,0.0
2018-01-02,24.94,25.39,0.0
2018-01-03,24.8,26.51,0.0
2018-01-04,25.11,26.08,0.0
2018-01-05,24.79,23.19,0.0
2018-01-06,25.12,21.23,0.0
2018-01-07,25.76,27.09,0.0
2018-01-08,27.39,28.04,0.0
2018-01-09,26.5,19.89,0.0
2018-01-10,25.64,17.09,0.0
2018-01-11,24.46,16.07,0.0
2018-01-12,24.26,16.98,0.0
2018-01-13,24.17,16.3,0.0
2018-01-14,24.09,16.07,0.0
2018-01-15,25.33,19.53,0.0
2018-01-16,27.32,23.98,0.0
2018-01-17,27.3,31.41,0.0
2018-01-18,27.19,22.58,0.0
2018-01-19,26.16,13.08,0.0
2018-01-20,25.18,14.46,0.0
2018-01-21,25.46,17.18,0.0
2018-01-22,25.41,14.19,0.0
2018-01-23,24.71,14.38,0.0
2018-01-24,24.72,16.5,0.0
2018-01-25,24.67,17.11,0.0
2018-01-26,26.15,20.01,0.0
2018-01-27,27.04,25.16,0.0
2018-01-28,26.84,26.94,0.0
2018-01-29,28.37,25.22,0.0
2018-01-30,26.9,18.29,0.0
2018-01-31,26.22,17.56,0.0
2018-02-01,27.85,23.31,0.0
2018-02-02,29.23,28.25,0.0
2018-02-03,30.65,30.47,0.02
2018-02-04,30.15,21.23,0.0
2018-02-05,29.69,17.57,0.0
2018-02-06,29.8,17.6,0.0
2018-02-07,28.97,19.02,0.0
2018-02-08,29.4,19.37,0.0
2018-02-09,29.66,19.35,0.0
2018-02-10,29.14,20.47,0.0
2018-02-11,28.45,15.86,0.0
2018-02-12,27.59,14.04,0.0
2018-02-13,28.06,15.51,0.0
2018-02-14,29.59,16.33,0.0
2018-02-15,30.49,16.18,0.0
2018-02-16,30.83,12.91,0.0
2018-02-17,30.67,15.36,0.0
2018-02-18,31.45,24.83,0.0
2018-02-19,32.56,41.68,0.9
2018-02-20,29.26,58.35,8.28
2018-02-21,27.53,72.57,6.33
2018-02-22,29.4,61.42,0.01
2018-02-23,29.71,58.14,2.34
2018-02-24,26.34,79.6,14.05
2018-02-25,26.69,73.19,0.57
2018-02-26,27.01,66.2,1.22
2018-02-27,28.05,64.77,0.05
2018-02-28,27.92,64.89,0.0
2018-03-01,29.64,57.08,0.0
2018-03-02,29.62,48.52,0.0
2018-03-03,29.56,41.04,0.0
2018-03-04,30.7,31.95,0.0
2018-03-05,30.95,46.38,0.04
2018-03-06,32.23,43.84,0.02
2018-03-07,31.29,46.58,0.61
2018-03-08,31.29,46.87,0.04
2018-03-09,32.73,36.77,0.0
2018-03-10,32.1,43.01,0.0
2018-03-11,30.65,53.48,0.01
2018-03-12,31.1,51.92,1.44
2018-03-13,31.67,51.21,1.02
2018-03-14,31.87,49.23,0.49
2018-03-15,31.95,48.56,0.98
2018-03-16,29.1,61.76,3.77
2018-03-17,28.63,64.39,3.05
2018-03-18,28.08,66.86,6.06
2018-03-19,29.79,58.29,0.05
2018-03-20,29.36,62.04,4.04
2018-03-21,29.2,62.68,2.33
2018-03-22,27.09,77.65,22.44
2018-03-23,27.8,65.14,14.44
2018-03-24,26.93,57.4,0.36
2018-03-25,28.83,40.13,0.0
2018-03-26,29.36,32.96,0.0
2018-03-27,28.84,49.82,0.04
2018-03-28,29.07,45.68,7.0
2018-03-29,29.56,64.14,0.07
2018-03-30,29.56,63.31,1.11
2018-03-31,27.91,72.78,10.14
2018-04-01,29.44,53.37,1.48
2018-04-02,28.82,44.86,0.0
2018-04-03,28.96,55.05,0.0
2018-04-04,30.67,55.54,0.78
2018-04-05,30.15,60.17,0.88
2018-04-06,30.66,57.34,0.06
2018-04-07,30.98,56.88,0.86
2018-04-08,29.09,63.4,4.78
2018-04-09,27.9,69.0,1.21
2018-04-10,29.6,57.72,1.47
2018-04-11,30.25,57.15,0.56
2018-04-12,30.11,58.1,1.12
2018-04-13,29.69,61.03,2.81
2018-04-14,28.88,65.28,3.05
2018-04-15,29.57,61.99,2.42
2018-04-16,29.86,59.56,0.93
2018-04-17,31.53,54.41,0.52
2018-04-18,30.82,59.75,0.75
2018-04-19,28.48,71.66,6.87
2018-04-20,28.75,67.82,1.33
2018-04-21,28.68,65.65,0.14
2018-04-22,30.45,57.22,1.05
2018-04-23,30.98,58.76,1.92
2018-04-24,31.25,58.22,1.75
2018-04-25,29.28,67.89,5.92
2018-04-26,27.81,69.22,8.26
2018-04-27,30.52,58.71,0.07
2018-04-28,31.1,57.29,0.02
2018-04-29,30.72,57.32,0.03
2018-04-30,29.04,67.28,0.25
2018-05-01,31.34,57.19,1.54
2018-05-02,30.24,62.23,0.53
2018-05-03,30.22,61.52,0.22
2018-05-04,29.89,60.32,2.08
2018-05-05,30.47,62.73,14.03
2018-05-06,28.2,73.07,6.58
2018-05-07,29.23,66.9,0.07
2018-05-08,29.43,65.27,0.08
2018-05-09,28.43,71.47,2.32
2018-05-10,27.85,75.69,36.22
2018-05-11,26.44,73.59,4.09
2018-05-12,25.31,76.66,0.44
2018-05-13,28.61,62.07,0.03
2018-05-14,28.92,65.85,0.02
2018-05-15,28.84,65.52,0.78
2018-05-16,28.98,67.03,3.85
2018-05-17,26.92,76.84,6.46
2018-05-18,28.22,69.77,0.79
2018-05-19,29.16,62.16,0.34
2018-05-20,30.46,59.34,0.5
2018-05-21,30.16,62.77,1.9
2018-05-22,29.86,65.4,1.14
2018-05-23,28.01,75.88,4.11
2018-05-24,26.87,75.78,1.85
2018-05-25,29.58,63.5,0.89
2018-05-26,29.29,65.56,4.86
2018-05-27,27.5,75.29,4.52
2018-05-28,26.77,73.31,1.19
2018-05-29,29.14,65.59,0.7
2018-05-30,27.77,72.87,3.17
2018-05-31,27.43,77.83,16.0
2018-06-01,28.15,74.0,3.63
2018-06-02,28.57,71.29,3.46
2018-06-03,27.49,73.48,5.73
2018-06-04,28.15,70.75,2.87
2018-06-05,28.33,71.34,3.02
2018-06-06,28.38,71.61,4.13
2018-06-07,28.61,71.8,9.73
2018-06-08,28.59,72.87,1.48
2018-06-09,28.62,72.88,4.37
2018-06-10,27.07,79.93,7.54
2018-06-11,27.0,75.57,2.62
2018-06-12,28.19,70.82,2.68
2018-06-13,29.06,68.06,0.75
2018-06-14,28.27,73.5,5.53
2018-06-15,28.19,74.48,1.28
2018-06-16,27.17,76.35,0.57
2018-06-17,27.82,68.83,1.17
2018-06-18,27.12,74.92,5.59
2018-06-19,25.99,74.91,1.43
2018-06-20,26.41,72.78,0.63
2018-06-21,26.13,79.27,6.13
2018-06-22,25.3,79.89,0.46
2018-06-23,26.42,75.81,2.46
2018-06-24,24.63,88.33,24.86
2018-06-25,25.82,82.04,12.92
2018-06-26,26.8,79.35,6.15
2018-06-27,26.1,78.42,8.79
2018-06-28,25.72,80.26,3.45
2018-06-29,26.24,77.69,0.53
2018-06-30,26.44,77.94,4.06
2018-07-01,25.12,82.5,13.13
2018-07-02,24.5,84.09,8.58
2018-07-03,25.4,82.58,7.52
2018-07-04,26.38,79.89,3.29
2018-07-05,25.47,83.11,5.29
2018-07-06,24.98,87.48,20.81
2018-07-07,24.96,82.61,2.01
2018-07-08,25.73,78.96,0.57
2018-07-09,25.9,79.69,2.9
2018-07-10,26.4,79.13,2.76
2018-07-11,25.38,83.17,5.45
2018-07-12,25.11,84.56,18.21
2018-07-13,25.0,85.81,2.52
2018-07-14,26.56,78.49,1.82
2018-07-15,26.26,79.16,0.61
2018-07-16,25.75,81.26,3.14
2018-07-17,25.48,83.36,47.65
2018-07-18,24.79,88.44,97.27
2018-07-19,25.86,79.79,1.08
2018-07-20,25.84,83.77,8.29
2018-07-21,25.07,87.93,15.16
2018-07-22,24.74,86.97,2.76
2018-07-23,26.09,84.48,4.1
2018-07-24,25.97,86.68,5.73
2018-07-25,24.81,88.72,6.47
2018-07-26,23.93,87.71,14.11
2018-07-27,24.59,85.25,21.42
2018-07-28,24.79,82.67,1.99
2018-07-29,25.83,82.96,4.84
2018-07-30,24.59,87.52,2.22
2018-07-31,25.09,83.29,2.99
2018-08-01,25.68,81.65,2.38
2018-08-02,25.68,83.26,6.72
2018-08-03,24.69,86.99,4.74
2018-08-04,24.51,86.52,7.63
2018-08-05,25.1,83.3,0.6
2018-08-06,25.65,83.14,0.92
2018-08-07,24.27,91.24,13.24
2018-08-08,24.58,83.92,0.96
2018-08-09,24.76,81.93,1.08
2018-08-10,25.43,83.84,6.61
2018-08-11,25.46,85.27,3.23
2018-08-12,25.69,80.86,0.58
2018-08-13,24.9,82.49,4.19
2018-08-14,24.66,84.29,3.57
2018-08-15,25.89,80.13,1.36
2018-08-16,26.25,80.64,0.74
2018-08-17,25.11,87.57,3.42
2018-08-18,24.36,92.91,3.73
2018-08-19,24.37,87.45,10.18
2018-08-20,24.96,82.67,2.68
2018-08-21,25.04,82.62,3.06
2018-08-22,24.71,83.47,2.63
2018-08-23,25.53,83.88,2.3
2018-08-24,25.49,86.05,7.82
2018-08-25,24.84,88.72,26.82
2018-08-26,24.43,87.85,15.18
2018-08-27,25.17,84.94,3.05
2018-08-28,24.6,88.47,9.56
2018-08-29,24.09,84.9,3.62
2018-08-30,25.12,83.11,4.24
2018-08-31,24.69,89.82,11.28
2018-09-01,24.12,91.15,87.13
2018-09-02,24.2,84.51,18.45
2018-09-03,25.13,84.38,5.55
2018-09-04,24.21,92.11,25.35
2018-09-05,25.06,88.45,12.85
2018-09-06,25.31,86.53,6.02
2018-09-07,24.57,90.33,15.59
2018-09-08,24.63,87.41,5.21
2018-09-09,24.73,89.27,4.31
2018-09-10,24.28,90.48,4.8
2018-09-11,24.71,84.56,8.97
2018-09-12,24.1,87.56,10.54
2018-09-13,25.18,83.78,2.7
2018-09-14,25.24,84.65,1.49
2018-09-15,25.85,80.9,1.45
2018-09-16,24.42,90.56,8.8
2018-09-17,25.42,86.33,3.87
2018-09-18,25.11,87.71,1.31
2018-09-19,25.48,87.4,1.43
2018-09-20,25.93,86.78,1.57
2018-09-21,25.95,86.73,0.83
2018-09-22,24.33,92.75,4.85
2018-09-23,24.95,89.56,11.68
2018-09-24,25.58,83.48,4.34
2018-09-25,26.3,83.37,6.65
2018-09-26,24.93,90.86,7.68
2018-09-27,25.68,85.21,2.32
2018-09-28,25.88,83.78,3.82
2018-09-29,26.32,82.14,5.38
2018-09-30,26.46,80.28,5.98
2018-10-01,25.34,84.75,3.36
2018-10-02,26.23,80.99,5.38
2018-10-03,26.39,80.95,2.13
2018-10-04,26.38,82.69,2.75
2018-10-05,25.71,84.45,5.46
2018-10-06,25.35,85.55,4.68
2018-10-07,25.88,86.72,0.4
2018-10-08,25.47,87.93,2.2
2018-10-09,25.3,86.04,1.52
2018-10-10,25.9,81.89,0.62
2018-10-11,26.24,80.84,2.81
2018-10-12,26.13,80.61,0.75
2018-10-13,25.6,81.0,4.15
2018-10-14,26.09,76.52,0.87
2018-10-15,26.38,78.15,3.04
2018-10-16,25.76,83.46,0.98
2018-10-17,26.14,84.14,0.59
2018-10-18,26.14,81.89,0.35
2018-10-19,26.47,80.34,0.64
2018-10-20,27.51,75.31,1.08
2018-10-21,27.46,74.02,0.33
2018-10-22,27.38,73.0,0.02
2018-10-23,26.27,80.75,0.08
2018-10-24,26.99,78.45,0.24
2018-10-25,26.86,81.61,0.53
2018-10-26,27.06,80.12,0.71
2018-10-27,26.81,81.0,3.19
2018-10-28,26.6,81.79,2.89
2018-10-29,26.05,82.57,1.28
2018-10-30,26.72,77.98,1.1
2018-10-31,26.11,75.8,1.22
2018-11-01,25.41,73.09,0.15
2018-11-02,27.09,72.07,0.06
2018-11-03,26.68,76.63,0.2
2018-11-04,26.45,78.31,0.01
2018-11-05,26.29,78.05,0.16
2018-11-06,27.42,72.68,0.02
2018-11-07,27.17,74.11,0.03
2018-11-08,26.54,79.18,0.07
2018-11-09,26.83,76.55,0.02
2018-11-10,26.98,73.41,0.01
2018-11-11,26.07,75.64,0.0
2018-11-12,26.77,64.58,0.0
2018-11-13,27.23,52.39,0.0
2018-11-14,26.43,67.52,0.0
2018-11-15,26.47,68.23,0.0
2018-11-16,26.31,72.58,0.0
2018-11-17,26.94,71.34,0.26
2018-11-18,26.98,75.59,1.78
2018-11-19,27.18,73.93,1.67
2018-11-20,25.11,75.68,0.33
2018-11-21,26.7,57.55,0.0
2018-11-22,26.2,58.16,0.0
2018-11-23,25.41,59.27,0.0
2018-11-24,26.47,58.79,0.0
2018-11-25,26.47,61.34,0.0
2018-11-26,23.31,60.43,0.0
2018-11-27,24.88,57.54,0.0
2018-11-28,25.48,59.45,0.0
2018-11-29,25.46,63.12,0.0
2018-11-30,23.95,55.41,0.0
2018-12-01,23.69,53.47,0.0
2018-12-02,23.85,56.8,0.0
2018-12-03,23.88,53.48,0.0
2018-12-04,24.15,57.05,0.0
2018-12-05,24.2,63.19,0.0
2018-12-06,23.82,56.87,0.0
2018-12-07,23.59,53.74,0.0
2018-12-08,23.19,53.42,0.0
2018-12-09,23.11,52.35,0.0
2018-12-10,23.09,54.31,0.0
2018-12-11,23.07,52.93,0.0
2018-12-12,23.1,51.63,0.0
2018-12-13,23.81,51.83,0.0
2018-12-14,23.33,52.33,0.0
2018-12-15,23.61,52.18,0.0
2018-12-16,23.19,52.37,0.0
2018-12-17,24.25,52.31,0.0
2018-12-18,24.26,55.46,0.0
2018-12-19,23.69,52.95,0.0
2018-12-20,23.51,52.65,0.0
2018-12-21,22.98,50.17,0.0
2018-12-22,22.47,52.01,0.0
2018-12-23,21.94,49.31,0.0
2018-12-24,20.99,46.42,0.0
2018-12-25,20.71,47.46,0.0
2018-12-26,20.86,49.83,0.0
2018-12-27,21.41,49.83,0.0
2018-12-28,22.34,48.3,0.0
2018-12-29,23.21,46.64,0.0
2018-12-30,23.56,50.71,0.0
2018-12-31,23.12,48.71,0.0
2019-01-01,23.74,44.42,0.0
2019-01-02,23.82,45.9,0.0
2019-01-03,23.89,49.88,0.0
2019-01-04,23.74,44.7,0.0
2019-01-05,22.12,40.59,0.0
2019-01-06,22.38,39.79,0.0
2019-01-07,22.19,44.05,0.0
2019-01-08,21.27,43.3,0.0
2019-01-09,23.11,41.01,0.0
2019-01-10,24.44,40.37,0.0
2019-01-11,24.49,41.22,0.0
2019-01-12,25.29,38.76,0.0
2019-01-13,25.27,38.65,0.0
2019-01-14,24.55,35.51,0.0
2019-01-15,25.01,36.84,0.0
2019-01-16,25.4,36.21,0.0
2019-01-17,26.59,37.67,0.0
2019-01-18,27.32,60.3,0.12
2019-01-19,26.75,46.18,0.67
2019-01-20,24.85,37.14,0.0
2019-01-21,24.97,36.68,0.0
2019-01-22,24.8,32.5,0.0
2019-01-23,24.56,31.27,0.0
2019-01-24,25.48,33.12,0.0
2019-01-25,26.76,37.22,0.0
2019-01-26,25.24,31.07,0.0
2019-01-27,23.75,28.52,0.0
2019-01-28,24.58,29.37,0.0
2019-01-29,25.85,32.44,0.0
2019-01-30,26.13,29.78,0.0
2019-01-31,27.45,39.11,0.0
2019-02-01,28.12,50.28,0.05
2019-02-02,29.76,53.08,0.23
2019-02-03,29.62,54.21,0.9
2019-02-04,30.0,46.81,0.17
2019-02-05,28.67,41.96,0.03
2019-02-06,27.41,33.74,0.0
2019-02-07,27.18,28.81,0.0
2019-02-08,26.79,25.97,0.0
2019-02-09,26.38,20.06,0.0
2019-02-10,26.15,19.66,0.0
2019-02-11,26.38,18.81,0.0
2019-02-12,26.13,18.39,0.0
2019-02-13,26.51,18.91,0.0
2019-02-14,26.8,22.6,0.0
2019-02-15,26.8,22.07,0.0
2019-02-16,27.11,19.78,0.0
2019-02-17,27.28,23.72,0.0
2019-02-18,28.8,25.35,0.0
2019-02-19,28.59,44.95,0.0
2019-02-20,28.87,50.7,0.0
2019-02-21,31.08,42.12,0.0
2019-02-22,29.53,24.29,0.0
2019-02-23,28.23,18.12,0.0
2019-02-24,27.2,20.76,0.0
2019-02-25,27.51,19.93,0.0
2019-02-26,27.33,18.47,0.0
2019-02-27,26.99,14.78,0.0
2019-02-28,27.31,13.4,0.0
2019-03-01,26.09,17.36,0.0
2019-03-02,27.46,18.0,0.0
2019-03-03,28.74,18.78,0.0
2019-03-04,29.71,17.27,0.0
2019-03-05,30.59,19.31,0.0
2019-03-06,30.0,18.43,0.0
2019-03-07,31.53,45.38,0.16
2019-03-08,32.26,41.66,0.0
2019-03-09,30.1,38.58,2.3
2019-03-10,30.3,47.56,2.94
2019-03-11,30.45,40.92,0.05
2019-03-12,30.29,28.78,0.0
2019-03-13,30.6,22.05,0.0
2019-03-14,31.29,27.06,0.0
2019-03-15,31.84,37.85,0.0
2019-03-16,32.78,36.85,0.0
2019-03-17,31.78,49.3,1.41
2019-03-18,32.95,42.76,0.01
2019-03-19,32.97,43.49,0.36
2019-03-20,29.28,60.09,2.48
2019-03-21,30.48,57.86,1.47
2019-03-22,30.52,43.38,0.0
2019-03-23,31.22,23.38,0.0
2019-03-24,31.39,23.3,0.0
2019-03-25,32.01,29.86,0.28
2019-03-26,32.31,47.78,1.03
2019-03-27,30.74,58.58,21.6
2019-03-28,32.12,51.1,0.0
2019-03-29,30.54,59.68,0.05
2019-03-30,30.52,62.43,4.5
2019-03-31,29.2,68.53,9.17
2019-04-01,29.77,66.38,0.08
2019-04-02,31.04,60.4,0.05
2019-04-03,31.26,59.32,0.2
2019-04-04,31.01,59.21,0.41
2019-04-05,29.28,67.42,1.88
2019-04-06,31.07,56.66,0.01
2019-04-07,31.74,46.76,0.0
2019-04-08,31.23,53.2,0.21
2019-04-09,31.78,48.65,0.01
2019-04-10,32.56,49.75,0.02
2019-04-11,30.08,60.92,3.53
2019-04-12,30.65,54.49,0.11
2019-04-13,30.99,47.09,0.31
2019-04-14,31.64,53.09,1.68
2019-04-15,31.45,55.15,0.35
2019-04-16,31.53,52.36,1.23
2019-04-17,31.02,57.39,1.38
2019-04-18,32.55,52.02,3.8
2019-04-19,30.4,63.87,2.47
2019-04-20,29.64,69.64,11.9
2019-04-21,30.26,66.62,2.29
2019-04-22,29.17,71.44,7.3
2019-04-23,29.02,68.2,0.02
2019-04-24,29.47,67.13,0.01
2019-04-25,28.65,68.34,1.07
2019-04-26,31.35,60.27,2.52
2019-04-27,31.71,60.65,0.0
2019-04-28,32.18,59.41,0.5
2019-04-29,31.18,63.74,7.62
2019-04-30,28.9,76.88,8.92
2019-05-01,28.5,76.52,12.38
2019-05-02,28.81,71.89,0.82
2019-05-03,29.03,70.94,0.46
2019-05-04,27.91,76.73,17.88
2019-05-05,29.59,68.44,0.31
2019-05-06,30.57,63.38,0.01
2019-05-07,28.62,76.11,4.17
2019-05-08,28.67,72.91,2.66
2019-05-09,28.83,71.07,2.93
2019-05-10,28.92,73.32,18.87
2019-05-11,28.4,76.9,8.82
2019-05-12,28.67,74.07,2.12
2019-05-13,28.42,71.54,2.21
2019-05-14,27.89,74.17,5.86
2019-05-15,27.59,74.74,15.78
2019-05-16,25.65,80.33,15.97
2019-05-17,28.07,72.15,0.2
2019-05-18,28.14,74.95,2.98
2019-05-19,28.39,72.35,0.27
2019-05-20,27.24,79.09,7.92
2019-05-21,27.82,75.92,14.73
2019-05-22,27.3,81.51,43.21
2019-05-23,27.89,79.77,3.07
2019-05-24,26.83,80.65,4.66
2019-05-25,27.74,74.29,2.41
2019-05-26,27.95,75.77,1.38
2019-05-27,28.05,74.56,6.24
2019-05-28,27.72,77.42,2.94
2019-05-29,27.99,75.26,7.28
2019-05-30,28.68,74.23,6.99
2019-05-31,28.04,77.12,2.21
2019-06-01,26.38,82.05,3.35
2019-06-02,27.77,74.31,0.44
2019-06-03,27.76,74.69,1.39
2019-06-04,26.16,84.41,16.6
2019-06-05,26.56,83.51,7.06
2019-06-06,26.85,80.72,0.7
2019-06-07,26.31,84.11,9.25
2019-06-08,27.04,79.22,1.14
2019-06-09,27.44,77.99,1.34
2019-06-10,25.91,85.94,7.04
2019-06-11,26.23,82.09,3.74
2019-06-12,27.33,77.63,1.73
2019-06-13,28.26,75.1,1.09
2019-06-14,27.47,79.02,7.99
2019-06-15,27.16,79.49,0.85
2019-06-16,27.41,78.75,4.01
2019-06-17,28.5,73.54,0.12
2019-06-18,28.23,75.02,0.47
2019-06-19,28.86,71.68,0.03
2019-06-20,29.22,70.17,2.66
2019-06-21,27.47,80.35,4.05
2019-06-22,26.33,85.82,26.07
2019-06-23,26.23,84.48,16.52
2019-06-24,26.65,80.29,8.36
2019-06-25,26.51,79.6,3.87
2019-06-26,26.61,78.25,0.44
2019-06-27,26.6,80.74,4.33
2019-06-28,27.19,75.14,2.84
2019-06-29,26.23,81.55,3.47
2019-06-30,27.3,77.73,13.2
2019-07-01,27.34,79.59,13.7
2019-07-02,27.16,76.01,4.83
2019-07-03,27.5,73.62,2.52
2019-07-04,27.02,79.68,6.1
2019-07-05,25.73,81.96,5.78
2019-07-06,26.48,75.33,1.33
2019-07-07,26.96,78.87,2.43
2019-07-08,26.49,82.23,2.47
2019-07-09,25.41,83.28,4.85
2019-07-10,25.29,78.72,2.38
2019-07-11,26.78,75.36,0.21
2019-07-12,26.51,77.75,3.17
2019-07-13,25.96,80.58,3.7
2019-07-14,26.64,77.34,4.3
2019-07-15,27.03,75.48,4.4
2019-07-16,26.0,78.83,14.65
2019-07-17,26.6,77.14,5.45
2019-07-18,26.33,80.69,9.67
2019-07-19,26.16,81.54,12.64
2019-07-20,25.93,80.8,2.0
2019-07-21,24.83,83.8,5.81
2019-07-22,25.8,80.12,0.89
2019-07-23,25.62,82.82,16.51
2019-07-24,25.13,84.99,13.6
2019-07-25,26.39,80.05,12.68
2019-07-26,26.35,82.93,10.59
2019-07-27,26.29,79.28,4.17
2019-07-28,25.92,82.32,5.35
2019-07-29,25.44,84.98,16.44
2019-07-30,25.14,83.87,0.71
2019-07-31,26.22,80.69,5.9
2019-08-01,26.12,85.03,7.73
2019-08-02,25.65,84.77,6.36
2019-08-03,25.38,81.63,1.22
2019-08-04,26.35,79.04,0.16
2019-08-05,25.29,86.6,2.08
2019-08-06,25.0,86.41,10.43
2019-08-07,25.03,84.21,1.73
2019-08-08,24.63,88.45,8.15
2019-08-09,24.63,86.65,4.26
2019-08-10,25.46,83.6,3.16
2019-08-11,25.32,83.29,0.6
2019-08-12,25.75,81.93,1.04
2019-08-13,26.82,79.25,0.71
2019-08-14,26.62,81.1,4.47
2019-08-15,26.13,81.43,3.22
2019-08-16,26.07,80.76,3.4
2019-08-17,25.19,85.39,10.53
2019-08-18,25.79,81.37,1.48
2019-08-19,25.49,86.15,4.87
2019-08-20,24.2,90.66,26.33
2019-08-21,24.49,87.19,6.51
2019-08-22,24.11,88.62,6.79
2019-08-23,24.5,88.77,46.27
2019-08-24,24.34,87.48,3.3
2019-08-25,24.69,83.87,0.6
2019-08-26,24.78,82.4,0.98
2019-08-27,24.92,84.61,3.34
2019-08-28,25.12,87.55,12.93
2019-08-29,24.26,88.56,4.84
2019-08-30,25.27,84.95,3.08
2019-08-31,25.64,84.81,6.75
2019-09-01,25.3,86.53,6.36
2019-09-02,25.39,85.65,8.44
2019-09-03,25.12,86.68,17.29
2019-09-04,25.98,83.55,3.34
2019-09-05,26.91,79.92,3.15
2019-09-06,25.73,86.26,4.56
2019-09-07,25.13,87.32,7.28
2019-09-08,24.61,92.45,21.34
2019-09-09,24.79,88.21,8.92
2019-09-10,25.2,86.74,7.53
2019-09-11,25.43,84.91,3.33
2019-09-12,26.16,80.5,0.91
2019-09-13,26.27,84.86,6.46
2019-09-14,26.0,86.89,10.13
2019-09-15,26.57,80.75,4.19
2019-09-16,26.45,80.82,8.42
2019-09-17,25.95,85.37,11.59
2019-09-18,25.49,84.12,7.74
2019-09-19,25.31,87.07,4.13
2019-09-20,25.49,86.83,2.67
2019-09-21,25.41,87.57,6.92
2019-09-22,26.59,80.13,3.97
2019-09-23,26.48,79.74,4.32
2019-09-24,26.5,79.11,0.47
2019-09-25,26.61,79.51,1.07
2019-09-26,26.32,83.24,5.06
2019-09-27,25.97,86.33,9.23
2019-09-28,24.8,91.68,3.17
2019-09-29,26.52,78.22,0.16
2019-09-30,27.22,75.7,0.28
2019-10-01,25.85,85.21,12.61
2019-10-02,25.72,84.36,4.23
2019-10-03,26.14,83.28,3.13
2019-10-04,26.85,78.24,1.62
2019-10-05,25.8,81.73,5.54
2019-10-06,25.38,84.51,9.7
2019-10-07,25.7,85.7,6.54
2019-10-08,24.75,90.47,5.7
2019-10-09,25.24,87.09,2.61
2019-10-10,25.15,89.24,4.01
2019-10-11,24.66,94.12,36.62
2019-10-12,24.84,90.38,61.14
2019-10-13,24.84,86.33,4.74
2019-10-14,26.34,79.82,0.19
2019-10-15,25.87,86.43,12.04
2019-10-16,26.1,85.01,0.87
2019-10-17,26.09,82.38,1.92
2019-10-18,27.15,76.91,1.28
2019-10-19,26.55,81.72,1.9
2019-10-20,25.6,87.21,3.51
2019-10-21,23.42,94.0,85.91
2019-10-22,25.64,85.35,1.96
2019-10-23,26.04,85.17,2.51
2019-10-24,25.92,86.05,0.58
2019-10-25,26.3,84.32,0.38
2019-10-26,26.28,85.01,0.48
2019-10-27,26.08,84.8,2.85
2019-10-28,26.13,83.82,2.29
2019-10-29,26.14,83.12,0.33
2019-10-30,25.73,85.01,1.12
2019-10-31,24.58,91.6,2.67
2019-11-01,25.43,85.53,0.69
2019-11-02,25.94,79.31,0.16
2019-11-03,25.46,83.63,0.34
2019-11-04,26.43,80.57,0.02
2019-11-05,26.42,78.48,0.0
2019-11-06,26.91,68.34,0.0
2019-11-07,26.71,73.35,0.0
2019-11-08,26.75,74.86,0.07
2019-11-09,27.0,70.16,0.0
2019-11-10,27.6,62.47,0.0
2019-11-11,27.52,68.0,0.05
2019-11-12,27.75,70.44,0.28
2019-11-13,27.1,76.01,0.43
2019-11-14,26.47,76.31,1.12
2019-11-15,25.87,68.86,0.05
2019-11-16,26.49,64.31,0.01
2019-11-17,26.75,66.88,0.0
2019-11-18,26.46,58.09,0.0
2019-11-19,25.61,61.6,0.0
2019-11-20,24.85,59.73,0.0
2019-11-21,24.15,63.9,0.0
2019-11-22,25.85,67.7,0.02
2019-11-23,27.12,71.6,0.01
2019-11-24,27.05,68.7,0.06
2019-11-25,27.72,66.7,0.02
2019-11-26,26.58,61.13,0.0
2019-11-27,26.74,61.85,0.0
2019-11-28,26.01,67.25,0.08
2019-11-29,24.64,62.22,0.0
2019-11-30,23.82,62.44,0.0
2019-12-01,24.61,59.6,0.0
2019-12-02,25.65,52.11,0.0
2019-12-03,25.79,51.69,0.0
2019-12-04,25.35,54.93,0.0
2019-12-05,25.12,54.65,0.0
2019-12-06,25.22,63.38,0.0
2019-12-07,25.52,63.0,0.01
2019-12-08,24.74,59.48,0.0
2019-12-09,24.68,52.82,0.0
2019-12-10,24.47,55.29,0.0
2019-12-11,23.16,53.2,0.0
2019-12-12,22.89,58.19,0.0
2019-12-13,22.07,59.06,0.0
2019-12-14,22.64,57.61,0.0
2019-12-15,23.22,52.44,0.0
2019-12-16,22.86,53.75,0.0
2019-12-17,23.94,50.04,0.0
2019-12-18,25.44,44.87,0.0
2019-12-19,23.69,58.0,0.0
2019-12-20,23.93,62.24,0.0
2019-12-21,22.89,57.54,0.0
2019-12-22,22.09,57.09,0.0
2019-12-23,21.71,51.61,0.0
2019-12-24,21.33,50.42,0.0
2019-12-25,21.77,45.45,0.0
2019-12-26,22.08,47.4,0.0
2019-12-27,22.51,53.06,0.0
2019-12-28,22.37,54.7,0.0
2019-12-29,22.59,50.16,0.0
2019-12-30,21.83,49.18,0.0
2019-12-31,20.95,48.0,0.0
2020-01-01,19.77,47.93,0.0
2020-01-02,18.35,47.96,0.0
2020-01-03,17.8,46.05,0.0
2020-01-04,18.2,49.09,0.0
2020-01-05,20.4,50.01,0.0
2020-01-06,22.01,52.14,0.0
2020-01-07,23.44,53.93,0.0
2020-01-08,24.68,56.39,0.0
2020-01-09,23.77,61.2,0.0
2020-01-10,24.74,56.71,0.0
2020-01-11,24.69,54.33,0.0
2020-01-12,25.24,53.05,0.0
2020-01-13,24.0,53.94,0.0
2020-01-14,23.46,45.59,0.0
2020-01-15,24.47,46.69,0.0
2020-01-16,24.48,49.61,0.0
2020-01-17,23.85,52.83,0.0
2020-01-18,22.56,44.71,0.0
2020-01-19,21.71,45.69,0.0
2020-01-20,23.81,50.19,0.0
2020-01-21,26.39,49.66,0.0
2020-01-22,25.18,56.6,0.0
2020-01-23,24.42,44.79,0.0
2020-01-24,22.75,42.06,0.0
2020-01-25,22.16,36.71,0.0
2020-01-26,22.1,42.51,0.0
2020-01-27,22.37,40.87,0.0
2020-01-28,22.54,41.0,0.0
2020-01-29,22.98,39.9,0.0
2020-01-30,23.39,34.79,0.0
2020-01-31,23.34,38.99,0.0
2020-02-01,23.97,38.42,0.0
2020-02-02,23.42,37.64,0.0
2020-02-03,22.5,34.0,0.0
2020-02-04,22.72,33.62,0.0
2020-02-05,22.69,35.03,0.0
2020-02-06,23.39,35.94,0.0
2020-02-07,23.61,35.74,0.0
2020-02-08,24.22,33.5,0.0
2020-02-09,25.01,36.47,0.0
2020-02-10,25.46,43.67,0.0
2020-02-11,24.78,42.75,0.0
2020-02-12,22.09,34.88,0.0
2020-02-13,22.97,35.06,0.0
2020-02-14,22.93,35.79,0.0
2020-02-15,23.96,31.13,0.0
2020-02-16,24.5,29.19,0.0
2020-02-17,25.24,30.8,0.0
2020-02-18,26.79,34.31,0.0
2020-02-19,26.21,39.74,0.0
2020-02-20,26.74,38.82,0.0
2020-02-21,27.44,34.73,0.0
2020-02-22,28.08,36.45,0.0
2020-02-23,28.46,33.49,0.0
2020-02-24,26.82,25.9,0.0
2020-02-25,26.57,30.82,0.0
2020-02-26,26.98,30.11,0.0
2020-02-27,27.61,35.01,0.0
2020-02-28,28.17,33.7,0.0
2020-02-29,28.1,31.36,0.0
2020-03-01,28.54,29.78,0.0
2020-03-02,29.54,31.34,0.0
2020-03-03,30.07,33.67,0.0
2020-03-04,30.38,47.45,0.0
2020-03-05,30.56,39.34,0.0
2020-03-06,29.97,33.97,0.0
2020-03-07,31.17,47.68,0.01
2020-03-08,31.69,48.36,0.37
2020-03-09,32.98,39.03,0.04
2020-03-10,29.39,58.09,0.47
2020-03-11,29.42,41.37,0.0
2020-03-12,29.7,25.8,0.0
2020-03-13,31.19,30.64,0.0
2020-03-14,31.95,48.62,0.49
2020-03-15,30.98,55.03,0.1
2020-03-16,32.27,49.37,1.13
2020-03-17,32.4,52.28,2.46
2020-03-18,30.65,61.54,9.88
2020-03-19,29.96,64.66,0.29
2020-03-20,30.11,63.39,2.77
2020-03-21,30.34,62.66,3.53
2020-03-22,31.06,59.62,1.68
2020-03-23,28.55,72.95,26.77
2020-03-24,27.09,72.66,9.66
2020-03-25,28.41,66.25,0.09
2020-03-26,29.61,53.36,0.0
2020-03-27,28.21,70.24,1.6
2020-03-28,30.32,59.44,0.0
2020-03-29,29.02,69.09,0.76
2020-03-30,30.28,60.99,0.0
2020-03-31,29.71,66.43,0.13
2020-04-01,30.84,61.93,0.12
2020-04-02,29.42,67.23,0.51
2020-04-03,31.28,57.16,0.03
2020-04-04,30.85,61.68,1.49
2020-04-05,30.03,67.29,0.92
2020-04-06,29.89,65.4,0.61
2020-04-07,29.57,70.77,3.41
2020-04-08,27.49,76.79,15.66
2020-04-09,27.6,70.09,1.06
2020-04-10,27.26,71.21,2.59
2020-04-11,27.76,70.66,1.22
2020-04-12,29.38,63.13,0.23
2020-04-13,29.96,58.78,0.01
2020-04-14,29.51,64.34,0.57
2020-04-15,30.2,60.14,0.11
2020-04-16,30.99,47.55,0.0
2020-04-17,31.35,54.28,0.02
2020-04-18,30.82,61.32,0.3
2020-04-19,29.99,61.79,1.06
2020-04-20,27.51,76.12,15.76
2020-04-21,27.88,74.15,0.82
2020-04-22,29.85,62.93,4.94
2020-04-23,29.1,70.76,12.09
2020-04-24,28.5,72.04,1.33
2020-04-25,27.46,74.15,0.84
2020-04-26,28.9,65.47,2.05
2020-04-27,28.28,69.3,0.05
2020-04-28,29.75,63.75,0.17
2020-04-29,29.96,66.21,0.88
2020-04-30,28.27,75.51,4.42
2020-05-01,29.82,65.41,1.31
2020-05-02,31.06,58.14,0.22
2020-05-03,29.89,64.79,2.63
2020-05-04,30.16,64.85,4.45
2020-05-05,29.74,68.49,9.29
2020-05-06,30.98,63.6,5.7
2020-05-07,30.62,66.0,7.91
2020-05-08,30.73,62.07,0.63
2020-05-09,28.83,71.87,5.89
2020-05-10,29.45,67.72,2.43
2020-05-11,26.63,82.35,7.43
2020-05-12,27.66,73.15,0.0
2020-05-13,29.29,64.83,0.14
2020-05-14,30.07,63.84,0.51
2020-05-15,28.18,76.84,4.63
2020-05-16,29.2,70.88,4.39
2020-05-17,28.35,74.5,9.5
2020-05-18,27.25,76.62,0.03
2020-05-19,29.29,65.93,0.18
2020-05-20,29.94,65.21,1.97
2020-05-21,29.57,68.05,0.33
2020-05-22,29.58,65.58,0.64
2020-05-23,30.16,63.53,1.57
2020-05-24,30.3,62.46,1.17
2020-05-25,28.79,72.44,31.49
2020-05-26,28.35,74.05,5.48
2020-05-27,28.3,73.67,5.05
2020-05-28,28.8,70.21,1.31
2020-05-29,29.38,67.84,1.0
2020-05-30,28.29,73.72,7.49
2020-05-31,28.33,72.02,2.71
2020-06-01,28.71,70.76,1.52
2020-06-02,27.88,76.59,3.21
2020-06-03,28.26,75.66,0.5
2020-06-04,28.78,74.86,1.68
2020-06-05,27.83,79.03,15.47
2020-06-06,28.03,74.85,2.47
2020-06-07,26.71,81.04,19.37
2020-06-08,27.6,75.93,0.86
2020-06-09,26.0,80.24,2.34
2020-06-10,26.94,73.75,5.24
2020-06-11,27.14,71.9,0.35
2020-06-12,27.14,74.77,1.71
2020-06-13,27.06,75.75,1.69
2020-06-14,27.03,78.72,2.38
2020-06-15,27.86,75.16,0.44
2020-06-16,27.85,75.22,0.09
2020-06-17,27.49,77.74,1.75
2020-06-18,26.79,75.28,7.97
2020-06-19,25.72,78.49,5.36
2020-06-20,27.06,70.41,0.09
2020-06-21,28.23,69.64,0.19
2020-06-22,27.84,72.4,0.8
2020-06-23,28.22,71.28,0.32
2020-06-24,29.22,65.86,1.13
2020-06-25,28.44,70.36,2.05
2020-06-26,26.77,78.34,1.87
2020-06-27,27.04,76.85,4.41
2020-06-28,26.73,79.06,7.14
2020-06-29,27.67,69.57,2.14
2020-06-30,26.52,74.82,1.49
2020-07-01,25.77,82.14,22.22
2020-07-02,27.06,78.01,2.25
2020-07-03,26.42,83.37,19.61
2020-07-04,25.91,84.34,5.91
2020-07-05,25.9,79.67,0.88
2020-07-06,26.86,74.32,0.31
2020-07-07,27.76,72.97,0.3
2020-07-08,27.83,74.22,0.21
2020-07-09,25.93,82.09,3.78
2020-07-10,25.48,82.06,5.3
2020-07-11,24.53,86.02,9.32
2020-07-12,25.69,77.66,6.72
2020-07-13,26.0,77.52,5.01
2020-07-14,24.59,86.52,15.67
2020-07-15,24.53,86.54,7.72
2020-07-16,23.89,88.99,34.2
2020-07-17,24.64,85.12,10.18
2020-07-18,25.12,85.54,5.14
2020-07-19,26.06,78.87,0.69
2020-07-20,25.68,81.96,7.21
2020-07-21,25.45,84.56,7.77
2020-07-22,26.11,77.98,4.02
2020-07-23,26.49,77.95,10.42
2020-07-24,25.14,87.16,10.05
2020-07-25,24.85,86.31,3.07
2020-07-26,25.02,82.59,3.58
2020-07-27,25.75,81.69,4.0
2020-07-28,25.04,85.8,3.58
2020-07-29,25.96,82.22,2.38
2020-07-30,26.27,81.18,1.52
2020-07-31,26.1,82.44,8.01
2020-08-01,25.33,84.07,2.0
2020-08-02,25.72,79.39,0.33
2020-08-03,24.31,83.42,0.32
2020-08-04,25.28,76.79,0.63
2020-08-05,25.58,72.51,0.0
2020-08-06,25.68,73.43,0.15
2020-08-07,25.35,78.15,0.65
2020-08-08,26.0,74.96,0.47
2020-08-09,26.63,72.83,0.04
2020-08-10,27.15,75.8,11.94
2020-08-11,23.55,87.95,22.17
2020-08-12,25.08,81.51,0.93
2020-08-13,26.61,76.26,0.05
2020-08-14,26.11,80.89,5.33
2020-08-15,24.73,90.61,61.17
2020-08-16,25.17,84.02,2.95
2020-08-17,26.68,80.48,1.49
2020-08-18,27.33,78.01,9.45
2020-08-19,26.5,83.32,3.28
2020-08-20,25.53,87.96,4.68
2020-08-21,25.7,86.72,6.54
2020-08-22,25.25,84.75,2.34
2020-08-23,25.53,82.3,6.38
2020-08-24,25.17,83.1,0.86
2020-08-25,24.56,85.16,27.3
2020-08-26,25.68,79.04,3.21
2020-08-27,25.93,82.91,10.57
2020-08-28,24.22,90.87,95.1
2020-08-29,24.7,86.91,5.22
2020-08-30,24.78,86.02,2.49
2020-08-31,23.82,90.04,7.07
2020-09-01,24.88,86.89,8.65
2020-09-02,24.78,85.67,6.65
2020-09-03,25.31,85.02,6.61
2020-09-04,25.42,84.99,1.58
2020-09-05,24.1,90.36,9.86
2020-09-06,23.72,89.78,16.86
2020-09-07,24.66,85.91,4.24
2020-09-08,24.68,88.45,32.04
2020-09-09,25.48,84.04,3.18
2020-09-10,25.18,84.47,4.18
2020-09-11,25.49,83.95,3.48
2020-09-12,26.17,83.49,1.64
2020-09-13,26.24,83.77,4.84
2020-09-14,25.48,84.17,4.04
2020-09-15,26.45,80.1,5.47
2020-09-16,25.84,83.83,13.93
2020-09-17,25.12,85.4,11.62
2020-09-18,25.71,85.16,4.91
2020-09-19,25.81,85.49,4.32
2020-09-20,25.03,89.78,9.84
2020-09-21,25.55,81.33,2.24
2020-09-22,26.01,81.99,10.04
2020-09-23,25.84,84.45,12.19
2020-09-24,25.61,86.63,4.5
2020-09-25,25.14,84.96,4.88
2020-09-26,25.69,80.49,2.37
2020-09-27,25.66,82.78,5.55
2020-09-28,26.11,81.79,1.77
2020-09-29,26.3,81.7,2.84
2020-09-30,26.11,83.18,8.74
2020-10-01,24.8,87.99,39.27
2020-10-02,24.84,87.73,7.83
2020-10-03,25.65,85.72,2.68
2020-10-04,25.3,89.42,9.08
2020-10-05,25.15,90.14,4.05
2020-10-06,26.0,83.54,3.51
2020-10-07,25.56,85.95,5.81
2020-10-08,25.22,85.53,2.53
2020-10-09,25.26,80.82,6.32
2020-10-10,23.84,86.43,3.19
2020-10-11,24.73,87.46,8.15
2020-10-12,25.63,83.24,0.93
2020-10-13,26.57,76.99,0.81
2020-10-14,26.46,79.46,3.25
2020-10-15,25.63,83.54,4.59
2020-10-16,26.19,81.47,5.97
2020-10-17,26.42,83.3,5.31
2020-10-18,25.63,85.44,1.95
2020-10-19,25.81,83.31,2.43
2020-10-20,26.25,80.04,3.57
2020-10-21,26.99,73.17,0.39
2020-10-22,26.77,73.64,0.01
2020-10-23,26.46,73.42,0.01
2020-10-24,25.65,71.22,0.0
2020-10-25,25.16,72.8,0.0
2020-10-26,25.09,74.61,0.0
2020-10-27,25.2,74.51,0.0
2020-10-28,25.4,68.22,0.0
2020-10-29,24.9,64.64,0.0
2020-10-30,25.16,70.78,0.0
2020-10-31,25.5,70.3,0.0
2020-11-01,25.56,69.49,0.0
2020-11-02,25.39,72.59,0.0
2020-11-03,25.91,76.67,0.01
2020-11-04,26.26,76.22,0.01
2020-11-05,25.79,79.54,0.09
2020-11-06,25.9,75.96,0.0
2020-11-07,24.83,69.25,0.0
2020-11-08,24.54,69.05,0.0
2020-11-09,25.4,69.06,0.01
2020-11-10,24.12,65.92,0.0
2020-11-11,24.0,64.55,0.0
2020-11-12,23.86,67.66,0.0
2020-11-13,23.41,65.49,0.0
2020-11-14,23.44,64.77,0.0
2020-11-15,24.04,67.71,0.0
2020-11-16,24.05,69.36,0.0
2020-11-17,24.24,67.12,0.0
2020-11-18,24.0,65.98,0.0
2020-11-19,22.87,65.15,0.0
2020-11-20,23.01,60.12,0.0
2020-11-21,23.79,58.59,0.0
2020-11-22,24.27,64.38,0.0
2020-11-23,25.23,61.09,0.0
2020-11-24,24.85,61.08,0.0
2020-11-25,24.43,58.66,0.0
2020-11-26,24.26,57.81,0.0
2020-11-27,25.05,58.67,0.0
2020-11-28,25.36,63.52,0.0
2020-11-29,26.74,72.07,0.05
2020-11-30,26.77,68.01,0.01
2020-12-01,24.11,61.01,0.0
2020-12-02,24.18,58.16,0.0
2020-12-03,25.09,57.86,0.0
2020-12-04,25.68,54.13,0.0
2020-12-05,26.04,51.65,0.0
2020-12-06,26.42,56.46,0.0
2020-12-07,27.27,62.16,0.0
2020-12-08,26.56,64.16,0.03
2020-12-09,26.9,65.87,0.01
2020-12-10,27.37,63.46,0.0
2020-12-11,27.13,60.11,0.09
2020-12-12,26.57,54.65,0.0
2020-12-13,26.48,55.69,0.0
2020-12-14,27.27,61.61,0.03
2020-12-15,27.39,61.64,0.32
2020-12-16,27.02,61.46,0.03
2020-12-17,25.8,58.34,0.21
2020-12-18,25.4,57.85,0.15
2020-12-19,25.19,48.9,0.0
2020-12-20,24.94,53.14,0.0
2020-12-21,25.25,53.11,0.0
2020-12-22,24.59,51.55,0.0
2020-12-23,24.94,50.38,0.0
2020-12-24,25.96,53.86,0.0
2020-12-25,24.5,53.9,0.0
2020-12-26,23.58,46.26,0.0
2020-12-27,23.12,44.95,0.0
2020-12-28,22.79,45.64,0.0
2020-12-29,22.86,43.04,0.0
2020-12-30,24.14,45.1,0.0
2020-12-31,25.88,49.09,0.0
