,airtemp_C,rh_pct,rain_mm
2001-01-01,25.28,14.38,0.0
2001-01-02,25.74,12.58,0.0
2001-01-03,25.94,11.02,0.0
2001-01-04,25.29,12.73,0.0
2001-01-05,24.71,13.91,0.0
2001-01-06,23.59,16.93,0.0
2001-01-07,24.65,18.1,0.0
2001-01-08,25.37,17.73,0.0
2001-01-09,24.63,16.01,0.0
2001-01-10,25.11,16.41,0.0
2001-01-11,24.79,16.17,0.0
2001-01-12,24.91,13.76,0.0
2001-01-13,25.24,13.18,0.0
2001-01-14,25.75,12.65,0.0
2001-01-15,25.79,12.41,0.0
2001-01-16,26.0,12.33,0.0
2001-01-17,26.7,11.25,0.0
2001-01-18,26.55,10.78,0.0
2001-01-19,25.83,11.65,0.0
2001-01-20,24.92,12.46,0.0
2001-01-21,24.6,12.27,0.0
2001-01-22,24.5,11.66,0.0
2001-01-23,23.47,11.37,0.0
2001-01-24,23.44,12.46,0.0
2001-01-25,23.95,12.51,0.0
2001-01-26,24.45,10.84,0.0
2001-01-27,25.29,10.13,0.0
2001-01-28,25.36,10.23,0.0
2001-01-29,26.11,10.6,0.0
2001-01-30,26.32,11.43,0.0
2001-01-31,27.12,10.26,0.0
2001-02-01,27.88,9.15,0.0
2001-02-02,27.89,8.71,0.0
2001-02-03,27.08,9.15,0.0
2001-02-04,26.96,10.86,0.0
2001-02-05,25.71,10.42,0.0
2001-02-06,25.73,10.87,0.0
2001-02-07,24.66,12.43,0.0
2001-02-08,25.46,10.93,0.0
2001-02-09,25.01,8.65,0.0
2001-02-10,25.53,9.31,0.0
2001-02-11,24.9,10.15,0.0
2001-02-12,24.16,8.6,0.0
2001-02-13,23.19,9.08,0.0
2001-02-14,22.38,12.72,0.0
2001-02-15,23.81,13.84,0.0
2001-02-16,25.69,13.65,0.0
2001-02-17,27.22,13.29,0.0
2001-02-18,28.25,13.15,0.0
2001-02-19,28.85,11.27,0.0
2001-02-20,28.97,7.19,0.0
2001-02-21,29.39,7.75,0.0
2001-02-22,29.54,6.84,0.0
2001-02-23,29.34,7.41,0.0
2001-02-24,28.78,8.16,0.0
2001-02-25,28.91,10.21,0.0
2001-02-26,30.1,8.39,0.0
2001-02-27,30.6,8.42,0.0
2001-02-28,30.84,12.39,0.0
2001-03-01,30.29,12.52,0.0
2001-03-02,30.8,11.53,0.0
2001-03-03,31.0,10.25,0.0
2001-03-04,31.32,12.65,0.0
2001-03-05,32.21,34.46,0.0
2001-03-06,31.63,11.83,0.0
2001-03-07,30.05,5.77,0.0
2001-03-08,29.02,5.71,0.0
2001-03-09,28.59,12.04,0.0
2001-03-10,30.31,15.3,0.0
2001-03-11,30.09,13.56,0.0
2001-03-12,31.61,11.87,0.0
2001-03-13,32.9,28.24,0.01
2001-03-14,28.27,62.2,0.03
2001-03-15,31.53,48.83,0.0
2001-03-16,33.21,31.44,0.01
2001-03-17,31.51,10.38,0.0
2001-03-18,30.46,18.54,0.0
2001-03-19,32.17,20.29,0.0
2001-03-20,30.94,11.17,0.0
2001-03-21,31.35,6.77,0.0
2001-03-22,31.03,24.44,0.12
2001-03-23,32.35,36.08,0.19
2001-03-24,32.49,18.34,0.16
2001-03-25,32.52,16.65,0.04
2001-03-26,32.71,8.25,0.15
2001-03-27,33.16,26.55,0.03
2001-03-28,34.12,31.13,0.03
2001-03-29,33.99,39.24,0.02
2001-03-30,34.6,37.49,0.21
2001-03-31,35.12,34.98,0.06
2001-04-01,34.39,28.35,0.02
2001-04-02,33.63,35.67,0.05
2001-04-03,31.96,41.57,0.04
2001-04-04,34.02,36.56,0.02
2001-04-05,34.15,36.98,0.06
2001-04-06,31.11,51.25,1.76
2001-04-07,33.47,30.75,1.21
2001-04-08,32.81,31.2,0.53
2001-04-09,33.25,38.08,0.1
2001-04-10,33.12,28.15,0.25
2001-04-11,32.43,45.55,0.05
2001-04-12,32.02,49.3,0.05
2001-04-13,32.49,46.96,0.2
2001-04-14,32.96,43.95,0.2
2001-04-15,35.11,35.75,0.21
2001-04-16,33.17,47.07,3.56
2001-04-17,32.17,53.14,2.2
2001-04-18,30.35,58.72,3.76
2001-04-19,30.28,58.34,0.09
2001-04-20,32.12,50.77,3.2
2001-04-21,32.16,53.35,2.93
2001-04-22,31.8,52.98,1.15
2001-04-23,31.53,53.86,1.06
2001-04-24,33.29,45.16,0.47
2001-04-25,32.07,50.86,2.56
2001-04-26,31.72,52.44,0.38
2001-04-27,32.96,45.24,0.16
2001-04-28,34.56,39.16,0.44
2001-04-29,34.62,41.42,0.49
2001-04-30,32.92,47.38,0.16
2001-05-01,32.42,48.25,1.41
2001-05-02,32.08,50.15,4.15
2001-05-03,33.75,45.9,2.08
2001-05-04,31.8,56.44,2.91
2001-05-05,31.35,54.44,0.13
2001-05-06,31.27,53.5,2.66
2001-05-07,32.66,49.24,0.09
2001-05-08,31.63,56.85,9.26
2001-05-09,30.83,60.45,5.29
2001-05-10,30.92,60.03,4.86
2001-05-11,30.53,61.99,1.33
2001-05-12,30.76,60.44,2.82
2001-05-13,30.21,61.63,0.22
2001-05-14,32.15,52.37,1.01
2001-05-15,30.98,59.9,2.72
2001-05-16,29.54,66.96,0.43
2001-05-17,32.1,53.97,0.8
2001-05-18,31.48,56.93,0.96
2001-05-19,31.09,56.29,0.37
2001-05-20,31.19,52.29,0.52
2001-05-21,31.69,48.54,0.12
2001-05-22,31.9,47.91,3.52
2001-05-23,31.19,54.88,4.23
2001-05-24,29.8,62.78,4.31
2001-05-25,28.97,62.37,0.1
2001-05-26,30.58,55.65,3.3
2001-05-27,30.54,56.53,0.93
2001-05-28,30.6,54.13,1.03
2001-05-29,29.39,62.62,7.63
2001-05-30,28.75,66.23,4.66
2001-05-31,29.76,61.43,5.51
2001-06-01,29.77,62.21,6.44
2001-06-02,28.98,64.72,1.86
2001-06-03,29.86,59.65,2.24
2001-06-04,30.71,50.03,0.65
2001-06-05,29.93,60.39,9.83
2001-06-06,29.03,63.36,2.85
2001-06-07,29.09,62.33,8.54
2001-06-08,28.87,64.87,4.4
2001-06-09,29.1,64.31,7.86
2001-06-10,28.84,65.05,1.2
2001-06-11,29.53,57.82,1.21
2001-06-12,29.45,58.46,1.45
2001-06-13,29.49,59.6,1.28
2001-06-14,30.03,58.78,1.64
2001-06-15,28.45,65.62,3.02
2001-06-16,28.5,63.9,1.06
2001-06-17,30.04,55.6,1.77
2001-06-18,30.09,55.24,1.17
2001-06-19,29.34,61.83,3.84
2001-06-20,28.51,66.63,8.21
2001-06-21,28.7,66.59,6.25
2001-06-22,27.56,74.62,14.47
2001-06-23,27.25,72.55,4.03
2001-06-24,26.88,72.2,9.06
2001-06-25,26.97,72.98,1.6
2001-06-26,28.6,64.74,2.81
2001-06-27,28.63,66.37,1.54
2001-06-28,27.86,66.55,2.19
2001-06-29,27.54,65.95,4.21
2001-06-30,28.0,67.68,4.31
2001-07-01,27.57,73.21,15.38
2001-07-02,27.09,76.9,7.69
2001-07-03,27.12,76.24,15.6
2001-07-04,26.01,79.08,7.82
2001-07-05,27.44,72.99,3.3
2001-07-06,26.57,77.97,3.69
2001-07-07,27.01,72.34,0.56
2001-07-08,27.53,68.54,1.03
2001-07-09,28.65,66.31,2.76
2001-07-10,28.17,69.61,1.16
2001-07-11,27.43,72.47,4.53
2001-07-12,27.64,71.13,1.21
2001-07-13,28.04,68.7,1.84
2001-07-14,29.1,64.23,1.8
2001-07-15,27.42,75.07,3.64
2001-07-16,26.19,79.51,8.32
2001-07-17,25.21,81.89,8.17
2001-07-18,26.58,73.86,5.08
2001-07-19,27.23,71.8,3.67
2001-07-20,26.83,76.18,4.14
2001-07-21,26.7,74.76,3.21
2001-07-22,26.01,77.65,2.63
2001-07-23,26.21,79.07,5.11
2001-07-24,25.12,83.0,8.09
2001-07-25,25.53,79.82,1.71
2001-07-26,25.37,78.72,3.77
2001-07-27,26.55,76.6,5.58
2001-07-28,26.93,75.11,2.88
2001-07-29,25.83,83.07,16.04
2001-07-30,25.63,81.37,5.16
2001-07-31,24.53,84.3,7.58
2001-08-01,25.21,81.18,3.9
2001-08-02,25.72,78.27,2.2
2001-08-03,25.81,75.7,1.8
2001-08-04,26.66,75.71,5.74
2001-08-05,25.98,80.07,3.62
2001-08-06,27.39,72.57,2.61
2001-08-07,26.44,81.89,11.35
2001-08-08,25.26,85.77,1.88
2001-08-09,25.34,79.99,1.94
2001-08-10,26.68,76.62,2.78
2001-08-11,27.24,77.61,6.31
2001-08-12,26.49,80.65,2.22
2001-08-13,25.81,81.88,5.81
2001-08-14,25.04,84.76,21.92
2001-08-15,25.77,80.08,9.54
2001-08-16,25.96,82.91,12.6
2001-08-17,26.39,81.55,5.67
2001-08-18,26.98,79.68,9.21
2001-08-19,26.84,83.32,8.29
2001-08-20,25.5,87.95,14.05
2001-08-21,25.86,84.75,9.07
2001-08-22,25.26,87.56,8.76
2001-08-23,26.08,83.08,6.8
2001-08-24,26.43,82.8,11.51
2001-08-25,25.29,85.65,16.39
2001-08-26,25.42,82.73,6.06
2001-08-27,27.11,77.31,12.83
2001-08-28,26.28,83.2,12.76
2001-08-29,25.68,85.08,4.36
2001-08-30,25.35,86.5,13.25
2001-08-31,26.65,79.56,3.22
2001-09-01,26.56,80.83,5.83
2001-09-02,25.68,84.61,9.0
2001-09-03,26.03,81.56,12.99
2001-09-04,26.07,81.04,3.85
2001-09-05,26.1,83.23,1.84
2001-09-06,25.48,86.57,5.9
2001-09-07,24.84,88.26,25.2
2001-09-08,25.86,84.86,11.61
2001-09-09,26.06,82.49,3.14
2001-09-10,25.21,84.03,5.38
2001-09-11,26.37,80.03,1.99
2001-09-12,26.57,81.97,6.16
2001-09-13,25.6,84.17,0.74
2001-09-14,25.5,82.32,3.85
2001-09-15,25.37,83.39,10.06
2001-09-16,25.43,85.43,3.83
2001-09-17,26.11,82.01,3.45
2001-09-18,24.43,88.22,1.03
2001-09-19,24.58,83.99,4.17
2001-09-20,24.97,83.8,7.59
2001-09-21,26.56,76.7,3.75
2001-09-22,26.02,83.43,4.16
2001-09-23,24.36,91.38,4.05
2001-09-24,25.62,82.76,0.87
2001-09-25,26.16,81.02,2.87
2001-09-26,25.86,83.55,0.86
2001-09-27,25.74,81.63,1.15
2001-09-28,26.07,80.25,2.19
2001-09-29,25.85,82.92,5.37
2001-09-30,26.55,78.27,1.85
2001-10-01,26.63,79.61,2.89
2001-10-02,26.06,83.15,2.65
2001-10-03,26.19,80.45,2.73
2001-10-04,26.04,80.48,1.54
2001-10-05,26.5,78.94,0.47
2001-10-06,26.48,78.6,1.67
2001-10-07,26.11,80.49,1.56
2001-10-08,25.62,84.22,1.01
2001-10-09,26.31,80.56,0.98
2001-10-10,27.26,76.1,1.05
2001-10-11,27.67,73.3,0.67
2001-10-12,27.52,72.43,0.72
2001-10-13,27.23,71.36,0.01
2001-10-14,27.18,70.11,0.01
2001-10-15,27.24,63.89,0.01
2001-10-16,26.96,67.44,0.02
2001-10-17,27.59,62.03,0.02
2001-10-18,27.85,69.15,0.02
2001-10-19,28.99,64.01,0.02
2001-10-20,28.18,62.54,0.01
2001-10-21,28.18,58.71,0.02
2001-10-22,28.44,53.52,0.01
2001-10-23,28.49,53.25,0.0
2001-10-24,28.23,55.99,0.0
2001-10-25,27.58,59.0,0.0
2001-10-26,27.21,55.95,0.0
2001-10-27,26.97,49.12,0.0
2001-10-28,26.24,47.3,0.0
2001-10-29,26.59,45.54,0.0
2001-10-30,26.34,48.2,0.0
2001-10-31,26.79,52.96,0.0
2001-11-01,25.92,50.4,0.0
2001-11-02,25.39,43.57,0.0
2001-11-03,26.56,40.82,0.0
2001-11-04,26.87,41.89,0.0
2001-11-05,26.57,42.65,0.0
2001-11-06,26.62,40.43,0.0
2001-11-07,26.53,38.21,0.0
2001-11-08,26.76,37.93,0.0
2001-11-09,26.39,40.65,0.01
2001-11-10,27.51,46.13,0.07
2001-11-11,28.26,52.64,0.01
2001-11-12,28.88,55.29,0.0
2001-11-13,29.38,45.17,0.0
2001-11-14,27.97,43.33,0.0
2001-11-15,26.91,46.22,0.0
2001-11-16,27.82,39.93,0.0
2001-11-17,25.88,27.52,0.0
2001-11-18,25.81,29.22,0.0
2001-11-19,25.91,25.19,0.0
2001-11-20,26.0,37.86,0.0
2001-11-21,26.21,37.17,0.0
2001-11-22,26.14,38.56,0.01
2001-11-23,27.55,43.61,0.0
2001-11-24,28.09,35.87,0.03
2001-11-25,27.14,38.26,0.0
2001-11-26,28.48,34.9,0.01
2001-11-27,28.69,39.4,0.04
2001-11-28,28.79,48.42,0.03
2001-11-29,27.34,30.56,0.0
2001-11-30,27.07,24.64,0.0
2001-12-01,25.64,29.92,0.0
2001-12-02,25.59,26.12,0.0
2001-12-03,26.33,24.33,0.0
2001-12-04,26.32,29.39,0.0
2001-12-05,25.96,24.9,0.0
2001-12-06,25.65,23.65,0.0
2001-12-07,25.18,23.57,0.0
2001-12-08,23.98,21.78,0.0
2001-12-09,24.59,24.38,0.0
2001-12-10,25.63,25.55,0.0
2001-12-11,27.04,23.16,0.0
2001-12-12,27.18,23.84,0.0
2001-12-13,27.2,23.13,0.0
2001-12-14,26.76,25.81,0.0
2001-12-15,27.85,27.07,0.0
2001-12-16,28.01,24.44,0.0
2001-12-17,27.56,20.98,0.0
2001-12-18,27.82,20.48,0.0
2001-12-19,27.7,22.5,0.0
2001-12-20,28.39,24.74,0.0
2001-12-21,27.63,21.21,0.0
2001-12-22,27.26,20.57,0.0
2001-12-23,27.38,19.63,0.0
2001-12-24,27.75,16.86,0.0
2001-12-25,26.83,18.08,0.0
2001-12-26,26.71,17.32,0.0
2001-12-27,26.46,15.83,0.0
2001-12-28,26.73,12.66,0.0
2001-12-29,26.93,16.31,0.0
2001-12-30,26.6,20.28,0.0
2001-12-31,26.47,20.83,0.0
2002-01-01,26.99,20.19,0.0
2002-01-02,26.31,18.37,0.0
2002-01-03,25.78,16.53,0.0
2002-01-04,26.01,15.15,0.0
2002-01-05,26.06,14.48,0.0
2002-01-06,26.52,14.28,0.0
2002-01-07,27.11,33.87,0.0
2002-01-08,27.5,37.56,0.0
2002-01-09,26.55,18.84,0.0
2002-01-10,25.81,15.97,0.0
2002-01-11,25.24,13.75,0.0
2002-01-12,23.82,16.02,0.0
2002-01-13,22.84,15.83,0.0
2002-01-14,23.45,12.57,0.0
2002-01-15,23.88,13.6,0.0
2002-01-16,24.87,15.1,0.0
2002-01-17,25.22,16.47,0.0
2002-01-18,26.16,16.14,0.0
2002-01-19,27.07,15.45,0.0
2002-01-20,27.57,14.42,0.0
2002-01-21,27.3,14.56,0.0
2002-01-22,27.43,14.0,0.0
2002-01-23,27.24,14.4,0.0
2002-01-24,27.23,14.9,0.0
2002-01-25,26.81,15.83,0.0
2002-01-26,25.74,14.73,0.0
2002-01-27,25.59,10.9,0.0
2002-01-28,25.15,10.83,0.0
2002-01-29,25.34,12.99,0.0
2002-01-30,26.17,13.27,0.0
2002-01-31,23.64,13.85,0.0
2002-02-01,25.73,13.61,0.0
2002-02-02,25.68,14.37,0.0
2002-02-03,26.72,14.45,0.0
2002-02-04,27.38,13.7,0.0
2002-02-05,27.5,11.93,0.0
2002-02-06,27.19,10.13,0.0
2002-02-07,27.42,10.88,0.0
2002-02-08,28.0,10.49,0.0
2002-02-09,27.01,9.84,0.0
2002-02-10,26.43,11.21,0.0
2002-02-11,26.37,11.94,0.0
2002-02-12,26.27,13.12,0.0
2002-02-13,26.55,11.33,0.0
2002-02-14,27.11,10.7,0.0
2002-02-15,27.36,10.78,0.0
2002-02-16,28.04,11.74,0.0
2002-02-17,28.89,12.91,0.0
2002-02-18,29.24,13.55,0.0
2002-02-19,29.63,10.25,0.0
2002-02-20,29.62,8.68,0.0
2002-02-21,29.0,7.76,0.0
2002-02-22,30.09,8.48,0.0
2002-02-23,30.38,7.38,0.0
2002-02-24,31.02,9.16,0.0
2002-02-25,30.94,9.84,0.0
2002-02-26,29.51,10.47,0.0
2002-02-27,29.55,9.38,0.0
2002-02-28,28.51,7.96,0.0
2002-03-01,30.24,11.07,0.0
2002-03-02,31.39,19.32,0.02
2002-03-03,31.97,18.62,0.0
2002-03-04,31.5,11.44,0.0
2002-03-05,31.11,11.56,0.0
2002-03-06,32.19,21.94,0.06
2002-03-07,34.26,29.72,1.94
2002-03-08,34.08,36.51,0.51
2002-03-09,32.57,40.85,0.83
2002-03-10,31.41,37.81,2.19
2002-03-11,32.38,46.53,0.76
2002-03-12,34.1,38.5,0.01
2002-03-13,33.58,23.61,0.0
2002-03-14,33.08,22.47,0.02
2002-03-15,32.81,20.34,0.01
2002-03-16,32.98,26.72,0.01
2002-03-17,32.78,27.53,0.0
2002-03-18,32.01,24.26,0.0
2002-03-19,32.67,24.72,0.0
2002-03-20,31.94,17.46,0.0
2002-03-21,32.56,30.05,0.0
2002-03-22,32.03,14.17,0.0
2002-03-23,32.65,33.86,0.02
2002-03-24,33.48,37.81,0.0
2002-03-25,33.19,37.0,0.01
2002-03-26,33.65,34.82,0.01
2002-03-27,33.94,27.54,0.34
2002-03-28,34.76,34.78,0.02
2002-03-29,34.18,39.95,0.26
2002-03-30,34.52,24.14,0.06
2002-03-31,32.98,13.62,0.08
2002-04-01,33.33,31.17,1.13
2002-04-02,34.83,30.51,1.02
2002-04-03,34.5,37.41,0.18
2002-04-04,34.35,40.54,2.61
2002-04-05,33.37,43.35,1.58
2002-04-06,33.7,43.46,3.13
2002-04-07,31.46,55.91,2.05
2002-04-08,31.86,51.03,0.99
2002-04-09,32.94,46.29,0.67
2002-04-10,32.44,39.13,0.7
2002-04-11,32.18,52.1,1.35
2002-04-12,31.96,57.72,5.4
2002-04-13,30.38,64.01,5.13
2002-04-14,31.35,56.19,0.09
2002-04-15,29.96,61.61,6.8
2002-04-16,30.8,57.66,0.12
2002-04-17,32.51,47.84,0.17
2002-04-18,31.93,43.03,0.09
2002-04-19,32.0,49.45,0.0
2002-04-20,32.88,42.59,0.4
2002-04-21,33.48,42.77,2.48
2002-04-22,32.28,50.6,0.8
2002-04-23,33.61,40.9,0.2
2002-04-24,33.47,34.34,0.0
2002-04-25,33.57,31.34,2.02
2002-04-26,33.11,34.14,0.17
2002-04-27,33.35,35.51,0.0
2002-04-28,34.22,41.27,0.28
2002-04-29,33.83,44.15,0.13
2002-04-30,34.26,40.5,0.57
2002-05-01,33.96,44.36,1.45
2002-05-02,31.51,54.03,3.23
2002-05-03,32.09,51.53,2.74
2002-05-04,31.23,54.14,3.02
2002-05-05,32.17,50.46,0.01
2002-05-06,32.64,47.85,0.98
2002-05-07,32.87,47.71,3.12
2002-05-08,32.32,53.44,4.84
2002-05-09,31.9,52.64,0.15
2002-05-10,32.74,42.55,1.91
2002-05-11,31.5,54.67,0.67
2002-05-12,33.04,49.04,0.79
2002-05-13,32.8,50.1,1.72
2002-05-14,31.18,56.77,0.16
2002-05-15,32.37,50.27,0.61
2002-05-16,33.51,48.6,2.28
2002-05-17,30.96,62.0,4.75
2002-05-18,30.95,62.02,2.21
2002-05-19,31.75,55.69,0.27
2002-05-20,31.88,52.8,0.04
2002-05-21,32.05,50.92,0.03
2002-05-22,32.14,49.78,0.74
2002-05-23,31.84,49.47,0.18
2002-05-24,33.47,43.85,0.45
2002-05-25,33.88,44.52,0.03
2002-05-26,34.4,41.35,0.97
2002-05-27,33.8,42.27,1.07
2002-05-28,32.87,47.27,1.51
2002-05-29,32.74,45.61,0.38
2002-05-30,32.36,46.37,1.58
2002-05-31,32.99,46.17,4.04
2002-06-01,29.69,62.31,2.15
2002-06-02,29.4,63.61,3.55
2002-06-03,28.45,63.71,1.84
2002-06-04,28.06,62.18,3.89
2002-06-05,29.21,58.93,1.99
2002-06-06,30.52,53.37,3.7
2002-06-07,28.99,61.91,5.78
2002-06-08,29.53,62.13,5.27
2002-06-09,28.74,66.99,6.71
2002-06-10,28.95,62.22,0.5
2002-06-11,29.82,54.99,0.3
2002-06-12,30.22,53.25,1.78
2002-06-13,29.87,61.41,2.08
2002-06-14,28.95,62.6,0.33
2002-06-15,29.97,52.33,0.02
2002-06-16,29.41,56.93,0.18
2002-06-17,30.93,52.98,0.05
2002-06-18,32.1,47.95,0.21
2002-06-19,30.52,53.07,0.36
2002-06-20,29.73,57.23,3.33
2002-06-21,30.2,55.37,4.53
2002-06-22,30.29,58.82,3.17
2002-06-23,29.45,64.39,7.91
2002-06-24,28.07,70.07,6.23
2002-06-25,29.93,58.24,0.29
2002-06-26,30.49,57.21,4.2
2002-06-27,29.85,62.55,4.38
2002-06-28,29.65,61.73,1.22
2002-06-29,29.38,59.96,3.16
2002-06-30,28.72,63.9,3.61
2002-07-01,28.89,62.15,4.56
2002-07-02,27.77,70.14,2.91
2002-07-03,27.73,67.92,1.01
2002-07-04,27.33,70.25,3.42
2002-07-05,28.88,60.97,2.48
2002-07-06,29.56,60.99,4.81
2002-07-07,29.2,63.28,4.39
2002-07-08,30.24,59.36,3.02
2002-07-09,29.22,65.14,4.07
2002-07-10,28.74,65.53,4.08
2002-07-11,29.18,61.56,1.53
2002-07-12,29.33,61.02,0.23
2002-07-13,29.73,58.53,3.13
2002-07-14,29.43,61.11,5.64
2002-07-15,28.22,69.66,4.79
2002-07-16,28.24,69.95,5.8
2002-07-17,28.31,63.93,1.16
2002-07-18,29.5,59.4,0.08
2002-07-19,27.78,68.07,1.31
2002-07-20,27.23,75.53,14.84
2002-07-21,26.87,71.11,4.87
2002-07-22,27.11,70.91,4.18
2002-07-23,26.46,76.75,7.73
2002-07-24,26.29,76.32,9.83
2002-07-25,28.29,65.81,0.7
2002-07-26,26.99,74.03,4.32
2002-07-27,26.53,76.55,7.39
2002-07-28,27.85,68.25,3.28
2002-07-29,25.61,83.51,4.13
2002-07-30,26.51,76.42,1.97
2002-07-31,25.95,79.33,5.03
2002-08-01,26.36,76.48,3.72
2002-08-02,25.72,78.13,7.6
2002-08-03,26.54,76.24,6.43
2002-08-04,27.06,74.26,3.68
2002-08-05,26.25,79.1,6.09
2002-08-06,25.74,82.09,12.43
2002-08-07,24.68,85.68,5.26
2002-08-08,26.72,76.41,5.91
2002-08-09,27.52,72.8,5.93
2002-08-10,26.12,80.7,2.58
2002-08-11,26.06,80.3,4.52
2002-08-12,26.57,71.56,3.73
2002-08-13,27.25,72.32,5.52
2002-08-14,26.57,79.35,3.99
2002-08-15,26.22,78.1,4.44
2002-08-16,26.61,78.26,7.67
2002-08-17,25.73,81.87,7.73
2002-08-18,25.1,80.96,11.74
2002-08-19,26.89,75.71,6.57
2002-08-20,26.54,82.18,7.0
2002-08-21,25.93,84.47,3.53
2002-08-22,24.89,82.78,0.92
2002-08-23,26.54,75.49,0.45
2002-08-24,27.87,70.1,0.66
2002-08-25,27.44,75.55,13.2
2002-08-26,26.33,83.36,7.97
2002-08-27,25.1,85.66,13.38
2002-08-28,26.13,79.87,4.87
2002-08-29,26.42,80.38,2.42
2002-08-30,25.82,83.74,2.47
2002-08-31,25.4,83.9,2.0
2002-09-01,26.12,76.4,1.0
2002-09-02,27.27,73.68,0.76
2002-09-03,26.93,78.87,8.3
2002-09-04,25.56,85.28,8.13
2002-09-05,25.3,85.35,9.33
2002-09-06,25.33,83.04,6.75
2002-09-07,25.11,83.2,23.59
2002-09-08,25.69,81.34,2.83
2002-09-09,27.15,75.18,1.74
2002-09-10,26.28,79.72,0.77
2002-09-11,25.95,80.76,2.08
2002-09-12,25.6,82.0,2.7
2002-09-13,25.6,81.73,5.09
2002-09-14,25.58,83.8,11.08
2002-09-15,25.9,82.05,6.07
2002-09-16,26.41,78.6,5.75
2002-09-17,26.75,79.01,15.67
2002-09-18,26.91,77.36,2.27
2002-09-19,25.41,82.65,1.4
2002-09-20,25.18,82.91,2.35
2002-09-21,26.14,79.25,3.1
2002-09-22,26.17,81.68,0.87
2002-09-23,25.61,79.11,2.28
2002-09-24,26.13,78.14,2.13
2002-09-25,26.62,76.09,0.4
2002-09-26,27.53,74.21,0.9
2002-09-27,27.5,76.45,2.4
2002-09-28,26.43,82.11,9.44
2002-09-29,26.68,78.74,0.43
2002-09-30,26.88,76.47,3.25
2002-10-01,26.92,75.17,9.32
2002-10-02,26.11,80.22,11.99
2002-10-03,25.24,85.41,8.94
2002-10-04,25.2,85.74,10.13
2002-10-05,25.81,79.12,3.88
2002-10-06,26.19,77.31,3.67
2002-10-07,25.53,82.94,7.71
2002-10-08,25.96,81.77,2.85
2002-10-09,26.6,78.71,1.54
2002-10-10,25.72,83.6,1.89
2002-10-11,26.57,75.95,1.35
2002-10-12,27.31,72.5,0.88
2002-10-13,26.86,75.14,1.01
2002-10-14,26.71,73.61,0.83
2002-10-15,27.16,69.45,0.54
2002-10-16,27.82,65.95,0.74
2002-10-17,26.95,73.4,2.65
2002-10-18,27.24,69.61,0.38
2002-10-19,27.78,68.53,0.29
2002-10-20,27.92,68.15,0.83
2002-10-21,27.95,63.68,0.22
2002-10-22,27.66,60.18,0.58
2002-10-23,26.95,71.28,0.01
2002-10-24,27.1,71.04,0.02
2002-10-25,27.35,68.46,0.01
2002-10-26,27.4,66.68,0.01
2002-10-27,28.25,53.54,0.0
2002-10-28,28.67,53.77,0.0
2002-10-29,28.69,58.17,0.0
2002-10-30,27.72,59.54,0.0
2002-10-31,28.0,52.34,0.0
2002-11-01,28.03,52.23,0.0
2002-11-02,28.73,54.8,0.01
2002-11-03,29.06,53.07,0.17
2002-11-04,28.36,57.57,0.53
2002-11-05,27.7,65.73,1.31
2002-11-06,26.69,65.65,0.63
2002-11-07,28.23,54.3,0.0
2002-11-08,29.34,48.19,0.01
2002-11-09,29.19,44.0,0.02
2002-11-10,29.16,51.66,0.01
2002-11-11,29.09,43.5,0.02
2002-11-12,28.97,52.32,0.0
2002-11-13,28.09,43.38,0.0
2002-11-14,27.94,40.48,0.0
2002-11-15,28.69,45.53,0.0
2002-11-16,28.68,47.93,0.0
2002-11-17,28.36,44.73,0.0
2002-11-18,27.82,39.35,0.0
2002-11-19,27.5,39.43,0.0
2002-11-20,28.03,39.22,0.0
2002-11-21,26.42,35.44,0.0
2002-11-22,26.31,34.44,0.0
2002-11-23,26.07,32.64,0.02
2002-11-24,26.2,29.7,0.0
2002-11-25,25.94,27.13,0.01
2002-11-26,25.72,25.96,0.0
2002-11-27,25.06,25.41,0.0
2002-11-28,24.97,26.25,0.0
2002-11-29,25.93,25.72,0.0
2002-11-30,25.62,23.24,0.0
2002-12-01,25.42,23.8,0.0
2002-12-02,26.69,25.15,0.0
2002-12-03,28.19,26.13,0.0
2002-12-04,27.93,29.42,0.0
2002-12-05,27.72,26.43,0.0
2002-12-06,27.49,31.49,0.0
2002-12-07,28.76,27.94,0.0
2002-12-08,29.93,33.39,0.0
2002-12-09,29.21,31.17,0.0
2002-12-10,28.05,25.38,0.0
2002-12-11,28.46,26.61,0.0
2002-12-12,28.42,27.56,0.0
2002-12-13,28.98,28.5,0.0
2002-12-14,27.85,24.64,0.0
2002-12-15,27.56,25.31,0.0
2002-12-16,27.84,25.17,0.0
2002-12-17,26.78,17.4,0.0
2002-12-18,24.76,18.54,0.0
2002-12-19,24.66,21.37,0.0
2002-12-20,24.6,19.08,0.0
2002-12-21,24.72,16.27,0.0
2002-12-22,25.24,12.65,0.0
2002-12-23,24.75,15.07,0.0
2002-12-24,23.61,18.28,0.0
2002-12-25,23.12,16.69,0.0
2002-12-26,22.55,16.64,0.0
2002-12-27,22.4,16.31,0.0
2002-12-28,23.14,15.25,0.0
2002-12-29,23.58,17.33,0.0
2002-12-30,24.54,14.6,0.0
2002-12-31,25.41,12.43,0.0
2003-01-01,24.03,12.46,0.0
2003-01-02,23.79,13.72,0.0
2003-01-03,24.36,14.14,0.0
2003-01-04,24.72,13.92,0.0
2003-01-05,24.7,13.74,0.0
2003-01-06,25.07,12.75,0.0
2003-01-07,25.57,12.46,0.0
2003-01-08,26.15,12.91,0.0
2003-01-09,26.61,12.2,0.0
2003-01-10,27.78,11.02,0.0
2003-01-11,27.13,11.51,0.0
2003-01-12,26.84,32.43,0.0
2003-01-13,29.27,43.34,0.0
2003-01-14,28.74,13.83,0.0
2003-01-15,28.34,12.76,0.0
2003-01-16,27.74,13.44,0.0
2003-01-17,27.76,11.5,0.0
2003-01-18,27.47,13.57,0.0
2003-01-19,28.47,17.65,0.0
2003-01-20,27.55,14.37,0.0
2003-01-21,27.97,14.63,0.0
2003-01-22,27.54,16.78,0.0
2003-01-23,27.65,13.85,0.0
2003-01-24,28.71,14.45,0.0
2003-01-25,28.82,18.75,0.0
2003-01-26,27.58,13.54,0.0
2003-01-27,25.71,10.28,0.0
2003-01-28,25.62,6.87,0.0
2003-01-29,25.5,8.9,0.0
2003-01-30,26.27,10.69,0.0
2003-01-31,27.28,11.81,0.0
2003-02-01,28.58,11.47,0.0
2003-02-02,29.94,11.1,0.0
2003-02-03,30.22,11.06,0.0
2003-02-04,29.37,12.52,0.0
2003-02-05,28.34,11.84,0.0
2003-02-06,28.45,10.77,0.0
2003-02-07,28.77,8.75,0.0
2003-02-08,29.24,8.0,0.0
2003-02-09,29.0,11.01,0.0
2003-02-10,30.51,12.76,0.09
2003-02-11,30.95,32.09,0.23
2003-02-12,32.43,40.2,0.39
2003-02-13,33.19,38.89,0.69
2003-02-14,34.03,33.94,0.41
2003-02-15,31.58,30.93,0.19
2003-02-16,31.95,41.94,0.0
2003-02-17,30.91,30.28,0.04
2003-02-18,30.83,20.24,0.0
2003-02-19,30.97,17.85,0.0
2003-02-20,30.66,12.66,0.0
2003-02-21,30.81,8.56,0.0
2003-02-22,31.22,10.78,0.0
2003-02-23,31.46,9.51,0.0
2003-02-24,31.56,10.33,0.0
2003-02-25,31.38,27.3,1.8
2003-02-26,32.85,36.19,0.49
2003-02-27,33.23,28.4,0.0
2003-02-28,30.51,14.21,0.0
2003-03-01,30.36,14.03,0.02
2003-03-02,30.52,13.35,0.0
2003-03-03,30.13,14.16,0.0
2003-03-04,30.16,12.24,0.0
2003-03-05,30.68,13.52,0.0
2003-03-06,31.12,13.96,0.0
2003-03-07,31.38,10.52,0.0
2003-03-08,31.54,10.58,0.0
2003-03-09,31.28,13.01,0.0
2003-03-10,31.16,19.26,0.0
2003-03-11,29.57,13.97,0.0
2003-03-12,29.3,11.15,0.0
2003-03-13,29.53,10.5,0.0
2003-03-14,30.57,7.5,0.0
2003-03-15,29.83,6.98,0.0
2003-03-16,30.03,7.48,0.0
2003-03-17,30.83,7.95,0.0
2003-03-18,31.62,7.45,0.0
2003-03-19,31.32,13.32,0.55
2003-03-20,32.07,29.56,0.71
2003-03-21,32.81,38.5,1.98
2003-03-22,30.53,57.78,14.43
2003-03-23,29.44,62.07,0.33
2003-03-24,31.21,41.74,0.0
2003-03-25,30.64,24.02,0.0
2003-03-26,30.54,22.79,0.6
2003-03-27,31.11,24.71,0.0
2003-03-28,29.97,18.95,0.0
2003-03-29,31.72,41.29,0.0
2003-03-30,32.81,38.14,0.0
2003-03-31,32.3,16.54,0.0
2003-04-01,32.13,10.05,0.01
2003-04-02,32.73,12.91,0.06
2003-04-03,33.66,29.1,1.83
2003-04-04,32.83,45.67,1.16
2003-04-05,33.38,42.32,1.82
2003-04-06,30.24,56.02,0.92
2003-04-07,30.49,53.58,0.21
2003-04-08,32.27,44.67,0.26
2003-04-09,34.28,39.35,1.33
2003-04-10,34.71,41.16,0.97
2003-04-11,34.55,42.6,0.43
2003-04-12,31.51,54.73,0.32
2003-04-13,33.42,48.28,1.92
2003-04-14,32.94,50.4,1.87
2003-04-15,30.63,60.44,3.98
2003-04-16,30.9,55.56,0.2
2003-04-17,30.85,53.73,3.2
2003-04-18,30.93,53.4,1.81
2003-04-19,30.93,54.02,2.45
2003-04-20,29.57,59.0,0.07
2003-04-21,31.87,49.09,3.33
2003-04-22,31.88,53.3,6.51
2003-04-23,29.13,70.35,8.18
2003-04-24,30.28,64.82,2.49
2003-04-25,30.33,65.27,5.0
2003-04-26,31.36,59.93,1.08
2003-04-27,30.52,62.99,0.96
2003-04-28,30.61,59.34,0.25
2003-04-29,32.28,51.09,0.64
2003-04-30,32.25,49.76,1.72
2003-05-01,32.22,46.35,1.27
2003-05-02,32.05,47.02,0.34
2003-05-03,32.28,49.43,2.66
2003-05-04,32.07,49.66,2.35
2003-05-05,32.13,41.02,1.52
2003-05-06,32.4,44.14,0.2
2003-05-07,32.8,44.98,0.22
2003-05-08,33.16,44.74,1.33
2003-05-09,33.94,41.28,1.43
2003-05-10,32.89,47.19,1.08
2003-05-11,31.16,58.99,12.61
2003-05-12,29.72,65.79,6.6
2003-05-13,30.79,58.2,2.67
2003-05-14,31.06,56.17,6.72
2003-05-15,30.21,64.39,10.38
2003-05-16,30.12,66.08,1.92
2003-05-17,29.7,64.46,0.21
2003-05-18,31.04,56.91,1.87
2003-05-19,32.49,52.67,3.06
2003-05-20,30.48,63.98,4.4
2003-05-21,30.05,65.22,1.51
2003-05-22,29.96,64.01,1.65
2003-05-23,31.77,54.56,0.76
2003-05-24,31.06,56.33,1.29
2003-05-25,30.36,58.02,0.66
2003-05-26,29.37,62.92,5.14
2003-05-27,29.4,68.73,19.48
2003-05-28,27.3,73.32,4.27
2003-05-29,27.83,70.02,6.29
2003-05-30,27.68,73.06,11.68
2003-05-31,27.47,75.8,4.29
2003-06-01,27.98,73.51,6.88
2003-06-02,26.17,81.93,8.54
2003-06-03,27.12,75.31,3.14
2003-06-04,28.43,70.16,5.09
2003-06-05,27.74,77.47,7.7
2003-06-06,26.54,78.23,3.38
2003-06-07,27.32,76.09,5.38
2003-06-08,27.85,69.74,2.19
2003-06-09,28.8,67.15,6.7
2003-06-10,27.82,75.02,2.96
2003-06-11,27.61,74.41,2.42
2003-06-12,27.33,74.02,4.98
2003-06-13,27.07,74.31,2.2
2003-06-14,28.73,66.56,1.68
2003-06-15,29.29,65.28,1.64
2003-06-16,29.1,68.98,2.34
2003-06-17,27.52,77.3,3.13
2003-06-18,27.45,74.39,4.26
2003-06-19,27.48,70.84,2.9
2003-06-20,27.56,72.23,4.19
2003-06-21,27.64,73.12,5.57
2003-06-22,27.32,72.24,5.59
2003-06-23,26.67,73.75,3.12
2003-06-24,27.56,67.78,2.3
2003-06-25,26.73,74.83,13.81
2003-06-26,25.16,81.25,4.36
2003-06-27,26.13,75.62,4.71
2003-06-28,27.17,72.37,5.45
2003-06-29,27.17,73.7,17.58
2003-06-30,26.87,75.87,3.26
2003-07-01,26.28,79.52,8.08
2003-07-02,26.02,79.85,13.56
2003-07-03,25.46,77.74,13.71
2003-07-04,25.72,75.64,5.57
2003-07-05,26.3,78.64,10.23
2003-07-06,27.02,77.46,5.88
2003-07-07,27.01,78.96,10.1
2003-07-08,25.65,81.71,6.78
2003-07-09,25.38,82.04,7.62
2003-07-10,26.29,78.64,2.0
2003-07-11,25.75,81.26,2.63
2003-07-12,26.04,81.95,3.2
2003-07-13,26.02,83.91,3.52
2003-07-14,25.68,83.67,1.98
2003-07-15,25.52,82.26,5.43
2003-07-16,26.61,80.75,22.82
2003-07-17,25.22,88.83,19.11
2003-07-18,25.41,82.68,4.35
2003-07-19,24.82,85.19,10.35
2003-07-20,24.77,85.35,3.97
2003-07-21,25.51,79.35,1.43
2003-07-22,25.91,79.98,1.87
2003-07-23,26.32,79.74,1.49
2003-07-24,26.05,81.91,0.76
2003-07-25,26.09,81.25,4.12
2003-07-26,25.94,79.85,2.12
2003-07-27,27.14,75.1,6.05
2003-07-28,27.04,79.49,4.99
2003-07-29,27.35,78.6,5.17
2003-07-30,26.93,80.29,7.28
2003-07-31,26.09,81.33,2.09
2003-08-01,27.08,77.76,4.02
2003-08-02,26.95,79.36,2.88
2003-08-03,26.32,82.68,3.54
2003-08-04,25.54,82.31,14.79
2003-08-05,26.05,82.19,12.57
2003-08-06,25.46,87.26,7.72
2003-08-07,25.26,87.22,6.68
2003-08-08,24.52,86.74,19.94
2003-08-09,26.39,80.09,5.88
2003-08-10,25.76,84.96,4.88
2003-08-11,24.6,90.26,16.37
2003-08-12,24.94,86.34,8.99
2003-08-13,25.74,82.34,3.59
2003-08-14,24.46,89.84,13.2
2003-08-15,26.09,82.91,5.02
2003-08-16,25.91,84.56,2.46
2003-08-17,25.48,86.14,6.66
2003-08-18,25.23,87.18,13.67
2003-08-19,25.34,88.43,15.97
2003-08-20,25.36,84.83,22.78
2003-08-21,24.37,87.78,19.78
2003-08-22,25.89,82.52,7.31
2003-08-23,25.55,82.12,11.84
2003-08-24,24.06,90.87,9.42
2003-08-25,25.34,83.51,6.99
2003-08-26,26.07,80.32,5.94
2003-08-27,26.63,81.1,5.96
2003-08-28,26.61,80.95,2.03
2003-08-29,24.96,86.74,4.81
2003-08-30,25.06,85.58,7.33
2003-08-31,24.91,88.86,9.31
2003-09-01,24.44,89.91,8.99
2003-09-02,24.65,89.23,23.67
2003-09-03,23.75,92.91,25.98
2003-09-04,24.98,85.06,6.63
2003-09-05,25.87,80.17,7.56
2003-09-06,24.72,88.66,19.91
2003-09-07,24.59,90.65,12.43
2003-09-08,24.29,90.82,5.81
2003-09-09,25.79,81.61,1.71
2003-09-10,26.0,82.64,2.65
2003-09-11,25.21,87.95,3.64
2003-09-12,25.68,85.83,3.55
2003-09-13,24.4,90.84,9.12
2003-09-14,24.44,91.31,4.0
2003-09-15,25.17,86.2,5.91
2003-09-16,25.16,87.45,3.11
2003-09-17,26.24,81.45,1.81
2003-09-18,26.25,83.12,2.66
2003-09-19,25.83,82.84,4.88
2003-09-20,24.57,89.04,26.33
2003-09-21,25.2,85.51,17.96
2003-09-22,26.09,83.49,11.93
2003-09-23,26.6,77.29,0.45
2003-09-24,25.77,82.77,4.55
2003-09-25,26.83,79.75,0.77
2003-09-26,26.98,81.27,3.5
2003-09-27,25.8,88.35,4.22
2003-09-28,25.71,85.21,3.26
2003-09-29,25.73,84.17,5.91
2003-09-30,26.25,82.22,5.93
2003-10-01,26.0,81.8,3.61
2003-10-02,26.61,78.28,2.47
2003-10-03,26.86,76.78,2.75
2003-10-04,26.49,82.2,3.42
2003-10-05,26.44,81.89,3.35
2003-10-06,26.61,82.39,3.56
2003-10-07,26.29,85.46,3.01
2003-10-08,26.96,83.01,2.3
2003-10-09,27.09,80.45,0.53
2003-10-10,26.78,83.16,2.0
2003-10-11,27.17,82.45,2.29
2003-10-12,27.68,80.16,1.85
2003-10-13,27.42,82.56,4.58
2003-10-14,26.37,87.84,4.6
2003-10-15,26.09,85.1,3.47
2003-10-16,25.17,88.08,6.32
2003-10-17,25.61,84.84,3.49
2003-10-18,26.07,80.36,0.21
2003-10-19,26.54,78.82,1.51
2003-10-20,26.4,82.97,0.85
2003-10-21,26.59,83.52,0.98
2003-10-22,27.16,77.94,0.35
2003-10-23,27.72,75.46,2.33
2003-10-24,26.94,80.66,3.97
2003-10-25,26.25,83.84,4.14
2003-10-26,26.47,82.51,4.42
2003-10-27,26.61,80.55,2.12
2003-10-28,27.02,76.81,0.56
2003-10-29,27.52,75.45,0.15
2003-10-30,26.43,82.99,0.91
2003-10-31,26.23,83.16,0.91
2003-11-01,26.36,80.54,1.37
2003-11-02,26.77,77.68,0.03
2003-11-03,26.99,76.77,0.14
2003-11-04,26.77,74.53,0.04
2003-11-05,26.25,75.52,0.08
2003-11-06,25.59,80.8,0.21
2003-11-07,25.83,78.22,0.0
2003-11-08,26.19,81.16,0.0
2003-11-09,26.62,78.02,0.0
2003-11-10,26.38,79.85,0.0
2003-11-11,26.75,74.75,0.0
2003-11-12,26.94,71.24,0.29
2003-11-13,27.03,65.01,0.17
2003-11-14,26.55,60.26,0.09
2003-11-15,26.99,66.56,0.07
2003-11-16,27.32,64.51,0.11
2003-11-17,26.85,69.87,0.0
2003-11-18,27.33,70.62,0.0
2003-11-19,27.07,64.81,0.0
2003-11-20,26.12,58.17,0.0
2003-11-21,26.22,59.88,0.0
2003-11-22,25.23,63.05,0.0
2003-11-23,23.99,56.02,0.0
2003-11-24,26.43,52.03,0.0
2003-11-25,26.87,50.66,0.0
2003-11-26,26.34,46.57,0.0
2003-11-27,25.88,45.63,0.0
2003-11-28,24.8,46.79,0.0
2003-11-29,23.91,45.46,0.0
2003-11-30,24.17,44.12,0.0
2003-12-01,24.57,44.5,0.0
2003-12-02,26.39,41.36,0.0
2003-12-03,26.15,42.72,0.0
2003-12-04,26.4,45.37,0.0
2003-12-05,25.96,53.61,0.0
2003-12-06,24.27,42.35,0.0
2003-12-07,23.72,45.87,0.0
2003-12-08,23.08,42.01,0.0
2003-12-09,22.3,41.11,0.0
2003-12-10,23.56,41.06,0.0
2003-12-11,25.24,39.56,0.0
2003-12-12,25.71,38.93,0.0
2003-12-13,25.28,42.1,0.0
2003-12-14,25.05,41.06,0.0
2003-12-15,24.01,39.79,0.0
2003-12-16,23.61,36.55,0.0
2003-12-17,24.05,38.45,0.0
2003-12-18,24.01,38.35,0.0
2003-12-19,23.81,32.6,0.0
2003-12-20,23.39,35.89,0.0
2003-12-21,24.36,40.05,0.0
2003-12-22,24.36,40.43,0.0
2003-12-23,24.02,36.35,0.0
2003-12-24,23.63,35.71,0.0
2003-12-25,23.83,29.12,0.0
2003-12-26,22.44,30.26,0.0
2003-12-27,22.34,29.63,0.0
2003-12-28,22.28,25.41,0.0
2003-12-29,21.83,27.92,0.0
2003-12-30,23.71,30.51,0.0
2003-12-31,24.97,33.64,0.0
2004-01-01,24.94,33.52,0.0
2004-01-02,25.85,33.94,0.0
2004-01-03,26.53,31.62,0.0
2004-01-04,27.2,30.41,0.0
2004-01-05,27.16,28.68,0.0
2004-01-06,26.52,25.58,0.0
2004-01-07,26.1,23.99,0.0
2004-01-08,25.44,27.26,0.0
2004-01-09,23.81,26.36,0.0
2004-01-10,24.66,24.18,0.0
2004-01-11,24.56,21.01,0.0
2004-01-12,25.28,21.7,0.0
2004-01-13,25.57,21.56,0.0
2004-01-14,25.1,24.99,0.0
2004-01-15,24.63,26.33,0.0
2004-01-16,24.65,22.4,0.0
2004-01-17,26.86,20.52,0.0
2004-01-18,27.76,26.38,0.0
2004-01-19,27.95,33.6,0.67
2004-01-20,29.07,55.09,1.92
2004-01-21,27.43,62.27,0.05
2004-01-22,25.55,35.97,0.07
2004-01-23,26.16,28.17,0.0
2004-01-24,27.01,22.49,0.0
2004-01-25,26.41,18.3,0.0
2004-01-26,27.25,19.34,0.0
2004-01-27,27.42,19.34,0.0
2004-01-28,27.82,23.16,0.0
2004-01-29,27.1,14.92,0.0
2004-01-30,27.09,15.42,0.0
2004-01-31,27.71,16.55,0.0
2004-02-01,27.4,17.38,0.0
2004-02-02,27.25,17.56,0.0
2004-02-03,24.88,16.35,0.0
2004-02-04,23.98,16.54,0.0
2004-02-05,23.57,16.38,0.0
2004-02-06,24.79,17.31,0.0
2004-02-07,25.9,18.93,0.0
2004-02-08,25.98,19.14,0.0
2004-02-09,26.09,18.09,0.0
2004-02-10,27.04,18.13,0.0
2004-02-11,27.54,19.38,0.0
2004-02-12,28.05,16.02,0.0
2004-02-13,28.61,14.62,0.0
2004-02-14,29.03,18.51,0.0
2004-02-15,27.58,22.35,0.0
2004-02-16,28.85,22.22,0.0
2004-02-17,28.45,15.85,0.0
2004-02-18,29.04,18.04,0.0
2004-02-19,29.24,23.01,0.0
2004-02-20,29.39,41.49,0.13
2004-02-21,30.56,22.17,0.02
2004-02-22,30.17,15.78,0.0
2004-02-23,28.69,12.33,0.0
2004-02-24,27.46,9.61,0.0
2004-02-25,28.12,14.65,0.72
2004-02-26,30.65,42.05,0.58
2004-02-27,32.26,44.97,1.89
2004-02-28,31.77,48.01,1.22
2004-02-29,31.65,50.0,4.16
2004-03-01,30.9,52.2,0.98
2004-03-02,29.53,48.04,0.03
2004-03-03,30.22,44.55,0.03
2004-03-04,25.56,13.32,0.0
2004-03-05,24.46,11.73,0.0
2004-03-06,24.04,12.87,0.0
2004-03-07,25.37,11.62,0.0
2004-03-08,26.48,12.64,0.0
2004-03-09,28.08,13.87,0.0
2004-03-10,29.24,16.48,0.0
2004-03-11,29.78,22.78,0.0
2004-03-12,29.79,15.54,0.0
2004-03-13,29.71,10.95,0.0
2004-03-14,30.2,8.37,0.0
2004-03-15,29.45,11.34,0.0
2004-03-16,30.74,35.58,0.0
2004-03-17,28.95,24.65,0.0
2004-03-18,30.27,10.16,0.0
2004-03-19,29.69,11.98,0.0
2004-03-20,29.65,13.81,0.0
2004-03-21,30.94,20.49,0.0
2004-03-22,31.44,19.2,0.01
2004-03-23,30.9,15.43,0.01
2004-03-24,31.57,12.55,0.0
2004-03-25,32.66,16.07,0.01
2004-03-26,32.07,17.13,0.01
2004-03-27,33.79,34.87,0.01
2004-03-28,34.81,38.67,0.32
2004-03-29,35.43,38.53,1.1
2004-03-30,34.83,40.02,1.37
2004-03-31,32.35,34.92,1.1
2004-04-01,31.44,39.85,1.07
2004-04-02,32.92,33.64,0.0
2004-04-03,33.97,20.96,0.0
2004-04-04,32.2,19.59,0.0
2004-04-05,31.95,35.13,0.25
2004-04-06,32.62,40.95,1.34
2004-04-07,30.31,54.14,2.62
2004-04-08,30.28,55.95,5.07
2004-04-09,28.81,64.53,5.94
2004-04-10,30.45,57.92,3.56
2004-04-11,31.3,56.7,4.07
2004-04-12,31.96,50.14,1.52
2004-04-13,32.57,49.99,3.27
2004-04-14,31.74,59.91,4.72
2004-04-15,31.35,57.28,0.62
2004-04-16,31.58,54.95,3.68
2004-04-17,32.47,51.79,0.42
2004-04-18,32.33,54.14,1.91
2004-04-19,30.48,59.61,1.04
2004-04-20,28.81,63.92,2.72
2004-04-21,30.05,62.68,1.19
2004-04-22,29.2,66.37,4.06
2004-04-23,31.15,57.0,0.25
2004-04-24,31.2,57.47,1.96
2004-04-25,31.03,58.92,1.42
2004-04-26,30.24,64.86,12.74
2004-04-27,27.87,73.77,3.39
2004-04-28,29.67,61.79,2.37
2004-04-29,28.63,65.57,6.14
2004-04-30,29.01,64.93,1.89
2004-05-01,31.28,55.53,0.53
2004-05-02,31.44,57.9,0.77
2004-05-03,31.46,60.45,1.32
2004-05-04,31.28,61.07,1.25
2004-05-05,30.62,62.94,1.74
2004-05-06,31.37,59.49,0.28
2004-05-07,30.93,57.05,0.0
2004-05-08,33.03,48.55,0.39
2004-05-09,32.8,50.98,0.5
2004-05-10,32.21,54.71,0.46
2004-05-11,32.55,49.84,0.96
2004-05-12,30.7,58.75,4.74
2004-05-13,30.12,61.22,3.95
2004-05-14,30.37,61.12,5.79
2004-05-15,30.71,58.72,1.81
2004-05-16,31.36,55.75,0.06
2004-05-17,31.99,54.63,4.76
2004-05-18,30.51,64.84,7.7
2004-05-19,28.12,75.25,8.25
2004-05-20,28.22,71.29,1.04
2004-05-21,29.03,66.53,3.63
2004-05-22,28.98,68.0,5.3
2004-05-23,29.39,66.24,3.25
2004-05-24,29.65,61.78,1.45
2004-05-25,30.43,57.9,2.06
2004-05-26,28.06,69.23,7.02
2004-05-27,27.83,65.9,3.08
2004-05-28,27.84,69.75,2.5
2004-05-29,29.49,61.35,4.07
2004-05-30,29.69,60.8,1.81
2004-05-31,29.27,63.33,2.39
2004-06-01,28.41,65.91,3.39
2004-06-02,26.12,77.05,12.01
2004-06-03,28.26,62.08,1.91
2004-06-04,27.71,69.12,1.04
2004-06-05,27.28,73.21,6.86
2004-06-06,28.58,65.51,0.89
2004-06-07,29.22,64.03,4.0
2004-06-08,29.34,61.75,0.74
2004-06-09,28.47,68.09,6.03
2004-06-10,27.49,75.58,5.98
2004-06-11,27.69,73.26,5.74
2004-06-12,27.79,70.47,3.21
2004-06-13,27.34,71.17,7.32
2004-06-14,27.82,70.22,8.35
2004-06-15,27.8,69.15,2.47
2004-06-16,28.21,68.63,0.64
2004-06-17,28.14,68.19,2.38
2004-06-18,28.67,67.34,0.67
2004-06-19,28.4,68.05,1.11
2004-06-20,29.29,64.68,5.75
2004-06-21,26.35,80.52,12.83
2004-06-22,26.98,77.24,10.61
2004-06-23,27.0,76.08,3.55
2004-06-24,27.48,72.05,2.76
2004-06-25,27.87,70.27,2.14
2004-06-26,28.33,65.33,2.95
2004-06-27,29.15,61.8,1.73
2004-06-28,28.26,67.5,1.38
2004-06-29,27.23,70.56,0.99
2004-06-30,27.76,68.63,4.24
2004-07-01,27.54,71.53,7.85
2004-07-02,26.78,77.44,15.4
2004-07-03,26.67,79.28,13.45
2004-07-04,26.37,78.43,0.93
2004-07-05,26.96,76.02,2.68
2004-07-06,25.85,84.44,29.24
2004-07-07,25.28,83.09,4.56
2004-07-08,25.11,82.8,2.84
2004-07-09,26.3,79.19,16.11
2004-07-10,25.2,86.01,14.59
2004-07-11,24.25,86.81,15.27
2004-07-12,25.73,80.68,4.89
2004-07-13,26.83,76.71,6.69
2004-07-14,25.98,81.73,8.25
2004-07-15,25.99,83.13,5.54
2004-07-16,26.07,82.87,5.8
2004-07-17,25.64,82.02,31.37
2004-07-18,25.46,84.04,6.5
2004-07-19,25.4,84.18,8.07
2004-07-20,25.73,81.59,2.22
2004-07-21,24.87,85.96,15.33
2004-07-22,25.02,84.17,14.1
2004-07-23,25.66,81.22,10.92
2004-07-24,24.57,88.85,6.64
2004-07-25,23.85,89.57,9.42
2004-07-26,24.59,84.62,2.26
2004-07-27,25.61,80.03,5.35
2004-07-28,24.94,83.69,8.08
2004-07-29,25.13,84.12,3.78
2004-07-30,25.32,83.39,7.22
2004-07-31,26.02,81.65,5.56
2004-08-01,25.74,84.61,9.94
2004-08-02,26.22,80.92,9.03
2004-08-03,26.14,78.89,4.67
2004-08-04,25.4,85.56,1.91
2004-08-05,25.65,83.43,5.66
2004-08-06,25.78,83.95,9.49
2004-08-07,26.32,82.44,8.0
2004-08-08,26.17,83.62,8.52
2004-08-09,25.71,84.62,2.48
2004-08-10,25.77,86.31,8.38
2004-08-11,24.6,89.7,11.3
2004-08-12,24.59,86.58,8.34
2004-08-13,25.3,83.53,2.82
2004-08-14,26.02,85.78,3.1
2004-08-15,26.18,82.47,0.85
2004-08-16,26.22,82.46,1.19
2004-08-17,25.95,82.78,2.58
2004-08-18,26.32,81.68,1.24
2004-08-19,26.72,81.1,3.56
2004-08-20,26.46,81.07,5.99
2004-08-21,25.46,87.02,3.33
2004-08-22,26.26,84.26,2.93
2004-08-23,24.62,92.92,16.14
2004-08-24,25.38,86.9,6.37
2004-08-25,26.11,81.58,2.71
2004-08-26,26.56,80.68,4.38
2004-08-27,24.63,91.01,4.61
2004-08-28,25.35,85.72,1.48
2004-08-29,25.86,81.95,10.37
2004-08-30,25.98,82.16,13.21
2004-08-31,25.62,83.13,5.67
2004-09-01,25.8,81.22,7.99
2004-09-02,25.92,81.87,10.51
2004-09-03,25.48,83.99,12.86
2004-09-04,25.92,81.94,8.18
2004-09-05,25.71,84.21,8.01
2004-09-06,25.15,87.26,10.72
2004-09-07,25.22,84.8,12.74
2004-09-08,25.34,86.4,9.89
2004-09-09,25.47,85.4,2.14
2004-09-10,26.42,78.72,3.13
2004-09-11,25.47,85.6,3.26
2004-09-12,24.47,91.45,6.67
2004-09-13,25.45,87.64,4.96
2004-09-14,24.74,89.33,2.86
2004-09-15,25.01,85.2,3.64
2004-09-16,25.74,83.56,1.91
2004-09-17,25.74,84.23,3.66
2004-09-18,25.46,83.94,1.95
2004-09-19,25.46,84.87,5.0
2004-09-20,24.83,85.96,3.63
2004-09-21,24.52,86.61,2.87
2004-09-22,25.82,83.38,2.64
2004-09-23,25.68,85.45,1.15
2004-09-24,25.54,84.48,3.15
2004-09-25,25.63,83.02,1.72
2004-09-26,26.1,80.43,2.08
2004-09-27,26.1,82.0,0.68
2004-09-28,26.1,82.97,3.41
2004-09-29,26.27,85.37,7.03
2004-09-30,25.47,88.46,2.1
2004-10-01,25.32,87.02,1.78
2004-10-02,26.2,82.1,2.18
2004-10-03,26.64,80.67,2.57
2004-10-04,25.84,86.51,5.63
2004-10-05,25.06,89.71,5.11
2004-10-06,26.29,82.92,3.44
2004-10-07,27.08,79.25,0.46
2004-10-08,26.25,84.91,0.25
2004-10-09,26.02,84.33,0.46
2004-10-10,26.19,84.4,0.18
2004-10-11,26.45,83.09,0.42
2004-10-12,26.89,80.76,0.02
2004-10-13,26.89,78.55,0.51
2004-10-14,25.29,87.14,0.75
2004-10-15,25.19,85.26,0.16
2004-10-16,25.87,78.25,0.03
2004-10-17,26.04,78.51,0.17
2004-10-18,26.27,76.01,0.23
2004-10-19,26.51,69.63,0.06
2004-10-20,26.35,72.78,0.19
2004-10-21,26.08,80.81,0.11
2004-10-22,26.05,79.96,0.19
2004-10-23,26.3,77.46,0.18
2004-10-24,26.56,75.45,0.32
2004-10-25,26.19,80.32,0.73
2004-10-26,25.98,79.57,0.43
2004-10-27,27.33,70.76,0.2
2004-10-28,27.22,72.37,0.18
2004-10-29,27.02,74.12,0.41
2004-10-30,26.5,78.2,0.44
2004-10-31,26.4,76.64,0.97
2004-11-01,27.31,73.13,2.06
2004-11-02,26.6,76.27,2.37
2004-11-03,27.36,71.25,0.9
2004-11-04,27.14,70.95,1.19
2004-11-05,27.43,70.1,2.37
2004-11-06,27.37,72.07,0.06
2004-11-07,27.73,66.7,0.0
2004-11-08,27.49,67.72,0.0
2004-11-09,27.96,67.62,0.0
2004-11-10,27.89,62.8,0.0
2004-11-11,27.64,62.97,0.0
2004-11-12,28.01,65.41,0.15
2004-11-13,27.56,71.46,0.12
2004-11-14,28.22,67.57,0.02
2004-11-15,27.82,52.38,0.0
2004-11-16,27.24,57.91,0.1
2004-11-17,27.54,53.38,0.0
2004-11-18,27.05,51.1,0.0
2004-11-19,27.26,69.16,0.0
2004-11-20,27.69,68.54,0.0
2004-11-21,27.36,57.46,0.0
2004-11-22,26.71,44.11,0.0
2004-11-23,25.23,42.13,0.0
2004-11-24,24.57,41.42,0.0
2004-11-25,25.34,43.31,0.0
2004-11-26,24.53,46.04,0.0
2004-11-27,25.62,45.75,0.0
2004-11-28,25.27,41.85,0.0
2004-11-29,24.87,38.79,0.0
2004-11-30,24.43,42.95,0.0
2004-12-01,25.35,46.12,0.0
2004-12-02,25.6,41.19,0.0
2004-12-03,24.26,39.16,0.0
2004-12-04,24.2,35.28,0.0
2004-12-05,24.86,35.5,0.0
2004-12-06,25.08,37.55,0.0
2004-12-07,26.06,39.24,0.0
2004-12-08,26.58,40.31,0.0
2004-12-09,26.52,39.58,0.0
2004-12-10,26.85,35.5,0.0
2004-12-11,27.55,33.14,0.0
2004-12-12,28.08,33.2,0.0
2004-12-13,28.06,32.62,0.0
2004-12-14,27.73,35.91,0.0
2004-12-15,26.96,40.28,0.0
2004-12-16,26.66,31.11,0.0
2004-12-17,25.55,27.55,0.0
2004-12-18,25.32,27.02,0.0
2004-12-19,25.74,28.56,0.0
2004-12-20,26.18,28.45,0.0
2004-12-21,27.27,32.11,0.0
2004-12-22,27.62,36.97,0.0
2004-12-23,28.67,33.68,0.0
2004-12-24,28.19,38.4,0.02
2004-12-25,28.8,37.38,0.01
2004-12-26,28.69,29.93,0.02
2004-12-27,27.97,46.08,0.0
2004-12-28,29.26,38.1,0.0
2004-12-29,27.79,22.72,0.0
2004-12-30,27.12,24.4,0.0
2004-12-31,26.46,23.42,0.0
2005-01-01,25.34,19.85,0.0
2005-01-02,24.53,17.06,0.0
2005-01-03,24.58,17.62,0.0
2005-01-04,25.54,22.9,0.0
2005-01-05,25.45,24.24,0.0
2005-01-06,25.2,23.56,0.0
2005-01-07,23.62,23.7,0.0
2005-01-08,22.94,20.56,0.0
2005-01-09,21.51,19.66,0.0
2005-01-10,21.78,20.82,0.0
2005-01-11,21.62,22.74,0.0
2005-01-12,21.45,22.94,0.0
2005-01-13,22.18,18.9,0.0
2005-01-14,22.15,19.07,0.0
2005-01-15,23.15,17.44,0.0
2005-01-16,24.36,18.94,0.0
2005-01-17,23.89,19.9,0.0
2005-01-18,24.39,17.18,0.0
2005-01-19,24.58,14.45,0.0
2005-01-20,24.99,10.52,0.0
2005-01-21,25.01,10.51,0.0
2005-01-22,25.03,13.03,0.0
2005-01-23,25.19,17.29,0.0
2005-01-24,25.8,20.33,0.0
2005-01-25,26.74,19.93,0.0
2005-01-26,28.56,22.95,0.0
2005-01-27,29.93,27.51,0.05
2005-01-28,29.61,48.3,0.27
2005-01-29,29.67,36.9,0.08
2005-01-30,28.49,21.51,0.0
2005-01-31,28.67,19.04,0.0
2005-02-01,28.35,18.32,0.0
2005-02-02,28.9,20.32,0.0
2005-02-03,29.75,20.19,0.0
2005-02-04,28.82,18.75,0.0
2005-02-05,29.55,15.23,0.0
2005-02-06,29.35,16.97,0.0
2005-02-07,29.14,36.42,0.0
2005-02-08,29.27,17.09,0.0
2005-02-09,29.53,19.4,0.0
2005-02-10,29.72,19.03,0.0
2005-02-11,30.73,20.22,0.0
2005-02-12,29.83,21.24,0.0
2005-02-13,28.82,18.27,0.0
2005-02-14,28.21,16.01,0.0
2005-02-15,29.12,11.63,0.0
2005-02-16,29.65,11.89,0.0
2005-02-17,30.98,14.78,0.0
2005-02-18,31.1,37.53,9.43
2005-02-19,31.54,53.01,0.91
2005-02-20,32.42,44.75,0.0
2005-02-21,31.97,44.75,0.02
2005-02-22,32.0,32.05,0.0
2005-02-23,33.07,27.9,0.0
2005-02-24,33.54,25.95,0.0
2005-02-25,32.87,26.09,0.0
2005-02-26,32.22,31.41,0.0
2005-02-27,32.97,27.54,0.0
2005-02-28,32.72,25.54,0.0
2005-03-01,33.32,30.24,0.0
2005-03-02,33.63,42.57,0.01
2005-03-03,31.66,47.83,0.34
2005-03-04,30.73,39.31,0.02
2005-03-05,32.95,30.41,0.0
2005-03-06,33.59,33.72,0.01
2005-03-07,32.55,42.01,0.0
2005-03-08,34.52,29.57,0.0
2005-03-09,34.05,30.83,0.0
2005-03-10,33.71,34.17,0.0
2005-03-11,33.87,32.82,0.0
2005-03-12,33.88,39.48,0.69
2005-03-13,32.5,46.77,0.27
2005-03-14,31.74,45.13,0.52
2005-03-15,33.43,39.93,0.91
2005-03-16,34.22,23.75,0.0
2005-03-17,33.16,29.75,0.01
2005-03-18,33.6,41.76,0.01
2005-03-19,34.31,40.67,0.01
2005-03-20,31.99,48.12,0.01
2005-03-21,32.91,41.68,0.0
2005-03-22,33.51,38.46,0.57
2005-03-23,34.5,35.96,0.35
2005-03-24,34.3,40.31,0.06
2005-03-25,34.89,34.17,0.19
2005-03-26,34.81,36.44,0.69
2005-03-27,33.5,41.05,0.51
2005-03-28,33.21,36.26,0.18
2005-03-29,33.03,20.07,0.01
2005-03-30,33.09,22.68,0.03
2005-03-31,33.07,35.7,0.12
2005-04-01,34.1,38.78,0.2
2005-04-02,34.3,38.63,0.06
2005-04-03,35.16,34.59,0.03
2005-04-04,35.85,33.69,0.13
2005-04-05,35.76,32.38,0.07
2005-04-06,34.88,26.47,0.33
2005-04-07,34.34,29.79,0.15
2005-04-08,33.64,43.69,0.82
2005-04-09,33.24,45.67,0.56
2005-04-10,32.41,49.09,0.87
2005-04-11,33.71,44.44,0.8
2005-04-12,34.74,41.92,1.57
2005-04-13,32.68,49.35,1.77
2005-04-14,32.96,48.22,0.45
2005-04-15,32.51,49.87,0.45
2005-04-16,33.46,46.59,0.3
2005-04-17,33.99,43.69,4.8
2005-04-18,32.12,55.59,4.87
2005-04-19,29.92,66.01,6.04
2005-04-20,31.31,56.82,0.56
2005-04-21,31.58,55.78,3.5
2005-04-22,31.86,54.36,4.39
2005-04-23,28.79,65.13,1.83
2005-04-24,30.16,51.71,0.65
2005-04-25,32.59,46.88,0.46
2005-04-26,31.41,55.12,0.16
2005-04-27,31.45,57.5,1.03
2005-04-28,31.71,58.41,3.98
2005-04-29,30.98,62.76,8.1
2005-04-30,31.07,58.66,2.04
2005-05-01,30.52,60.11,2.52
2005-05-02,28.55,69.25,4.43
2005-05-03,29.1,65.63,3.52
2005-05-04,30.37,58.44,0.58
2005-05-05,29.41,63.36,8.88
2005-05-06,27.29,73.52,5.17
2005-05-07,28.52,64.68,1.55
2005-05-08,29.46,61.95,4.76
2005-05-09,29.6,65.25,4.45
2005-05-10,29.49,65.37,1.72
2005-05-11,30.98,58.35,0.22
2005-05-12,32.28,54.61,0.29
2005-05-13,30.72,61.78,0.22
2005-05-14,31.35,58.02,0.11
2005-05-15,32.2,53.08,0.05
2005-05-16,30.47,60.32,0.55
2005-05-17,30.23,58.76,0.28
2005-05-18,31.47,53.98,0.09
2005-05-19,32.8,49.88,0.33
2005-05-20,32.56,51.65,0.69
2005-05-21,32.16,55.01,2.32
2005-05-22,30.22,61.94,2.61
2005-05-23,30.21,58.42,3.2
2005-05-24,31.23,53.48,3.62
2005-05-25,30.87,61.22,6.22
2005-05-26,29.85,63.79,4.88
2005-05-27,30.83,56.1,0.54
2005-05-28,29.7,62.84,8.56
2005-05-29,28.97,68.67,7.74
2005-05-30,28.94,70.21,10.19
2005-05-31,28.18,71.79,3.43
2005-06-01,28.24,67.71,3.74
2005-06-02,28.28,71.87,13.14
2005-06-03,28.2,75.56,12.58
2005-06-04,28.37,71.46,1.13
2005-06-05,29.27,64.59,1.45
2005-06-06,29.92,62.75,2.49
2005-06-07,29.44,66.92,3.53
2005-06-08,27.82,77.35,3.47
2005-06-09,27.19,74.89,8.14
2005-06-10,28.44,66.36,1.2
2005-06-11,29.72,62.02,1.12
2005-06-12,28.47,68.68,0.71
2005-06-13,28.41,69.17,0.98
2005-06-14,29.14,65.72,1.57
2005-06-15,30.36,63.25,6.61
2005-06-16,29.74,64.19,1.19
2005-06-17,28.08,73.43,8.16
2005-06-18,27.17,78.22,5.44
2005-06-19,26.98,76.96,8.26
2005-06-20,27.79,71.42,5.36
2005-06-21,28.47,68.93,3.74
2005-06-22,28.75,68.18,4.82
2005-06-23,27.89,73.12,4.09
2005-06-24,26.92,77.6,10.4
2005-06-25,26.72,77.94,4.26
2005-06-26,25.92,78.54,4.23
2005-06-27,26.05,75.54,4.23
2005-06-28,27.82,69.6,3.33
2005-06-29,28.49,67.39,2.62
2005-06-30,27.06,75.54,8.22
2005-07-01,27.67,76.57,11.78
2005-07-02,26.83,78.2,3.58
2005-07-03,26.39,76.7,3.23
2005-07-04,27.52,71.18,3.86
2005-07-05,28.14,69.35,1.22
2005-07-06,26.96,74.27,6.96
2005-07-07,25.85,78.28,2.78
2005-07-08,26.59,75.63,7.99
2005-07-09,26.02,79.85,3.0
2005-07-10,25.47,79.29,6.91
2005-07-11,26.4,72.83,5.07
2005-07-12,27.66,67.83,3.68
2005-07-13,27.53,73.32,12.87
2005-07-14,25.49,85.02,12.04
2005-07-15,25.07,86.75,5.85
2005-07-16,26.87,76.67,0.79
2005-07-17,25.98,81.35,14.93
2005-07-18,25.65,84.94,7.59
2005-07-19,24.09,88.44,25.48
2005-07-20,25.52,79.12,8.62
2005-07-21,26.11,82.78,1.29
2005-07-22,26.53,81.64,3.47
2005-07-23,27.13,76.79,3.55
2005-07-24,27.39,78.38,7.87
2005-07-25,26.1,85.71,4.23
2005-07-26,26.36,83.85,4.72
2005-07-27,26.15,84.46,2.68
2005-07-28,25.34,87.92,2.41
2005-07-29,25.98,85.55,3.61
2005-07-30,25.86,80.46,1.64
2005-07-31,25.98,81.09,3.46
2005-08-01,26.11,81.21,2.55
2005-08-02,26.9,78.85,1.47
2005-08-03,27.01,78.23,1.34
2005-08-04,27.15,78.52,7.13
2005-08-05,26.51,83.34,3.96
2005-08-06,26.91,81.26,5.68
2005-08-07,27.44,79.25,7.01
2005-08-08,25.65,86.62,15.36
2005-08-09,24.8,87.06,18.34
2005-08-10,25.64,85.38,8.74
2005-08-11,26.77,80.28,6.42
2005-08-12,26.93,80.09,6.1
2005-08-13,25.39,86.46,0.76
2005-08-14,25.22,84.35,2.78
2005-08-15,25.7,83.12,7.32
2005-08-16,25.69,86.75,17.4
2005-08-17,25.22,87.01,6.67
2005-08-18,25.41,84.11,1.75
2005-08-19,25.75,82.37,3.0
2005-08-20,26.85,77.88,1.49
2005-08-21,26.95,79.18,3.83
2005-08-22,26.56,82.11,5.7
2005-08-23,26.73,79.21,6.57
2005-08-24,25.65,83.88,3.72
2005-08-25,25.6,84.43,6.77
2005-08-26,25.52,83.89,7.78
2005-08-27,25.21,84.74,9.29
2005-08-28,26.04,81.11,11.08
2005-08-29,25.17,86.79,5.23
2005-08-30,24.57,85.61,11.1
2005-08-31,25.36,82.64,4.66
2005-09-01,25.84,84.29,19.49
2005-09-02,24.27,91.21,8.91
2005-09-03,25.65,82.06,14.65
2005-09-04,26.59,79.03,4.16
2005-09-05,25.58,82.17,6.3
2005-09-06,25.41,84.32,9.37
2005-09-07,25.38,84.04,7.67
2005-09-08,26.37,80.52,4.27
2005-09-09,26.49,80.15,7.96
2005-09-10,26.6,83.08,3.4
2005-09-11,27.22,82.07,4.87
2005-09-12,25.61,88.27,3.59
2005-09-13,26.35,81.03,3.04
2005-09-14,27.09,76.48,1.3
2005-09-15,26.83,81.43,0.41
2005-09-16,26.86,82.02,1.91
2005-09-17,26.91,81.3,1.78
2005-09-18,27.47,79.72,1.73
2005-09-19,27.53,80.45,3.45
2005-09-20,26.57,85.7,12.51
2005-09-21,25.69,85.03,4.51
2005-09-22,25.09,85.19,7.43
2005-09-23,26.62,81.78,2.27
2005-09-24,25.4,88.38,7.24
2005-09-25,24.13,92.25,24.28
2005-09-26,24.3,87.58,10.89
2005-09-27,25.54,83.06,6.81
2005-09-28,26.03,83.32,2.87
2005-09-29,26.59,81.6,3.5
2005-09-30,25.92,85.51,5.15
2005-10-01,26.08,83.7,3.18
2005-10-02,25.82,85.15,6.3
2005-10-03,25.31,87.29,3.68
2005-10-04,24.87,88.07,1.84
2005-10-05,25.36,84.2,0.69
2005-10-06,26.23,78.24,0.59
2005-10-07,25.61,78.47,0.76
2005-10-08,25.72,81.91,0.31
2005-10-09,25.51,80.45,0.83
2005-10-10,26.14,81.76,3.42
2005-10-11,25.62,82.72,0.78
2005-10-12,26.45,76.65,1.06
2005-10-13,26.43,80.0,3.57
2005-10-14,26.56,81.65,4.74
2005-10-15,26.76,79.45,1.86
2005-10-16,26.8,79.91,2.09
2005-10-17,25.76,83.82,0.87
2005-10-18,26.28,80.84,0.2
2005-10-19,26.23,81.05,0.28
2005-10-20,26.39,77.97,0.52
2005-10-21,26.65,74.27,0.3
2005-10-22,26.42,79.84,0.37
2005-10-23,27.16,73.62,0.02
2005-10-24,27.36,58.65,0.0
2005-10-25,25.95,57.26,0.0
2005-10-26,26.84,66.99,0.01
2005-10-27,27.31,68.05,0.03
2005-10-28,27.02,69.73,0.17
2005-10-29,26.61,75.73,0.05
2005-10-30,27.69,67.72,0.04
2005-10-31,27.58,62.8,0.11
2005-11-01,27.16,66.14,0.29
2005-11-02,26.08,78.2,0.0
2005-11-03,28.22,61.33,0.0
2005-11-04,27.5,63.88,0.0
2005-11-05,27.1,69.56,0.0
2005-11-06,27.11,63.09,0.0
2005-11-07,26.23,47.2,0.0
2005-11-08,25.68,39.94,0.0
2005-11-09,25.18,47.78,0.0
2005-11-10,25.66,46.11,0.0
2005-11-11,25.24,45.76,0.0
2005-11-12,25.48,47.41,0.0
2005-11-13,25.84,45.03,0.0
2005-11-14,26.86,45.16,0.0
2005-11-15,26.87,45.96,0.0
2005-11-16,26.27,43.11,0.0
2005-11-17,24.99,40.47,0.0
2005-11-18,26.02,43.52,0.0
2005-11-19,27.11,43.56,0.0
2005-11-20,27.23,42.78,0.0
2005-11-21,25.78,42.84,0.0
2005-11-22,25.65,42.1,0.0
2005-11-23,26.28,41.06,0.0
2005-11-24,26.36,39.15,0.0
2005-11-25,26.83,40.64,0.0
2005-11-26,27.03,55.97,0.0
2005-11-27,28.55,54.0,0.0
2005-11-28,28.73,41.25,0.0
2005-11-29,27.31,39.64,0.0
2005-11-30,28.36,40.8,0.0
2005-12-01,28.52,42.14,0.0
2005-12-02,27.44,52.56,0.11
2005-12-03,28.15,47.84,0.04
2005-12-04,26.03,35.79,0.02
2005-12-05,26.9,33.16,0.0
2005-12-06,26.36,35.68,0.05
2005-12-07,26.56,47.26,1.05
2005-12-08,26.55,33.54,0.0
2005-12-09,25.75,29.78,0.0
2005-12-10,26.13,26.9,0.0
2005-12-11,26.79,25.21,0.0
2005-12-12,26.4,27.14,0.0
2005-12-13,26.83,24.2,0.0
2005-12-14,26.6,23.02,0.0
2005-12-15,26.46,24.2,0.0
2005-12-16,27.37,22.34,0.0
2005-12-17,27.26,22.6,0.0
2005-12-18,27.73,20.47,0.0
2005-12-19,26.88,21.4,0.0
2005-12-20,26.08,20.67,0.0
2005-12-21,26.13,19.97,0.0
2005-12-22,26.33,22.39,0.0
2005-12-23,26.5,20.83,0.0
2005-12-24,26.01,21.08,0.0
2005-12-25,25.19,21.87,0.0
2005-12-26,26.06,24.3,0.0
2005-12-27,25.85,25.96,0.0
2005-12-28,26.02,25.53,0.0
2005-12-29,26.64,25.48,0.0
2005-12-30,26.44,23.57,0.0
2005-12-31,26.24,22.13,0.0
2006-01-01,27.1,22.93,0.0
2006-01-02,27.26,21.77,0.0
2006-01-03,27.78,21.0,0.0
2006-01-04,26.85,22.41,0.0
2006-01-05,27.58,22.61,0.0
2006-01-06,28.36,23.66,0.0
2006-01-07,28.08,34.05,0.0
2006-01-08,28.69,39.7,0.0
2006-01-09,27.63,16.7,0.0
2006-01-10,28.39,17.06,0.0
2006-01-11,27.87,18.76,0.0
2006-01-12,27.87,18.81,0.0
2006-01-13,27.58,16.86,0.0
2006-01-14,27.64,19.15,0.0
2006-01-15,27.8,21.54,0.0
2006-01-16,28.28,21.86,0.0
2006-01-17,27.98,24.21,0.0
2006-01-18,29.63,29.95,0.0
2006-01-19,27.6,19.31,0.0
2006-01-20,27.79,19.59,0.0
2006-01-21,28.58,19.04,0.0
2006-01-22,29.49,15.48,0.0
2006-01-23,29.57,15.92,0.0
2006-01-24,29.41,13.46,0.0
2006-01-25,29.23,11.73,0.0
2006-01-26,28.93,11.94,0.0
2006-01-27,29.05,20.18,0.0
2006-01-28,29.03,33.86,0.94
2006-01-29,30.24,49.87,0.88
2006-01-30,30.98,39.54,1.18
2006-01-31,29.29,27.5,0.0
2006-02-01,29.4,21.88,0.0
2006-02-02,29.29,16.49,0.0
2006-02-03,28.91,12.69,0.0
2006-02-04,28.78,11.77,0.0
2006-02-05,29.4,13.32,0.0
2006-02-06,29.53,14.86,0.0
2006-02-07,30.28,15.31,0.0
2006-02-08,30.08,15.81,0.0
2006-02-09,30.04,15.8,0.0
2006-02-10,29.56,16.3,0.67
2006-02-11,29.43,18.68,0.0
2006-02-12,30.06,14.52,0.25
2006-02-13,30.94,20.72,0.62
2006-02-14,31.3,40.08,0.82
2006-02-15,27.67,43.52,1.79
2006-02-16,30.16,26.23,0.03
2006-02-17,29.71,23.19,0.0
2006-02-18,29.47,28.83,0.0
2006-02-19,30.06,27.95,0.0
2006-02-20,30.9,23.61,0.0
2006-02-21,31.27,23.59,0.0
2006-02-22,32.08,22.4,0.0
2006-02-23,30.72,17.61,0.0
2006-02-24,30.95,11.14,0.0
2006-02-25,30.6,12.41,0.0
2006-02-26,30.3,12.25,0.0
2006-02-27,31.02,13.13,0.0
2006-02-28,30.48,14.29,0.0
2006-03-01,30.8,39.99,0.0
2006-03-02,31.91,26.84,0.0
2006-03-03,31.22,13.86,0.0
2006-03-04,31.86,14.08,0.0
2006-03-05,32.85,24.56,0.0
2006-03-06,32.4,18.36,0.0
2006-03-07,31.75,12.04,0.0
2006-03-08,29.84,12.76,0.0
2006-03-09,29.25,21.85,0.0
2006-03-10,30.14,19.21,0.0
2006-03-11,28.65,8.12,0.0
2006-03-12,29.47,9.58,0.0
2006-03-13,30.47,18.46,0.0
2006-03-14,31.12,18.17,0.0
2006-03-15,30.81,14.27,0.0
2006-03-16,31.12,10.3,0.0
2006-03-17,31.36,15.66,0.0
2006-03-18,32.25,27.24,0.0
2006-03-19,32.77,38.56,0.0
2006-03-20,33.46,40.02,0.0
2006-03-21,33.35,37.57,0.0
2006-03-22,33.81,35.88,0.05
2006-03-23,34.48,33.77,0.04
2006-03-24,32.71,17.29,0.01
2006-03-25,33.29,20.29,0.01
2006-03-26,33.2,41.48,0.0
2006-03-27,32.76,45.13,0.3
2006-03-28,32.07,42.32,1.27
2006-03-29,32.52,33.79,0.44
2006-03-30,32.81,30.25,0.36
2006-03-31,30.48,35.67,0.11
2006-04-01,32.43,21.35,0.0
2006-04-02,32.49,23.33,0.1
2006-04-03,31.87,19.95,0.14
2006-04-04,32.9,36.49,2.25
2006-04-05,31.8,49.63,2.39
2006-04-06,32.39,44.65,0.19
2006-04-07,33.07,38.28,0.14
2006-04-08,33.44,38.57,0.23
2006-04-09,32.61,29.32,0.26
2006-04-10,31.54,14.66,0.15
2006-04-11,31.77,20.37,0.0
2006-04-12,33.24,10.88,0.01
2006-04-13,33.04,20.75,0.02
2006-04-14,34.92,31.45,0.02
2006-04-15,34.89,39.29,0.01
2006-04-16,35.05,35.37,1.49
2006-04-17,34.51,38.6,1.92
2006-04-18,33.34,42.43,1.19
2006-04-19,32.77,46.07,1.87
2006-04-20,32.25,46.99,0.34
2006-04-21,31.92,50.69,8.98
2006-04-22,30.89,58.31,2.09
2006-04-23,29.46,67.26,17.68
2006-04-24,29.84,64.18,2.42
2006-04-25,29.49,64.81,18.28
2006-04-26,29.43,64.71,0.26
2006-04-27,31.18,53.53,0.94
2006-04-28,31.66,49.82,0.16
2006-04-29,31.6,50.45,0.27
2006-04-30,32.14,47.13,0.7
2006-05-01,32.24,50.77,1.55
2006-05-02,32.6,49.24,1.98
2006-05-03,33.0,50.87,0.83
2006-05-04,33.17,50.31,0.93
2006-05-05,32.58,51.49,0.69
2006-05-06,33.08,48.27,0.02
2006-05-07,31.55,53.98,0.02
2006-05-08,31.83,53.77,0.01
2006-05-09,30.78,56.92,0.06
2006-05-10,32.87,47.81,0.02
2006-05-11,32.25,50.1,1.26
2006-05-12,31.58,52.87,0.98
2006-05-13,31.76,53.29,1.03
2006-05-14,29.95,60.37,0.61
2006-05-15,31.29,54.38,2.23
2006-05-16,28.84,63.26,0.8
2006-05-17,29.86,57.97,2.28
2006-05-18,28.4,67.38,4.09
2006-05-19,28.54,64.83,8.13
2006-05-20,27.22,74.85,8.77
2006-05-21,26.79,74.15,1.7
2006-05-22,28.59,65.5,0.6
2006-05-23,28.92,62.67,0.94
2006-05-24,30.04,60.41,0.9
2006-05-25,30.21,59.5,1.05
2006-05-26,28.08,69.51,1.15
2006-05-27,30.42,58.02,2.32
2006-05-28,30.82,58.31,4.68
2006-05-29,29.47,64.67,1.92
2006-05-30,29.55,62.77,2.57
2006-05-31,30.04,60.77,1.64
2006-06-01,30.4,59.46,3.04
2006-06-02,31.35,55.9,2.05
2006-06-03,30.14,59.91,1.36
2006-06-04,30.87,57.39,2.0
2006-06-05,29.35,66.07,8.49
2006-06-06,29.0,67.31,5.81
2006-06-07,29.0,68.75,6.16
2006-06-08,27.35,73.09,2.6
2006-06-09,27.16,73.35,9.4
2006-06-10,28.1,67.51,4.44
2006-06-11,28.17,69.54,14.06
2006-06-12,27.87,70.6,4.03
2006-06-13,28.13,72.77,5.95
2006-06-14,28.27,73.01,1.97
2006-06-15,28.02,70.88,0.78
2006-06-16,27.33,74.21,8.57
2006-06-17,27.63,71.8,4.74
2006-06-18,27.98,68.3,0.54
2006-06-19,27.41,72.49,3.37
2006-06-20,27.81,69.77,1.84
2006-06-21,28.89,64.61,1.56
2006-06-22,29.21,64.03,2.69
2006-06-23,27.66,69.3,0.42
2006-06-24,28.28,65.81,1.33
2006-06-25,29.55,62.0,2.43
2006-06-26,29.28,64.16,5.27
2006-06-27,29.08,68.26,4.51
2006-06-28,29.78,64.19,4.08
2006-06-29,30.19,62.6,5.37
2006-06-30,28.64,70.2,4.04
2006-07-01,27.73,71.96,6.47
2006-07-02,28.16,70.33,13.97
2006-07-03,28.23,72.73,20.27
2006-07-04,27.35,79.57,6.55
2006-07-05,26.2,84.81,8.16
2006-07-06,26.77,77.11,1.66
2006-07-07,27.34,74.0,5.14
2006-07-08,27.11,76.99,3.04
2006-07-09,27.44,74.63,3.29
2006-07-10,27.6,73.47,5.8
2006-07-11,28.17,69.54,1.53
2006-07-12,27.89,71.51,4.86
2006-07-13,28.01,71.2,1.95
2006-07-14,26.83,79.31,10.51
2006-07-15,24.93,87.25,14.85
2006-07-16,26.35,78.46,3.63
2006-07-17,26.4,80.33,13.7
2006-07-18,26.83,78.18,2.65
2006-07-19,26.15,82.71,10.31
2006-07-20,25.22,85.98,13.18
2006-07-21,25.78,82.65,4.02
2006-07-22,25.42,85.65,9.13
2006-07-23,25.29,86.61,10.2
2006-07-24,25.54,85.6,6.61
2006-07-25,25.34,85.94,6.8
2006-07-26,25.38,85.32,11.86
2006-07-27,27.06,77.18,4.52
2006-07-28,27.5,76.66,4.53
2006-07-29,26.02,85.09,3.97
2006-07-30,25.4,86.12,8.14
2006-07-31,25.24,86.11,6.38
2006-08-01,25.4,86.35,4.63
2006-08-02,25.53,87.21,7.9
2006-08-03,25.45,85.92,4.59
2006-08-04,24.89,86.44,2.37
2006-08-05,25.25,85.57,3.12
2006-08-06,25.68,84.25,3.67
2006-08-07,25.31,87.54,5.19
2006-08-08,24.39,87.23,2.67
2006-08-09,25.46,85.43,4.5
2006-08-10,25.45,86.83,8.15
2006-08-11,25.31,87.23,8.07
2006-08-12,25.08,87.6,19.2
2006-08-13,25.54,87.04,17.22
2006-08-14,25.35,87.7,9.4
2006-08-15,25.88,85.78,6.83
2006-08-16,25.35,89.85,12.36
2006-08-17,25.69,87.03,5.36
2006-08-18,26.3,84.24,5.94
2006-08-19,25.35,87.1,4.24
2006-08-20,25.75,86.19,2.63
2006-08-21,26.67,82.32,2.25
2006-08-22,26.41,82.62,2.5
2006-08-23,24.48,92.21,14.08
2006-08-24,25.3,85.45,3.54
2006-08-25,26.15,82.81,1.65
2006-08-26,26.59,82.7,5.86
2006-08-27,25.27,86.01,4.62
2006-08-28,26.26,80.29,2.28
2006-08-29,26.28,81.0,9.0
2006-08-30,24.7,91.95,15.52
2006-08-31,25.3,87.23,19.45
2006-09-01,24.19,92.17,20.32
2006-09-02,25.07,86.68,6.31
2006-09-03,25.8,85.14,4.31
2006-09-04,25.13,85.97,0.49
2006-09-05,24.81,88.7,11.67
2006-09-06,26.14,81.62,4.92
2006-09-07,25.72,85.13,6.39
2006-09-08,23.9,93.47,15.69
2006-09-09,24.35,90.65,23.24
2006-09-10,24.78,87.11,9.78
2006-09-11,25.55,83.1,13.52
2006-09-12,25.23,86.4,11.59
2006-09-13,24.98,88.06,3.88
2006-09-14,25.21,86.89,3.26
2006-09-15,26.18,83.85,2.72
2006-09-16,26.05,84.27,1.05
2006-09-17,25.79,85.5,2.79
2006-09-18,25.91,85.93,5.31
2006-09-19,25.19,88.52,1.94
2006-09-20,25.37,85.17,9.19
2006-09-21,25.75,84.96,3.29
2006-09-22,26.13,84.0,5.58
2006-09-23,25.84,82.41,2.34
2006-09-24,25.05,88.3,3.07
2006-09-25,26.26,80.19,4.26
2006-09-26,26.5,81.3,4.54
2006-09-27,25.92,86.45,4.66
2006-09-28,25.36,88.26,6.63
2006-09-29,25.33,87.8,3.89
2006-09-30,25.13,87.14,7.13
2006-10-01,26.07,83.41,2.87
2006-10-02,25.73,84.87,19.73
2006-10-03,25.89,84.9,3.21
2006-10-04,26.99,79.41,1.38
2006-10-05,27.0,82.29,1.82
2006-10-06,27.01,82.94,2.56
2006-10-07,26.11,86.05,5.4
2006-10-08,25.79,88.61,6.64
2006-10-09,25.92,88.63,5.95
2006-10-10,26.25,85.9,4.84
2006-10-11,26.67,82.16,3.75
2006-10-12,25.98,84.21,1.5
2006-10-13,26.08,83.58,2.66
2006-10-14,25.78,84.83,2.93
2006-10-15,26.82,80.19,0.71
2006-10-16,26.65,84.29,2.95
2006-10-17,26.71,84.04,2.93
2006-10-18,27.15,81.49,4.17
2006-10-19,27.02,82.44,3.01
2006-10-20,26.84,80.47,1.07
2006-10-21,27.21,79.56,2.24
2006-10-22,26.68,82.94,2.88
2006-10-23,25.53,86.58,0.18
2006-10-24,25.96,81.25,0.28
2006-10-25,26.27,78.74,0.42
2006-10-26,26.24,80.67,0.43
2006-10-27,26.33,79.61,0.28
2006-10-28,27.27,74.5,0.07
2006-10-29,27.35,74.52,0.03
2006-10-30,26.97,73.06,0.01
2006-10-31,26.35,71.47,0.01
2006-11-01,26.66,68.51,0.01
2006-11-02,26.93,73.78,0.03
2006-11-03,26.67,71.84,0.02
2006-11-04,27.0,69.22,0.01
2006-11-05,27.07,61.25,0.0
2006-11-06,25.29,53.39,0.0
2006-11-07,26.18,52.44,0.0
2006-11-08,26.52,59.18,0.0
2006-11-09,24.97,65.59,0.0
2006-11-10,24.61,65.13,0.0
2006-11-11,24.9,59.84,0.0
2006-11-12,25.78,58.71,0.0
2006-11-13,25.59,55.17,0.0
2006-11-14,25.6,54.76,0.0
2006-11-15,25.06,61.67,0.0
2006-11-16,24.24,57.54,0.0
2006-11-17,24.0,54.75,0.0
2006-11-18,24.26,52.88,0.0
2006-11-19,23.65,47.78,0.0
2006-11-20,22.76,46.59,0.0
2006-11-21,23.15,43.85,0.0
2006-11-22,23.64,40.29,0.0
2006-11-23,23.25,40.2,0.0
2006-11-24,24.4,39.26,0.0
2006-11-25,23.97,41.61,0.0
2006-11-26,23.49,37.88,0.0
2006-11-27,22.96,38.84,0.0
2006-11-28,22.52,40.45,0.0
2006-11-29,22.82,39.69,0.0
2006-11-30,22.98,37.65,0.0
2006-12-01,21.99,44.01,0.0
2006-12-02,23.61,41.98,0.0
2006-12-03,22.95,44.77,0.0
2006-12-04,22.42,40.09,0.0
2006-12-05,22.71,37.94,0.0
2006-12-06,22.42,39.23,0.0
2006-12-07,22.66,36.8,0.0
2006-12-08,22.41,33.36,0.0
2006-12-09,22.83,33.63,0.0
2006-12-10,23.92,37.96,0.0
2006-12-11,25.14,40.38,0.0
2006-12-12,25.72,43.14,0.0
2006-12-13,24.54,44.57,0.0
2006-12-14,24.74,47.2,0.0
2006-12-15,24.33,37.3,0.0
2006-12-16,23.73,32.9,0.0
2006-12-17,23.75,33.76,0.0
2006-12-18,24.19,32.39,0.0
2006-12-19,24.27,33.61,0.0
2006-12-20,24.6,35.69,0.0
2006-12-21,24.58,34.41,0.0
2006-12-22,23.03,32.09,0.0
2006-12-23,22.66,29.63,0.0
2006-12-24,23.19,29.1,0.0
2006-12-25,23.02,27.23,0.0
2006-12-26,22.63,26.79,0.0
2006-12-27,22.74,26.82,0.0
2006-12-28,21.74,27.85,0.0
2006-12-29,22.11,27.01,0.0
2006-12-30,21.52,31.31,0.0
2006-12-31,20.99,28.18,0.0
2007-01-01,19.8,27.62,0.0
2007-01-02,20.27,27.86,0.0
2007-01-03,20.37,29.55,0.0
2007-01-04,19.32,29.7,0.0
2007-01-05,20.99,28.67,0.0
2007-01-06,22.34,27.8,0.0
2007-01-07,23.28,27.9,0.0
2007-01-08,23.19,27.19,0.0
2007-01-09,22.95,25.05,0.0
2007-01-10,23.29,23.99,0.0
2007-01-11,23.43,26.61,0.0
2007-01-12,22.78,21.2,0.0
2007-01-13,21.47,22.28,0.0
2007-01-14,20.65,23.73,0.0
2007-01-15,20.73,27.12,0.0
2007-01-16,21.87,26.6,0.0
2007-01-17,22.75,25.41,0.0
2007-01-18,22.3,23.5,0.0
2007-01-19,22.55,22.99,0.0
2007-01-20,21.75,24.26,0.0
2007-01-21,22.81,21.76,0.0
2007-01-22,23.93,18.74,0.0
2007-01-23,24.51,18.55,0.0
2007-01-24,25.71,19.49,0.0
2007-01-25,26.62,18.49,0.0
2007-01-26,27.84,21.37,0.0
2007-01-27,28.56,19.81,0.0
2007-01-28,26.54,28.44,0.0
2007-01-29,27.89,20.95,0.0
2007-01-30,27.41,21.25,0.0
2007-01-31,25.93,18.94,0.0
2007-02-01,27.66,20.35,0.0
2007-02-02,27.47,21.18,0.0
2007-02-03,27.83,19.18,0.0
2007-02-04,27.87,26.3,0.0
2007-02-05,28.97,21.55,0.0
2007-02-06,31.07,20.96,0.0
2007-02-07,31.3,26.97,0.0
2007-02-08,30.18,22.9,0.0
2007-02-09,28.78,17.69,0.0
2007-02-10,29.02,16.48,0.0
2007-02-11,28.8,13.6,0.0
2007-02-12,27.42,14.99,0.0
2007-02-13,26.48,10.09,0.0
2007-02-14,24.89,9.48,0.0
2007-02-15,25.84,10.71,0.0
2007-02-16,26.43,11.51,0.0
2007-02-17,27.47,12.27,0.0
2007-02-18,28.46,13.05,0.0
2007-02-19,29.09,13.32,0.0
2007-02-20,30.89,13.4,0.0
2007-02-21,29.88,11.56,0.0
2007-02-22,27.86,11.53,0.0
2007-02-23,26.85,11.91,0.0
2007-02-24,26.58,10.34,0.0
2007-02-25,27.34,9.9,0.0
2007-02-26,27.62,12.87,0.0
2007-02-27,28.16,10.07,0.0
2007-02-28,27.86,9.69,0.0
2007-03-01,27.83,10.43,0.0
2007-03-02,28.63,10.12,0.0
2007-03-03,28.9,11.13,0.0
2007-03-04,28.32,8.66,0.0
2007-03-05,28.92,7.32,0.0
2007-03-06,29.7,6.62,0.0
2007-03-07,29.69,7.41,0.0
2007-03-08,27.18,7.83,0.0
2007-03-09,29.21,6.46,0.0
2007-03-10,28.26,7.76,0.0
2007-03-11,27.93,8.98,0.0
2007-03-12,28.98,9.26,0.0
2007-03-13,29.04,9.64,0.0
2007-03-14,30.5,9.77,0.0
2007-03-15,31.28,17.78,0.0
2007-03-16,31.59,38.95,0.0
2007-03-17,32.63,30.31,0.0
2007-03-18,32.2,37.99,0.08
2007-03-19,32.97,32.42,0.04
2007-03-20,32.31,37.17,0.09
2007-03-21,34.42,34.86,0.11
2007-03-22,34.87,36.82,0.22
2007-03-23,33.32,41.4,0.24
2007-03-24,33.3,29.12,0.37
2007-03-25,33.3,33.76,0.33
2007-03-26,32.86,32.31,0.51
2007-03-27,33.31,43.71,0.36
2007-03-28,34.84,36.21,0.41
2007-03-29,33.28,40.84,0.63
2007-03-30,34.79,34.76,0.06
2007-03-31,34.36,40.27,0.15
2007-04-01,33.04,44.42,0.4
2007-04-02,31.11,52.85,6.15
2007-04-03,32.54,48.39,0.8
2007-04-04,32.36,53.2,4.21
2007-04-05,29.74,69.62,6.4
2007-04-06,30.34,61.76,0.07
2007-04-07,30.21,58.96,0.38
2007-04-08,30.43,56.0,0.2
2007-04-09,32.3,41.72,0.14
2007-04-10,32.4,51.91,0.7
2007-04-11,31.85,56.27,2.67
2007-04-12,31.46,57.38,2.14
2007-04-13,30.7,61.01,2.01
2007-04-14,30.68,61.62,6.51
2007-04-15,31.51,57.47,1.28
2007-04-16,30.4,62.12,5.61
2007-04-17,29.84,65.78,7.4
2007-04-18,28.98,69.8,3.63
2007-04-19,30.12,60.02,0.45
2007-04-20,31.19,58.34,6.06
2007-04-21,31.07,59.64,1.91
2007-04-22,29.94,63.08,3.44
2007-04-23,29.9,59.54,0.46
2007-04-24,30.56,56.34,2.54
2007-04-25,31.27,53.99,2.86
2007-04-26,30.69,58.47,7.2
2007-04-27,28.24,72.68,7.95
2007-04-28,29.85,60.72,1.14
2007-04-29,28.45,72.11,17.12
2007-04-30,28.31,73.57,12.44
2007-05-01,27.88,75.42,4.24
2007-05-02,27.76,74.71,1.09
2007-05-03,30.16,60.74,1.28
2007-05-04,30.63,62.57,1.31
2007-05-05,29.83,67.26,2.05
2007-05-06,28.43,73.66,0.65
2007-05-07,28.94,70.42,0.51
2007-05-08,29.21,68.84,0.3
2007-05-09,30.22,64.92,0.31
2007-05-10,31.11,61.8,0.15
2007-05-11,29.77,69.29,5.93
2007-05-12,29.56,70.44,6.86
2007-05-13,28.8,73.96,14.51
2007-05-14,27.57,77.08,6.51
2007-05-15,28.2,71.01,4.99
2007-05-16,28.76,69.4,0.96
2007-05-17,28.54,72.94,0.49
2007-05-18,30.11,64.52,1.06
2007-05-19,29.46,68.48,0.67
2007-05-20,31.08,61.75,0.89
2007-05-21,31.37,60.84,1.45
2007-05-22,30.83,63.47,1.02
2007-05-23,29.81,64.33,0.66
2007-05-24,30.52,64.0,1.95
2007-05-25,30.03,65.33,1.36
2007-05-26,29.82,66.87,3.08
2007-05-27,30.33,66.14,5.54
2007-05-28,28.7,71.92,5.24
2007-05-29,29.26,67.32,2.16
2007-05-30,28.64,67.56,2.11
2007-05-31,28.48,68.91,0.6
2007-06-01,30.17,62.87,0.91
2007-06-02,28.87,66.51,0.75
2007-06-03,28.17,69.69,0.52
2007-06-04,27.88,69.95,0.87
2007-06-05,27.71,71.3,8.2
2007-06-06,26.66,76.16,9.93
2007-06-07,26.88,73.84,4.78
2007-06-08,27.38,73.1,5.61
2007-06-09,28.08,70.57,3.79
2007-06-10,27.79,73.93,0.68
2007-06-11,27.86,73.07,0.3
2007-06-12,27.73,71.29,0.97
2007-06-13,28.31,68.46,0.77
2007-06-14,28.24,68.3,0.63
2007-06-15,29.02,68.3,2.2
2007-06-16,29.11,70.41,3.04
2007-06-17,27.55,76.17,1.9
2007-06-18,27.15,76.17,1.81
2007-06-19,29.36,63.78,1.01
2007-06-20,28.93,64.89,0.85
2007-06-21,28.16,69.48,1.08
2007-06-22,28.47,65.86,0.94
2007-06-23,28.96,61.76,0.62
2007-06-24,28.52,65.97,1.44
2007-06-25,27.92,70.73,1.23
2007-06-26,28.9,66.73,1.57
2007-06-27,27.37,72.37,2.69
2007-06-28,27.59,72.17,2.25
2007-06-29,27.9,71.51,2.01
2007-06-30,27.04,78.01,10.53
2007-07-01,25.82,82.58,10.88
2007-07-02,25.2,83.56,24.53
2007-07-03,26.9,77.06,6.17
2007-07-04,26.46,80.23,6.72
2007-07-05,26.38,77.76,0.6
2007-07-06,27.5,72.46,0.43
2007-07-07,27.68,71.61,0.47
2007-07-08,26.74,74.28,0.49
2007-07-09,27.17,71.64,0.64
2007-07-10,27.12,73.55,4.13
2007-07-11,27.17,74.03,4.78
2007-07-12,28.18,70.1,5.0
2007-07-13,27.88,74.65,5.64
2007-07-14,26.94,77.98,5.5
2007-07-15,25.85,83.62,5.18
2007-07-16,26.04,82.35,5.11
2007-07-17,27.13,75.81,8.17
2007-07-18,25.95,81.11,3.72
2007-07-19,26.27,80.14,2.64
2007-07-20,26.51,78.42,9.04
2007-07-21,26.06,80.28,10.8
2007-07-22,26.22,78.61,9.89
2007-07-23,25.04,84.72,7.39
2007-07-24,26.03,82.52,9.04
2007-07-25,25.93,83.63,9.56
2007-07-26,25.71,85.48,24.64
2007-07-27,24.22,89.62,9.74
2007-07-28,24.73,85.65,15.37
2007-07-29,24.83,88.06,29.06
2007-07-30,25.41,85.73,7.69
2007-07-31,24.94,88.39,6.96
2007-08-01,23.96,92.21,16.92
2007-08-02,26.14,80.31,3.6
2007-08-03,26.35,82.51,3.8
2007-08-04,26.16,84.66,7.88
2007-08-05,24.28,93.48,20.01
2007-08-06,24.98,86.71,9.95
2007-08-07,25.09,87.58,5.83
2007-08-08,25.2,88.82,26.59
2007-08-09,25.9,86.28,11.68
2007-08-10,26.11,84.52,5.8
2007-08-11,25.44,85.86,10.24
2007-08-12,25.96,82.98,9.19
2007-08-13,25.59,85.62,10.95
2007-08-14,24.87,88.18,15.29
2007-08-15,24.98,86.16,11.63
2007-08-16,25.92,84.49,4.9
2007-08-17,25.21,86.34,10.12
2007-08-18,25.64,83.42,1.53
2007-08-19,26.51,79.92,7.11
2007-08-20,26.08,86.02,9.7
2007-08-21,25.6,85.34,14.1
2007-08-22,25.16,87.29,4.57
2007-08-23,25.68,87.64,11.1
2007-08-24,24.21,92.78,17.58
2007-08-25,24.09,90.49,24.85
2007-08-26,24.5,89.83,23.48
2007-08-27,24.11,92.19,34.56
2007-08-28,24.53,88.63,18.92
2007-08-29,24.12,90.42,22.8
2007-08-30,25.1,84.58,13.98
2007-08-31,25.92,85.19,9.26
2007-09-01,24.17,91.48,4.63
2007-09-02,23.91,90.57,8.17
2007-09-03,24.93,86.94,6.41
2007-09-04,25.23,88.23,15.25
2007-09-05,24.23,90.74,12.46
2007-09-06,23.97,88.16,8.34
2007-09-07,25.32,86.08,9.27
2007-09-08,26.24,82.76,3.94
2007-09-09,25.6,85.74,3.69
2007-09-10,25.2,84.91,7.65
2007-09-11,25.63,83.76,1.95
2007-09-12,26.88,77.35,3.23
2007-09-13,26.29,84.08,2.4
2007-09-14,25.13,87.41,4.31
2007-09-15,26.74,77.14,2.85
2007-09-16,26.6,81.12,5.19
2007-09-17,26.21,84.39,4.83
2007-09-18,26.28,84.55,10.13
2007-09-19,26.38,80.83,8.02
2007-09-20,25.93,84.61,6.65
2007-09-21,25.9,85.4,3.95
2007-09-22,25.75,83.35,6.25
2007-09-23,25.42,87.25,6.57
2007-09-24,25.8,82.67,5.79
2007-09-25,25.65,86.21,2.6
2007-09-26,25.2,87.05,2.01
2007-09-27,25.54,85.81,6.56
2007-09-28,26.48,82.64,0.09
2007-09-29,24.85,88.9,0.11
2007-09-30,26.34,79.82,0.04
2007-10-01,26.99,75.18,0.08
2007-10-02,25.64,85.81,0.09
2007-10-03,25.95,82.41,0.09
2007-10-04,26.6,79.56,0.09
2007-10-05,26.91,78.5,0.05
2007-10-06,25.95,83.64,0.14
2007-10-07,25.0,86.85,0.06
2007-10-08,25.49,84.92,0.75
2007-10-09,25.53,85.7,0.56
2007-10-10,25.76,83.47,0.9
2007-10-11,26.65,79.9,0.36
2007-10-12,27.53,74.15,0.55
2007-10-13,26.88,78.02,0.0
2007-10-14,25.84,85.78,0.0
2007-10-15,26.61,80.34,0.0
2007-10-16,26.7,81.66,0.0
2007-10-17,26.89,80.38,0.0
2007-10-18,26.17,82.58,0.22
2007-10-19,26.13,83.0,0.12
2007-10-20,25.95,80.37,0.11
2007-10-21,25.45,83.4,0.39
2007-10-22,26.53,77.62,0.18
2007-10-23,26.48,78.57,2.26
2007-10-24,26.0,82.13,2.83
2007-10-25,25.91,81.72,1.83
2007-10-26,25.64,82.43,1.03
2007-10-27,24.35,87.59,3.5
2007-10-28,25.9,78.92,0.55
2007-10-29,25.9,82.03,0.97
2007-10-30,25.78,80.51,0.23
2007-10-31,26.05,80.18,0.78
2007-11-01,26.67,73.66,0.71
2007-11-02,26.48,65.5,0.12
2007-11-03,25.15,76.51,0.15
2007-11-04,25.7,79.96,0.31
2007-11-05,26.3,69.42,0.05
2007-11-06,26.34,61.35,0.01
2007-11-07,26.4,57.34,0.18
2007-11-08,26.37,59.52,0.16
2007-11-09,26.81,61.42,0.3
2007-11-10,24.81,71.71,0.66
2007-11-11,24.37,68.45,0.03
2007-11-12,25.29,64.09,0.0
2007-11-13,25.4,59.84,0.0
2007-11-14,26.16,58.89,0.0
2007-11-15,25.72,68.45,0.44
2007-11-16,25.93,80.81,0.69
2007-11-17,26.75,76.01,0.1
2007-11-18,27.08,69.2,0.01
2007-11-19,26.48,71.73,0.01
2007-11-20,27.42,63.85,0.07
2007-11-21,26.74,58.08,0.01
2007-11-22,25.74,61.25,0.01
2007-11-23,26.49,59.61,0.01
2007-11-24,25.76,62.27,0.0
2007-11-25,26.55,65.72,0.01
2007-11-26,27.06,54.8,0.01
2007-11-27,26.85,56.71,0.0
2007-11-28,26.75,62.15,0.0
2007-11-29,26.9,56.94,0.0
2007-11-30,27.64,58.38,0.0
2007-12-01,27.97,60.08,0.0
2007-12-02,27.55,57.15,0.0
2007-12-03,25.93,48.95,0.0
2007-12-04,24.36,48.62,0.0
2007-12-05,25.06,47.27,0.0
2007-12-06,24.79,39.78,0.0
2007-12-07,25.21,39.28,0.0
2007-12-08,25.77,42.52,0.0
2007-12-09,24.95,50.12,0.0
2007-12-10,24.82,55.71,0.0
2007-12-11,23.71,44.79,0.0
2007-12-12,23.91,36.32,0.0
2007-12-13,24.76,40.75,0.0
2007-12-14,24.91,39.52,0.0
2007-12-15,24.89,42.61,0.0
2007-12-16,26.37,41.43,0.0
2007-12-17,26.2,37.98,0.0
2007-12-18,25.74,40.41,0.0
2007-12-19,25.09,44.44,0.0
2007-12-20,23.8,42.64,0.0
2007-12-21,22.41,36.82,0.0
2007-12-22,22.33,38.92,0.0
2007-12-23,22.08,37.42,0.0
2007-12-24,21.37,36.76,0.0
2007-12-25,21.88,35.7,0.0
2007-12-26,22.08,35.62,0.0
2007-12-27,22.47,33.32,0.0
2007-12-28,22.98,31.23,0.0
2007-12-29,23.51,29.69,0.0
2007-12-30,23.41,27.26,0.0
2007-12-31,22.41,27.38,0.0
2008-01-01,22.39,25.81,0.0
2008-01-02,22.04,23.58,0.0
2008-01-03,22.95,26.4,0.0
2008-01-04,24.77,30.09,0.0
2008-01-05,25.28,28.85,0.0
2008-01-06,22.68,26.41,0.0
2008-01-07,20.03,26.94,0.0
2008-01-08,19.65,27.0,0.0
2008-01-09,21.58,28.25,0.0
2008-01-10,24.05,26.59,0.0
2008-01-11,24.75,24.91,0.0
2008-01-12,25.5,25.85,0.0
2008-01-13,25.91,26.73,0.0
2008-01-14,25.84,27.87,0.0
2008-01-15,25.62,29.68,0.0
2008-01-16,25.48,22.46,0.0
2008-01-17,24.28,19.62,0.0
2008-01-18,23.65,20.4,0.0
2008-01-19,24.02,20.05,0.0
2008-01-20,23.54,17.71,0.0
2008-01-21,22.09,19.41,0.0
2008-01-22,20.93,20.45,0.0
2008-01-23,20.63,21.42,0.0
2008-01-24,21.09,19.9,0.0
2008-01-25,21.71,18.57,0.0
2008-01-26,21.67,18.67,0.0
2008-01-27,21.36,19.47,0.0
2008-01-28,21.11,19.68,0.0
2008-01-29,21.07,20.81,0.0
2008-01-30,21.82,19.26,0.0
2008-01-31,23.83,20.76,0.0
2008-02-01,24.54,22.07,0.0
2008-02-02,24.91,21.82,0.0
2008-02-03,25.52,19.14,0.0
2008-02-04,26.3,19.04,0.0
2008-02-05,26.42,17.98,0.0
2008-02-06,27.24,18.13,0.0
2008-02-07,26.66,17.48,0.0
2008-02-08,26.69,15.99,0.0
2008-02-09,27.15,15.85,0.0
2008-02-10,27.59,17.05,0.0
2008-02-11,26.94,15.4,0.0
2008-02-12,26.48,12.7,0.0
2008-02-13,26.28,11.6,0.0
2008-02-14,26.26,15.68,0.0
2008-02-15,26.73,18.01,0.0
2008-02-16,27.16,15.89,0.0
2008-02-17,26.66,12.61,0.0
2008-02-18,26.39,11.94,0.0
2008-02-19,25.86,15.49,0.0
2008-02-20,25.75,16.14,0.0
2008-02-21,26.11,14.19,0.0
2008-02-22,26.29,13.51,0.0
2008-02-23,27.65,16.18,0.0
2008-02-24,28.67,16.1,0.0
2008-02-25,28.48,16.92,0.0
2008-02-26,29.51,37.27,0.0
2008-02-27,29.06,29.47,0.0
2008-02-28,29.9,37.19,0.0
2008-02-29,28.81,37.88,0.0
2008-03-01,30.24,24.2,0.0
2008-03-02,30.51,25.38,0.04
2008-03-03,31.06,46.59,0.06
2008-03-04,31.34,44.7,0.04
2008-03-05,31.44,38.69,0.03
2008-03-06,31.06,30.42,0.0
2008-03-07,29.97,13.49,0.0
2008-03-08,29.31,11.77,0.0
2008-03-09,29.54,10.0,0.0
2008-03-10,29.54,22.39,0.34
2008-03-11,30.16,52.45,1.39
2008-03-12,29.45,50.95,0.43
2008-03-13,30.4,33.5,0.0
2008-03-14,30.97,10.71,0.0
2008-03-15,29.52,22.63,0.0
2008-03-16,30.95,24.24,0.4
2008-03-17,29.79,13.78,0.1
2008-03-18,29.84,26.92,0.67
2008-03-19,31.01,45.39,0.4
2008-03-20,32.86,37.81,0.37
2008-03-21,33.94,35.83,0.67
2008-03-22,32.76,41.83,0.35
2008-03-23,32.43,45.2,1.17
2008-03-24,32.86,42.05,1.02
2008-03-25,32.62,23.71,0.3
2008-03-26,32.43,17.97,0.18
2008-03-27,32.37,10.35,0.0
2008-03-28,30.84,18.38,0.0
2008-03-29,32.12,39.85,0.0
2008-03-30,33.36,38.11,0.0
2008-03-31,33.92,40.15,0.0
2008-04-01,33.41,43.56,0.0
2008-04-02,34.18,37.38,0.0
2008-04-03,33.79,34.23,0.0
2008-04-04,32.79,23.99,0.0
2008-04-05,30.7,8.46,0.0
2008-04-06,30.34,7.78,0.0
2008-04-07,30.75,13.86,0.0
2008-04-08,31.83,29.15,0.01
2008-04-09,31.14,8.82,0.0
2008-04-10,30.97,8.94,0.0
2008-04-11,31.83,20.45,0.0
2008-04-12,32.54,31.89,0.0
2008-04-13,32.34,16.27,0.0
2008-04-14,31.7,27.87,0.0
2008-04-15,32.63,40.63,0.0
2008-04-16,33.46,37.5,1.2
2008-04-17,33.32,41.2,0.57
2008-04-18,34.13,39.12,0.77
2008-04-19,33.38,42.17,0.21
2008-04-20,34.12,38.65,2.31
2008-04-21,32.7,52.55,18.76
2008-04-22,31.18,61.46,9.3
2008-04-23,30.83,62.64,8.39
2008-04-24,29.66,64.06,1.56
2008-04-25,29.1,64.37,7.01
2008-04-26,30.68,55.31,1.07
2008-04-27,29.82,53.56,0.06
2008-04-28,30.23,56.43,0.83
2008-04-29,29.9,56.98,1.19
2008-04-30,31.09,52.49,0.17
2008-05-01,32.11,44.98,0.32
2008-05-02,32.11,48.35,0.19
2008-05-03,32.15,50.37,2.8
2008-05-04,31.83,52.82,1.55
2008-05-05,31.41,53.78,3.11
2008-05-06,28.17,65.4,0.17
2008-05-07,31.0,50.43,0.03
2008-05-08,32.63,43.57,0.26
2008-05-09,32.54,48.3,0.27
2008-05-10,30.8,53.75,0.37
2008-05-11,31.63,53.53,6.39
2008-05-12,31.01,59.45,3.82
2008-05-13,28.63,67.73,3.11
2008-05-14,29.53,61.42,1.79
2008-05-15,31.38,53.6,0.58
2008-05-16,31.37,55.53,0.91
2008-05-17,30.17,58.14,0.31
2008-05-18,31.8,51.13,0.65
2008-05-19,29.87,59.29,0.92
2008-05-20,30.83,56.97,1.07
2008-05-21,30.25,57.84,1.05
2008-05-22,31.6,53.62,1.92
2008-05-23,31.86,56.52,2.39
2008-05-24,30.15,62.26,2.49
2008-05-25,28.31,68.38,0.88
2008-05-26,30.55,57.73,0.0
2008-05-27,32.36,48.2,0.0
2008-05-28,31.82,52.56,0.0
2008-05-29,28.72,63.7,0.0
2008-05-30,28.27,57.77,0.0
2008-05-31,31.74,43.63,0.12
2008-06-01,32.63,46.63,1.3
2008-06-02,31.48,53.45,1.29
2008-06-03,29.42,61.84,1.09
2008-06-04,29.79,56.47,0.21
2008-06-05,31.96,48.39,1.11
2008-06-06,31.98,52.29,2.74
2008-06-07,30.91,57.02,1.27
2008-06-08,30.24,56.31,0.97
2008-06-09,30.06,58.85,2.35
2008-06-10,29.7,61.13,1.96
2008-06-11,29.85,60.87,2.77
2008-06-12,30.77,57.89,2.79
2008-06-13,29.6,60.13,0.77
2008-06-14,29.65,52.89,0.54
2008-06-15,31.31,50.42,1.51
2008-06-16,31.52,52.06,2.78
2008-06-17,29.52,61.89,2.92
2008-06-18,28.42,62.83,2.85
2008-06-19,29.44,59.56,1.66
2008-06-20,30.52,54.74,1.95
2008-06-21,30.3,55.6,2.44
2008-06-22,30.11,58.43,1.3
2008-06-23,29.58,62.3,8.83
2008-06-24,27.98,70.33,4.85
2008-06-25,26.15,79.5,15.8
2008-06-26,26.12,76.4,5.35
2008-06-27,29.15,61.14,3.08
2008-06-28,28.37,69.31,12.44
2008-06-29,27.11,76.27,9.3
2008-06-30,26.1,79.09,10.44
2008-07-01,26.65,76.94,8.6
2008-07-02,27.62,72.15,8.4
2008-07-03,28.0,69.67,4.53
2008-07-04,26.91,77.54,9.24
2008-07-05,26.56,76.17,1.9
2008-07-06,27.02,72.11,3.22
2008-07-07,25.57,80.07,7.88
2008-07-08,26.25,76.26,9.92
2008-07-09,25.71,82.76,6.89
2008-07-10,26.45,76.83,2.62
2008-07-11,27.33,73.0,2.4
2008-07-12,28.0,70.18,2.75
2008-07-13,27.53,73.47,2.49
2008-07-14,28.7,67.31,1.61
2008-07-15,26.31,80.57,13.29
2008-07-16,25.58,82.86,30.29
2008-07-17,25.67,81.31,13.61
2008-07-18,25.19,83.34,8.66
2008-07-19,24.0,90.66,19.27
2008-07-20,25.17,85.38,3.42
2008-07-21,25.68,83.17,3.47
2008-07-22,25.54,84.83,5.76
2008-07-23,24.86,87.9,3.05
2008-07-24,25.6,82.7,1.71
2008-07-25,26.42,79.41,4.47
2008-07-26,26.4,80.48,8.23
2008-07-27,25.25,85.82,4.68
2008-07-28,24.89,85.07,5.2
2008-07-29,26.17,77.91,5.48
2008-07-30,26.11,80.8,19.84
2008-07-31,26.03,83.3,9.34
2008-08-01,25.91,82.46,6.15
2008-08-02,25.48,85.45,16.05
2008-08-03,24.11,91.33,13.43
2008-08-04,24.82,86.74,7.64
2008-08-05,24.21,89.61,8.44
2008-08-06,25.53,84.17,7.09
2008-08-07,26.21,82.69,7.66
2008-08-08,25.81,83.48,8.84
2008-08-09,25.15,86.62,2.89
2008-08-10,25.78,84.05,4.52
2008-08-11,26.11,83.17,7.1
2008-08-12,25.67,85.55,4.24
2008-08-13,24.78,87.0,10.67
2008-08-14,24.69,86.97,12.19
2008-08-15,25.78,84.29,14.26
2008-08-16,25.32,89.02,20.13
2008-08-17,25.24,85.59,13.65
2008-08-18,24.95,88.25,28.92
2008-08-19,24.06,91.66,28.03
2008-08-20,24.06,90.05,7.13
2008-08-21,25.32,81.86,3.82
2008-08-22,24.99,87.76,21.83
2008-08-23,24.82,88.85,14.79
2008-08-24,25.08,85.58,10.65
2008-08-25,25.05,86.94,12.5
2008-08-26,24.36,91.13,18.92
2008-08-27,25.0,87.85,10.8
2008-08-28,25.36,85.88,14.21
2008-08-29,25.74,84.51,11.99
2008-08-30,24.65,89.82,7.18
2008-08-31,25.06,85.21,2.99
2008-09-01,26.08,82.48,9.66
2008-09-02,24.98,90.11,12.32
2008-09-03,24.97,89.71,7.31
2008-09-04,25.52,85.29,4.76
2008-09-05,25.04,85.2,4.0
2008-09-06,25.03,87.97,3.74
2008-09-07,26.37,82.82,4.14
2008-09-08,25.36,88.85,12.28
2008-09-09,25.52,84.02,4.93
2008-09-10,26.28,79.77,9.33
2008-09-11,26.4,82.99,6.17
2008-09-12,24.91,90.13,10.41
2008-09-13,25.09,86.18,6.63
2008-09-14,25.8,83.73,6.48
2008-09-15,25.67,85.35,17.06
2008-09-16,24.55,89.45,7.32
2008-09-17,26.07,82.54,4.51
2008-09-18,27.24,79.23,3.51
2008-09-19,25.87,85.7,2.19
2008-09-20,25.38,84.31,1.47
2008-09-21,26.13,78.6,0.87
2008-09-22,26.52,81.56,1.83
2008-09-23,25.52,88.27,5.91
2008-09-24,25.34,87.44,7.05
2008-09-25,26.39,82.67,4.9
2008-09-26,26.01,82.35,3.04
2008-09-27,26.11,82.63,3.18
2008-09-28,23.95,89.47,1.73
2008-09-29,25.11,84.63,2.14
2008-09-30,25.23,87.26,2.09
2008-10-01,25.65,84.63,2.94
2008-10-02,26.07,83.12,0.79
2008-10-03,26.55,83.29,2.52
2008-10-04,25.3,88.28,0.98
2008-10-05,26.02,81.98,2.53
2008-10-06,26.81,80.3,3.17
2008-10-07,25.82,86.94,2.49
2008-10-08,24.67,90.33,5.94
2008-10-09,25.79,84.66,2.44
2008-10-10,26.15,81.76,5.4
2008-10-11,24.43,91.91,12.01
2008-10-12,25.11,86.78,9.22
2008-10-13,26.37,79.79,0.15
2008-10-14,26.85,78.54,0.1
2008-10-15,26.67,80.29,0.18
2008-10-16,27.05,76.67,0.24
2008-10-17,26.29,81.46,0.13
2008-10-18,26.87,78.59,0.6
2008-10-19,26.12,84.66,0.46
2008-10-20,26.07,82.94,0.44
2008-10-21,26.43,77.98,0.09
2008-10-22,26.03,75.78,0.17
2008-10-23,25.6,76.35,0.0
2008-10-24,27.2,69.88,0.0
2008-10-25,26.89,63.21,0.0
2008-10-26,26.16,60.21,0.0
2008-10-27,26.34,67.58,0.0
2008-10-28,26.08,77.46,0.0
2008-10-29,26.78,78.15,0.0
2008-10-30,27.06,76.34,0.0
2008-10-31,26.84,78.01,0.0
2008-11-01,26.37,73.99,0.0
2008-11-02,24.47,60.96,0.0
2008-11-03,24.89,52.59,0.0
2008-11-04,25.56,48.49,0.0
2008-11-05,24.77,53.53,0.0
2008-11-06,24.56,54.84,0.0
2008-11-07,25.17,50.5,0.0
2008-11-08,25.2,49.92,0.0
2008-11-09,25.31,51.05,0.0
2008-11-10,25.69,53.65,0.0
2008-11-11,25.62,70.75,0.0
2008-11-12,23.76,68.92,0.0
2008-11-13,22.69,58.91,0.0
2008-11-14,23.68,60.47,0.0
2008-11-15,23.68,62.88,0.0
2008-11-16,23.78,59.08,0.0
2008-11-17,24.47,48.81,0.0
2008-11-18,24.48,43.13,0.0
2008-11-19,25.23,39.8,0.0
2008-11-20,24.76,49.03,0.0
2008-11-21,25.22,63.42,0.0
2008-11-22,26.03,51.67,0.0
2008-11-23,26.2,49.31,0.0
2008-11-24,25.97,50.81,0.0
2008-11-25,26.48,50.49,0.0
2008-11-26,26.66,42.55,0.0
2008-11-27,26.28,44.9,0.0
2008-11-28,26.04,50.73,0.0
2008-11-29,26.28,43.61,0.0
2008-11-30,26.82,40.23,0.0
2008-12-01,26.96,47.2,0.0
2008-12-02,27.26,52.83,0.0
2008-12-03,27.0,42.22,0.0
2008-12-04,24.84,41.04,0.0
2008-12-05,21.53,32.53,0.0
2008-12-06,21.95,32.92,0.0
2008-12-07,23.47,35.92,0.0
2008-12-08,24.53,39.48,0.0
2008-12-09,25.16,36.24,0.0
2008-12-10,26.07,38.13,0.0
2008-12-11,26.49,40.29,0.0
2008-12-12,26.33,41.1,0.0
2008-12-13,26.22,41.94,0.0
2008-12-14,26.67,43.93,0.0
2008-12-15,27.88,50.34,0.0
2008-12-16,28.21,51.24,0.0
2008-12-17,26.1,40.42,0.0
2008-12-18,25.46,37.9,0.0
2008-12-19,25.4,33.02,0.0
2008-12-20,25.19,31.73,0.0
2008-12-21,24.64,32.61,0.0
2008-12-22,24.01,34.82,0.0
2008-12-23,24.19,32.37,0.0
2008-12-24,23.5,32.17,0.0
2008-12-25,23.16,38.74,0.0
2008-12-26,24.25,42.17,0.0
2008-12-27,25.1,42.71,0.0
2008-12-28,25.71,40.3,0.0
2008-12-29,25.34,33.76,0.0
2008-12-30,24.22,29.49,0.0
2008-12-31,24.64,27.6,0.0
2009-01-01,24.41,28.05,0.0
2009-01-02,24.33,28.54,0.0
2009-01-03,24.63,28.07,0.0
2009-01-04,25.16,31.62,0.0
2009-01-05,25.99,32.45,0.0
2009-01-06,27.12,28.42,0.0
2009-01-07,28.19,31.22,0.0
2009-01-08,27.71,28.51,0.0
2009-01-09,26.45,26.58,0.0
2009-01-10,26.52,29.12,0.0
2009-01-11,27.02,31.21,0.0
2009-01-12,26.71,28.17,0.0
2009-01-13,25.54,26.75,0.0
2009-01-14,25.99,22.95,0.0
2009-01-15,26.47,22.09,0.0
2009-01-16,27.44,23.97,0.0
2009-01-17,26.46,24.29,0.0
2009-01-18,24.91,23.07,0.0
2009-01-19,25.09,29.54,0.0
2009-01-20,22.33,20.28,0.0
2009-01-21,22.54,18.53,0.0
2009-01-22,22.66,19.29,0.0
2009-01-23,21.92,14.97,0.0
2009-01-24,23.27,15.97,0.0
2009-01-25,25.02,20.44,0.0
2009-01-26,26.49,21.86,0.0
2009-01-27,27.5,19.86,0.0
2009-01-28,27.38,15.77,0.0
2009-01-29,27.79,16.74,0.0
2009-01-30,27.75,18.7,0.0
2009-01-31,28.25,27.0,0.01
2009-02-01,29.92,36.87,0.03
2009-02-02,30.44,44.12,0.04
2009-02-03,31.65,37.39,0.05
2009-02-04,31.57,41.32,0.08
2009-02-05,31.41,38.13,0.0
2009-02-06,31.25,36.19,0.0
2009-02-07,31.16,27.55,0.0
2009-02-08,29.77,28.5,0.0
2009-02-09,28.75,18.07,0.0
2009-02-10,28.43,19.86,0.0
2009-02-11,29.07,26.07,0.0
2009-02-12,29.89,18.95,0.0
2009-02-13,29.64,20.58,0.0
2009-02-14,29.82,32.86,0.0
2009-02-15,30.97,42.92,0.55
2009-02-16,28.98,52.99,4.7
2009-02-17,28.03,58.43,0.56
2009-02-18,28.26,46.75,0.68
2009-02-19,28.25,37.1,0.27
2009-02-20,28.67,28.2,0.0
2009-02-21,30.0,23.26,0.0
2009-02-22,29.42,22.13,0.0
2009-02-23,30.16,21.99,0.0
2009-02-24,30.48,25.56,0.0
2009-02-25,30.89,30.47,0.0
2009-02-26,30.28,38.21,0.0
2009-02-27,32.06,37.01,0.0
2009-02-28,31.75,28.88,0.0
2009-03-01,31.6,23.42,0.0
2009-03-02,30.36,17.78,0.0
2009-03-03,30.75,27.62,0.0
2009-03-04,31.74,31.49,0.0
2009-03-05,31.89,28.49,0.0
2009-03-06,31.56,13.11,0.0
2009-03-07,31.82,17.84,0.13
2009-03-08,30.92,12.78,0.0
2009-03-09,30.77,16.54,0.0
2009-03-10,32.62,39.83,0.21
2009-03-11,32.41,44.46,0.25
2009-03-12,32.1,42.5,0.01
2009-03-13,33.12,28.07,0.13
2009-03-14,31.81,17.19,0.02
2009-03-15,31.94,14.5,0.06
2009-03-16,31.56,30.73,0.04
2009-03-17,33.23,39.99,0.19
2009-03-18,31.69,41.74,0.28
2009-03-19,32.48,38.26,0.16
2009-03-20,32.19,40.13,0.4
2009-03-21,33.69,27.26,0.0
2009-03-22,33.5,34.73,0.14
2009-03-23,33.15,39.61,0.58
2009-03-24,32.58,43.07,0.24
2009-03-25,34.4,39.37,0.27
2009-03-26,33.51,39.36,0.46
2009-03-27,33.48,38.86,0.29
2009-03-28,34.19,37.38,0.15
2009-03-29,32.28,48.1,0.21
2009-03-30,34.1,38.57,0.01
2009-03-31,33.49,41.98,0.36
2009-04-01,31.88,50.17,0.56
2009-04-02,30.41,50.58,4.69
2009-04-03,30.92,44.16,1.65
2009-04-04,30.53,56.06,5.86
2009-04-05,30.55,57.69,3.44
2009-04-06,31.44,51.64,0.08
2009-04-07,32.03,44.99,0.03
2009-04-08,31.75,50.48,0.05
2009-04-09,31.69,45.16,0.01
2009-04-10,31.93,50.53,0.08
2009-04-11,31.49,55.13,2.92
2009-04-12,29.62,64.1,2.54
2009-04-13,29.2,65.74,2.58
2009-04-14,30.51,57.11,0.82
2009-04-15,32.01,49.68,1.95
2009-04-16,32.07,49.62,0.86
2009-04-17,32.31,43.73,0.69
2009-04-18,32.33,50.28,0.74
2009-04-19,32.51,51.74,0.88
2009-04-20,31.61,55.12,0.88
2009-04-21,31.56,52.48,0.4
2009-04-22,32.32,50.0,0.78
2009-04-23,32.96,45.37,0.46
2009-04-24,32.96,48.32,0.6
2009-04-25,33.58,46.38,0.27
2009-04-26,34.05,45.54,1.32
2009-04-27,28.99,67.04,4.63
2009-04-28,31.34,56.22,1.03
2009-04-29,31.01,58.67,2.96
2009-04-30,30.45,61.69,1.39
2009-05-01,31.55,55.49,4.78
2009-05-02,29.64,68.43,7.43
2009-05-03,28.89,69.68,8.08
2009-05-04,29.76,64.23,3.86
2009-05-05,28.25,72.22,6.97
2009-05-06,29.03,66.02,2.56
2009-05-07,30.03,62.98,3.23
2009-05-08,30.16,61.69,1.12
2009-05-09,29.85,63.75,4.27
2009-05-10,28.71,68.55,5.48
2009-05-11,28.46,67.64,0.74
2009-05-12,30.76,56.58,0.42
2009-05-13,31.07,55.01,0.7
2009-05-14,31.4,53.34,0.34
2009-05-15,30.12,59.52,0.17
2009-05-16,30.24,60.16,1.72
2009-05-17,31.02,56.5,1.61
2009-05-18,30.92,57.78,0.78
2009-05-19,31.74,55.15,1.39
2009-05-20,31.18,56.08,1.34
2009-05-21,31.9,54.53,3.84
2009-05-22,31.28,59.58,3.53
2009-05-23,29.07,70.9,6.88
2009-05-24,29.61,65.4,1.58
2009-05-25,30.75,59.98,3.59
2009-05-26,28.38,70.15,0.28
2009-05-27,29.7,64.69,4.19
2009-05-28,30.41,61.9,0.37
2009-05-29,31.25,55.75,0.16
2009-05-30,30.75,57.47,1.15
2009-05-31,31.21,55.54,0.27
2009-06-01,32.06,53.52,0.42
2009-06-02,32.29,53.44,0.25
2009-06-03,30.51,61.9,0.6
2009-06-04,30.15,61.81,0.39
2009-06-05,29.35,64.48,5.76
2009-06-06,27.27,71.4,5.36
2009-06-07,30.22,56.37,2.54
2009-06-08,31.96,54.16,0.59
2009-06-09,30.51,63.41,8.07
2009-06-10,29.71,66.2,1.68
2009-06-11,28.79,69.09,2.49
2009-06-12,27.22,75.11,8.08
2009-06-13,28.15,69.1,3.77
2009-06-14,28.85,65.24,1.43
2009-06-15,29.8,61.86,2.48
2009-06-16,28.59,67.86,3.0
2009-06-17,28.35,67.34,1.57
2009-06-18,30.49,58.38,2.54
2009-06-19,29.28,65.44,2.92
2009-06-20,27.04,77.75,6.26
2009-06-21,25.45,79.83,11.38
2009-06-22,26.48,72.8,10.6
2009-06-23,28.62,66.82,7.62
2009-06-24,28.99,69.29,13.17
2009-06-25,26.81,82.19,5.75
2009-06-26,25.96,81.53,8.19
2009-06-27,26.65,75.01,4.19
2009-06-28,27.0,75.39,10.75
2009-06-29,26.94,78.39,8.05
2009-06-30,26.63,77.72,4.2
2009-07-01,25.44,80.72,4.77
2009-07-02,27.03,73.45,5.99
2009-07-03,27.42,72.66,2.18
2009-07-04,27.21,77.61,4.52
2009-07-05,27.4,76.67,3.46
2009-07-06,26.73,80.15,5.01
2009-07-07,26.78,78.05,5.2
2009-07-08,26.67,79.0,8.53
2009-07-09,26.38,79.19,2.57
2009-07-10,25.86,80.27,8.81
2009-07-11,25.47,81.99,10.83
2009-07-12,26.32,79.38,3.71
2009-07-13,27.18,75.89,6.79
2009-07-14,26.46,81.17,12.01
2009-07-15,25.83,82.22,2.63
2009-07-16,27.16,75.31,2.29
2009-07-17,27.4,76.94,3.81
2009-07-18,25.68,84.39,2.5
2009-07-19,26.29,79.2,5.2
2009-07-20,27.32,73.9,6.45
2009-07-21,27.15,77.41,6.63
2009-07-22,26.23,81.38,4.78
2009-07-23,26.44,80.6,6.61
2009-07-24,27.06,77.95,5.6
2009-07-25,26.28,81.3,3.31
2009-07-26,26.89,75.24,2.89
2009-07-27,26.93,78.81,6.0
2009-07-28,25.68,86.04,11.09
2009-07-29,25.91,84.36,5.35
2009-07-30,26.65,82.25,9.86
2009-07-31,26.33,83.05,10.9
2009-08-01,25.24,85.03,8.21
2009-08-02,26.22,84.14,7.0
2009-08-03,25.86,86.86,15.38
2009-08-04,25.36,85.49,5.98
2009-08-05,25.75,83.85,3.11
2009-08-06,26.14,83.56,8.61
2009-08-07,25.44,86.96,6.4
2009-08-08,25.5,83.78,4.23
2009-08-09,26.23,82.77,12.84
2009-08-10,25.52,86.95,14.33
2009-08-11,25.96,81.62,20.8
2009-08-12,26.65,80.98,13.26
2009-08-13,26.26,82.83,17.74
2009-08-14,25.18,86.72,11.94
2009-08-15,25.5,85.85,12.87
2009-08-16,25.77,85.36,12.57
2009-08-17,25.66,84.6,9.43
2009-08-18,25.61,85.07,7.6
2009-08-19,24.82,89.07,7.05
2009-08-20,25.16,86.5,3.24
2009-08-21,25.92,81.8,2.63
2009-08-22,25.87,85.99,6.83
2009-08-23,24.72,87.54,5.89
2009-08-24,25.7,83.5,2.4
2009-08-25,25.42,85.8,10.43
2009-08-26,25.76,85.06,16.75
2009-08-27,26.13,82.47,5.43
2009-08-28,26.51,83.02,4.23
2009-08-29,23.71,93.04,16.38
2009-08-30,24.5,86.62,3.52
2009-08-31,25.39,86.48,12.58
2009-09-01,24.39,94.16,73.46
2009-09-02,25.19,88.32,10.66
2009-09-03,24.49,91.2,13.08
2009-09-04,25.11,84.59,6.23
2009-09-05,27.11,74.08,5.13
2009-09-06,24.85,89.4,12.77
2009-09-07,25.43,86.13,5.07
2009-09-08,27.07,75.55,4.31
2009-09-09,25.89,84.35,8.47
2009-09-10,25.76,85.47,8.87
2009-09-11,25.01,89.56,18.49
2009-09-12,25.56,87.22,8.68
2009-09-13,25.27,88.39,9.6
2009-09-14,25.45,84.12,12.31
2009-09-15,25.43,85.75,11.14
2009-09-16,25.17,87.55,7.47
2009-09-17,25.03,86.2,2.37
2009-09-18,26.33,83.87,1.65
2009-09-19,26.21,88.12,2.54
2009-09-20,26.19,84.06,3.5
2009-09-21,25.26,86.62,2.96
2009-09-22,26.07,83.98,2.66
2009-09-23,27.13,80.71,1.4
2009-09-24,26.05,86.04,1.26
2009-09-25,26.29,84.86,1.51
2009-09-26,25.68,86.79,0.82
2009-09-27,26.22,81.18,0.53
2009-09-28,26.26,82.64,2.82
2009-09-29,26.31,82.44,4.85
2009-09-30,26.14,84.92,6.33
2009-10-01,27.0,81.23,3.17
2009-10-02,26.71,84.58,2.88
2009-10-03,26.79,83.3,0.77
2009-10-04,26.93,82.39,0.98
2009-10-05,26.43,84.41,2.27
2009-10-06,25.63,88.11,3.03
2009-10-07,26.57,83.55,1.25
2009-10-08,25.93,85.96,6.22
2009-10-09,26.27,80.86,2.25
2009-10-10,26.84,80.2,4.24
2009-10-11,27.04,76.58,2.73
2009-10-12,27.11,78.59,3.86
2009-10-13,27.05,79.6,2.59
2009-10-14,26.81,81.05,4.34
2009-10-15,25.53,85.88,2.52
2009-10-16,26.37,80.38,3.15
2009-10-17,26.89,80.63,3.47
2009-10-18,26.14,85.32,0.8
2009-10-19,26.4,81.12,2.26
2009-10-20,25.57,85.48,2.42
2009-10-21,25.3,86.91,1.22
2009-10-22,25.88,82.56,3.97
2009-10-23,24.83,89.72,2.8
2009-10-24,25.32,86.75,1.72
2009-10-25,25.71,82.21,0.52
2009-10-26,26.41,79.91,1.63
2009-10-27,26.54,81.49,1.84
2009-10-28,26.31,80.62,2.15
2009-10-29,26.23,80.52,3.28
2009-10-30,25.25,85.19,1.95
2009-10-31,25.91,84.5,5.2
2009-11-01,25.99,77.0,0.16
2009-11-02,25.18,77.3,0.0
2009-11-03,25.47,72.75,0.0
2009-11-04,24.32,65.29,0.0
2009-11-05,25.52,67.95,0.0
2009-11-06,26.81,67.87,0.0
2009-11-07,27.43,65.8,0.06
2009-11-08,26.86,76.83,0.08
2009-11-09,26.55,81.57,0.17
2009-11-10,26.45,80.92,0.14
2009-11-11,27.49,72.92,0.12
2009-11-12,27.13,72.01,0.79
2009-11-13,27.07,67.64,0.46
2009-11-14,25.88,65.85,0.17
2009-11-15,26.11,78.69,0.92
2009-11-16,26.35,75.03,0.53
2009-11-17,23.35,62.04,0.0
2009-11-18,22.58,61.71,0.0
2009-11-19,22.74,63.2,0.0
2009-11-20,23.28,58.75,0.0
2009-11-21,22.42,58.4,0.0
2009-11-22,23.2,52.84,0.0
2009-11-23,22.5,54.89,0.0
2009-11-24,23.9,57.37,0.0
2009-11-25,24.12,60.86,0.0
2009-11-26,23.89,57.14,0.0
2009-11-27,23.71,60.32,0.0
2009-11-28,23.79,61.76,0.0
2009-11-29,23.04,56.89,0.0
2009-11-30,22.74,55.85,0.0
2009-12-01,23.33,53.64,0.0
2009-12-02,23.01,43.84,0.0
2009-12-03,22.57,45.74,0.0
2009-12-04,22.77,45.71,0.0
2009-12-05,22.82,47.9,0.0
2009-12-06,23.13,45.25,0.0
2009-12-07,23.26,43.1,0.0
2009-12-08,24.05,43.61,0.0
2009-12-09,23.71,42.96,0.0
2009-12-10,24.21,43.02,0.0
2009-12-11,25.37,45.6,0.0
2009-12-12,26.46,47.28,0.0
2009-12-13,26.59,59.72,0.02
2009-12-14,27.04,52.15,0.0
2009-12-15,26.78,49.43,0.01
2009-12-16,26.45,49.23,0.0
2009-12-17,25.56,45.26,0.0
2009-12-18,25.82,41.49,0.0
2009-12-19,26.37,41.03,0.0
2009-12-20,26.42,39.2,0.0
2009-12-21,25.86,40.54,0.0
2009-12-22,26.06,36.72,0.0
2009-12-23,26.32,33.41,0.0
2009-12-24,24.73,36.17,0.0
2009-12-25,23.75,36.64,0.0
2009-12-26,23.67,34.21,0.0
2009-12-27,23.55,32.45,0.0
2009-12-28,23.85,34.71,0.0
2009-12-29,23.71,34.5,0.0
2009-12-30,23.25,34.02,0.0
2009-12-31,23.03,34.91,0.0
2010-01-01,23.68,36.38,0.0
2010-01-02,23.7,33.56,0.0
2010-01-03,23.41,26.29,0.0
2010-01-04,23.07,26.66,0.0
2010-01-05,23.72,25.71,0.0
2010-01-06,24.77,25.68,0.0
2010-01-07,25.7,26.62,0.0
2010-01-08,25.12,26.7,0.0
2010-01-09,25.41,25.74,0.0
2010-01-10,24.84,27.22,0.0
2010-01-11,25.15,25.88,0.0
2010-01-12,25.36,25.77,0.0
2010-01-13,25.56,25.19,0.0
2010-01-14,25.46,26.04,0.0
2010-01-15,25.53,24.8,0.0
2010-01-16,25.58,22.59,0.0
2010-01-17,24.83,22.37,0.0
2010-01-18,23.54,23.67,0.0
2010-01-19,23.33,21.71,0.0
2010-01-20,22.96,21.62,0.0
2010-01-21,24.29,22.63,0.0
2010-01-22,25.16,22.3,0.0
2010-01-23,25.98,21.58,0.0
2010-01-24,26.27,20.65,0.0
2010-01-25,27.95,20.33,0.0
2010-01-26,27.85,22.97,0.0
2010-01-27,28.12,20.05,0.0
2010-01-28,28.52,22.22,0.0
2010-01-29,28.52,19.41,0.0
2010-01-30,28.28,16.65,0.0
2010-01-31,27.56,16.69,0.0
2010-02-01,27.15,16.44,0.0
2010-02-02,28.33,14.42,0.0
2010-02-03,28.96,14.7,0.0
2010-02-04,28.37,15.91,0.0
2010-02-05,27.78,16.95,0.0
2010-02-06,27.75,18.87,0.0
2010-02-07,26.9,20.65,0.0
2010-02-08,26.47,18.89,0.0
2010-02-09,27.67,15.78,0.0
2010-02-10,28.72,18.65,0.01
2010-02-11,29.84,30.37,0.95
2010-02-12,30.9,45.23,2.6
2010-02-13,29.05,49.56,3.29
2010-02-14,30.31,43.04,1.13
2010-02-15,31.29,42.27,0.0
2010-02-16,31.76,47.49,0.0
2010-02-17,32.78,39.94,0.0
2010-02-18,33.54,38.32,0.0
2010-02-19,33.35,41.92,0.0
2010-02-20,33.66,38.72,0.02
2010-02-21,33.49,35.72,0.01
2010-02-22,32.39,43.19,0.01
2010-02-23,33.03,33.76,0.01
2010-02-24,32.86,26.02,0.01
2010-02-25,31.68,16.67,0.0
2010-02-26,32.27,42.05,0.0
2010-02-27,33.66,35.58,0.0
2010-02-28,31.92,16.97,0.0
2010-03-01,32.21,29.94,0.0
2010-03-02,32.46,36.01,0.0
2010-03-03,32.31,22.63,0.0
2010-03-04,31.14,15.85,0.0
2010-03-05,31.53,26.04,0.0
2010-03-06,31.75,24.73,0.0
2010-03-07,34.02,31.32,0.03
2010-03-08,33.91,43.42,0.02
2010-03-09,32.68,45.22,0.04
2010-03-10,31.34,47.64,0.0
2010-03-11,32.46,39.25,0.03
2010-03-12,32.24,42.77,0.01
2010-03-13,32.6,31.96,0.0
2010-03-14,32.51,38.67,0.0
2010-03-15,30.9,52.18,0.0
2010-03-16,32.59,45.04,0.0
2010-03-17,33.2,39.54,0.02
2010-03-18,33.08,26.04,0.01
2010-03-19,33.89,32.4,0.16
2010-03-20,32.32,36.04,0.07
2010-03-21,30.57,15.7,0.0
2010-03-22,29.3,15.69,0.0
2010-03-23,29.09,14.8,0.0
2010-03-24,29.72,18.36,0.0
2010-03-25,29.48,23.78,0.0
2010-03-26,30.81,24.2,0.0
2010-03-27,30.21,11.63,0.0
2010-03-28,30.43,14.78,0.0
2010-03-29,30.46,20.94,0.0
2010-03-30,30.32,12.2,0.0
2010-03-31,30.74,14.2,0.0
2010-04-01,32.35,27.61,0.07
2010-04-02,32.47,24.15,0.14
2010-04-03,32.98,29.34,0.13
2010-04-04,32.9,44.83,0.09
2010-04-05,34.0,39.78,0.12
2010-04-06,34.95,37.68,0.0
2010-04-07,35.23,34.15,0.0
2010-04-08,34.16,41.66,0.0
2010-04-09,34.36,41.72,0.01
2010-04-10,34.09,41.98,0.01
2010-04-11,34.87,33.13,0.25
2010-04-12,35.66,33.92,3.34
2010-04-13,34.9,43.81,2.97
2010-04-14,30.24,63.33,2.69
2010-04-15,32.22,55.14,0.61
2010-04-16,31.58,58.92,6.66
2010-04-17,30.75,64.22,7.15
2010-04-18,33.0,50.11,0.88
2010-04-19,33.82,46.97,7.05
2010-04-20,32.74,53.47,3.15
2010-04-21,31.24,59.21,1.07
2010-04-22,30.05,64.93,5.15
2010-04-23,29.08,68.83,3.01
2010-04-24,31.01,52.44,2.08
2010-04-25,30.21,57.69,1.46
2010-04-26,29.4,62.83,13.32
2010-04-27,27.42,75.08,5.48
2010-04-28,30.17,59.46,2.3
2010-04-29,31.5,55.4,3.87
2010-04-30,29.36,66.45,5.26
2010-05-01,30.62,60.9,2.0
2010-05-02,28.51,71.47,4.34
2010-05-03,28.3,69.72,0.49
2010-05-04,30.09,61.1,1.19
2010-05-05,30.43,62.78,2.95
2010-05-06,29.7,65.57,2.24
2010-05-07,29.25,67.85,7.24
2010-05-08,30.55,60.39,1.83
2010-05-09,32.04,55.54,1.16
2010-05-10,31.27,62.28,3.37
2010-05-11,31.32,62.52,2.98
2010-05-12,30.95,62.64,0.55
2010-05-13,30.92,61.69,0.3
2010-05-14,31.55,58.29,1.25
2010-05-15,31.84,57.6,2.22
2010-05-16,31.98,57.51,4.7
2010-05-17,31.57,60.51,6.79
2010-05-18,30.17,65.96,3.39
2010-05-19,30.67,65.14,6.7
2010-05-20,29.56,68.97,7.28
2010-05-21,29.48,68.4,8.85
2010-05-22,29.75,66.04,2.47
2010-05-23,30.63,61.88,3.56
2010-05-24,30.81,62.31,2.26
2010-05-25,31.34,62.11,4.66
2010-05-26,30.92,65.54,3.24
2010-05-27,29.96,70.07,3.3
2010-05-28,28.92,71.16,3.4
2010-05-29,27.96,77.02,4.56
2010-05-30,28.75,70.96,1.34
2010-05-31,28.96,71.18,17.85
2010-06-01,25.57,83.76,8.72
2010-06-02,27.27,76.79,18.65
2010-06-03,27.91,76.12,11.92
2010-06-04,26.3,85.85,38.65
2010-06-05,26.23,85.9,16.06
2010-06-06,27.09,79.71,11.77
2010-06-07,26.78,83.47,7.64
2010-06-08,26.78,84.1,5.39
2010-06-09,27.08,83.5,13.87
2010-06-10,25.67,86.56,1.84
2010-06-11,27.22,74.31,0.78
2010-06-12,28.93,70.36,0.82
2010-06-13,27.54,80.49,1.3
2010-06-14,27.18,82.26,0.94
2010-06-15,27.33,79.87,3.16
2010-06-16,27.0,78.86,2.81
2010-06-17,26.06,83.67,3.41
2010-06-18,27.41,78.84,4.35
2010-06-19,27.36,79.59,4.59
2010-06-20,27.5,80.21,3.81
2010-06-21,26.79,82.2,2.3
2010-06-22,28.0,75.85,2.06
2010-06-23,28.29,75.08,3.36
2010-06-24,26.3,87.27,4.95
2010-06-25,26.73,83.81,7.09
2010-06-26,26.14,84.34,3.55
2010-06-27,26.4,82.61,3.82
2010-06-28,26.64,80.19,2.8
2010-06-29,27.94,77.12,2.29
2010-06-30,27.49,79.94,3.82
2010-07-01,26.74,84.47,9.48
2010-07-02,25.98,81.05,1.47
2010-07-03,26.18,77.57,1.71
2010-07-04,26.36,78.9,3.65
2010-07-05,26.41,81.41,5.5
2010-07-06,25.95,84.48,2.97
2010-07-07,25.69,83.88,10.23
2010-07-08,26.68,75.06,3.8
2010-07-09,26.49,77.84,7.48
2010-07-10,25.94,84.33,4.77
2010-07-11,24.64,86.67,6.45
2010-07-12,25.15,84.17,3.38
2010-07-13,26.56,78.45,3.98
2010-07-14,26.52,81.91,6.36
2010-07-15,25.6,87.81,4.84
2010-07-16,25.68,87.16,11.46
2010-07-17,25.29,84.67,10.59
2010-07-18,25.91,83.27,6.67
2010-07-19,26.53,81.55,7.29
2010-07-20,25.37,89.02,3.15
2010-07-21,24.94,88.74,2.76
2010-07-22,25.23,85.6,4.2
2010-07-23,24.81,84.93,9.86
2010-07-24,24.37,86.42,6.88
2010-07-25,25.25,83.94,3.73
2010-07-26,26.7,82.39,6.93
2010-07-27,25.74,89.2,9.17
2010-07-28,25.1,87.38,14.93
2010-07-29,25.77,83.95,6.69
2010-07-30,25.03,87.8,4.26
2010-07-31,25.42,85.02,4.3
2010-08-01,26.17,81.4,5.35
2010-08-02,26.07,84.11,5.02
2010-08-03,26.55,83.17,4.8
2010-08-04,25.53,87.93,3.25
2010-08-05,26.19,85.17,2.05
2010-08-06,25.97,85.97,6.27
2010-08-07,25.88,86.4,3.63
2010-08-08,25.34,87.21,11.31
2010-08-09,24.31,91.17,13.14
2010-08-10,25.51,85.99,6.8
2010-08-11,24.6,92.76,19.54
2010-08-12,24.8,89.95,17.51
2010-08-13,24.89,89.22,8.33
2010-08-14,23.8,93.34,24.71
2010-08-15,25.85,86.24,8.3
2010-08-16,27.13,79.31,6.94
2010-08-17,25.47,87.42,14.25
2010-08-18,24.69,85.92,4.46
2010-08-19,25.5,83.27,4.91
2010-08-20,25.37,87.9,12.12
2010-08-21,24.54,89.99,12.1
2010-08-22,24.89,88.91,7.8
2010-08-23,24.79,90.58,12.87
2010-08-24,24.74,90.38,14.49
2010-08-25,26.2,79.46,10.91
2010-08-26,25.74,85.88,9.46
2010-08-27,26.13,85.91,11.17
2010-08-28,25.49,91.07,17.97
2010-08-29,26.1,84.43,6.74
2010-08-30,25.88,86.94,18.04
2010-08-31,24.68,92.3,16.09
2010-09-01,24.74,89.85,11.22
2010-09-02,25.3,88.58,13.69
2010-09-03,25.38,90.37,24.57
2010-09-04,25.02,90.47,5.61
2010-09-05,24.87,90.41,13.4
2010-09-06,24.11,94.33,16.34
2010-09-07,25.11,88.07,1.79
2010-09-08,25.08,88.71,16.39
2010-09-09,24.18,89.67,6.04
2010-09-10,25.12,87.92,5.02
2010-09-11,25.49,85.78,6.08
2010-09-12,25.91,85.71,7.56
2010-09-13,25.41,88.95,4.54
2010-09-14,25.14,89.4,7.13
2010-09-15,24.18,90.28,6.65
2010-09-16,25.57,82.06,8.59
2010-09-17,26.01,83.96,11.39
2010-09-18,25.06,92.42,13.37
2010-09-19,24.43,91.76,7.31
2010-09-20,24.27,92.85,4.97
2010-09-21,25.46,87.39,2.3
2010-09-22,26.12,83.53,3.1
2010-09-23,25.58,87.77,12.27
2010-09-24,26.26,84.53,5.13
2010-09-25,24.62,91.24,3.22
2010-09-26,25.4,86.39,8.8
2010-09-27,26.84,81.15,6.58
2010-09-28,25.44,87.87,5.38
2010-09-29,25.36,87.46,4.18
2010-09-30,26.25,84.71,2.11
2010-10-01,25.5,88.61,3.64
2010-10-02,25.81,82.89,1.37
2010-10-03,27.02,78.6,2.58
2010-10-04,26.29,84.26,8.55
2010-10-05,25.2,87.96,7.07
2010-10-06,25.93,80.77,5.73
2010-10-07,25.88,85.13,12.12
2010-10-08,24.91,89.65,1.97
2010-10-09,25.99,84.53,0.97
2010-10-10,26.44,83.16,0.53
2010-10-11,25.32,89.87,0.61
2010-10-12,25.92,84.62,4.03
2010-10-13,24.83,91.58,4.24
2010-10-14,25.61,87.53,1.75
2010-10-15,26.66,81.88,0.62
2010-10-16,26.93,81.41,0.85
2010-10-17,26.53,85.98,1.11
2010-10-18,25.78,89.83,4.06
2010-10-19,24.89,90.78,3.78
2010-10-20,25.44,89.69,7.12
2010-10-21,25.67,86.9,4.78
2010-10-22,25.42,85.42,4.46
2010-10-23,26.1,83.96,1.07
2010-10-24,26.44,83.98,1.86
2010-10-25,25.08,88.84,2.15
2010-10-26,25.07,87.11,2.16
2010-10-27,25.94,84.98,1.67
2010-10-28,26.55,80.88,0.28
2010-10-29,26.99,77.69,0.24
2010-10-30,26.46,82.84,0.15
2010-10-31,26.4,84.1,0.2
2010-11-01,25.99,86.48,0.23
2010-11-02,26.4,83.25,0.01
2010-11-03,27.2,76.98,0.01
2010-11-04,26.61,78.64,0.02
2010-11-05,26.41,78.87,0.01
2010-11-06,26.98,77.03,0.01
2010-11-07,26.55,73.32,0.89
2010-11-08,25.14,81.94,0.27
2010-11-09,26.15,72.91,0.0
2010-11-10,26.54,73.9,0.13
2010-11-11,27.81,71.33,0.28
2010-11-12,26.26,64.08,0.0
2010-11-13,26.15,63.99,0.0
2010-11-14,25.72,81.18,0.0
2010-11-15,26.28,80.26,0.0
2010-11-16,27.34,72.16,0.0
2010-11-17,26.76,69.27,0.0
2010-11-18,25.95,79.27,0.0
2010-11-19,25.61,80.17,0.0
2010-11-20,27.03,70.23,0.0
2010-11-21,25.45,73.39,0.0
2010-11-22,25.69,78.46,0.0
2010-11-23,25.31,76.05,0.0
2010-11-24,24.47,62.81,0.0
2010-11-25,24.76,57.33,0.0
2010-11-26,24.74,56.51,0.0
2010-11-27,25.5,58.69,0.0
2010-11-28,25.46,66.04,0.0
2010-11-29,24.84,66.26,0.0
2010-11-30,23.51,55.68,0.0
2010-12-01,23.33,49.66,0.0
2010-12-02,23.97,48.24,0.0
2010-12-03,26.28,47.53,0.0
2010-12-04,26.33,50.72,0.0
2010-12-05,25.03,55.23,0.0
2010-12-06,23.82,59.17,0.0
2010-12-07,24.58,54.46,0.0
2010-12-08,23.26,58.27,0.0
2010-12-09,21.32,54.46,0.0
2010-12-10,20.37,53.57,0.0
2010-12-11,20.69,46.82,0.0
2010-12-12,21.17,46.64,0.0
2010-12-13,23.04,45.92,0.0
2010-12-14,22.86,54.19,0.0
2010-12-15,22.46,51.57,0.0
2010-12-16,22.68,49.8,0.0
2010-12-17,23.69,50.08,0.0
2010-12-18,24.11,53.73,0.0
2010-12-19,24.94,61.4,0.0
2010-12-20,24.45,55.31,0.0
2010-12-21,23.49,48.75,0.0
2010-12-22,23.96,45.78,0.0
2010-12-23,24.43,48.05,0.0
2010-12-24,23.89,54.58,0.0
2010-12-25,23.41,48.57,0.0
2010-12-26,26.28,36.95,0.0
2010-12-27,24.93,44.21,0.0
2010-12-28,22.15,43.76,0.0
2010-12-29,21.69,43.8,0.0
2010-12-30,21.81,44.67,0.0
2010-12-31,20.42,44.46,0.0
2011-01-01,19.18,47.97,0.0
2011-01-02,20.38,45.78,0.0
2011-01-03,22.13,43.65,0.0
2011-01-04,22.57,43.2,0.0
2011-01-05,23.2,43.22,0.0
2011-01-06,23.5,42.88,0.0
2011-01-07,23.02,45.17,0.0
2011-01-08,21.69,40.29,0.0
2011-01-09,21.24,41.69,0.0
2011-01-10,19.86,47.42,0.0
2011-01-11,21.09,44.73,0.0
2011-01-12,20.74,40.72,0.0
2011-01-13,21.42,36.66,0.0
2011-01-14,22.14,39.8,0.0
2011-01-15,21.41,38.94,0.0
2011-01-16,20.92,37.08,0.0
2011-01-17,20.3,36.99,0.0
2011-01-18,20.2,38.4,0.0
2011-01-19,20.97,37.55,0.0
2011-01-20,22.81,39.48,0.0
2011-01-21,22.92,40.62,0.0
2011-01-22,23.98,36.9,0.0
2011-01-23,24.54,36.82,0.0
2011-01-24,25.93,35.45,0.0
2011-01-25,26.77,38.37,0.0
2011-01-26,27.18,39.09,0.0
2011-01-27,28.3,41.11,0.0
2011-01-28,26.79,36.8,0.0
2011-01-29,26.08,36.72,0.0
2011-01-30,26.92,46.34,0.0
2011-01-31,28.54,42.04,0.63
2011-02-01,28.89,46.81,0.5
2011-02-02,29.46,55.12,1.23
2011-02-03,28.66,49.72,0.32
2011-02-04,25.32,35.28,0.0
2011-02-05,24.42,22.14,0.0
2011-02-06,24.36,22.96,0.0
2011-02-07,26.59,22.88,0.0
2011-02-08,26.85,25.88,0.0
2011-02-09,27.28,27.1,0.0
2011-02-10,28.03,32.73,0.0
2011-02-11,27.61,62.11,0.07
2011-02-12,30.19,48.71,0.36
2011-02-13,28.81,48.56,0.22
2011-02-14,27.84,37.38,0.0
2011-02-15,28.22,32.43,0.0
2011-02-16,28.9,29.06,0.0
2011-02-17,29.24,29.1,0.0
2011-02-18,28.67,25.08,0.0
2011-02-19,29.42,28.63,0.0
2011-02-20,30.51,24.88,0.0
2011-02-21,29.42,30.64,0.0
2011-02-22,30.1,37.36,0.01
2011-02-23,29.69,49.0,0.01
2011-02-24,30.46,51.5,0.01
2011-02-25,31.52,39.1,0.05
2011-02-26,29.94,48.45,0.22
2011-02-27,27.96,37.14,0.06
2011-02-28,29.36,48.04,0.28
2011-03-01,30.33,39.58,0.04
2011-03-02,30.92,30.12,0.01
2011-03-03,30.63,44.13,0.25
2011-03-04,31.6,46.11,0.69
2011-03-05,31.9,48.63,1.16
2011-03-06,31.48,52.71,0.75
2011-03-07,31.68,51.36,0.06
2011-03-08,32.55,47.57,0.03
2011-03-09,32.51,49.38,0.05
2011-03-10,31.99,51.64,0.06
2011-03-11,32.68,47.7,0.07
2011-03-12,33.57,43.13,1.51
2011-03-13,32.24,51.17,0.96
2011-03-14,31.5,54.09,1.18
2011-03-15,31.27,54.06,0.57
2011-03-16,31.61,51.59,1.76
2011-03-17,31.27,48.63,0.07
2011-03-18,31.76,49.29,0.06
2011-03-19,32.29,43.1,0.01
2011-03-20,31.49,51.44,0.04
2011-03-21,30.58,54.05,0.05
2011-03-22,31.06,52.18,0.5
2011-03-23,31.17,50.08,0.91
2011-03-24,31.5,46.88,0.27
2011-03-25,31.8,46.29,0.17
2011-03-26,31.55,51.85,0.67
2011-03-27,32.54,45.33,0.0
2011-03-28,32.34,48.34,0.0
2011-03-29,32.59,39.14,0.0
2011-03-30,31.53,41.1,0.0
2011-03-31,32.19,44.18,0.0
2011-04-01,32.47,37.96,1.68
2011-04-02,30.91,51.17,0.94
2011-04-03,30.97,48.14,0.82
2011-04-04,29.59,53.29,1.98
2011-04-05,29.62,52.97,0.12
2011-04-06,31.57,37.51,0.0
2011-04-07,32.15,20.06,0.0
2011-04-08,30.28,15.67,0.0
2011-04-09,31.7,43.74,0.0
2011-04-10,32.27,46.64,0.04
2011-04-11,32.84,40.4,0.0
2011-04-12,32.49,37.25,0.0
2011-04-13,33.07,31.57,0.0
2011-04-14,34.51,25.02,0.0
2011-04-15,34.1,21.27,0.0
2011-04-16,32.77,35.67,0.25
2011-04-17,33.94,42.43,0.47
2011-04-18,32.38,50.53,0.28
2011-04-19,33.11,48.18,0.59
2011-04-20,33.3,47.46,0.48
2011-04-21,32.22,51.35,2.65
2011-04-22,30.95,59.03,1.61
2011-04-23,30.98,59.98,6.72
2011-04-24,28.4,72.37,3.07
2011-04-25,29.79,63.73,7.96
2011-04-26,31.07,55.93,0.23
2011-04-27,32.23,50.2,1.1
2011-04-28,31.47,57.28,1.32
2011-04-29,31.02,58.57,1.5
2011-04-30,29.03,64.7,0.65
2011-05-01,30.58,56.88,0.26
2011-05-02,32.41,50.19,0.57
2011-05-03,31.83,52.49,1.01
2011-05-04,32.45,50.1,0.13
2011-05-05,32.95,50.72,0.82
2011-05-06,31.86,56.03,5.09
2011-05-07,30.63,57.73,2.93
2011-05-08,30.4,63.6,3.17
2011-05-09,31.11,58.99,1.34
2011-05-10,30.09,61.84,5.55
2011-05-11,30.99,56.41,1.21
2011-05-12,30.12,59.61,2.19
2011-05-13,29.04,65.4,2.63
2011-05-14,27.84,70.05,2.6
2011-05-15,29.96,58.3,2.44
2011-05-16,30.28,64.77,4.87
2011-05-17,30.4,67.58,5.53
2011-05-18,29.33,69.86,0.67
2011-05-19,29.77,66.84,0.8
2011-05-20,30.28,63.29,1.39
2011-05-21,28.86,73.21,8.06
2011-05-22,27.23,80.11,9.73
2011-05-23,27.96,69.36,0.24
2011-05-24,29.38,66.11,9.55
2011-05-25,29.18,67.83,6.32
2011-05-26,29.34,67.71,1.44
2011-05-27,28.45,70.9,0.86
2011-05-28,27.88,71.42,2.35
2011-05-29,26.67,76.68,1.24
2011-05-30,29.54,62.18,0.75
2011-05-31,29.4,64.35,1.22
2011-06-01,29.38,66.82,1.26
2011-06-02,29.85,65.9,1.87
2011-06-03,29.52,65.98,2.6
2011-06-04,28.6,70.28,1.67
2011-06-05,27.62,70.32,1.53
2011-06-06,29.5,61.38,0.57
2011-06-07,30.67,60.84,3.3
2011-06-08,27.58,75.47,1.87
2011-06-09,27.3,70.52,0.77
2011-06-10,29.48,63.96,6.14
2011-06-11,28.88,70.21,10.38
2011-06-12,27.6,74.49,2.42
2011-06-13,28.59,67.59,2.25
2011-06-14,29.47,64.72,6.15
2011-06-15,29.55,67.23,5.82
2011-06-16,28.77,70.27,2.59
2011-06-17,27.45,78.33,6.62
2011-06-18,27.59,73.32,1.43
2011-06-19,28.25,67.93,3.5
2011-06-20,27.81,73.29,4.25
2011-06-21,27.5,74.75,3.39
2011-06-22,28.47,71.87,3.74
2011-06-23,28.33,70.9,4.49
2011-06-24,26.5,82.1,10.02
2011-06-25,27.3,74.15,2.31
2011-06-26,28.08,70.08,4.4
2011-06-27,27.35,73.4,2.56
2011-06-28,28.03,68.82,4.81
2011-06-29,26.83,77.93,9.81
2011-06-30,26.63,77.18,0.88
2011-07-01,27.66,69.81,0.65
2011-07-02,28.76,66.65,2.05
2011-07-03,27.93,73.66,4.33
2011-07-04,26.25,77.84,0.5
2011-07-05,27.37,73.76,7.81
2011-07-06,27.84,73.92,4.29
2011-07-07,27.79,71.69,3.3
2011-07-08,27.61,74.16,5.95
2011-07-09,26.98,77.4,13.92
2011-07-10,25.83,82.91,8.12
2011-07-11,25.71,80.38,4.74
2011-07-12,26.2,78.02,3.06
2011-07-13,25.53,81.41,3.33
2011-07-14,25.68,83.74,3.79
2011-07-15,25.57,85.73,11.08
2011-07-16,26.35,79.42,10.08
2011-07-17,26.27,80.28,10.72
2011-07-18,24.75,86.45,7.66
2011-07-19,26.37,77.59,3.53
2011-07-20,26.66,79.93,2.67
2011-07-21,25.3,87.15,3.37
2011-07-22,26.29,80.13,1.62
2011-07-23,26.16,82.25,2.6
2011-07-24,26.06,81.5,2.38
2011-07-25,25.77,83.64,12.92
2011-07-26,24.94,87.27,10.55
2011-07-27,24.79,84.46,8.65
2011-07-28,26.52,77.16,6.11
2011-07-29,26.88,78.79,6.29
2011-07-30,25.31,86.79,4.32
2011-07-31,25.54,84.36,4.18
2011-08-01,26.58,80.7,2.3
2011-08-02,26.71,81.37,1.58
2011-08-03,26.48,83.57,2.52
2011-08-04,26.07,83.21,11.14
2011-08-05,26.17,82.82,2.87
2011-08-06,25.69,86.65,11.01
2011-08-07,26.28,80.88,3.85
2011-08-08,26.43,82.19,8.88
2011-08-09,24.96,89.44,10.84
2011-08-10,26.04,84.56,6.83
2011-08-11,26.15,83.34,4.52
2011-08-12,25.66,84.81,3.06
2011-08-13,25.59,84.61,16.27
2011-08-14,24.58,88.17,7.5
2011-08-15,25.59,85.03,17.98
2011-08-16,25.58,87.28,9.74
2011-08-17,25.18,87.99,4.78
2011-08-18,24.23,92.07,13.41
2011-08-19,23.49,93.33,19.14
2011-08-20,23.94,90.47,22.07
2011-08-21,25.52,84.62,15.17
2011-08-22,25.5,85.74,17.29
2011-08-23,24.57,88.51,12.1
2011-08-24,26.36,77.02,1.11
2011-08-25,26.67,77.87,18.17
2011-08-26,25.83,86.49,15.36
2011-08-27,24.52,91.62,13.16
2011-08-28,25.33,86.32,13.08
2011-08-29,24.87,87.3,7.6
2011-08-30,26.22,83.41,6.16
2011-08-31,25.06,89.0,11.12
2011-09-01,24.85,88.09,8.56
2011-09-02,26.73,79.44,6.83
2011-09-03,25.97,86.45,1.14
2011-09-04,25.91,85.95,0.61
2011-09-05,25.6,85.11,0.94
2011-09-06,26.5,81.07,0.87
2011-09-07,26.46,82.72,1.25
2011-09-08,25.54,86.34,4.8
2011-09-09,25.53,83.98,3.69
2011-09-10,25.55,84.62,7.47
2011-09-11,26.7,79.98,3.75
2011-09-12,26.93,81.73,4.43
2011-09-13,25.53,87.37,7.83
2011-09-14,24.77,89.41,9.85
2011-09-15,25.48,81.5,5.58
2011-09-16,25.92,81.41,16.03
2011-09-17,24.87,89.18,12.01
2011-09-18,24.41,91.08,4.73
2011-09-19,25.95,81.24,5.8
2011-09-20,26.86,77.58,1.33
2011-09-21,25.68,86.67,2.61
2011-09-22,24.66,90.57,3.09
2011-09-23,25.55,82.7,2.7
2011-09-24,26.34,81.71,1.84
2011-09-25,26.29,83.9,1.35
2011-09-26,26.77,80.64,1.56
2011-09-27,25.46,86.13,1.82
2011-09-28,25.67,82.06,2.05
2011-09-29,25.07,84.26,5.36
2011-09-30,26.0,79.98,3.92
2011-10-01,26.13,82.68,3.13
2011-10-02,25.8,85.81,2.66
2011-10-03,26.58,81.74,1.65
2011-10-04,26.9,82.85,1.39
2011-10-05,27.55,78.84,2.02
2011-10-06,26.88,83.07,2.17
2011-10-07,26.56,84.22,2.72
2011-10-08,25.91,87.27,3.54
2011-10-09,26.73,81.45,3.91
2011-10-10,26.02,86.21,3.27
2011-10-11,26.07,84.05,0.72
2011-10-12,25.2,89.11,3.25
2011-10-13,24.86,87.47,1.27
2011-10-14,25.63,80.27,1.69
2011-10-15,25.07,84.78,1.95
2011-10-16,25.58,86.73,1.14
2011-10-17,26.38,79.41,0.08
2011-10-18,26.71,77.7,0.77
2011-10-19,26.67,81.61,0.49
2011-10-20,26.63,82.12,0.84
2011-10-21,26.62,82.81,0.78
2011-10-22,26.45,83.87,1.22
2011-10-23,25.53,87.35,0.01
2011-10-24,26.1,81.0,0.01
2011-10-25,25.83,83.51,0.0
2011-10-26,25.62,82.54,0.01
2011-10-27,26.0,78.14,0.01
2011-10-28,25.94,76.76,0.0
2011-10-29,26.0,74.01,0.0
2011-10-30,26.64,67.78,0.0
2011-10-31,26.71,67.52,0.0
2011-11-01,26.59,72.82,0.0
2011-11-02,26.64,69.44,0.0
2011-11-03,26.37,68.74,0.0
2011-11-04,26.5,65.08,0.0
2011-11-05,26.4,66.83,0.0
2011-11-06,26.36,70.13,0.0
2011-11-07,26.44,68.42,0.0
2011-11-08,27.24,57.76,0.0
2011-11-09,26.9,54.82,0.0
2011-11-10,26.82,61.38,0.0
2011-11-11,26.77,59.88,0.0
2011-11-12,27.22,57.63,0.0
2011-11-13,26.89,50.7,0.0
2011-11-14,26.13,43.81,0.0
2011-11-15,25.86,47.12,0.0
2011-11-16,24.86,47.79,0.0
2011-11-17,24.87,41.5,0.0
2011-11-18,26.17,46.24,0.0
2011-11-19,26.49,57.74,0.0
2011-11-20,27.36,60.04,0.0
2011-11-21,27.95,57.08,0.0
2011-11-22,27.28,54.48,0.05
2011-11-23,25.45,52.93,0.0
2011-11-24,26.07,53.35,0.0
2011-11-25,26.84,58.2,0.15
2011-11-26,25.43,47.2,0.01
2011-11-27,25.58,44.3,0.0
2011-11-28,25.77,42.1,0.0
2011-11-29,24.6,39.02,0.0
2011-11-30,22.64,38.7,0.0
2011-12-01,22.29,37.55,0.0
2011-12-02,22.96,37.39,0.0
2011-12-03,22.88,37.26,0.0
2011-12-04,23.07,35.58,0.0
2011-12-05,24.15,36.87,0.0
2011-12-06,24.59,39.93,0.0
2011-12-07,23.82,39.12,0.0
2011-12-08,23.64,34.56,0.0
2011-12-09,23.01,30.99,0.0
2011-12-10,21.63,31.88,0.0
2011-12-11,21.56,34.64,0.0
2011-12-12,21.33,36.92,0.0
2011-12-13,21.64,32.46,0.0
2011-12-14,21.84,29.8,0.0
2011-12-15,22.27,30.14,0.0
2011-12-16,22.72,27.38,0.0
2011-12-17,23.03,28.73,0.0
2011-12-18,22.54,32.2,0.0
2011-12-19,23.81,30.6,0.0
2011-12-20,24.18,30.58,0.0
2011-12-21,24.6,25.21,0.0
2011-12-22,24.37,23.97,0.0
2011-12-23,24.57,25.44,0.0
2011-12-24,24.28,25.44,0.0
2011-12-25,24.45,25.4,0.0
2011-12-26,24.76,26.83,0.0
2011-12-27,25.18,26.32,0.0
2011-12-28,24.94,26.33,0.0
2011-12-29,24.7,21.81,0.0
2011-12-30,21.36,22.34,0.0
2011-12-31,22.97,22.67,0.0
2012-01-01,24.09,25.23,0.0
2012-01-02,24.8,27.67,0.0
2012-01-03,24.36,26.75,0.0
2012-01-04,24.44,25.4,0.0
2012-01-05,24.24,26.36,0.0
2012-01-06,24.06,25.56,0.0
2012-01-07,23.57,22.52,0.0
2012-01-08,23.79,19.48,0.0
2012-01-09,24.12,20.32,0.0
2012-01-10,24.24,19.13,0.0
2012-01-11,24.31,17.17,0.0
2012-01-12,23.75,17.28,0.0
2012-01-13,22.21,18.86,0.0
2012-01-14,22.04,21.14,0.0
2012-01-15,22.18,22.38,0.0
2012-01-16,22.99,19.62,0.0
2012-01-17,24.31,16.93,0.0
2012-01-18,25.4,17.93,0.0
2012-01-19,25.93,21.17,0.0
2012-01-20,26.71,22.59,0.0
2012-01-21,25.06,23.84,0.0
2012-01-22,25.59,24.77,0.0
2012-01-23,26.29,25.22,0.0
2012-01-24,26.28,26.43,0.0
2012-01-25,27.06,24.87,0.0
2012-01-26,27.5,23.98,0.0
2012-01-27,27.07,24.27,0.0
2012-01-28,27.78,22.24,0.0
2012-01-29,28.54,18.83,0.0
2012-01-30,28.87,17.9,0.0
2012-01-31,28.32,20.14,0.0
2012-02-01,28.3,20.95,0.0
2012-02-02,28.09,18.88,0.0
2012-02-03,28.03,17.69,0.0
2012-02-04,28.65,16.28,0.0
2012-02-05,28.35,14.47,0.0
2012-02-06,26.07,14.2,0.0
2012-02-07,25.0,10.69,0.0
2012-02-08,25.54,11.61,0.0
2012-02-09,26.81,11.08,0.0
2012-02-10,28.37,14.07,0.0
2012-02-11,28.68,14.31,0.0
2012-02-12,29.17,14.47,0.0
2012-02-13,28.01,15.72,0.0
2012-02-14,28.8,12.76,0.0
2012-02-15,29.41,14.53,0.0
2012-02-16,29.5,15.17,0.0
2012-02-17,29.03,17.36,0.0
2012-02-18,30.45,23.61,0.0
2012-02-19,32.1,43.3,0.02
2012-02-20,30.0,53.26,3.8
2012-02-21,28.8,59.8,2.47
2012-02-22,29.11,42.95,0.1
2012-02-23,29.13,32.72,0.07
2012-02-24,29.86,30.39,0.0
2012-02-25,29.87,24.15,0.0
2012-02-26,30.15,26.24,0.0
2012-02-27,30.76,31.7,0.0
2012-02-28,31.09,36.01,0.0
2012-02-29,31.45,43.49,0.0
2012-03-01,31.79,41.29,0.0
2012-03-02,31.01,28.3,0.08
2012-03-03,31.65,38.47,0.07
2012-03-04,31.64,25.53,0.61
2012-03-05,31.61,46.76,0.36
2012-03-06,31.8,42.44,0.58
2012-03-07,32.15,33.84,0.02
2012-03-08,32.32,36.81,0.16
2012-03-09,31.44,27.14,0.31
2012-03-10,28.42,13.57,0.0
2012-03-11,27.45,11.64,0.0
2012-03-12,27.7,11.32,0.0
2012-03-13,28.57,9.75,0.0
2012-03-14,30.19,9.06,0.0
2012-03-15,30.73,13.45,0.0
2012-03-16,31.52,13.56,0.0
2012-03-17,31.39,15.45,0.0
2012-03-18,30.06,15.95,0.0
2012-03-19,30.61,18.8,0.0
2012-03-20,30.49,24.04,0.0
2012-03-21,30.26,13.27,0.0
2012-03-22,30.23,13.17,0.02
2012-03-23,30.06,11.99,0.05
2012-03-24,30.78,19.1,0.11
2012-03-25,31.55,24.47,0.12
2012-03-26,32.23,40.51,0.05
2012-03-27,32.86,31.65,0.06
2012-03-28,32.99,21.79,0.1
2012-03-29,33.89,27.77,0.26
2012-03-30,34.63,37.65,0.16
2012-03-31,33.65,40.07,0.39
2012-04-01,33.95,39.09,1.45
2012-04-02,31.08,53.35,1.63
2012-04-03,30.81,52.4,0.56
2012-04-04,29.31,55.09,0.53
2012-04-05,29.7,54.64,1.76
2012-04-06,32.68,38.27,0.04
2012-04-07,31.9,44.14,3.24
2012-04-08,31.43,56.95,2.5
2012-04-09,30.59,60.22,2.15
2012-04-10,31.44,54.44,1.26
2012-04-11,31.09,59.71,10.77
2012-04-12,30.24,64.56,3.98
2012-04-13,29.17,60.84,3.33
2012-04-14,29.95,41.12,0.0
2012-04-15,30.49,35.24,0.01
2012-04-16,30.0,56.58,2.6
2012-04-17,29.95,58.88,1.63
2012-04-18,29.97,58.27,2.86
2012-04-19,28.93,53.06,8.1
2012-04-20,27.8,49.09,5.76
2012-04-21,31.33,47.39,0.12
2012-04-22,32.04,38.5,0.09
2012-04-23,30.71,60.36,1.18
2012-04-24,32.03,52.78,0.18
2012-04-25,31.32,54.64,1.13
2012-04-26,30.31,57.69,1.33
2012-04-27,32.42,46.1,1.47
2012-04-28,32.27,51.2,3.3
2012-04-29,31.89,55.24,2.67
2012-04-30,31.04,59.45,3.19
2012-05-01,31.71,56.36,3.52
2012-05-02,30.65,62.72,7.1
2012-05-03,30.6,64.55,8.83
2012-05-04,29.23,70.4,10.89
2012-05-05,28.86,69.87,3.97
2012-05-06,28.82,69.49,1.82
2012-05-07,29.76,64.98,0.9
2012-05-08,30.58,60.44,1.02
2012-05-09,29.65,61.94,0.65
2012-05-10,29.32,61.71,0.85
2012-05-11,30.05,56.89,4.29
2012-05-12,29.51,59.63,1.84
2012-05-13,29.03,64.67,10.65
2012-05-14,27.15,73.89,9.18
2012-05-15,26.32,77.48,10.86
2012-05-16,28.36,67.55,2.78
2012-05-17,29.97,62.04,1.2
2012-05-18,30.84,60.46,1.39
2012-05-19,29.21,67.69,1.2
2012-05-20,28.4,69.4,1.48
2012-05-21,27.95,67.64,0.94
2012-05-22,29.75,61.45,0.86
2012-05-23,30.28,58.55,0.6
2012-05-24,30.01,59.72,0.82
2012-05-25,28.4,66.12,0.84
2012-05-26,29.06,64.82,3.62
2012-05-27,29.43,63.88,1.79
2012-05-28,28.9,68.55,7.65
2012-05-29,28.02,72.8,8.87
2012-05-30,27.29,75.35,6.19
2012-05-31,27.09,74.87,1.65
2012-06-01,28.44,67.33,0.72
2012-06-02,28.7,68.69,1.34
2012-06-03,27.59,73.01,0.42
2012-06-04,29.1,63.97,0.29
2012-06-05,28.71,69.35,5.46
2012-06-06,26.94,78.72,2.62
2012-06-07,28.84,67.68,2.07
2012-06-08,28.15,70.22,1.42
2012-06-09,29.46,61.67,0.72
2012-06-10,30.52,60.72,1.34
2012-06-11,28.22,76.01,6.07
2012-06-12,27.07,77.04,1.8
2012-06-13,27.62,69.76,4.52
2012-06-14,29.34,60.0,3.22
2012-06-15,29.57,64.13,2.23
2012-06-16,27.63,74.02,2.58
2012-06-17,27.64,71.3,1.64
2012-06-18,27.57,69.17,0.83
2012-06-19,28.99,63.84,0.76
2012-06-20,28.98,65.29,5.73
2012-06-21,27.9,67.6,1.21
2012-06-22,27.46,69.61,3.39
2012-06-23,26.9,74.57,6.94
2012-06-24,26.26,79.81,19.89
2012-06-25,25.13,84.03,3.5
2012-06-26,25.8,78.9,7.09
2012-06-27,26.99,76.27,11.18
2012-06-28,24.91,86.94,9.57
2012-06-29,25.52,80.34,4.62
2012-06-30,26.47,76.07,2.77
2012-07-01,26.46,77.74,3.44
2012-07-02,27.28,74.72,7.2
2012-07-03,25.69,83.82,7.98
2012-07-04,24.43,87.83,10.61
2012-07-05,24.27,85.87,5.85
2012-07-06,25.63,79.42,4.46
2012-07-07,24.88,85.75,5.77
2012-07-08,26.13,79.07,5.99
2012-07-09,26.08,81.96,3.86
2012-07-10,26.67,80.76,18.8
2012-07-11,25.1,89.21,9.67
2012-07-12,25.87,86.5,10.0
2012-07-13,25.64,86.64,9.83
2012-07-14,26.03,85.19,11.66
2012-07-15,24.74,89.04,7.57
2012-07-16,24.45,83.44,3.49
2012-07-17,25.19,81.72,1.17
2012-07-18,26.17,82.36,5.39
2012-07-19,25.44,84.56,7.1
2012-07-20,24.97,85.93,14.0
2012-07-21,25.79,82.36,10.31
2012-07-22,25.38,87.44,24.34
2012-07-23,25.63,86.14,9.5
2012-07-24,25.08,88.46,12.93
2012-07-25,25.29,86.83,5.36
2012-07-26,25.68,85.08,15.44
2012-07-27,25.66,84.96,4.21
2012-07-28,25.57,86.05,3.11
2012-07-29,26.13,80.71,4.1
2012-07-30,26.31,81.88,6.15
2012-07-31,26.52,84.7,9.83
2012-08-01,25.36,88.5,8.19
2012-08-02,25.73,83.12,6.33
2012-08-03,26.3,81.07,6.66
2012-08-04,24.78,89.33,18.92
2012-08-05,25.3,82.51,6.86
2012-08-06,25.6,86.57,7.6
2012-08-07,24.6,91.29,5.55
2012-08-08,24.86,85.87,3.57
2012-08-09,25.24,84.42,3.74
2012-08-10,25.52,85.39,5.7
2012-08-11,26.1,81.52,4.53
2012-08-12,24.65,88.77,10.7
2012-08-13,25.37,85.39,4.36
2012-08-14,24.98,89.45,12.04
2012-08-15,23.83,92.46,27.75
2012-08-16,24.93,84.26,6.83
2012-08-17,25.62,83.03,4.87
2012-08-18,26.9,82.75,8.64
2012-08-19,25.36,87.99,3.28
2012-08-20,24.97,84.41,4.36
2012-08-21,25.92,80.62,1.41
2012-08-22,25.53,82.06,3.54
2012-08-23,25.05,85.47,8.58
2012-08-24,24.94,88.64,16.62
2012-08-25,24.53,89.7,13.72
2012-08-26,25.64,79.48,3.18
2012-08-27,26.38,78.05,1.31
2012-08-28,26.48,82.91,4.41
2012-08-29,25.36,85.76,6.32
2012-08-30,25.04,86.26,12.49
2012-08-31,24.71,89.03,22.49
2012-09-01,24.74,87.37,14.9
2012-09-02,24.62,88.94,20.66
2012-09-03,25.55,82.02,7.57
2012-09-04,25.19,85.5,7.4
2012-09-05,24.05,92.21,9.01
2012-09-06,24.21,88.18,4.75
2012-09-07,26.17,80.05,2.98
2012-09-08,26.17,83.25,7.58
2012-09-09,25.63,86.31,3.67
2012-09-10,25.49,83.82,3.76
2012-09-11,26.31,80.21,7.29
2012-09-12,25.53,85.38,11.66
2012-09-13,25.49,86.26,5.47
2012-09-14,25.1,87.74,1.56
2012-09-15,25.59,85.01,6.19
2012-09-16,25.82,86.99,8.23
2012-09-17,24.04,93.5,8.29
2012-09-18,24.15,89.23,31.49
2012-09-19,25.06,86.01,18.33
2012-09-20,24.79,87.6,10.75
2012-09-21,24.79,88.79,11.05
2012-09-22,25.88,84.48,13.81
2012-09-23,25.4,87.05,0.44
2012-09-24,26.54,80.84,0.85
2012-09-25,26.78,79.57,0.6
2012-09-26,26.7,81.86,0.78
2012-09-27,25.46,88.86,1.18
2012-09-28,24.99,86.52,1.65
2012-09-29,25.85,84.5,1.59
2012-09-30,25.28,88.87,1.41
2012-10-01,24.98,85.34,2.94
2012-10-02,25.62,84.87,1.77
2012-10-03,26.35,79.87,13.43
2012-10-04,26.57,78.16,1.57
2012-10-05,26.38,81.6,12.49
2012-10-06,26.74,81.96,13.74
2012-10-07,25.23,89.7,10.29
2012-10-08,25.5,84.99,1.89
2012-10-09,25.01,88.84,0.89
2012-10-10,26.88,80.57,0.41
2012-10-11,26.96,80.76,0.47
2012-10-12,26.28,85.31,0.17
2012-10-13,26.43,82.92,1.77
2012-10-14,26.71,80.56,1.45
2012-10-15,26.67,82.65,2.58
2012-10-16,25.92,87.92,6.29
2012-10-17,26.05,86.04,11.99
2012-10-18,27.02,79.5,0.24
2012-10-19,26.91,80.38,0.55
2012-10-20,25.8,86.97,0.2
2012-10-21,26.12,86.24,0.51
2012-10-22,26.06,85.85,0.19
2012-10-23,26.35,82.6,1.46
2012-10-24,25.45,86.27,1.34
2012-10-25,25.93,83.17,2.7
2012-10-26,25.92,85.08,4.8
2012-10-27,25.47,85.13,4.2
2012-10-28,26.19,81.76,2.12
2012-10-29,25.58,84.99,0.61
2012-10-30,26.61,80.23,1.18
2012-10-31,26.76,77.87,1.04
2012-11-01,26.8,74.45,0.66
2012-11-02,27.11,69.57,1.41
2012-11-03,26.45,77.94,1.98
2012-11-04,26.4,81.03,1.17
2012-11-05,26.85,78.25,1.24
2012-11-06,26.32,81.36,1.5
2012-11-07,26.72,77.26,0.2
2012-11-08,27.06,74.6,0.15
2012-11-09,26.72,75.41,0.12
2012-11-10,26.02,73.11,0.06
2012-11-11,26.03,69.89,0.05
2012-11-12,26.8,59.94,0.0
2012-11-13,26.98,68.88,0.02
2012-11-14,26.8,76.06,0.01
2012-11-15,27.12,75.66,0.02
2012-11-16,27.45,68.68,0.01
2012-11-17,26.42,62.11,0.0
2012-11-18,27.0,58.93,0.0
2012-11-19,27.01,62.26,0.0
2012-11-20,27.23,56.35,0.0
2012-11-21,26.66,55.22,0.0
2012-11-22,27.38,55.49,0.02
2012-11-23,27.21,63.45,0.01
2012-11-24,26.8,56.19,0.02
2012-11-25,26.29,59.81,0.0
2012-11-26,24.6,63.85,0.0
2012-11-27,24.44,68.91,0.0
2012-11-28,25.52,63.49,0.0
2012-11-29,26.68,62.32,0.06
2012-11-30,26.58,66.89,0.09
2012-12-01,27.05,71.83,0.09
2012-12-02,27.63,68.9,0.0
2012-12-03,25.28,63.63,0.0
2012-12-04,24.37,61.37,0.0
2012-12-05,23.83,56.04,0.0
2012-12-06,22.74,53.14,0.0
2012-12-07,23.39,54.35,0.0
2012-12-08,23.94,53.86,0.0
2012-12-09,26.47,51.42,0.0
2012-12-10,26.99,48.46,0.0
2012-12-11,26.15,56.29,0.0
2012-12-12,27.29,67.25,1.18
2012-12-13,26.6,64.59,1.06
2012-12-14,24.44,53.55,0.0
2012-12-15,23.67,51.87,0.0
2012-12-16,22.83,51.13,0.0
2012-12-17,22.32,49.57,0.0
2012-12-18,21.47,46.42,0.0
2012-12-19,20.93,48.77,0.0
2012-12-20,20.45,47.51,0.0
2012-12-21,22.22,44.1,0.0
2012-12-22,22.09,47.67,0.0
2012-12-23,22.01,44.51,0.0
2012-12-24,22.39,45.25,0.0
2012-12-25,22.48,47.26,0.0
2012-12-26,22.41,47.07,0.0
2012-12-27,21.88,42.89,0.0
2012-12-28,21.54,41.39,0.0
2012-12-29,21.75,39.23,0.0
2012-12-30,21.38,38.26,0.0
2012-12-31,20.28,37.23,0.0
2013-01-01,19.92,37.86,0.0
2013-01-02,21.36,36.98,0.0
2013-01-03,21.96,37.1,0.0
2013-01-04,21.57,32.53,0.0
2013-01-05,20.6,31.01,0.0
2013-01-06,21.09,32.14,0.0
2013-01-07,22.6,33.99,0.0
2013-01-08,23.28,38.12,0.0
2013-01-09,23.17,39.16,0.0
2013-01-10,23.07,37.97,0.0
2013-01-11,23.24,32.47,0.0
2013-01-12,22.46,34.08,0.0
2013-01-13,23.15,30.16,0.0
2013-01-14,23.76,30.84,0.0
2013-01-15,24.66,30.13,0.0
2013-01-16,24.66,25.97,0.0
2013-01-17,25.01,26.78,0.0
2013-01-18,25.41,28.84,0.0
2013-01-19,26.77,28.81,0.0
2013-01-20,26.33,31.55,0.0
2013-01-21,26.25,26.69,0.0
2013-01-22,27.66,28.4,0.0
2013-01-23,27.72,35.62,0.0
2013-01-24,27.27,29.55,0.0
2013-01-25,27.81,26.99,0.0
2013-01-26,26.86,27.33,0.0
2013-01-27,26.87,22.49,0.0
2013-01-28,26.71,29.77,0.0
2013-01-29,26.79,34.5,0.0
2013-01-30,27.04,28.27,0.0
2013-01-31,25.01,25.31,0.0
2013-02-01,22.62,23.06,0.0
2013-02-02,21.92,23.46,0.0
2013-02-03,23.28,23.4,0.0
2013-02-04,24.72,20.36,0.0
2013-02-05,26.02,22.16,0.0
2013-02-06,25.76,23.56,0.0
2013-02-07,26.28,23.37,0.0
2013-02-08,27.18,21.23,0.0
2013-02-09,27.78,21.93,0.0
2013-02-10,27.93,18.94,0.0
2013-02-11,27.71,17.89,0.0
2013-02-12,28.68,19.59,0.0
2013-02-13,28.0,20.04,0.0
2013-02-14,27.21,13.95,0.0
2013-02-15,27.44,11.54,0.0
2013-02-16,28.48,12.3,0.0
2013-02-17,29.34,16.86,0.0
2013-02-18,29.61,21.14,0.0
2013-02-19,30.17,33.03,0.0
2013-02-20,30.84,51.01,6.16
2013-02-21,29.6,48.84,1.02
2013-02-22,29.03,27.61,0.0
2013-02-23,30.16,25.11,0.0
2013-02-24,30.38,32.45,0.15
2013-02-25,30.54,37.01,2.85
2013-02-26,30.76,54.68,2.35
2013-02-27,30.96,57.26,0.86
2013-02-28,32.59,49.49,0.82
2013-03-01,32.24,49.9,0.46
2013-03-02,33.17,43.62,0.0
2013-03-03,32.58,49.57,0.0
2013-03-04,31.81,49.61,0.0
2013-03-05,32.15,50.19,0.0
2013-03-06,33.01,40.43,0.0
2013-03-07,32.53,27.82,0.03
2013-03-08,32.42,38.1,0.02
2013-03-09,33.57,42.46,0.02
2013-03-10,32.44,48.14,0.03
2013-03-11,33.29,43.67,0.02
2013-03-12,32.9,45.84,1.27
2013-03-13,32.4,49.64,2.14
2013-03-14,33.12,46.1,1.31
2013-03-15,31.1,42.45,0.08
2013-03-16,31.03,50.86,0.1
2013-03-17,32.53,48.28,0.45
2013-03-18,31.98,52.22,3.42
2013-03-19,32.17,47.83,1.74
2013-03-20,33.17,41.05,0.92
2013-03-21,32.17,52.19,3.32
2013-03-22,31.93,55.0,0.49
2013-03-23,32.62,49.06,0.48
2013-03-24,31.59,53.05,0.95
2013-03-25,31.45,53.65,0.27
2013-03-26,31.09,54.86,0.72
2013-03-27,31.98,52.2,0.41
2013-03-28,29.71,61.13,4.43
2013-03-29,31.13,55.21,1.3
2013-03-30,32.13,38.96,0.55
2013-03-31,31.63,52.07,1.51
2013-04-01,32.02,51.13,0.66
2013-04-02,32.26,47.6,0.37
2013-04-03,31.6,49.2,1.88
2013-04-04,29.68,60.54,2.91
2013-04-05,31.38,53.26,1.47
2013-04-06,31.74,44.35,0.15
2013-04-07,31.45,38.01,0.0
2013-04-08,31.93,50.82,0.54
2013-04-09,32.49,50.81,0.63
2013-04-10,31.92,49.52,0.11
2013-04-11,33.5,43.9,0.28
2013-04-12,33.83,43.88,0.43
2013-04-13,31.35,54.56,0.67
2013-04-14,33.63,44.66,0.04
2013-04-15,34.54,40.15,0.53
2013-04-16,32.55,49.18,1.97
2013-04-17,31.48,53.07,1.94
2013-04-18,30.15,60.0,4.1
2013-04-19,29.07,67.04,6.08
2013-04-20,29.91,62.32,3.41
2013-04-21,30.74,59.37,7.2
2013-04-22,28.58,69.44,14.04
2013-04-23,29.05,68.75,11.86
2013-04-24,29.74,65.7,6.35
2013-04-25,29.51,69.07,13.11
2013-04-26,30.83,60.74,1.92
2013-04-27,30.59,59.85,1.39
2013-04-28,31.38,54.29,1.74
2013-04-29,31.22,55.63,0.34
2013-04-30,30.88,59.7,1.84
2013-05-01,30.25,61.9,5.41
2013-05-02,29.99,62.66,4.2
2013-05-03,31.08,59.77,9.8
2013-05-04,29.54,71.95,15.54
2013-05-05,28.78,69.66,3.58
2013-05-06,29.4,67.25,1.78
2013-05-07,30.19,63.42,0.62
2013-05-08,29.27,65.83,2.43
2013-05-09,28.84,68.67,0.43
2013-05-10,29.85,64.67,1.16
2013-05-11,29.33,62.75,0.36
2013-05-12,30.25,55.91,0.44
2013-05-13,30.88,54.77,0.32
2013-05-14,30.35,57.33,0.44
2013-05-15,29.43,63.13,1.39
2013-05-16,30.21,60.24,0.95
2013-05-17,30.96,57.58,1.43
2013-05-18,30.89,59.38,0.99
2013-05-19,30.44,59.67,0.81
2013-05-20,30.98,57.75,1.27
2013-05-21,30.56,59.29,0.59
2013-05-22,30.52,60.97,1.1
2013-05-23,29.54,63.85,0.37
2013-05-24,31.71,54.14,0.25
2013-05-25,31.62,54.66,0.23
2013-05-26,29.28,67.83,5.53
2013-05-27,28.1,73.04,14.89
2013-05-28,27.08,75.66,3.99
2013-05-29,28.59,69.58,5.65
2013-05-30,27.4,75.72,6.94
2013-05-31,28.27,72.71,4.65
2013-06-01,29.18,69.66,7.12
2013-06-02,27.44,75.4,1.09
2013-06-03,27.74,67.82,1.97
2013-06-04,28.83,62.68,1.8
2013-06-05,29.72,61.19,1.48
2013-06-06,27.94,68.5,1.36
2013-06-07,28.1,69.62,2.7
2013-06-08,29.41,66.45,2.79
2013-06-09,27.88,71.88,1.62
2013-06-10,28.49,68.72,1.18
2013-06-11,29.63,64.87,2.12
2013-06-12,30.58,60.84,1.84
2013-06-13,30.2,61.92,1.88
2013-06-14,28.88,68.86,3.37
2013-06-15,28.38,70.82,1.58
2013-06-16,28.77,66.83,0.91
2013-06-17,30.0,61.33,1.68
2013-06-18,29.22,64.49,0.9
2013-06-19,29.13,63.92,0.99
2013-06-20,28.45,70.59,4.93
2013-06-21,28.78,66.95,1.33
2013-06-22,29.67,62.41,1.13
2013-06-23,30.56,59.2,1.38
2013-06-24,29.57,63.43,1.24
2013-06-25,29.03,65.16,2.56
2013-06-26,28.78,65.12,4.07
2013-06-27,27.03,76.56,6.13
2013-06-28,26.04,78.37,4.73
2013-06-29,26.89,72.78,2.96
2013-06-30,27.35,70.42,5.84
2013-07-01,27.25,72.74,4.69
2013-07-02,28.28,65.08,1.44
2013-07-03,29.51,58.72,1.04
2013-07-04,29.07,62.93,3.77
2013-07-05,27.01,72.88,3.64
2013-07-06,26.12,78.86,9.55
2013-07-07,26.32,77.24,11.23
2013-07-08,26.24,79.68,15.95
2013-07-09,24.11,88.42,17.89
2013-07-10,25.73,80.37,11.7
2013-07-11,26.06,81.03,11.42
2013-07-12,26.58,78.96,2.52
2013-07-13,25.45,84.28,5.39
2013-07-14,25.32,82.43,5.71
2013-07-15,25.53,83.66,8.27
2013-07-16,26.15,82.35,7.88
2013-07-17,26.87,78.37,6.86
2013-07-18,26.62,79.73,8.97
2013-07-19,26.26,81.89,9.8
2013-07-20,26.04,83.56,11.47
2013-07-21,25.86,83.68,11.33
2013-07-22,25.33,85.06,8.24
2013-07-23,26.15,83.31,16.13
2013-07-24,25.34,88.35,5.39
2013-07-25,25.03,84.19,3.55
2013-07-26,25.68,82.75,3.4
2013-07-27,26.43,81.35,3.8
2013-07-28,26.61,81.15,2.51
2013-07-29,25.13,87.91,3.2
2013-07-30,24.95,87.37,3.3
2013-07-31,25.26,84.7,4.43
2013-08-01,25.36,81.61,1.53
2013-08-02,25.78,80.49,1.11
2013-08-03,26.41,79.07,4.49
2013-08-04,26.91,77.59,6.55
2013-08-05,26.76,80.07,9.28
2013-08-06,26.3,84.11,6.52
2013-08-07,25.02,87.69,32.36
2013-08-08,24.95,85.46,5.29
2013-08-09,24.89,84.2,1.55
2013-08-10,25.63,81.99,8.07
2013-08-11,26.16,81.66,4.52
2013-08-12,25.04,87.34,2.05
2013-08-13,24.95,84.31,2.98
2013-08-14,25.64,81.78,6.86
2013-08-15,24.58,91.35,14.83
2013-08-16,25.44,88.16,5.4
2013-08-17,25.05,86.11,18.53
2013-08-18,25.15,85.3,23.5
2013-08-19,25.42,85.28,6.64
2013-08-20,25.39,86.8,3.13
2013-08-21,24.96,88.29,13.13
2013-08-22,25.31,84.15,11.93
2013-08-23,25.76,83.27,3.74
2013-08-24,26.48,83.01,4.17
2013-08-25,25.53,87.02,7.82
2013-08-26,24.61,90.16,3.46
2013-08-27,25.61,85.27,3.98
2013-08-28,25.1,88.29,3.6
2013-08-29,24.83,85.52,2.24
2013-08-30,24.74,83.21,1.72
2013-08-31,25.49,83.96,2.69
2013-09-01,25.09,84.5,2.51
2013-09-02,24.73,87.98,4.59
2013-09-03,26.26,79.87,5.2
2013-09-04,25.61,85.46,6.33
2013-09-05,26.32,80.72,7.91
2013-09-06,25.4,82.05,9.82
2013-09-07,24.7,88.14,6.05
2013-09-08,26.11,82.09,7.16
2013-09-09,25.24,88.35,7.87
2013-09-10,25.89,76.28,5.01
2013-09-11,25.66,82.19,4.72
2013-09-12,25.15,88.55,10.99
2013-09-13,25.09,87.63,4.56
2013-09-14,25.15,86.36,2.27
2013-09-15,26.16,81.04,1.66
2013-09-16,26.24,80.44,1.35
2013-09-17,26.69,80.09,1.46
2013-09-18,26.92,81.16,0.35
2013-09-19,27.2,81.97,0.5
2013-09-20,26.4,84.47,0.74
2013-09-21,26.26,81.78,0.76
2013-09-22,27.71,75.01,0.44
2013-09-23,26.96,81.55,8.5
2013-09-24,25.55,89.62,6.41
2013-09-25,24.52,88.72,3.55
2013-09-26,26.57,77.42,1.72
2013-09-27,26.92,79.69,2.61
2013-09-28,26.5,83.99,6.26
2013-09-29,26.25,85.18,5.63
2013-09-30,26.72,81.15,9.45
2013-10-01,27.09,80.07,4.66
2013-10-02,27.54,76.46,18.22
2013-10-03,26.94,82.04,2.64
2013-10-04,25.38,87.35,1.54
2013-10-05,25.49,84.52,0.59
2013-10-06,26.44,78.7,0.85
2013-10-07,26.23,81.76,1.07
2013-10-08,26.18,80.24,2.49
2013-10-09,25.09,85.54,7.63
2013-10-10,25.12,82.5,8.23
2013-10-11,26.77,76.28,2.65
2013-10-12,27.67,72.59,0.45
2013-10-13,27.75,65.32,0.57
2013-10-14,26.86,69.54,0.95
2013-10-15,26.39,78.56,0.64
2013-10-16,26.13,82.59,0.97
2013-10-17,27.81,70.99,0.68
2013-10-18,27.6,71.79,0.05
2013-10-19,27.59,70.16,0.06
2013-10-20,27.04,69.22,0.08
2013-10-21,27.39,54.48,0.04
2013-10-22,26.51,66.59,0.03
2013-10-23,26.69,70.81,0.0
2013-10-24,27.18,64.88,0.0
2013-10-25,27.19,61.57,0.0
2013-10-26,27.5,64.06,0.0
2013-10-27,27.16,55.05,0.0
2013-10-28,27.48,50.08,0.39
2013-10-29,26.75,54.32,0.19
2013-10-30,27.18,71.9,0.49
2013-10-31,27.46,71.37,0.68
2013-11-01,28.14,64.89,0.35
2013-11-02,27.97,55.18,0.0
2013-11-03,26.46,52.92,0.0
2013-11-04,25.45,48.65,0.0
2013-11-05,24.65,45.45,0.0
2013-11-06,25.68,41.69,0.0
2013-11-07,26.53,41.88,0.0
2013-11-08,27.98,44.2,0.0
2013-11-09,28.05,48.91,0.0
2013-11-10,28.91,46.17,0.0
2013-11-11,26.79,45.07,0.0
2013-11-12,26.95,40.68,0.0
2013-11-13,27.2,38.81,0.0
2013-11-14,27.63,37.57,0.0
2013-11-15,28.44,47.83,0.0
2013-11-16,29.37,54.95,0.0
2013-11-17,29.49,56.22,0.31
2013-11-18,29.55,51.38,0.25
2013-11-19,28.25,61.13,0.26
2013-11-20,27.72,64.76,0.12
2013-11-21,28.19,58.47,0.08
2013-11-22,28.08,45.24,0.13
2013-11-23,28.96,44.94,0.09
2013-11-24,29.38,56.52,0.03
2013-11-25,29.66,46.07,0.0
2013-11-26,28.68,46.42,0.14
2013-11-27,28.84,60.71,0.0
2013-11-28,29.63,46.91,0.0
2013-11-29,28.07,33.48,0.0
2013-11-30,27.7,32.7,0.0
2013-12-01,27.88,33.82,0.0
2013-12-02,27.46,33.04,0.0
2013-12-03,27.69,31.93,0.0
2013-12-04,27.56,32.14,0.0
2013-12-05,27.08,29.02,0.0
2013-12-06,24.99,26.44,0.0
2013-12-07,23.7,26.68,0.0
2013-12-08,23.79,24.74,0.0
2013-12-09,24.67,27.1,0.0
2013-12-10,25.36,27.72,0.0
2013-12-11,26.59,29.25,0.0
2013-12-12,26.67,28.88,0.0
2013-12-13,27.18,32.49,0.0
2013-12-14,26.63,37.15,0.02
2013-12-15,22.47,31.57,0.01
2013-12-16,23.24,31.01,0.0
2013-12-17,23.16,29.84,0.0
2013-12-18,22.12,29.3,0.0
2013-12-19,22.43,27.76,0.0
2013-12-20,22.92,27.37,0.0
2013-12-21,23.4,27.63,0.0
2013-12-22,24.47,25.25,0.0
2013-12-23,23.63,25.26,0.0
2013-12-24,25.03,25.66,0.0
2013-12-25,26.77,27.03,0.0
2013-12-26,27.52,26.75,0.0
2013-12-27,27.03,26.85,0.0
2013-12-28,27.23,25.09,0.0
2013-12-29,27.47,24.84,0.0
2013-12-30,27.46,24.83,0.0
2013-12-31,27.02,24.16,0.0
2014-01-01,26.07,24.94,0.0
2014-01-02,26.18,17.82,0.0
2014-01-03,25.82,15.4,0.0
2014-01-04,26.06,17.04,0.0
2014-01-05,25.74,18.21,0.0
2014-01-06,25.38,19.4,0.0
2014-01-07,25.79,19.91,0.0
2014-01-08,26.32,21.67,0.0
2014-01-09,26.52,22.82,0.0
2014-01-10,26.67,21.79,0.0
2014-01-11,26.08,21.85,0.0
2014-01-12,25.44,20.79,0.0
2014-01-13,25.01,21.01,0.0
2014-01-14,25.69,19.84,0.0
2014-01-15,26.28,15.76,0.0
2014-01-16,26.46,17.31,0.02
2014-01-17,27.96,33.45,6.12
2014-01-18,26.05,70.48,13.22
2014-01-19,27.3,58.61,0.01
2014-01-20,27.79,38.7,0.01
2014-01-21,26.71,36.17,0.0
2014-01-22,26.89,32.79,0.0
2014-01-23,26.78,25.67,0.0
2014-01-24,27.27,25.11,0.0
2014-01-25,26.95,24.29,0.0
2014-01-26,26.54,24.26,0.03
2014-01-27,27.54,25.84,0.0
2014-01-28,28.24,23.17,0.0
2014-01-29,28.24,25.71,0.0
2014-01-30,29.46,23.34,0.0
2014-01-31,27.85,23.35,0.0
2014-02-01,25.45,18.0,0.0
2014-02-02,24.61,12.93,0.0
2014-02-03,26.24,14.18,0.0
2014-02-04,27.77,16.36,0.0
2014-02-05,28.9,27.3,0.0
2014-02-06,29.64,30.74,0.0
2014-02-07,29.71,23.49,0.0
2014-02-08,29.78,18.26,0.0
2014-02-09,29.5,16.65,0.0
2014-02-10,29.2,14.92,0.0
2014-02-11,28.55,12.33,0.0
2014-02-12,29.08,13.08,0.0
2014-02-13,28.6,12.94,0.0
2014-02-14,27.7,8.5,0.0
2014-02-15,27.34,9.29,0.0
2014-02-16,28.32,23.92,0.0
2014-02-17,30.66,37.03,0.0
2014-02-18,30.61,21.25,0.0
2014-02-19,29.27,12.84,0.0
2014-02-20,29.02,16.03,0.0
2014-02-21,28.57,13.3,0.0
2014-02-22,29.88,14.46,0.0
2014-02-23,30.86,15.66,0.0
2014-02-24,31.32,16.41,0.0
2014-02-25,32.31,36.87,0.0
2014-02-26,33.51,35.33,0.01
2014-02-27,33.2,34.26,0.03
2014-02-28,28.38,15.22,0.0
2014-03-01,27.77,14.28,0.0
2014-03-02,27.39,12.55,0.0
2014-03-03,28.5,12.65,0.0
2014-03-04,29.85,9.29,0.0
2014-03-05,30.45,9.79,0.0
2014-03-06,30.81,13.4,0.04
2014-03-07,29.9,11.58,0.0
2014-03-08,29.88,7.73,0.0
2014-03-09,30.76,7.48,0.0
2014-03-10,30.4,7.75,0.0
2014-03-11,30.45,24.62,0.0
2014-03-12,31.86,41.71,0.23
2014-03-13,30.99,46.81,0.33
2014-03-14,33.25,38.79,0.34
2014-03-15,33.21,39.08,0.47
2014-03-16,32.92,26.28,0.03
2014-03-17,31.01,27.36,0.72
2014-03-18,32.77,44.41,1.23
2014-03-19,33.58,44.01,0.21
2014-03-20,33.26,46.46,0.33
2014-03-21,32.62,50.74,2.01
2014-03-22,32.56,45.56,0.0
2014-03-23,31.43,49.66,0.0
2014-03-24,31.78,45.7,0.0
2014-03-25,31.98,29.09,0.0
2014-03-26,32.94,12.78,0.0
2014-03-27,32.73,13.08,0.0
2014-03-28,31.94,23.27,0.06
2014-03-29,32.35,42.59,1.22
2014-03-30,33.59,43.69,4.28
2014-03-31,29.83,58.55,7.95
2014-04-01,30.76,47.05,0.0
2014-04-02,32.73,39.52,0.0
2014-04-03,33.01,33.82,0.02
2014-04-04,32.91,48.63,0.02
2014-04-05,32.45,49.22,0.01
2014-04-06,31.27,54.66,2.56
2014-04-07,31.39,52.99,4.97
2014-04-08,30.96,56.14,2.39
2014-04-09,30.84,56.87,2.52
2014-04-10,29.61,63.55,5.29
2014-04-11,30.23,61.16,4.11
2014-04-12,31.17,53.84,2.03
2014-04-13,30.78,59.53,5.83
2014-04-14,29.82,64.0,3.78
2014-04-15,31.0,58.23,0.86
2014-04-16,32.72,48.82,0.23
2014-04-17,32.49,51.6,0.12
2014-04-18,32.39,52.05,0.16
2014-04-19,32.34,53.65,0.17
2014-04-20,33.04,48.95,0.39
2014-04-21,31.89,54.67,3.93
2014-04-22,30.61,62.84,4.5
2014-04-23,29.81,66.07,4.26
2014-04-24,29.61,66.65,2.65
2014-04-25,30.9,57.97,1.38
2014-04-26,28.65,74.08,15.62
2014-04-27,29.02,66.71,3.14
2014-04-28,30.03,61.82,10.34
2014-04-29,27.69,73.04,6.9
2014-04-30,28.22,70.27,9.34
2014-05-01,28.47,66.19,2.34
2014-05-02,29.8,62.24,9.44
2014-05-03,29.99,65.75,7.22
2014-05-04,29.94,68.52,8.09
2014-05-05,28.89,74.03,14.08
2014-05-06,28.0,77.64,3.59
2014-05-07,28.18,75.25,1.37
2014-05-08,27.56,75.87,2.07
2014-05-09,27.95,71.58,1.27
2014-05-10,27.97,69.25,3.71
2014-05-11,29.82,61.44,0.81
2014-05-12,31.12,53.98,1.73
2014-05-13,30.16,62.72,2.31
2014-05-14,28.57,68.73,1.71
2014-05-15,28.87,65.64,2.49
2014-05-16,29.36,62.34,1.27
2014-05-17,29.62,60.91,2.34
2014-05-18,29.94,63.61,3.01
2014-05-19,30.91,58.41,0.5
2014-05-20,31.76,50.35,0.01
2014-05-21,31.78,48.12,0.48
2014-05-22,30.1,65.11,2.99
2014-05-23,29.97,66.21,3.24
2014-05-24,31.16,58.73,2.2
2014-05-25,29.58,65.9,3.11
2014-05-26,31.57,56.59,0.66
2014-05-27,29.69,62.99,0.81
2014-05-28,30.28,61.27,0.18
2014-05-29,28.42,69.74,0.64
2014-05-30,29.44,64.1,1.27
2014-05-31,31.0,57.89,1.79
2014-06-01,31.09,60.21,1.8
2014-06-02,30.0,62.06,2.84
2014-06-03,30.79,59.58,2.44
2014-06-04,30.16,62.68,2.02
2014-06-05,28.06,75.63,10.9
2014-06-06,27.94,72.88,6.95
2014-06-07,29.23,68.0,0.62
2014-06-08,30.31,64.35,3.83
2014-06-09,28.4,73.33,3.59
2014-06-10,26.98,82.11,4.76
2014-06-11,27.77,72.48,1.32
2014-06-12,29.26,62.78,2.4
2014-06-13,27.93,73.63,6.9
2014-06-14,28.55,71.52,4.58
2014-06-15,29.16,70.85,4.61
2014-06-16,29.95,66.37,2.43
2014-06-17,28.52,72.34,2.42
2014-06-18,27.94,73.95,4.08
2014-06-19,29.34,64.11,0.82
2014-06-20,30.43,62.56,3.11
2014-06-21,29.36,71.04,5.72
2014-06-22,27.94,75.42,3.19
2014-06-23,27.25,76.12,3.19
2014-06-24,29.17,63.3,0.42
2014-06-25,29.73,60.78,1.07
2014-06-26,28.98,65.86,1.69
2014-06-27,29.82,61.28,1.99
2014-06-28,29.56,63.09,1.24
2014-06-29,28.49,66.32,2.79
2014-06-30,29.03,64.17,4.67
2014-07-01,28.79,65.47,1.22
2014-07-02,27.73,68.87,3.22
2014-07-03,27.63,69.58,3.21
2014-07-04,26.84,74.59,2.82
2014-07-05,28.09,66.17,0.97
2014-07-06,29.09,64.42,2.38
2014-07-07,27.18,73.28,2.98
2014-07-08,26.92,73.14,1.44
2014-07-09,29.51,59.12,1.16
2014-07-10,29.38,60.55,1.13
2014-07-11,29.86,62.28,3.36
2014-07-12,30.05,61.62,2.46
2014-07-13,28.9,67.44,3.42
2014-07-14,28.31,69.32,5.78
2014-07-15,29.02,67.63,4.66
2014-07-16,27.92,75.66,15.42
2014-07-17,26.76,77.47,3.47
2014-07-18,26.43,77.98,6.32
2014-07-19,27.82,70.7,1.35
2014-07-20,28.28,69.32,2.75
2014-07-21,28.16,72.75,5.48
2014-07-22,27.08,77.36,6.12
2014-07-23,26.47,78.63,3.97
2014-07-24,27.71,70.92,3.55
2014-07-25,28.11,70.25,1.08
2014-07-26,28.51,69.53,0.7
2014-07-27,29.84,62.83,0.8
2014-07-28,28.22,70.89,1.1
2014-07-29,27.16,74.1,1.5
2014-07-30,27.05,77.02,13.0
2014-07-31,27.52,72.57,1.69
2014-08-01,25.77,80.31,9.48
2014-08-02,25.28,82.96,11.38
2014-08-03,25.36,83.99,12.42
2014-08-04,26.3,81.6,7.05
2014-08-05,26.21,83.32,5.02
2014-08-06,26.26,82.17,3.71
2014-08-07,25.78,81.02,4.2
2014-08-08,25.89,82.12,5.33
2014-08-09,25.26,84.92,3.58
2014-08-10,25.48,83.44,9.5
2014-08-11,26.37,80.14,4.03
2014-08-12,25.83,84.02,7.69
2014-08-13,25.66,80.55,6.03
2014-08-14,26.19,78.32,2.46
2014-08-15,26.98,79.53,7.23
2014-08-16,25.94,86.26,14.73
2014-08-17,25.17,85.54,2.44
2014-08-18,24.98,83.71,5.87
2014-08-19,26.17,80.77,12.42
2014-08-20,26.12,82.11,7.19
2014-08-21,25.6,81.83,13.77
2014-08-22,24.64,88.58,16.88
2014-08-23,24.82,85.59,8.88
2014-08-24,25.78,81.93,3.97
2014-08-25,27.05,77.71,3.84
2014-08-26,26.56,84.04,11.43
2014-08-27,25.37,84.66,2.61
2014-08-28,27.17,76.0,2.34
2014-08-29,27.57,76.46,2.88
2014-08-30,25.94,88.01,10.2
2014-08-31,25.65,87.4,4.03
2014-09-01,24.66,87.61,9.27
2014-09-02,25.31,83.97,4.39
2014-09-03,25.63,85.13,2.62
2014-09-04,26.71,81.42,2.02
2014-09-05,25.18,88.87,6.63
2014-09-06,24.79,87.02,4.12
2014-09-07,24.65,87.69,4.69
2014-09-08,26.05,80.45,4.6
2014-09-09,25.06,86.61,7.3
2014-09-10,25.01,86.15,7.36
2014-09-11,25.94,82.14,3.97
2014-09-12,26.15,81.8,6.09
2014-09-13,25.65,86.18,8.28
2014-09-14,25.44,87.81,13.54
2014-09-15,25.18,88.21,6.68
2014-09-16,25.55,84.91,12.45
2014-09-17,25.13,86.79,3.25
2014-09-18,25.16,85.58,8.07
2014-09-19,24.32,87.39,8.3
2014-09-20,26.17,80.09,5.92
2014-09-21,25.77,84.68,6.51
2014-09-22,26.41,81.4,3.12
2014-09-23,26.86,79.55,14.37
2014-09-24,26.17,84.08,11.08
2014-09-25,26.12,82.8,2.26
2014-09-26,26.7,78.15,5.65
2014-09-27,26.19,80.54,7.97
2014-09-28,25.88,82.42,3.52
2014-09-29,25.84,84.02,1.6
2014-09-30,25.78,85.11,8.41
2014-10-01,24.05,90.99,4.07
2014-10-02,25.09,87.71,15.88
2014-10-03,26.29,78.28,3.44
2014-10-04,26.58,78.55,1.59
2014-10-05,25.51,85.4,2.13
2014-10-06,25.68,84.29,2.96
2014-10-07,26.35,82.98,1.71
2014-10-08,26.93,79.26,0.28
2014-10-09,27.27,77.56,0.69
2014-10-10,27.66,74.24,0.83
2014-10-11,27.19,79.15,0.96
2014-10-12,25.79,86.02,0.74
2014-10-13,25.06,87.02,1.52
2014-10-14,25.81,83.18,0.85
2014-10-15,25.55,83.73,0.33
2014-10-16,27.16,75.21,0.61
2014-10-17,27.74,72.29,0.71
2014-10-18,27.05,76.24,0.29
2014-10-19,26.27,81.07,0.83
2014-10-20,26.83,75.15,0.8
2014-10-21,27.21,74.49,2.14
2014-10-22,27.27,68.74,0.56
2014-10-23,26.64,72.72,0.12
2014-10-24,27.12,72.21,0.13
2014-10-25,27.83,69.14,0.08
2014-10-26,26.83,78.11,0.24
2014-10-27,26.96,76.54,0.22
2014-10-28,27.82,70.38,0.06
2014-10-29,27.84,70.27,0.14
2014-10-30,27.77,71.72,0.15
2014-10-31,28.56,65.3,0.1
2014-11-01,28.11,68.26,0.12
2014-11-02,28.18,65.03,0.42
2014-11-03,27.84,67.05,0.41
2014-11-04,28.36,63.77,0.25
2014-11-05,28.17,65.46,0.82
2014-11-06,27.92,57.94,0.09
2014-11-07,27.84,57.56,0.0
2014-11-08,28.12,50.32,0.13
2014-11-09,27.55,45.82,0.02
2014-11-10,28.09,54.27,0.37
2014-11-11,28.4,56.76,0.69
2014-11-12,28.83,63.77,0.0
2014-11-13,28.63,60.31,0.0
2014-11-14,28.44,62.3,0.01
2014-11-15,28.7,59.59,0.0
2014-11-16,28.79,54.76,0.0
2014-11-17,28.69,49.3,0.21
2014-11-18,28.62,60.02,0.47
2014-11-19,28.56,60.19,0.49
2014-11-20,28.87,57.66,0.47
2014-11-21,28.38,57.05,0.2
2014-11-22,27.94,51.04,0.0
2014-11-23,26.7,41.14,0.0
2014-11-24,26.6,38.25,0.0
2014-11-25,26.76,39.31,0.0
2014-11-26,27.45,42.48,0.0
2014-11-27,27.97,58.63,0.0
2014-11-28,28.64,56.78,0.0
2014-11-29,28.43,58.43,0.0
2014-11-30,28.46,57.2,0.0
2014-12-01,29.68,48.89,0.0
2014-12-02,29.29,40.27,0.0
2014-12-03,26.8,29.96,0.0
2014-12-04,25.76,26.85,0.0
2014-12-05,25.46,36.23,0.0
2014-12-06,26.66,29.18,0.0
2014-12-07,27.69,29.38,0.0
2014-12-08,26.48,28.01,0.0
2014-12-09,26.93,29.93,0.0
2014-12-10,26.49,27.27,0.0
2014-12-11,25.01,23.34,0.0
2014-12-12,24.22,22.04,0.0
2014-12-13,25.29,26.03,0.0
2014-12-14,26.8,29.98,0.0
2014-12-15,27.29,34.24,0.0
2014-12-16,27.7,37.4,0.0
2014-12-17,28.19,39.05,0.0
2014-12-18,28.29,38.61,0.0
2014-12-19,26.87,33.47,0.0
2014-12-20,26.41,25.9,0.0
2014-12-21,26.98,27.49,0.0
2014-12-22,26.67,30.36,0.0
2014-12-23,26.09,27.35,0.0
2014-12-24,24.96,24.11,0.0
2014-12-25,23.89,21.23,0.0
2014-12-26,23.11,22.09,0.0
2014-12-27,23.0,21.91,0.0
2014-12-28,23.3,21.66,0.0
2014-12-29,24.26,21.75,0.0
2014-12-30,24.45,21.3,0.0
2014-12-31,23.47,16.47,0.0
2015-01-01,23.56,13.58,0.0
2015-01-02,24.51,17.66,0.0
2015-01-03,25.01,18.01,0.0
2015-01-04,23.7,18.12,0.0
2015-01-05,23.38,20.19,0.0
2015-01-06,22.61,18.34,0.0
2015-01-07,22.87,18.31,0.0
2015-01-08,22.94,18.95,0.0
2015-01-09,23.32,20.12,0.0
2015-01-10,21.35,18.62,0.0
2015-01-11,21.24,15.81,0.0
2015-01-12,21.46,17.34,0.0
2015-01-13,20.62,15.2,0.0
2015-01-14,21.99,17.19,0.0
2015-01-15,22.81,20.42,0.0
2015-01-16,24.61,19.36,0.0
2015-01-17,25.63,17.82,0.0
2015-01-18,25.55,15.62,0.0
2015-01-19,26.11,13.46,0.0
2015-01-20,27.01,12.56,0.0
2015-01-21,27.14,19.98,0.0
2015-01-22,26.84,19.76,0.0
2015-01-23,27.16,16.55,0.0
2015-01-24,28.29,17.83,0.0
2015-01-25,28.27,19.03,0.0
2015-01-26,28.02,15.57,0.0
2015-01-27,27.78,11.85,0.0
2015-01-28,27.07,8.87,0.0
2015-01-29,26.81,10.38,0.0
2015-01-30,27.24,11.69,0.0
2015-01-31,28.17,15.22,0.0
2015-02-01,28.61,14.88,0.0
2015-02-02,28.74,13.47,0.0
2015-02-03,30.12,13.45,0.0
2015-02-04,30.14,21.06,0.0
2015-02-05,31.21,21.86,0.0
2015-02-06,29.97,12.85,0.0
2015-02-07,29.67,12.93,0.0
2015-02-08,30.78,11.4,0.0
2015-02-09,31.22,22.94,0.0
2015-02-10,32.46,35.5,0.01
2015-02-11,33.04,38.4,0.0
2015-02-12,30.57,38.36,0.06
2015-02-13,30.99,35.46,0.01
2015-02-14,31.76,35.93,0.0
2015-02-15,31.96,40.6,0.0
2015-02-16,31.36,20.18,0.01
2015-02-17,29.88,13.34,0.0
2015-02-18,29.87,16.83,0.0
2015-02-19,30.6,48.5,2.41
2015-02-20,29.7,55.15,4.11
2015-02-21,27.67,61.83,0.7
2015-02-22,28.63,44.34,0.0
2015-02-23,27.76,24.31,0.0
2015-02-24,27.58,13.77,0.0
2015-02-25,28.32,11.5,0.0
2015-02-26,27.7,10.44,0.0
2015-02-27,26.92,10.79,0.0
2015-02-28,27.89,8.89,0.0
2015-03-01,28.09,8.74,0.0
2015-03-02,27.96,8.46,0.0
2015-03-03,28.64,9.13,0.0
2015-03-04,29.56,19.02,0.0
2015-03-05,30.06,16.27,0.0
2015-03-06,30.38,15.85,0.0
2015-03-07,31.05,12.53,0.0
2015-03-08,30.62,10.51,0.0
2015-03-09,30.95,11.74,0.0
2015-03-10,31.13,12.94,0.0
2015-03-11,32.04,18.77,0.0
2015-03-12,33.15,35.78,0.0
2015-03-13,33.1,28.32,0.19
2015-03-14,33.03,29.7,0.02
2015-03-15,33.45,14.68,0.0
2015-03-16,33.61,25.01,0.0
2015-03-17,33.48,30.16,0.01
2015-03-18,32.52,41.16,0.06
2015-03-19,33.14,31.19,0.02
2015-03-20,32.03,30.15,0.0
2015-03-21,32.72,41.79,0.41
2015-03-22,30.39,57.25,1.88
2015-03-23,31.95,51.56,0.4
2015-03-24,33.19,43.1,0.26
2015-03-25,31.42,42.61,0.51
2015-03-26,31.21,52.11,1.41
2015-03-27,31.78,33.72,0.0
2015-03-28,31.0,16.99,0.0
2015-03-29,29.67,11.7,0.0
2015-03-30,29.82,11.89,0.0
2015-03-31,30.78,25.19,0.0
2015-04-01,31.36,43.87,0.73
2015-04-02,31.67,34.29,0.0
2015-04-03,31.66,19.55,0.0
2015-04-04,32.21,32.16,0.02
2015-04-05,33.77,36.93,0.22
2015-04-06,32.93,42.92,0.52
2015-04-07,33.78,39.14,0.01
2015-04-08,33.86,43.1,0.06
2015-04-09,32.79,46.7,0.02
2015-04-10,33.28,43.56,0.01
2015-04-11,33.64,45.69,0.35
2015-04-12,30.04,62.49,9.77
2015-04-13,29.85,55.9,1.81
2015-04-14,28.49,24.59,0.0
2015-04-15,28.66,18.83,0.0
2015-04-16,28.86,18.09,0.0
2015-04-17,28.9,14.66,0.0
2015-04-18,29.77,22.83,0.0
2015-04-19,31.78,23.42,0.0
2015-04-20,32.32,27.28,0.0
2015-04-21,32.77,44.14,0.01
2015-04-22,33.74,40.0,0.09
2015-04-23,33.81,37.72,0.18
2015-04-24,32.27,44.65,0.31
2015-04-25,32.58,45.52,0.38
2015-04-26,32.65,48.01,0.06
2015-04-27,31.1,52.24,0.16
2015-04-28,33.25,39.84,0.0
2015-04-29,33.89,36.79,0.0
2015-04-30,33.78,36.49,0.01
2015-05-01,35.06,35.76,0.01
2015-05-02,33.29,42.0,0.12
2015-05-03,33.87,41.17,0.39
2015-05-04,32.99,44.79,0.78
2015-05-05,32.9,43.45,0.16
2015-05-06,33.36,42.84,0.0
2015-05-07,34.66,37.36,0.0
2015-05-08,35.23,37.96,1.88
2015-05-09,30.12,63.43,19.7
2015-05-10,31.09,55.78,0.39
2015-05-11,30.23,58.83,0.24
2015-05-12,32.22,49.17,0.01
2015-05-13,32.8,48.52,0.01
2015-05-14,33.31,45.88,0.0
2015-05-15,30.12,61.44,2.07
2015-05-16,30.92,54.85,0.57
2015-05-17,32.52,45.69,0.01
2015-05-18,31.21,55.75,2.0
2015-05-19,29.45,64.08,1.23
2015-05-20,29.95,58.05,0.23
2015-05-21,32.39,48.78,1.46
2015-05-22,32.36,54.01,2.64
2015-05-23,30.16,63.76,4.44
2015-05-24,29.92,61.16,3.7
2015-05-25,30.93,56.99,0.28
2015-05-26,33.16,47.4,0.0
2015-05-27,32.07,52.89,0.11
2015-05-28,29.75,61.34,0.33
2015-05-29,31.76,52.9,0.38
2015-05-30,33.65,46.32,0.01
2015-05-31,32.48,51.85,0.54
2015-06-01,30.09,59.63,1.2
2015-06-02,30.87,56.24,1.14
2015-06-03,28.42,67.76,7.41
2015-06-04,29.94,58.72,0.55
2015-06-05,31.05,55.33,1.86
2015-06-06,30.31,59.99,0.94
2015-06-07,30.22,59.98,1.73
2015-06-08,28.48,68.68,2.92
2015-06-09,29.29,62.87,2.01
2015-06-10,28.43,72.23,10.14
2015-06-11,28.69,70.17,2.95
2015-06-12,30.63,61.05,0.43
2015-06-13,30.31,62.96,0.78
2015-06-14,29.3,66.66,3.69
2015-06-15,28.6,67.56,4.51
2015-06-16,29.99,59.35,3.85
2015-06-17,31.34,55.37,0.33
2015-06-18,31.73,53.61,0.32
2015-06-19,29.46,65.71,4.4
2015-06-20,29.73,65.03,12.93
2015-06-21,29.47,63.53,1.48
2015-06-22,29.76,60.17,4.67
2015-06-23,28.84,66.99,4.0
2015-06-24,29.28,65.13,4.66
2015-06-25,29.43,62.51,1.9
2015-06-26,30.06,59.83,0.43
2015-06-27,30.09,61.23,1.82
2015-06-28,30.62,57.83,0.28
2015-06-29,30.31,57.98,0.21
2015-06-30,30.15,57.87,5.37
2015-07-01,30.67,56.54,2.18
2015-07-02,31.39,54.87,1.99
2015-07-03,28.89,66.85,4.91
2015-07-04,28.72,64.62,0.46
2015-07-05,29.13,64.13,3.98
2015-07-06,28.45,68.86,4.38
2015-07-07,27.97,73.31,9.52
2015-07-08,27.95,74.7,11.0
2015-07-09,27.91,75.33,10.01
2015-07-10,28.93,66.33,1.02
2015-07-11,28.87,67.65,7.41
2015-07-12,27.94,74.09,4.59
2015-07-13,28.39,70.49,3.33
2015-07-14,29.15,66.39,0.55
2015-07-15,27.3,75.47,15.84
2015-07-16,26.77,75.37,3.57
2015-07-17,27.71,73.29,5.68
2015-07-18,29.16,69.61,4.62
2015-07-19,29.1,70.49,4.37
2015-07-20,26.28,84.3,13.83
2015-07-21,25.78,80.6,2.87
2015-07-22,26.81,74.52,0.42
2015-07-23,27.92,70.28,0.86
2015-07-24,27.39,73.7,5.83
2015-07-25,27.4,72.31,3.21
2015-07-26,27.03,73.05,2.35
2015-07-27,26.63,76.96,8.28
2015-07-28,25.23,84.79,10.38
2015-07-29,26.3,77.85,4.33
2015-07-30,26.69,76.18,8.5
2015-07-31,26.81,78.06,12.51
2015-08-01,27.37,75.86,8.33
2015-08-02,26.04,84.69,17.98
2015-08-03,25.83,85.83,4.74
2015-08-04,26.41,80.84,5.15
2015-08-05,24.71,90.86,8.69
2015-08-06,26.02,83.58,11.83
2015-08-07,25.67,87.37,3.64
2015-08-08,25.26,86.43,8.43
2015-08-09,26.89,78.33,2.98
2015-08-10,24.86,90.71,39.21
2015-08-11,24.83,89.34,13.69
2015-08-12,26.17,83.18,6.04
2015-08-13,25.94,87.39,3.42
2015-08-14,26.18,87.31,5.34
2015-08-15,25.93,86.76,6.61
2015-08-16,25.72,86.07,6.34
2015-08-17,25.29,90.28,17.26
2015-08-18,26.3,79.54,10.22
2015-08-19,26.18,80.1,1.03
2015-08-20,26.14,84.21,3.48
2015-08-21,25.27,89.19,5.15
2015-08-22,25.03,89.2,5.06
2015-08-23,25.94,85.19,2.2
2015-08-24,25.58,88.99,18.04
2015-08-25,25.68,86.33,7.45
2015-08-26,25.25,85.58,16.86
2015-08-27,26.04,83.35,27.63
2015-08-28,25.79,87.82,29.06
2015-08-29,24.89,88.6,14.21
2015-08-30,24.54,89.77,14.71
2015-08-31,25.22,86.96,5.32
2015-09-01,25.72,87.12,8.74
2015-09-02,25.58,87.38,3.22
2015-09-03,26.07,84.99,10.93
2015-09-04,25.27,88.41,19.02
2015-09-05,26.36,84.25,4.01
2015-09-06,26.21,86.06,13.18
2015-09-07,26.14,85.94,2.44
2015-09-08,25.67,86.03,4.43
2015-09-09,25.49,86.07,3.55
2015-09-10,26.56,80.35,3.31
2015-09-11,27.0,81.28,2.39
2015-09-12,27.03,84.02,3.91
2015-09-13,25.97,88.1,13.63
2015-09-14,26.28,85.43,14.38
2015-09-15,26.29,85.04,5.23
2015-09-16,26.32,83.6,8.27
2015-09-17,26.28,84.19,23.5
2015-09-18,25.01,88.94,25.61
2015-09-19,25.38,86.75,8.19
2015-09-20,26.22,84.79,3.06
2015-09-21,25.54,89.09,8.87
2015-09-22,26.45,84.55,5.88
2015-09-23,27.21,80.6,1.01
2015-09-24,27.55,80.39,0.67
2015-09-25,26.53,88.33,4.03
2015-09-26,25.51,88.6,2.09
2015-09-27,26.56,82.49,0.35
2015-09-28,27.07,82.65,4.37
2015-09-29,25.67,89.27,7.96
2015-09-30,26.3,86.82,15.37
2015-10-01,26.69,85.9,3.74
2015-10-02,27.88,80.66,4.49
2015-10-03,26.65,87.93,6.64
2015-10-04,25.81,86.54,3.37
2015-10-05,26.31,82.37,4.06
2015-10-06,26.67,83.54,6.42
2015-10-07,25.5,88.94,8.07
2015-10-08,26.24,83.83,1.7
2015-10-09,26.06,85.73,3.13
2015-10-10,25.0,90.15,1.33
2015-10-11,26.38,82.61,3.05
2015-10-12,26.83,82.73,2.91
2015-10-13,27.05,83.19,0.07
2015-10-14,27.13,83.94,0.05
2015-10-15,27.39,79.62,0.08
2015-10-16,27.64,78.58,0.03
2015-10-17,27.86,77.29,0.12
2015-10-18,27.21,80.31,4.5
2015-10-19,27.29,80.14,3.75
2015-10-20,27.23,80.87,7.54
2015-10-21,27.12,81.95,1.69
2015-10-22,27.24,83.29,0.47
2015-10-23,27.42,80.04,2.07
2015-10-24,27.36,76.98,0.29
2015-10-25,27.5,78.27,1.1
2015-10-26,27.04,81.68,4.05
2015-10-27,27.22,82.61,6.73
2015-10-28,27.04,81.53,1.13
2015-10-29,27.31,78.31,0.02
2015-10-30,26.92,77.67,0.1
2015-10-31,26.85,77.79,0.99
2015-11-01,26.17,82.18,2.49
2015-11-02,26.38,79.5,0.0
2015-11-03,25.66,71.93,0.0
2015-11-04,24.38,66.4,0.0
2015-11-05,24.29,64.17,0.0
2015-11-06,23.5,61.65,0.0
2015-11-07,23.96,56.77,0.0
2015-11-08,23.1,67.32,0.0
2015-11-09,25.56,67.48,0.0
2015-11-10,26.31,68.65,0.0
2015-11-11,25.3,70.11,0.0
2015-11-12,24.03,67.91,0.0
2015-11-13,23.3,66.04,0.0
2015-11-14,23.13,59.18,0.0
2015-11-15,24.09,53.6,0.0
2015-11-16,23.82,58.09,0.0
2015-11-17,23.77,63.9,0.0
2015-11-18,23.68,60.33,0.0
2015-11-19,24.07,58.26,0.0
2015-11-20,23.58,63.02,0.0
2015-11-21,22.8,63.31,0.0
2015-11-22,24.55,56.36,0.0
2015-11-23,25.53,54.98,0.0
2015-11-24,25.62,59.26,0.0
2015-11-25,25.21,59.08,0.0
2015-11-26,25.93,55.14,0.0
2015-11-27,26.44,50.57,0.0
2015-11-28,25.53,50.38,0.0
2015-11-29,24.47,50.03,0.0
2015-11-30,22.98,46.64,0.0
2015-12-01,22.63,48.64,0.0
2015-12-02,21.9,48.68,0.0
2015-12-03,21.36,53.7,0.0
2015-12-04,20.8,51.46,0.0
2015-12-05,20.58,52.75,0.0
2015-12-06,20.98,53.86,0.0
2015-12-07,21.62,54.7,0.0
2015-12-08,22.13,52.72,0.0
2015-12-09,21.74,45.73,0.0
2015-12-10,21.82,46.68,0.0
2015-12-11,21.83,49.56,0.0
2015-12-12,21.51,46.22,0.0
2015-12-13,20.88,42.56,0.0
2015-12-14,20.37,42.08,0.0
2015-12-15,20.75,40.98,0.0
2015-12-16,20.57,41.82,0.0
2015-12-17,20.45,39.37,0.0
2015-12-18,19.98,37.61,0.0
2015-12-19,19.68,39.81,0.0
2015-12-20,20.27,40.68,0.0
2015-12-21,20.73,42.78,0.0
2015-12-22,22.02,40.82,0.0
2015-12-23,21.66,40.25,0.0
2015-12-24,20.97,38.11,0.0
2015-12-25,19.78,39.95,0.0
2015-12-26,19.44,41.19,0.0
2015-12-27,19.99,38.18,0.0
2015-12-28,21.14,36.46,0.0
2015-12-29,21.77,34.94,0.0
2015-12-30,22.4,34.87,0.0
2015-12-31,22.04,33.61,0.0
2016-01-01,21.89,33.72,0.0
2016-01-02,21.68,34.12,0.0
2016-01-03,21.92,33.21,0.0
2016-01-04,21.27,33.49,0.0
2016-01-05,21.26,36.51,0.0
2016-01-06,21.6,33.5,0.0
2016-01-07,23.15,28.27,0.0
2016-01-08,24.29,25.44,0.0
2016-01-09,24.83,28.03,0.0
2016-01-10,25.21,29.15,0.0
2016-01-11,25.06,26.81,0.0
2016-01-12,24.6,25.17,0.0
2016-01-13,24.32,22.96,0.0
2016-01-14,23.62,25.39,0.0
2016-01-15,24.26,25.38,0.0
2016-01-16,24.56,23.63,0.0
2016-01-17,24.33,24.58,0.0
2016-01-18,24.84,23.86,0.0
2016-01-19,24.63,25.76,0.0
2016-01-20,25.26,25.23,0.0
2016-01-21,24.88,19.46,0.0
2016-01-22,25.47,17.4,0.0
2016-01-23,24.88,17.85,0.0
2016-01-24,23.73,19.99,0.0
2016-01-25,24.05,26.07,0.0
2016-01-26,23.88,25.26,0.0
2016-01-27,23.09,22.13,0.0
2016-01-28,22.94,20.86,0.0
2016-01-29,22.11,22.99,0.0
2016-01-30,22.98,23.77,0.0
2016-01-31,23.21,22.41,0.0
2016-02-01,23.05,19.38,0.0
2016-02-02,22.88,20.67,0.0
2016-02-03,24.38,20.81,0.0
2016-02-04,25.48,21.84,0.0
2016-02-05,26.23,23.29,0.0
2016-02-06,26.86,21.75,0.0
2016-02-07,25.53,19.69,0.0
2016-02-08,24.74,20.4,0.0
2016-02-09,24.85,16.52,0.0
2016-02-10,24.59,16.31,0.0
2016-02-11,24.26,16.66,0.0
2016-02-12,24.83,15.21,0.0
2016-02-13,24.7,14.53,0.0
2016-02-14,25.76,13.35,0.0
2016-02-15,25.78,16.66,0.0
2016-02-16,26.92,21.79,0.0
2016-02-17,27.23,30.74,0.0
2016-02-18,28.76,20.44,0.0
2016-02-19,29.49,18.91,0.0
2016-02-20,30.52,17.29,0.0
2016-02-21,29.16,13.92,0.0
2016-02-22,29.6,16.7,0.0
2016-02-23,29.31,13.88,0.0
2016-02-24,28.98,12.5,0.0
2016-02-25,28.43,14.06,0.0
2016-02-26,29.98,13.22,0.0
2016-02-27,30.46,13.03,0.0
2016-02-28,31.32,15.39,0.0
2016-02-29,31.78,15.54,0.11
2016-03-01,32.19,16.62,0.04
2016-03-02,31.85,14.84,0.0
2016-03-03,32.07,11.8,0.0
2016-03-04,31.34,13.27,0.0
2016-03-05,31.92,12.39,0.0
2016-03-06,31.14,11.16,0.0
2016-03-07,31.56,9.51,0.0
2016-03-08,31.98,14.7,0.0
2016-03-09,33.09,15.52,0.0
2016-03-10,33.04,17.7,0.0
2016-03-11,32.24,37.29,12.13
2016-03-12,31.34,57.68,0.34
2016-03-13,32.57,50.47,0.63
2016-03-14,30.13,61.33,4.48
2016-03-15,31.26,57.61,0.16
2016-03-16,32.76,46.36,0.04
2016-03-17,33.03,43.73,0.4
2016-03-18,32.39,39.45,0.28
2016-03-19,31.96,51.53,1.28
2016-03-20,31.43,51.12,9.65
2016-03-21,32.64,47.98,0.04
2016-03-22,33.12,48.17,0.0
2016-03-23,33.58,39.99,0.0
2016-03-24,31.92,44.39,0.04
2016-03-25,32.84,37.9,0.0
2016-03-26,30.82,21.2,0.0
2016-03-27,32.05,17.76,0.0
2016-03-28,32.83,15.6,0.0
2016-03-29,33.98,19.49,0.0
2016-03-30,35.09,31.7,0.0
2016-03-31,35.11,39.91,0.59
2016-04-01,34.19,37.07,1.08
2016-04-02,33.72,38.66,0.06
2016-04-03,34.26,41.21,0.0
2016-04-04,35.84,37.11,0.02
2016-04-05,34.75,33.74,0.3
2016-04-06,34.76,24.58,0.02
2016-04-07,33.17,43.86,1.19
2016-04-08,31.35,56.73,8.74
2016-04-09,30.96,59.06,5.66
2016-04-10,30.27,59.05,0.26
2016-04-11,32.25,49.62,0.19
2016-04-12,34.21,44.44,0.02
2016-04-13,35.09,42.07,0.0
2016-04-14,35.96,40.57,0.02
2016-04-15,35.75,42.13,0.28
2016-04-16,34.11,47.96,1.08
2016-04-17,34.46,46.69,0.84
2016-04-18,33.13,49.21,0.3
2016-04-19,33.26,45.16,0.02
2016-04-20,34.53,41.58,0.32
2016-04-21,32.23,51.65,0.2
2016-04-22,33.71,46.25,0.01
2016-04-23,34.44,43.01,0.0
2016-04-24,35.16,40.0,0.0
2016-04-25,34.66,42.14,0.68
2016-04-26,33.93,44.61,1.15
2016-04-27,33.64,47.51,4.33
2016-04-28,32.18,54.72,3.96
2016-04-29,33.34,46.82,0.03
2016-04-30,33.88,42.18,0.02
2016-05-01,34.87,41.74,0.05
2016-05-02,34.99,42.09,0.81
2016-05-03,34.77,42.77,0.37
2016-05-04,32.97,49.46,4.07
2016-05-05,32.69,49.03,0.68
2016-05-06,34.15,42.24,0.16
2016-05-07,30.17,57.98,6.16
2016-05-08,31.42,55.71,1.56
2016-05-09,31.35,58.1,4.17
2016-05-10,30.44,62.92,6.67
2016-05-11,30.94,63.12,9.66
2016-05-12,29.57,73.07,12.66
2016-05-13,29.76,70.57,3.69
2016-05-14,28.89,69.23,3.49
2016-05-15,30.89,59.35,0.06
2016-05-16,30.33,61.87,9.38
2016-05-17,29.99,61.82,2.88
2016-05-18,29.74,64.21,0.3
2016-05-19,30.59,60.37,3.8
2016-05-20,31.07,56.78,0.34
2016-05-21,32.56,50.57,0.0
2016-05-22,32.96,52.33,0.05
2016-05-23,29.6,66.7,1.35
2016-05-24,26.57,79.7,5.52
2016-05-25,27.42,77.09,8.99
2016-05-26,30.26,62.54,1.64
2016-05-27,31.19,59.63,0.9
2016-05-28,29.26,71.4,11.44
2016-05-29,28.75,74.88,15.96
2016-05-30,29.35,66.3,2.05
2016-05-31,29.9,59.97,0.23
2016-06-01,30.75,56.6,0.19
2016-06-02,31.16,56.37,0.29
2016-06-03,30.68,60.23,0.98
2016-06-04,30.77,58.84,0.37
2016-06-05,31.21,56.21,0.02
2016-06-06,31.02,56.44,1.3
2016-06-07,30.48,59.8,0.91
2016-06-08,31.43,55.45,0.19
2016-06-09,29.87,63.46,3.94
2016-06-10,26.86,81.65,14.68
2016-06-11,28.62,65.9,0.2
2016-06-12,28.48,66.4,11.75
2016-06-13,27.51,76.75,8.63
2016-06-14,28.29,71.27,2.68
2016-06-15,27.74,72.39,1.72
2016-06-16,27.31,74.84,5.32
2016-06-17,26.71,75.71,2.09
2016-06-18,27.86,68.57,0.9
2016-06-19,29.05,64.57,0.51
2016-06-20,26.96,74.54,4.39
2016-06-21,25.94,82.42,22.06
2016-06-22,25.84,78.89,14.02
2016-06-23,27.29,69.65,2.79
2016-06-24,27.76,71.66,3.54
2016-06-25,26.93,77.48,4.95
2016-06-26,27.56,75.17,2.78
2016-06-27,27.18,77.88,3.57
2016-06-28,26.75,80.68,6.97
2016-06-29,27.25,78.97,2.56
2016-06-30,27.03,78.44,2.14
2016-07-01,26.99,77.27,2.88
2016-07-02,26.99,78.14,2.42
2016-07-03,27.46,76.93,2.55
2016-07-04,27.72,77.06,9.68
2016-07-05,26.47,84.48,8.96
2016-07-06,25.75,86.69,8.66
2016-07-07,27.47,76.9,2.46
2016-07-08,28.42,75.02,3.23
2016-07-09,27.23,80.39,4.11
2016-07-10,27.31,77.78,7.53
2016-07-11,25.6,83.32,13.52
2016-07-12,25.84,83.46,16.46
2016-07-13,26.22,81.35,4.97
2016-07-14,25.84,83.06,4.04
2016-07-15,26.6,79.2,2.15
2016-07-16,26.24,82.43,11.24
2016-07-17,25.49,85.69,7.01
2016-07-18,25.3,86.5,24.49
2016-07-19,26.21,82.84,51.66
2016-07-20,24.78,91.17,51.4
2016-07-21,24.55,85.4,10.53
2016-07-22,25.71,83.3,1.43
2016-07-23,25.08,88.35,14.28
2016-07-24,24.68,89.26,28.08
2016-07-25,25.28,86.95,7.4
2016-07-26,25.54,87.28,2.59
2016-07-27,25.63,84.38,6.51
2016-07-28,25.74,85.29,14.74
2016-07-29,26.65,80.7,7.57
2016-07-30,26.6,80.98,9.88
2016-07-31,25.49,88.37,11.06
2016-08-01,26.0,85.87,6.14
2016-08-02,24.87,91.58,6.34
2016-08-03,25.73,87.33,16.13
2016-08-04,25.78,84.14,15.17
2016-08-05,26.31,84.17,4.23
2016-08-06,25.85,87.27,3.74
2016-08-07,25.96,84.92,3.85
2016-08-08,26.06,83.52,0.94
2016-08-09,25.92,86.07,9.24
2016-08-10,25.45,87.91,15.0
2016-08-11,26.25,79.44,10.93
2016-08-12,26.27,83.0,7.42
2016-08-13,25.8,88.07,6.06
2016-08-14,25.75,85.08,5.21
2016-08-15,25.5,85.25,9.18
2016-08-16,25.73,85.74,4.8
2016-08-17,25.54,86.71,7.97
2016-08-18,24.95,87.56,20.84
2016-08-19,26.52,79.45,2.24
2016-08-20,26.76,81.64,2.24
2016-08-21,26.13,87.12,4.69
2016-08-22,26.47,86.01,1.25
2016-08-23,25.87,86.26,4.81
2016-08-24,26.14,82.29,2.47
2016-08-25,26.04,83.49,1.54
2016-08-26,25.42,87.27,6.98
2016-08-27,24.5,93.12,32.58
2016-08-28,24.48,90.78,20.33
2016-08-29,24.83,91.06,20.99
2016-08-30,25.22,87.68,12.04
2016-08-31,26.03,84.27,5.82
2016-09-01,25.97,81.87,5.55
2016-09-02,25.54,85.2,2.54
2016-09-03,25.63,84.27,1.82
2016-09-04,26.45,82.5,13.69
2016-09-05,25.85,86.17,13.32
2016-09-06,25.97,84.73,1.88
2016-09-07,26.44,82.8,1.29
2016-09-08,26.46,82.68,6.81
2016-09-09,25.28,90.36,19.73
2016-09-10,25.32,88.63,4.53
2016-09-11,26.28,80.46,1.2
2016-09-12,26.5,78.71,0.59
2016-09-13,25.74,86.36,2.94
2016-09-14,25.16,87.47,7.84
2016-09-15,24.03,93.6,22.06
2016-09-16,24.84,88.11,8.48
2016-09-17,26.06,84.26,2.38
2016-09-18,25.44,85.38,9.39
2016-09-19,26.16,82.85,7.93
2016-09-20,25.62,85.17,3.33
2016-09-21,26.22,82.1,4.04
2016-09-22,26.2,84.48,4.91
2016-09-23,25.43,85.83,9.62
2016-09-24,25.73,84.26,3.47
2016-09-25,25.39,85.91,1.46
2016-09-26,24.67,91.03,5.61
2016-09-27,26.73,79.33,1.1
2016-09-28,26.84,79.19,0.45
2016-09-29,26.35,85.02,4.22
2016-09-30,26.96,81.43,0.54
2016-10-01,27.35,79.99,1.66
2016-10-02,25.43,87.69,4.68
2016-10-03,25.84,83.9,0.08
2016-10-04,26.71,81.96,0.0
2016-10-05,26.74,81.61,0.3
2016-10-06,26.98,79.01,4.04
2016-10-07,27.51,79.58,0.03
2016-10-08,26.61,86.68,1.73
2016-10-09,25.38,90.34,0.78
2016-10-10,26.02,85.22,0.0
2016-10-11,27.14,79.48,0.05
2016-10-12,26.54,84.57,3.9
2016-10-13,26.86,83.42,0.37
2016-10-14,27.47,79.62,1.8
2016-10-15,27.48,79.49,4.94
2016-10-16,27.3,79.65,1.28
2016-10-17,27.28,78.09,0.16
2016-10-18,26.51,82.76,0.0
2016-10-19,25.98,84.84,0.02
2016-10-20,26.83,78.94,0.0
2016-10-21,27.33,76.77,0.0
2016-10-22,25.47,88.64,0.18
2016-10-23,26.54,80.04,0.0
2016-10-24,26.63,71.16,0.0
2016-10-25,26.84,65.24,0.0
2016-10-26,26.79,60.81,0.0
2016-10-27,26.71,63.47,0.0
2016-10-28,26.6,67.58,0.0
2016-10-29,26.67,71.46,0.51
2016-10-30,26.72,72.7,0.22
2016-10-31,26.44,77.46,3.59
2016-11-01,26.94,77.02,0.04
2016-11-02,27.22,74.74,0.0
2016-11-03,26.27,81.87,0.06
2016-11-04,25.83,86.48,0.23
2016-11-05,25.12,72.83,0.0
2016-11-06,24.78,66.01,0.0
2016-11-07,25.35,69.57,0.0
2016-11-08,24.43,67.28,0.0
2016-11-09,24.01,58.88,0.0
2016-11-10,24.17,54.91,0.0
2016-11-11,24.46,50.99,0.0
2016-11-12,24.77,59.26,0.0
2016-11-13,26.53,61.98,0.0
2016-11-14,26.02,62.55,0.0
2016-11-15,24.7,59.92,0.0
2016-11-16,26.36,58.03,0.0
2016-11-17,25.49,52.55,0.0
2016-11-18,26.73,53.39,0.0
2016-11-19,27.3,58.02,0.0
2016-11-20,28.42,60.71,0.0
2016-11-21,26.98,51.26,0.0
2016-11-22,27.09,51.45,0.01
2016-11-23,27.63,59.02,0.08
2016-11-24,28.11,64.57,0.01
2016-11-25,27.31,55.26,0.0
2016-11-26,27.16,59.2,0.0
2016-11-27,27.85,68.35,0.0
2016-11-28,27.79,66.35,0.0
2016-11-29,28.01,70.45,0.0
2016-11-30,28.14,64.87,0.0
2016-12-01,26.05,53.38,0.0
2016-12-02,25.66,52.11,0.0
2016-12-03,25.36,50.73,0.0
2016-12-04,25.73,45.08,0.0
2016-12-05,26.12,53.99,0.0
2016-12-06,26.72,54.44,0.0
2016-12-07,26.05,47.94,0.0
2016-12-08,26.28,49.42,0.0
2016-12-09,25.01,47.7,0.0
2016-12-10,25.29,40.5,0.0
2016-12-11,25.6,40.51,0.0
2016-12-12,26.21,51.52,0.0
2016-12-13,26.76,54.29,0.0
2016-12-14,25.45,39.66,0.0
2016-12-15,25.76,37.19,0.0
2016-12-16,26.36,44.56,0.0
2016-12-17,26.02,48.35,0.0
2016-12-18,26.76,49.81,0.0
2016-12-19,26.91,47.21,0.0
2016-12-20,25.72,38.26,0.0
2016-12-21,24.92,36.3,0.0
2016-12-22,24.51,34.97,0.0
2016-12-23,24.81,31.91,0.0
2016-12-24,24.38,32.15,0.0
2016-12-25,24.41,37.76,0.0
2016-12-26,24.03,32.37,0.0
2016-12-27,23.54,31.24,0.0
2016-12-28,23.32,37.85,0.0
2016-12-29,25.36,35.54,0.0
2016-12-30,25.15,38.14,0.0
2016-12-31,24.95,35.21,0.0
2017-01-01,24.71,34.24,0.0
2017-01-02,23.9,35.75,0.0
2017-01-03,24.24,31.88,0.0
2017-01-04,24.44,31.46,0.0
2017-01-05,24.61,32.72,0.0
2017-01-06,25.03,31.87,0.0
2017-01-07,25.29,32.82,0.0
2017-01-08,25.46,33.0,0.0
2017-01-09,25.14,28.69,0.0
2017-01-10,25.74,25.44,0.0
2017-01-11,25.14,22.45,0.0
2017-01-12,25.04,19.8,0.0
2017-01-13,24.02,18.05,0.0
2017-01-14,23.96,22.63,0.0
2017-01-15,26.42,24.33,0.0
2017-01-16,27.03,21.12,0.0
2017-01-17,26.98,19.28,0.0
2017-01-18,27.2,20.38,0.0
2017-01-19,28.44,27.88,0.0
2017-01-20,28.68,30.16,0.0
2017-01-21,28.63,30.43,0.0
2017-01-22,27.8,28.13,0.0
2017-01-23,27.1,19.93,0.0
2017-01-24,26.96,16.75,0.0
2017-01-25,26.59,17.84,0.0
2017-01-26,27.32,15.42,0.0
2017-01-27,28.6,14.7,0.0
2017-01-28,27.94,17.45,0.0
2017-01-29,27.8,16.41,0.0
2017-01-30,27.84,17.78,0.0
2017-01-31,28.15,25.56,0.0
2017-02-01,29.16,34.49,0.0
2017-02-02,30.16,47.2,0.01
2017-02-03,29.28,22.49,0.0
2017-02-04,28.51,19.72,0.0
2017-02-05,28.0,18.94,0.0
2017-02-06,27.66,16.14,0.0
2017-02-07,28.03,15.39,0.0
2017-02-08,27.73,16.12,0.0
2017-02-09,27.65,13.52,0.0
2017-02-10,28.42,13.04,0.0
2017-02-11,28.11,16.79,0.0
2017-02-12,29.14,18.08,0.0
2017-02-13,29.05,13.33,0.0
2017-02-14,29.47,13.01,0.0
2017-02-15,29.17,11.64,0.0
2017-02-16,28.18,10.67,0.0
2017-02-17,27.66,10.42,0.0
2017-02-18,26.28,10.16,0.0
2017-02-19,25.17,10.46,0.0
2017-02-20,26.61,11.42,0.0
2017-02-21,27.55,13.65,0.0
2017-02-22,29.65,12.75,0.0
2017-02-23,30.29,16.56,0.0
2017-02-24,30.97,24.12,0.0
2017-02-25,31.59,31.34,0.0
2017-02-26,29.83,25.09,0.0
2017-02-27,30.3,16.18,0.0
2017-02-28,30.36,11.53,0.0
2017-03-01,29.41,14.98,0.0
2017-03-02,30.84,23.95,0.0
2017-03-03,31.27,21.23,0.0
2017-03-04,30.89,17.21,0.0
2017-03-05,30.79,12.81,0.0
2017-03-06,30.51,10.26,0.0
2017-03-07,30.15,9.37,0.0
2017-03-08,30.4,8.1,0.0
2017-03-09,30.25,12.22,0.0
2017-03-10,30.33,19.43,0.0
2017-03-11,30.06,13.95,0.0
2017-03-12,30.15,11.33,0.0
2017-03-13,29.88,12.34,0.0
2017-03-14,31.2,17.7,0.0
2017-03-15,31.81,31.01,0.0
2017-03-16,31.21,11.65,0.0
2017-03-17,31.63,12.4,0.0
2017-03-18,32.75,26.43,0.01
2017-03-19,35.05,30.28,0.01
2017-03-20,29.85,55.66,8.32
2017-03-21,31.99,46.97,0.0
2017-03-22,32.06,43.86,0.04
2017-03-23,31.55,49.67,0.46
2017-03-24,29.82,57.56,1.0
2017-03-25,32.27,42.81,0.0
2017-03-26,33.02,36.35,0.0
2017-03-27,33.43,40.35,0.15
2017-03-28,33.58,41.74,0.12
2017-03-29,32.82,37.14,0.05
2017-03-30,33.28,27.81,0.06
2017-03-31,33.63,37.61,0.25
2017-04-01,34.1,40.4,0.07
2017-04-02,33.32,45.33,1.44
2017-04-03,31.31,52.32,4.47
2017-04-04,32.62,45.41,0.54
2017-04-05,34.11,38.57,0.01
2017-04-06,34.43,36.29,0.81
2017-04-07,32.23,49.89,1.41
2017-04-08,33.65,41.15,0.38
2017-04-09,34.08,39.76,0.01
2017-04-10,34.19,37.71,0.01
2017-04-11,34.34,36.38,0.0
2017-04-12,33.55,24.94,0.0
2017-04-13,31.94,11.68,0.0
2017-04-14,32.8,23.3,0.0
2017-04-15,33.08,34.05,0.0
2017-04-16,33.54,42.29,0.03
2017-04-17,33.58,36.46,0.0
2017-04-18,33.61,30.52,0.0
2017-04-19,34.43,34.0,0.0
2017-04-20,35.36,34.64,0.01
2017-04-21,34.51,42.05,0.78
2017-04-22,34.03,44.37,2.56
2017-04-23,33.56,42.49,0.04
2017-04-24,34.12,40.88,1.35
2017-04-25,33.84,43.88,4.07
2017-04-26,31.32,60.45,10.22
2017-04-27,31.61,58.16,1.89
2017-04-28,30.61,60.24,0.91
2017-04-29,30.14,62.51,0.74
2017-04-30,31.42,58.7,3.62
2017-05-01,31.98,53.82,2.37
2017-05-02,32.25,52.72,2.22
2017-05-03,30.32,62.6,11.3
2017-05-04,30.43,59.43,2.17
2017-05-05,29.21,65.06,2.07
2017-05-06,31.71,53.46,0.14
2017-05-07,32.23,54.75,1.08
2017-05-08,30.98,62.29,7.25
2017-05-09,32.27,53.47,0.53
2017-05-10,32.5,52.65,0.63
2017-05-11,32.03,54.74,0.91
2017-05-12,29.81,64.1,7.35
2017-05-13,31.48,55.72,0.37
2017-05-14,32.43,51.87,1.25
2017-05-15,31.27,55.16,0.32
2017-05-16,30.72,58.95,3.7
2017-05-17,28.82,69.25,7.59
2017-05-18,29.1,69.81,11.59
2017-05-19,28.29,75.34,23.65
2017-05-20,28.28,75.69,9.19
2017-05-21,30.14,66.08,2.43
2017-05-22,31.31,59.14,0.02
2017-05-23,31.09,63.71,0.4
2017-05-24,29.11,70.23,0.56
2017-05-25,29.29,67.27,7.17
2017-05-26,27.24,76.19,8.88
2017-05-27,27.91,71.47,1.43
2017-05-28,30.5,59.76,0.61
2017-05-29,31.97,57.12,0.67
2017-05-30,29.45,71.75,10.03
2017-05-31,27.88,79.05,9.47
2017-06-01,29.39,67.56,0.58
2017-06-02,31.24,55.67,0.06
2017-06-03,28.81,71.99,9.04
2017-06-04,27.97,76.28,2.29
2017-06-05,29.47,68.05,0.81
2017-06-06,28.55,71.11,2.7
2017-06-07,28.59,71.93,1.71
2017-06-08,29.65,66.31,1.07
2017-06-09,31.12,59.11,0.05
2017-06-10,28.93,72.59,6.95
2017-06-11,27.81,75.48,3.0
2017-06-12,29.37,64.18,1.22
2017-06-13,28.95,67.2,1.96
2017-06-14,27.88,74.36,8.66
2017-06-15,28.05,73.44,4.2
2017-06-16,27.06,78.76,6.93
2017-06-17,25.38,86.27,45.73
2017-06-18,26.96,76.79,0.73
2017-06-19,27.77,74.16,0.73
2017-06-20,25.99,84.83,20.59
2017-06-21,25.64,80.02,6.41
2017-06-22,27.15,70.62,0.08
2017-06-23,29.38,64.89,1.49
2017-06-24,26.56,82.15,6.3
2017-06-25,26.18,80.73,18.56
2017-06-26,27.04,79.63,20.62
2017-06-27,26.53,82.52,5.26
2017-06-28,25.5,86.19,10.39
2017-06-29,26.37,78.59,2.14
2017-06-30,26.56,78.29,2.57
2017-07-01,26.59,78.79,4.47
2017-07-02,26.32,80.56,1.03
2017-07-03,26.76,78.68,3.9
2017-07-04,25.92,83.79,5.25
2017-07-05,25.48,84.79,16.53
2017-07-06,26.32,79.78,6.47
2017-07-07,25.89,83.86,0.71
2017-07-08,26.57,80.64,1.85
2017-07-09,26.67,82.42,8.69
2017-07-10,25.19,87.24,2.21
2017-07-11,25.0,84.29,8.68
2017-07-12,25.71,79.93,1.26
2017-07-13,26.76,78.36,8.25
2017-07-14,25.78,85.9,14.1
2017-07-15,25.71,83.86,4.6
2017-07-16,26.33,80.94,6.38
2017-07-17,26.74,81.12,2.49
2017-07-18,26.74,80.61,2.43
2017-07-19,25.91,85.21,5.39
2017-07-20,26.2,82.49,6.37
2017-07-21,26.92,80.29,2.15
2017-07-22,26.87,81.27,3.93
2017-07-23,25.79,83.52,12.0
2017-07-24,26.04,81.12,6.28
2017-07-25,26.77,81.98,4.62
2017-07-26,26.72,84.5,3.34
2017-07-27,26.52,84.98,5.83
2017-07-28,26.8,82.96,3.08
2017-07-29,26.06,84.93,2.98
2017-07-30,26.33,79.79,1.73
2017-07-31,27.04,76.9,0.96
2017-08-01,27.07,79.34,1.43
2017-08-02,26.8,81.17,4.96
2017-08-03,25.68,86.49,7.42
2017-08-04,26.6,81.06,2.32
2017-08-05,26.06,83.72,6.42
2017-08-06,25.56,83.72,11.37
2017-08-07,25.54,85.37,4.79
2017-08-08,24.61,90.68,65.06
2017-08-09,25.43,83.21,9.81
2017-08-10,26.17,82.55,6.06
2017-08-11,25.62,86.94,10.35
2017-08-12,26.19,84.01,8.51
2017-08-13,26.87,82.09,5.65
2017-08-14,26.66,82.3,5.48
2017-08-15,25.43,87.63,3.5
2017-08-16,25.91,84.22,3.19
2017-08-17,25.89,86.8,6.09
2017-08-18,25.29,88.54,25.6
2017-08-19,25.46,85.66,2.6
2017-08-20,26.09,84.27,1.38
2017-08-21,25.57,89.11,4.42
2017-08-22,24.33,94.99,37.81
2017-08-23,25.52,83.03,1.7
2017-08-24,25.88,83.35,1.76
2017-08-25,26.49,81.48,2.67
2017-08-26,24.66,88.93,29.38
2017-08-27,25.33,84.45,5.97
2017-08-28,26.09,84.31,0.83
2017-08-29,26.56,82.52,0.98
2017-08-30,25.34,89.99,2.8
2017-08-31,25.44,87.3,7.05
2017-09-01,25.19,86.99,4.83
2017-09-02,25.62,83.72,0.61
2017-09-03,26.43,80.49,3.17
2017-09-04,25.49,87.34,12.39
2017-09-05,26.41,79.98,2.97
2017-09-06,27.33,75.86,1.85
2017-09-07,26.69,84.04,11.88
2017-09-08,24.26,89.04,1.6
2017-09-09,25.56,82.17,1.5
2017-09-10,27.14,77.17,0.83
2017-09-11,27.28,79.16,3.05
2017-09-12,26.11,85.36,2.59
2017-09-13,26.04,85.23,1.31
2017-09-14,26.32,82.99,2.3
2017-09-15,26.36,84.06,2.24
2017-09-16,25.47,84.11,5.86
2017-09-17,24.93,84.73,24.31
2017-09-18,26.69,79.17,0.39
2017-09-19,27.59,78.52,1.02
2017-09-20,27.27,82.66,3.27
2017-09-21,26.58,81.82,8.16
2017-09-22,25.02,85.04,11.45
2017-09-23,24.49,86.64,1.02
2017-09-24,26.36,80.04,0.17
2017-09-25,25.56,85.48,1.12
2017-09-26,25.74,85.85,0.55
2017-09-27,26.28,83.2,0.42
2017-09-28,26.68,81.18,0.69
2017-09-29,26.82,82.38,9.6
2017-09-30,26.18,81.32,0.2
2017-10-01,26.73,81.73,8.64
2017-10-02,26.58,84.88,7.36
2017-10-03,26.32,83.74,0.55
2017-10-04,26.2,83.58,0.2
2017-10-05,26.49,80.0,5.52
2017-10-06,25.7,86.4,6.23
2017-10-07,26.74,81.88,0.48
2017-10-08,26.35,85.75,1.06
2017-10-09,26.73,78.33,4.0
2017-10-10,26.53,79.26,0.04
2017-10-11,26.61,81.12,0.13
2017-10-12,26.59,81.55,0.2
2017-10-13,25.91,84.52,0.85
2017-10-14,26.37,79.08,0.06
2017-10-15,26.32,77.55,0.15
2017-10-16,26.25,68.0,0.0
2017-10-17,25.48,69.03,0.0
2017-10-18,26.24,63.13,0.0
2017-10-19,25.99,67.41,0.0
2017-10-20,25.87,69.03,0.0
2017-10-21,26.54,68.44,0.0
2017-10-22,26.83,66.26,0.0
2017-10-23,26.94,70.46,0.0
2017-10-24,27.26,71.09,0.0
2017-10-25,27.11,71.07,0.0
2017-10-26,27.42,63.68,0.0
2017-10-27,26.84,59.86,0.0
2017-10-28,23.94,56.4,0.0
2017-10-29,24.55,54.77,0.0
2017-10-30,26.5,60.51,0.0
2017-10-31,27.28,62.65,0.0
2017-11-01,26.47,58.48,0.0
2017-11-02,26.21,57.05,0.0
2017-11-03,27.19,62.66,0.0
2017-11-04,27.65,67.16,0.0
2017-11-05,28.24,64.11,0.04
2017-11-06,27.55,68.15,0.01
2017-11-07,26.13,66.66,0.0
2017-11-08,24.77,46.91,0.0
2017-11-09,25.33,52.63,0.0
2017-11-10,26.41,48.38,0.0
2017-11-11,24.79,44.7,0.0
2017-11-12,25.0,46.42,0.0
2017-11-13,25.79,43.41,0.0
2017-11-14,25.75,41.14,0.0
2017-11-15,26.78,42.97,0.0
2017-11-16,26.97,41.15,0.0
2017-11-17,27.72,42.25,0.0
2017-11-18,27.86,52.42,0.0
2017-11-19,28.18,61.61,0.0
2017-11-20,27.65,68.16,0.32
2017-11-21,28.73,58.74,0.0
2017-11-22,28.3,54.9,0.0
2017-11-23,26.86,50.67,0.0
2017-11-24,26.54,55.8,0.0
2017-11-25,25.82,51.41,0.0
2017-11-26,25.87,47.44,0.0
2017-11-27,25.13,48.42,0.0
2017-11-28,25.42,42.18,0.0
2017-11-29,25.25,41.14,0.0
2017-11-30,26.24,45.69,0.0
2017-12-01,26.62,45.06,0.0
2017-12-02,25.73,40.91,0.0
2017-12-03,25.14,35.35,0.0
2017-12-04,26.27,35.49,0.0
2017-12-05,25.05,36.13,0.0
2017-12-06,24.86,34.21,0.0
2017-12-07,25.19,34.36,0.0
2017-12-08,25.53,35.3,0.0
2017-12-09,24.88,35.42,0.0
2017-12-10,23.67,31.75,0.0
2017-12-11,23.5,29.4,0.0
2017-12-12,25.37,34.85,0.0
2017-12-13,26.32,53.37,0.0
2017-12-14,27.05,48.68,0.0
2017-12-15,27.29,37.96,0.0
2017-12-16,27.26,34.56,0.0
2017-12-17,26.64,31.15,0.0
2017-12-18,27.0,30.06,0.0
2017-12-19,26.72,28.71,0.0
2017-12-20,26.22,29.19,0.0
2017-12-21,24.69,27.95,0.0
2017-12-22,24.82,25.18,0.0
2017-12-23,24.28,24.5,0.0
2017-12-24,24.66,29.62,0.0
2017-12-25,25.5,34.08,0.0
2017-12-26,25.53,33.86,0.0
2017-12-27,25.77,32.9,0.0
2017-12-28,25.99,33.55,0.0
2017-12-29,25.86,29.92,0.0
2017-12-30,25.67,27.11,0.0
2017-12-31,24.25,20.96,0.0
2018-01-01,24.43,24.08,0.0
2018-01-02,24.31,23.43,0.0
2018-01-03,24.32,24.97,0.0
2018-01-04,24.59,23.3,0.0
2018-01-05,23.41,19.59,0.0
2018-01-06,23.48,20.11,0.0
2018-01-07,24.77,24.4,0.0
2018-01-08,26.22,24.98,0.0
2018-01-09,25.58,18.2,0.0
2018-01-10,25.17,15.72,0.0
2018-01-11,24.18,15.45,0.0
2018-01-12,23.6,16.86,0.0
2018-01-13,23.43,15.36,0.0
2018-01-14,23.35,15.8,0.0
2018-01-15,24.56,17.1,0.0
2018-01-16,25.8,22.67,0.0
2018-01-17,26.51,22.15,0.0
2018-01-18,26.31,20.29,0.0
2018-01-19,24.85,10.97,0.0
2018-01-20,24.6,17.72,0.0
2018-01-21,24.79,15.12,0.0
2018-01-22,24.65,13.47,0.0
2018-01-23,23.93,13.3,0.0
2018-01-24,24.04,15.11,0.0
2018-01-25,24.57,17.04,0.0
2018-01-26,25.72,19.75,0.0
2018-01-27,26.19,24.66,0.0
2018-01-28,26.45,24.49,0.0
2018-01-29,28.22,22.43,0.0
2018-01-30,26.29,16.36,0.0
2018-01-31,25.26,15.75,0.0
2018-02-01,26.26,19.39,0.0
2018-02-02,27.96,22.46,0.0
2018-02-03,29.61,27.26,0.0
2018-02-04,29.76,17.59,0.0
2018-02-05,29.91,15.78,0.0
2018-02-06,29.28,15.3,0.0
2018-02-07,28.89,17.55,0.0
2018-02-08,29.0,18.47,0.0
2018-02-09,29.34,18.83,0.0
2018-02-10,28.48,18.99,0.0
2018-02-11,27.53,15.09,0.0
2018-02-12,26.82,12.25,0.0
2018-02-13,27.73,13.33,0.0
2018-02-14,29.43,14.29,0.0
2018-02-15,30.52,12.33,0.0
2018-02-16,30.55,11.86,0.0
2018-02-17,30.5,14.31,0.0
2018-02-18,30.56,17.07,0.0
2018-02-19,32.51,33.06,0.05
2018-02-20,31.92,44.64,0.44
2018-02-21,29.85,57.56,4.15
2018-02-22,30.04,54.91,0.01
2018-02-23,30.91,49.93,0.84
2018-02-24,26.3,76.63,4.54
2018-02-25,28.78,58.28,0.0
2018-02-26,28.55,46.17,0.0
2018-02-27,29.75,45.37,0.0
2018-02-28,30.68,46.41,0.0
2018-03-01,31.37,37.66,0.0
2018-03-02,30.24,23.53,0.0
2018-03-03,30.66,19.25,0.0
2018-03-04,31.33,21.76,0.0
2018-03-05,31.38,27.24,0.0
2018-03-06,32.31,29.65,0.0
2018-03-07,32.78,36.73,0.01
2018-03-08,33.55,36.1,0.05
2018-03-09,33.9,24.02,0.0
2018-03-10,33.26,32.35,0.0
2018-03-11,34.24,40.25,0.01
2018-03-12,33.7,40.86,0.5
2018-03-13,33.67,41.92,0.2
2018-03-14,33.94,39.7,0.27
2018-03-15,34.59,37.81,0.1
2018-03-16,32.66,46.39,1.61
2018-03-17,31.9,48.85,0.44
2018-03-18,32.26,45.38,0.07
2018-03-19,33.46,41.34,0.03
2018-03-20,32.38,45.33,0.23
2018-03-21,32.52,45.71,1.91
2018-03-22,29.55,61.29,1.9
2018-03-23,29.8,36.62,0.57
2018-03-24,28.25,19.18,0.01
2018-03-25,29.52,13.73,0.0
2018-03-26,31.44,13.77,0.0
2018-03-27,32.39,13.49,0.0
2018-03-28,33.04,20.06,1.2
2018-03-29,32.75,44.13,0.0
2018-03-30,32.31,47.64,0.02
2018-03-31,31.97,46.33,0.17
2018-04-01,32.76,29.21,0.02
2018-04-02,32.51,19.66,0.0
2018-04-03,33.19,34.97,0.0
2018-04-04,34.45,35.36,0.16
2018-04-05,34.34,40.18,0.35
2018-04-06,34.13,40.59,0.01
2018-04-07,34.0,42.86,0.13
2018-04-08,33.17,43.46,2.42
2018-04-09,29.98,57.04,0.95
2018-04-10,32.32,44.66,1.15
2018-04-11,33.05,44.61,0.49
2018-04-12,33.04,42.56,0.28
2018-04-13,33.36,43.34,1.21
2018-04-14,31.02,55.43,6.21
2018-04-15,31.04,53.91,2.36
2018-04-16,32.03,50.28,0.13
2018-04-17,33.56,42.34,0.03
2018-04-18,33.58,47.51,0.23
2018-04-19,32.22,51.54,2.27
2018-04-20,31.2,55.66,1.67
2018-04-21,31.38,53.67,0.07
2018-04-22,33.59,43.11,0.02
2018-04-23,34.53,41.87,0.07
2018-04-24,35.0,41.06,0.08
2018-04-25,33.31,47.47,11.05
2018-04-26,29.34,64.96,6.44
2018-04-27,32.35,50.31,0.03
2018-04-28,32.63,49.49,0.0
2018-04-29,33.55,45.94,0.0
2018-04-30,32.25,52.13,0.01
2018-05-01,33.44,48.78,2.62
2018-05-02,32.55,50.97,0.04
2018-05-03,32.32,51.62,0.19
2018-05-04,31.87,50.98,1.11
2018-05-05,32.16,54.46,13.67
2018-05-06,29.18,68.94,3.75
2018-05-07,31.66,55.26,0.12
2018-05-08,32.15,52.81,0.0
2018-05-09,30.18,61.79,2.15
2018-05-10,29.02,69.31,24.4
2018-05-11,28.35,63.47,1.43
2018-05-12,28.36,64.23,0.18
2018-05-13,31.18,50.43,0.01
2018-05-14,31.1,54.34,0.0
2018-05-15,30.52,57.04,0.48
2018-05-16,30.69,57.58,4.42
2018-05-17,27.2,78.14,20.82
2018-05-18,28.58,67.57,0.35
2018-05-19,30.73,56.94,0.05
2018-05-20,32.0,53.63,0.2
2018-05-21,31.72,56.92,2.14
2018-05-22,30.97,61.17,1.08
2018-05-23,28.49,75.26,5.93
2018-05-24,28.14,71.63,3.42
2018-05-25,30.1,62.13,0.84
2018-05-26,29.73,65.33,7.24
2018-05-27,28.25,73.33,6.24
2018-05-28,27.74,72.08,4.55
2018-05-29,29.19,65.66,0.83
2018-05-30,28.72,69.38,3.57
2018-05-31,27.42,81.61,22.72
2018-06-01,28.57,74.12,6.25
2018-06-02,29.38,67.43,1.54
2018-06-03,27.93,74.37,9.49
2018-06-04,28.09,74.41,11.45
2018-06-05,28.62,72.89,6.81
2018-06-06,27.25,79.83,10.31
2018-06-07,28.48,74.69,2.63
2018-06-08,28.71,74.7,1.2
2018-06-09,28.57,74.83,2.71
2018-06-10,27.38,79.68,1.95
2018-06-11,27.76,72.86,0.55
2018-06-12,28.95,66.97,0.71
2018-06-13,29.99,63.58,0.08
2018-06-14,28.39,73.96,2.32
2018-06-15,28.84,72.39,2.44
2018-06-16,27.51,73.72,1.85
2018-06-17,27.45,70.63,0.67
2018-06-18,27.97,70.97,3.86
2018-06-19,27.14,72.66,1.36
2018-06-20,26.8,70.3,0.82
2018-06-21,26.32,78.5,4.61
2018-06-22,26.73,75.2,0.11
2018-06-23,26.4,74.59,1.64
2018-06-24,26.5,80.75,23.56
2018-06-25,26.77,80.7,12.87
2018-06-26,27.72,75.03,2.82
2018-06-27,26.91,76.19,6.86
2018-06-28,26.55,77.56,4.24
2018-06-29,27.21,73.13,0.09
2018-06-30,26.59,77.49,2.77
2018-07-01,26.06,80.91,5.62
2018-07-02,25.8,79.85,10.5
2018-07-03,26.07,78.96,8.19
2018-07-04,26.81,77.87,3.72
2018-07-05,26.49,81.54,6.13
2018-07-06,25.68,84.4,4.37
2018-07-07,25.89,80.89,1.5
2018-07-08,26.49,77.28,1.95
2018-07-09,26.89,77.89,4.03
2018-07-10,26.76,79.65,3.64
2018-07-11,26.38,80.71,5.31
2018-07-12,25.01,86.8,16.63
2018-07-13,25.41,84.98,2.88
2018-07-14,26.34,81.66,2.17
2018-07-15,26.13,82.27,1.91
2018-07-16,26.62,79.34,4.72
2018-07-17,25.59,85.37,22.91
2018-07-18,25.02,88.67,15.5
2018-07-19,26.23,81.34,3.72
2018-07-20,26.71,80.4,11.24
2018-07-21,25.91,84.24,6.06
2018-07-22,25.65,84.88,8.62
2018-07-23,26.95,81.11,7.79
2018-07-24,26.52,86.33,8.92
2018-07-25,25.64,88.54,6.05
2018-07-26,23.78,90.87,61.38
2018-07-27,24.8,88.16,60.35
2018-07-28,25.13,85.92,2.22
2018-07-29,25.98,84.7,3.55
2018-07-30,24.7,90.13,4.31
2018-07-31,24.95,86.1,4.74
2018-08-01,25.41,85.54,2.21
2018-08-02,25.86,85.3,5.13
2018-08-03,25.1,87.21,24.22
2018-08-04,24.57,88.4,7.45
2018-08-05,25.43,85.23,0.4
2018-08-06,25.72,84.75,1.48
2018-08-07,25.07,87.54,40.26
2018-08-08,25.3,84.1,0.72
2018-08-09,25.13,83.97,3.99
2018-08-10,25.45,86.42,13.02
2018-08-11,25.37,87.82,6.81
2018-08-12,25.78,84.21,1.72
2018-08-13,24.96,86.75,13.61
2018-08-14,24.87,85.59,3.96
2018-08-15,25.9,83.44,0.63
2018-08-16,26.33,84.2,1.69
2018-08-17,25.59,88.92,4.08
2018-08-18,25.19,86.63,10.07
2018-08-19,23.97,91.38,11.66
2018-08-20,25.22,85.81,2.76
2018-08-21,24.66,89.05,4.17
2018-08-22,24.92,84.48,13.17
2018-08-23,25.91,83.98,4.74
2018-08-24,26.17,86.08,7.09
2018-08-25,25.17,90.24,18.83
2018-08-26,24.31,90.74,50.8
2018-08-27,25.15,87.86,7.5
2018-08-28,24.69,90.02,14.4
2018-08-29,24.96,86.37,16.02
2018-08-30,25.49,85.14,5.61
2018-08-31,25.1,90.55,18.15
2018-09-01,24.28,94.87,45.24
2018-09-02,24.3,87.87,80.89
2018-09-03,25.5,82.68,7.0
2018-09-04,24.77,91.16,18.22
2018-09-05,25.09,89.57,8.71
2018-09-06,25.49,88.45,10.87
2018-09-07,25.02,89.34,10.06
2018-09-08,24.45,88.59,6.61
2018-09-09,24.71,89.85,8.5
2018-09-10,24.24,91.65,4.26
2018-09-11,24.95,79.53,2.6
2018-09-12,24.42,88.89,1.29
2018-09-13,25.26,86.67,2.26
2018-09-14,25.32,86.42,2.09
2018-09-15,26.02,82.87,1.53
2018-09-16,25.43,88.76,6.8
2018-09-17,25.23,89.11,1.61
2018-09-18,26.13,85.62,0.81
2018-09-19,25.41,90.29,1.06
2018-09-20,26.51,86.08,0.61
2018-09-21,26.67,84.85,1.38
2018-09-22,24.95,91.69,2.6
2018-09-23,24.9,88.51,11.16
2018-09-24,25.42,87.46,3.37
2018-09-25,26.2,85.37,8.01
2018-09-26,25.87,88.03,12.55
2018-09-27,25.6,88.47,4.08
2018-09-28,25.78,87.2,5.01
2018-09-29,26.36,84.57,5.46
2018-09-30,26.38,83.18,6.38
2018-10-01,25.87,84.87,3.51
2018-10-02,26.31,83.73,5.14
2018-10-03,26.32,85.66,3.62
2018-10-04,26.67,83.66,3.05
2018-10-05,26.64,81.99,3.8
2018-10-06,25.99,84.63,7.25
2018-10-07,25.91,85.3,0.88
2018-10-08,25.53,87.65,2.11
2018-10-09,25.52,88.13,2.51
2018-10-10,26.01,84.17,0.91
2018-10-11,26.62,81.92,2.3
2018-10-12,26.34,83.2,0.97
2018-10-13,25.29,85.4,0.59
2018-10-14,26.4,76.46,0.23
2018-10-15,25.7,82.92,0.87
2018-10-16,26.14,81.47,0.08
2018-10-17,25.89,87.09,0.15
2018-10-18,26.37,83.86,1.03
2018-10-19,26.79,81.1,1.17
2018-10-20,27.98,75.17,1.54
2018-10-21,27.96,71.87,0.06
2018-10-22,27.64,67.34,0.01
2018-10-23,26.89,76.16,0.11
2018-10-24,27.3,79.16,0.42
2018-10-25,26.91,84.44,0.86
2018-10-26,27.01,82.97,1.25
2018-10-27,27.73,77.88,5.96
2018-10-28,26.92,78.25,0.89
2018-10-29,27.42,75.8,0.98
2018-10-30,27.19,79.87,0.16
2018-10-31,25.99,74.2,0.27
2018-11-01,25.49,73.22,0.01
2018-11-02,27.1,74.19,0.0
2018-11-03,26.8,77.96,0.0
2018-11-04,26.36,79.81,0.0
2018-11-05,26.26,80.5,0.0
2018-11-06,27.74,73.75,0.0
2018-11-07,26.86,77.7,0.0
2018-11-08,26.97,77.13,0.0
2018-11-09,27.07,74.9,0.0
2018-11-10,27.0,64.47,0.0
2018-11-11,25.36,66.49,0.0
2018-11-12,26.93,52.14,0.0
2018-11-13,26.68,51.99,0.0
2018-11-14,26.13,58.01,0.0
2018-11-15,26.47,58.85,0.0
2018-11-16,26.01,67.38,0.0
2018-11-17,26.61,66.21,0.0
2018-11-18,26.64,76.26,0.13
2018-11-19,26.86,75.25,0.09
2018-11-20,24.18,70.22,0.0
2018-11-21,25.85,58.27,0.0
2018-11-22,25.69,57.86,0.0
2018-11-23,25.74,55.51,0.0
2018-11-24,26.1,60.31,0.0
2018-11-25,25.55,57.37,0.0
2018-11-26,23.86,54.65,0.0
2018-11-27,24.52,56.74,0.0
2018-11-28,25.95,54.34,0.0
2018-11-29,25.02,55.4,0.0
2018-11-30,23.45,47.61,0.0
2018-12-01,23.46,46.85,0.0
2018-12-02,23.09,52.85,0.0
2018-12-03,24.36,45.74,0.0
2018-12-04,23.59,58.55,0.0
2018-12-05,23.76,59.05,0.0
2018-12-06,23.06,52.21,0.0
2018-12-07,23.48,46.29,0.0
2018-12-08,22.91,49.3,0.0
2018-12-09,23.03,46.46,0.0
2018-12-10,23.34,50.26,0.0
2018-12-11,22.73,46.69,0.0
2018-12-12,22.94,46.81,0.0
2018-12-13,23.93,45.24,0.0
2018-12-14,23.85,45.69,0.0
2018-12-15,24.06,44.95,0.0
2018-12-16,24.02,43.96,0.0
2018-12-17,24.37,48.77,0.0
2018-12-18,24.21,51.18,0.0
2018-12-19,23.36,49.15,0.0
2018-12-20,23.24,46.44,0.0
2018-12-21,22.86,44.39,0.0
2018-12-22,22.19,46.79,0.0
2018-12-23,21.64,40.69,0.0
2018-12-24,20.46,40.54,0.0
2018-12-25,20.62,42.34,0.0
2018-12-26,20.59,43.99,0.0
2018-12-27,21.55,41.97,0.0
2018-12-28,22.42,41.48,0.0
2018-12-29,23.61,38.68,0.0
2018-12-30,23.61,43.36,0.0
2018-12-31,22.94,43.02,0.0
2019-01-01,23.92,36.06,0.0
2019-01-02,24.17,38.16,0.0
2019-01-03,23.99,40.66,0.0
2019-01-04,23.51,34.97,0.0
2019-01-05,22.95,31.16,0.0
2019-01-06,22.32,33.09,0.0
2019-01-07,22.78,33.59,0.0
2019-01-08,22.35,32.15,0.0
2019-01-09,24.15,30.02,0.0
2019-01-10,24.34,33.29,0.0
2019-01-11,24.79,31.59,0.0
2019-01-12,25.74,28.97,0.0
2019-01-13,25.69,26.27,0.0
2019-01-14,25.25,25.37,0.0
2019-01-15,25.3,26.71,0.0
2019-01-16,25.78,25.19,0.0
2019-01-17,26.14,30.76,0.0
2019-01-18,27.77,48.63,0.02
2019-01-19,27.2,36.81,0.21
2019-01-20,25.18,25.14,0.0
2019-01-21,25.53,23.78,0.0
2019-01-22,25.47,21.61,0.0
2019-01-23,25.21,18.28,0.0
2019-01-24,26.27,21.09,0.0
2019-01-25,26.84,27.0,0.0
2019-01-26,25.8,21.58,0.0
2019-01-27,24.92,17.71,0.0
2019-01-28,25.55,19.3,0.0
2019-01-29,26.11,20.01,0.0
2019-01-30,26.56,18.49,0.0
2019-01-31,27.27,22.56,0.0
2019-02-01,27.67,26.45,0.0
2019-02-02,29.59,31.51,0.01
2019-02-03,30.21,46.83,0.11
2019-02-04,29.89,30.02,0.02
2019-02-05,28.39,25.07,0.0
2019-02-06,27.77,21.62,0.0
2019-02-07,27.36,20.82,0.0
2019-02-08,26.59,18.36,0.0
2019-02-09,26.58,13.66,0.0
2019-02-10,26.27,15.39,0.0
2019-02-11,26.41,14.25,0.0
2019-02-12,26.07,13.96,0.0
2019-02-13,26.56,15.13,0.0
2019-02-14,26.38,18.3,0.0
2019-02-15,26.39,16.08,0.0
2019-02-16,26.85,15.12,0.0
2019-02-17,27.16,18.33,0.0
2019-02-18,28.3,20.52,0.0
2019-02-19,28.31,27.94,0.0
2019-02-20,30.04,36.1,0.0
2019-02-21,30.92,32.72,0.0
2019-02-22,29.73,17.02,0.0
2019-02-23,28.05,15.16,0.0
2019-02-24,27.28,13.7,0.0
2019-02-25,27.98,14.16,0.0
2019-02-26,27.61,14.04,0.0
2019-02-27,27.37,12.67,0.0
2019-02-28,27.46,11.24,0.0
2019-03-01,26.17,11.97,0.0
2019-03-02,27.39,12.51,0.0
2019-03-03,28.96,11.75,0.0
2019-03-04,30.27,12.53,0.0
2019-03-05,30.29,13.72,0.0
2019-03-06,30.57,12.83,0.0
2019-03-07,32.39,36.5,0.0
2019-03-08,32.69,36.18,0.02
2019-03-09,31.18,30.95,1.28
2019-03-10,31.48,27.16,0.88
2019-03-11,31.97,23.63,0.01
2019-03-12,31.31,14.66,0.0
2019-03-13,31.59,13.76,0.0
2019-03-14,31.52,16.63,0.0
2019-03-15,33.16,22.95,0.0
2019-03-16,34.01,34.98,0.0
2019-03-17,33.55,41.97,0.22
2019-03-18,34.31,35.8,0.0
2019-03-19,34.8,32.81,0.0
2019-03-20,31.73,39.78,0.01
2019-03-21,32.54,27.17,0.0
2019-03-22,32.05,18.56,0.0
2019-03-23,32.66,14.12,0.0
2019-03-24,32.47,15.95,0.0
2019-03-25,32.94,25.41,0.0
2019-03-26,33.81,38.86,0.54
2019-03-27,34.08,35.83,0.39
2019-03-28,34.84,22.03,0.0
2019-03-29,34.42,28.1,0.05
2019-03-30,34.41,42.86,1.28
2019-03-31,32.22,52.47,4.13
2019-04-01,32.63,51.06,0.01
2019-04-02,34.2,43.66,0.0
2019-04-03,34.71,41.55,0.0
2019-04-04,35.17,39.72,0.02
2019-04-05,32.79,47.26,0.7
2019-04-06,33.98,39.37,0.0
2019-04-07,33.47,34.62,0.0
2019-04-08,33.31,30.77,0.0
2019-04-09,33.55,28.76,0.0
2019-04-10,34.09,33.65,0.0
2019-04-11,33.45,35.63,0.32
2019-04-12,32.33,44.02,0.02
2019-04-13,33.8,35.24,0.16
2019-04-14,34.05,40.46,0.04
2019-04-15,33.71,41.72,0.04
2019-04-16,33.72,37.31,0.38
2019-04-17,34.6,38.99,0.01
2019-04-18,35.82,36.31,0.31
2019-04-19,35.47,38.67,0.13
2019-04-20,30.58,66.6,34.14
2019-04-21,30.44,68.39,7.41
2019-04-22,29.88,69.09,15.89
2019-04-23,30.64,61.66,0.48
2019-04-24,30.26,64.72,0.06
2019-04-25,29.31,68.34,4.54
2019-04-26,31.67,57.87,2.77
2019-04-27,32.49,55.69,0.0
2019-04-28,32.99,54.95,0.13
2019-04-29,33.22,53.99,0.14
2019-04-30,30.83,66.22,5.03
2019-05-01,30.59,65.43,1.07
2019-05-02,30.49,63.55,0.06
2019-05-03,30.63,61.71,0.32
2019-05-04,28.31,75.4,14.39
2019-05-05,30.86,60.02,0.25
2019-05-06,32.63,54.01,0.04
2019-05-07,29.81,70.1,3.78
2019-05-08,29.97,68.12,2.48
2019-05-09,30.07,66.45,2.35
2019-05-10,30.51,66.34,6.78
2019-05-11,28.71,74.36,5.62
2019-05-12,29.89,65.34,0.3
2019-05-13,30.2,59.82,0.18
2019-05-14,29.6,63.14,0.72
2019-05-15,29.59,64.68,9.04
2019-05-16,28.21,69.56,3.17
2019-05-17,30.36,59.99,0.01
2019-05-18,30.53,61.43,0.09
2019-05-19,30.63,61.1,0.01
2019-05-20,29.78,64.15,0.16
2019-05-21,29.01,68.33,12.5
2019-05-22,29.15,71.89,10.35
2019-05-23,30.23,65.64,0.57
2019-05-24,28.88,71.86,5.48
2019-05-25,28.34,72.13,3.01
2019-05-26,30.06,61.3,0.79
2019-05-27,29.91,65.74,5.16
2019-05-28,28.33,75.67,7.24
2019-05-29,28.15,75.27,11.03
2019-05-30,28.15,77.61,11.69
2019-05-31,28.85,72.21,0.33
2019-06-01,27.26,77.88,0.72
2019-06-02,28.51,68.66,0.18
2019-06-03,29.06,66.23,0.33
2019-06-04,27.01,79.61,12.25
2019-06-05,28.28,73.83,2.16
2019-06-06,27.94,71.64,1.0
2019-06-07,27.27,78.02,5.09
2019-06-08,28.25,73.18,0.37
2019-06-09,29.09,68.9,1.17
2019-06-10,27.85,75.62,3.66
2019-06-11,27.46,77.19,2.2
2019-06-12,28.87,68.67,1.22
2019-06-13,29.96,64.54,0.99
2019-06-14,28.38,73.14,8.89
2019-06-15,28.53,72.22,1.55
2019-06-16,28.76,70.7,3.9
2019-06-17,30.09,63.58,0.25
2019-06-18,29.99,67.27,1.42
2019-06-19,30.4,63.23,0.35
2019-06-20,30.7,63.63,0.99
2019-06-21,28.41,75.56,4.36
2019-06-22,27.13,81.62,22.61
2019-06-23,26.86,82.41,9.36
2019-06-24,27.62,75.89,1.94
2019-06-25,26.87,77.29,2.37
2019-06-26,26.72,74.66,0.32
2019-06-27,27.4,74.51,2.91
2019-06-28,27.93,71.57,3.32
2019-06-29,26.66,79.46,6.09
2019-06-30,27.83,76.01,15.4
2019-07-01,27.38,81.24,20.42
2019-07-02,27.03,79.27,5.28
2019-07-03,27.13,79.13,6.36
2019-07-04,26.75,83.67,19.88
2019-07-05,25.88,85.55,21.97
2019-07-06,26.36,78.84,1.35
2019-07-07,27.1,78.07,1.24
2019-07-08,26.71,83.25,2.58
2019-07-09,25.32,86.33,25.63
2019-07-10,25.42,76.84,2.55
2019-07-11,26.56,75.23,0.12
2019-07-12,26.11,81.74,1.5
2019-07-13,26.07,82.68,1.27
2019-07-14,26.82,79.45,6.26
2019-07-15,27.08,79.84,3.45
2019-07-16,25.64,83.93,22.31
2019-07-17,26.57,78.82,6.31
2019-07-18,26.45,80.76,3.74
2019-07-19,26.22,81.38,5.18
2019-07-20,25.97,81.53,1.53
2019-07-21,25.68,81.07,1.43
2019-07-22,25.94,81.15,1.33
2019-07-23,25.61,85.82,16.31
2019-07-24,25.52,86.84,21.07
2019-07-25,26.4,81.06,12.39
2019-07-26,26.74,81.44,7.7
2019-07-27,26.54,81.8,0.75
2019-07-28,26.25,83.23,2.63
2019-07-29,26.27,83.1,17.1
2019-07-30,25.58,85.34,1.08
2019-07-31,25.24,86.91,11.18
2019-08-01,25.14,90.05,19.42
2019-08-02,25.68,86.85,7.8
2019-08-03,24.66,87.32,5.06
2019-08-04,25.76,84.01,0.14
2019-08-05,25.42,87.45,1.84
2019-08-06,25.46,89.54,17.56
2019-08-07,25.36,86.77,7.11
2019-08-08,24.9,91.06,10.39
2019-08-09,25.46,84.28,3.87
2019-08-10,25.6,85.42,2.62
2019-08-11,25.41,86.47,1.26
2019-08-12,26.27,84.04,0.97
2019-08-13,26.8,83.28,0.57
2019-08-14,26.74,83.24,2.97
2019-08-15,26.36,83.8,3.56
2019-08-16,25.86,84.9,8.74
2019-08-17,25.05,89.0,11.17
2019-08-18,25.39,84.87,2.89
2019-08-19,25.04,89.18,10.56
2019-08-20,24.19,92.81,38.25
2019-08-21,24.91,88.36,5.25
2019-08-22,24.55,90.77,22.64
2019-08-23,24.62,89.33,20.17
2019-08-24,24.73,87.7,3.96
2019-08-25,24.98,86.07,0.9
2019-08-26,24.93,86.02,0.7
2019-08-27,25.3,86.11,1.97
2019-08-28,24.75,91.47,38.0
2019-08-29,24.27,91.59,3.02
2019-08-30,26.0,82.48,4.0
2019-08-31,26.76,81.32,4.86
2019-09-01,25.73,88.54,5.79
2019-09-02,25.91,85.7,11.34
2019-09-03,25.53,88.46,3.07
2019-09-04,26.63,81.81,2.64
2019-09-05,27.61,78.14,2.75
2019-09-06,26.51,83.96,2.83
2019-09-07,25.87,87.29,5.93
2019-09-08,25.91,87.07,13.13
2019-09-09,25.36,88.68,11.42
2019-09-10,25.85,84.67,11.88
2019-09-11,26.22,84.51,5.88
2019-09-12,25.91,86.67,4.1
2019-09-13,26.43,85.87,6.81
2019-09-14,26.64,83.76,13.42
2019-09-15,26.73,81.32,6.93
2019-09-16,26.33,84.0,10.36
2019-09-17,26.11,84.39,4.92
2019-09-18,26.16,82.06,5.34
2019-09-19,25.82,85.76,3.28
2019-09-20,25.87,87.1,2.22
2019-09-21,26.13,87.34,2.85
2019-09-22,26.42,85.3,2.46
2019-09-23,26.78,78.94,4.81
2019-09-24,26.74,77.74,0.3
2019-09-25,26.57,81.77,2.39
2019-09-26,26.3,86.48,5.33
2019-09-27,25.64,91.52,9.84
2019-09-28,25.65,87.91,1.47
2019-09-29,26.32,82.49,0.24
2019-09-30,26.89,81.36,1.25
2019-10-01,25.84,87.08,21.6
2019-10-02,25.73,87.94,16.6
2019-10-03,26.15,83.48,2.24
2019-10-04,26.58,81.88,2.19
2019-10-05,25.46,85.84,6.29
2019-10-06,24.58,92.16,21.79
2019-10-07,26.0,86.46,8.81
2019-10-08,25.49,89.55,8.3
2019-10-09,25.8,87.55,6.6
2019-10-10,25.43,90.65,12.45
2019-10-11,24.43,93.82,53.65
2019-10-12,24.87,90.06,23.32
2019-10-13,24.21,90.6,4.45
2019-10-14,26.32,82.09,1.67
2019-10-15,26.24,87.98,2.21
2019-10-16,26.44,86.61,0.54
2019-10-17,25.94,84.77,2.01
2019-10-18,27.23,79.04,0.27
2019-10-19,26.34,85.8,1.52
2019-10-20,25.32,89.8,3.92
2019-10-21,24.6,90.47,21.92
2019-10-22,25.9,82.99,0.57
2019-10-23,26.8,83.04,1.31
2019-10-24,26.51,85.96,0.38
2019-10-25,26.19,87.23,0.21
2019-10-26,25.9,89.18,0.07
2019-10-27,26.07,87.7,1.52
2019-10-28,25.63,87.07,2.01
2019-10-29,26.16,83.03,0.52
2019-10-30,25.6,85.78,0.65
2019-10-31,24.55,91.7,3.15
2019-11-01,25.92,75.84,0.22
2019-11-02,25.85,76.03,0.02
2019-11-03,26.02,80.8,0.2
2019-11-04,26.98,77.67,0.0
2019-11-05,26.7,73.16,0.0
2019-11-06,26.53,68.73,0.0
2019-11-07,26.8,72.07,0.0
2019-11-08,26.97,72.82,0.0
2019-11-09,27.16,69.86,0.0
2019-11-10,27.55,68.77,0.0
2019-11-11,27.52,71.77,0.0
2019-11-12,27.28,66.27,0.15
2019-11-13,26.74,65.18,0.21
2019-11-14,25.8,67.37,0.2
2019-11-15,24.99,59.65,0.0
2019-11-16,27.04,57.27,0.0
2019-11-17,26.41,59.32,0.0
2019-11-18,25.51,58.8,0.0
2019-11-19,25.79,57.19,0.0
2019-11-20,24.63,58.16,0.0
2019-11-21,24.56,56.83,0.0
2019-11-22,26.06,65.03,0.0
2019-11-23,27.26,65.52,0.0
2019-11-24,26.11,63.96,0.0
2019-11-25,27.52,59.02,0.0
2019-11-26,26.16,60.92,0.0
2019-11-27,26.13,65.94,0.0
2019-11-28,26.07,62.54,0.01
2019-11-29,24.02,63.2,0.0
2019-11-30,23.33,62.14,0.0
2019-12-01,24.48,55.28,0.0
2019-12-02,25.95,48.41,0.0
2019-12-03,25.54,52.33,0.0
2019-12-04,25.65,52.18,0.0
2019-12-05,24.03,57.23,0.0
2019-12-06,25.65,54.96,0.0
2019-12-07,25.19,62.68,0.0
2019-12-08,24.5,47.39,0.0
2019-12-09,23.91,50.5,0.0
2019-12-10,24.36,47.5,0.0
2019-12-11,22.74,49.28,0.0
2019-12-12,22.49,53.36,0.0
2019-12-13,21.95,54.98,0.0
2019-12-14,22.55,52.37,0.0
2019-12-15,23.02,47.03,0.0
2019-12-16,23.03,44.19,0.0
2019-12-17,24.02,43.62,0.0
2019-12-18,25.17,45.57,0.0
2019-12-19,24.76,50.39,0.0
2019-12-20,24.09,55.5,0.0
2019-12-21,22.56,49.03,0.0
2019-12-22,22.05,46.12,0.0
2019-12-23,21.85,42.69,0.0
2019-12-24,21.58,40.9,0.0
2019-12-25,21.99,37.1,0.0
2019-12-26,22.33,41.27,0.0
2019-12-27,22.33,44.97,0.0
2019-12-28,23.02,43.55,0.0
2019-12-29,22.55,41.54,0.0
2019-12-30,21.89,40.44,0.0
2019-12-31,21.15,37.0,0.0
2020-01-01,20.27,34.32,0.0
2020-01-02,19.01,32.37,0.0
2020-01-03,18.1,33.18,0.0
2020-01-04,18.95,36.49,0.0
2020-01-05,21.53,39.58,0.0
2020-01-06,22.47,45.31,0.0
2020-01-07,23.74,47.37,0.0
2020-01-08,24.86,47.67,0.0
2020-01-09,24.86,48.89,0.0
2020-01-10,25.96,48.83,0.0
2020-01-11,25.69,42.61,0.0
2020-01-12,25.79,42.18,0.0
2020-01-13,25.08,37.4,0.0
2020-01-14,24.51,32.67,0.0
2020-01-15,25.03,34.49,0.0
2020-01-16,25.37,37.51,0.0
2020-01-17,24.24,38.38,0.0
2020-01-18,23.32,29.1,0.0
2020-01-19,22.35,35.18,0.0
2020-01-20,23.78,40.56,0.0
2020-01-21,26.95,40.1,0.0
2020-01-22,25.82,43.32,0.0
2020-01-23,25.26,29.24,0.0
2020-01-24,22.64,27.92,0.0
2020-01-25,23.21,24.09,0.0
2020-01-26,22.96,24.7,0.0
2020-01-27,23.23,26.11,0.0
2020-01-28,23.65,25.89,0.0
2020-01-29,24.16,23.45,0.0
2020-01-30,24.58,21.03,0.0
2020-01-31,24.66,21.75,0.0
2020-02-01,25.3,23.37,0.0
2020-02-02,24.45,21.31,0.0
2020-02-03,23.71,18.88,0.0
2020-02-04,23.77,19.83,0.0
2020-02-05,23.92,21.59,0.0
2020-02-06,24.48,21.96,0.0
2020-02-07,24.86,20.38,0.0
2020-02-08,25.47,18.82,0.0
2020-02-09,26.31,23.52,0.0
2020-02-10,27.24,29.23,0.0
2020-02-11,27.02,21.01,0.0
2020-02-12,24.42,17.44,0.0
2020-02-13,25.38,16.94,0.0
2020-02-14,24.47,17.68,0.0
2020-02-15,25.48,14.25,0.0
2020-02-16,25.85,14.37,0.0
2020-02-17,26.86,17.57,0.0
2020-02-18,27.18,21.88,0.0
2020-02-19,27.45,25.98,0.0
2020-02-20,27.7,25.12,0.0
2020-02-21,28.58,20.33,0.0
2020-02-22,29.66,22.0,0.0
2020-02-23,29.82,17.12,0.0
2020-02-24,29.11,15.71,0.0
2020-02-25,28.14,17.5,0.0
2020-02-26,28.32,17.24,0.0
2020-02-27,28.66,23.09,0.0
2020-02-28,29.54,18.89,0.0
2020-02-29,29.86,17.06,0.0
2020-03-01,30.72,16.3,0.0
2020-03-02,30.51,18.4,0.0
2020-03-03,30.93,24.84,0.0
2020-03-04,30.59,25.99,0.0
2020-03-05,30.34,18.19,0.0
2020-03-06,30.09,20.53,0.0
2020-03-07,31.35,43.07,0.0
2020-03-08,32.71,38.44,0.02
2020-03-09,33.38,24.44,0.0
2020-03-10,30.91,24.5,0.0
2020-03-11,30.5,16.74,0.0
2020-03-12,31.17,13.5,0.0
2020-03-13,31.17,21.27,0.0
2020-03-14,31.84,43.14,2.55
2020-03-15,32.0,50.37,0.02
2020-03-16,33.2,44.8,0.08
2020-03-17,33.59,44.23,0.02
2020-03-18,34.38,43.12,0.01
2020-03-19,32.46,48.14,0.01
2020-03-20,32.98,47.07,0.41
2020-03-21,32.57,48.22,1.08
2020-03-22,34.16,42.64,0.01
2020-03-23,31.83,53.02,1.97
2020-03-24,28.68,61.01,1.25
2020-03-25,31.1,48.41,0.57
2020-03-26,32.14,32.39,0.0
2020-03-27,32.24,38.95,0.6
2020-03-28,33.16,37.07,0.0
2020-03-29,32.15,48.87,0.25
2020-03-30,33.7,41.69,0.0
2020-03-31,32.86,50.99,0.01
2020-04-01,34.24,42.88,0.01
2020-04-02,33.01,49.13,0.23
2020-04-03,34.98,40.84,0.0
2020-04-04,34.43,44.36,0.43
2020-04-05,32.74,50.22,0.52
2020-04-06,34.39,40.97,0.0
2020-04-07,32.97,50.58,1.53
2020-04-08,29.65,66.14,7.71
2020-04-09,29.79,55.01,0.26
2020-04-10,28.79,55.73,2.34
2020-04-11,28.99,62.28,0.07
2020-04-12,31.78,49.63,0.01
2020-04-13,32.18,44.64,0.0
2020-04-14,32.22,48.78,0.01
2020-04-15,33.2,43.28,0.0
2020-04-16,34.09,29.35,0.0
2020-04-17,34.27,36.01,0.0
2020-04-18,33.31,48.97,0.03
2020-04-19,32.16,50.4,0.54
2020-04-20,27.78,73.53,16.42
2020-04-21,28.09,69.39,0.66
2020-04-22,31.22,53.94,1.67
2020-04-23,30.59,61.59,2.54
2020-04-24,31.3,56.58,0.14
2020-04-25,30.66,57.81,0.27
2020-04-26,31.17,53.55,1.74
2020-04-27,30.77,57.88,0.35
2020-04-28,32.38,52.05,0.1
2020-04-29,32.16,55.55,1.37
2020-04-30,29.53,69.86,5.21
2020-05-01,30.78,62.55,2.18
2020-05-02,32.57,52.45,0.41
2020-05-03,32.07,55.71,2.69
2020-05-04,30.96,63.08,8.03
2020-05-05,29.92,66.58,9.35
2020-05-06,32.53,54.5,5.53
2020-05-07,31.86,59.38,1.13
2020-05-08,32.27,54.63,0.32
2020-05-09,30.85,61.63,5.74
2020-05-10,31.17,58.4,0.35
2020-05-11,28.63,67.16,2.3
2020-05-12,29.07,64.27,0.0
2020-05-13,31.38,53.63,0.05
2020-05-14,32.75,49.47,0.07
2020-05-15,30.19,62.85,2.12
2020-05-16,30.08,64.63,4.69
2020-05-17,29.32,69.47,11.16
2020-05-18,28.97,67.09,0.02
2020-05-19,30.59,59.36,1.13
2020-05-20,31.56,57.19,0.34
2020-05-21,31.16,58.25,0.15
2020-05-22,31.73,52.39,0.07
2020-05-23,31.83,54.99,0.5
2020-05-24,31.99,53.53,0.39
2020-05-25,29.49,67.74,15.68
2020-05-26,29.31,67.9,3.53
2020-05-27,29.92,62.89,2.01
2020-05-28,30.73,57.4,0.69
2020-05-29,31.28,55.78,0.01
2020-05-30,28.26,71.4,4.46
2020-05-31,28.86,66.98,1.38
2020-06-01,30.22,60.89,1.09
2020-06-02,29.96,65.84,1.48
2020-06-03,29.91,67.24,0.24
2020-06-04,30.35,65.72,1.09
2020-06-05,27.77,83.49,40.57
2020-06-06,27.98,77.45,1.89
2020-06-07,26.61,82.06,17.65
2020-06-08,28.39,72.23,2.98
2020-06-09,27.23,74.64,1.19
2020-06-10,27.69,69.0,3.07
2020-06-11,27.81,67.01,0.53
2020-06-12,27.91,70.28,4.03
2020-06-13,27.36,75.64,1.79
2020-06-14,26.85,79.83,3.42
2020-06-15,28.15,74.46,0.29
2020-06-16,28.57,71.09,0.03
2020-06-17,27.79,76.6,1.28
2020-06-18,27.17,71.01,5.37
2020-06-19,25.67,78.51,9.26
2020-06-20,27.97,65.37,0.12
2020-06-21,29.54,62.63,0.03
2020-06-22,28.53,69.94,0.16
2020-06-23,28.41,70.05,0.43
2020-06-24,29.53,64.74,0.66
2020-06-25,29.09,66.61,1.39
2020-06-26,28.04,71.64,0.66
2020-06-27,27.51,74.38,2.86
2020-06-28,27.02,78.99,12.48
2020-06-29,28.05,66.96,1.72
2020-06-30,26.93,75.41,7.33
2020-07-01,27.23,76.33,13.6
2020-07-02,28.05,73.41,1.19
2020-07-03,27.86,75.09,3.12
2020-07-04,26.52,79.54,2.27
2020-07-05,27.13,73.6,1.03
2020-07-06,28.43,65.72,0.24
2020-07-07,29.31,65.22,0.29
2020-07-08,29.11,67.94,0.22
2020-07-09,26.52,80.12,4.85
2020-07-10,26.46,79.85,8.67
2020-07-11,25.22,83.76,21.04
2020-07-12,26.15,77.83,3.56
2020-07-13,26.73,76.67,10.88
2020-07-14,25.66,86.09,21.89
2020-07-15,25.2,85.55,10.95
2020-07-16,24.85,87.96,9.19
2020-07-17,24.73,86.18,7.7
2020-07-18,25.44,85.93,10.27
2020-07-19,25.52,82.87,4.86
2020-07-20,25.25,84.05,5.92
2020-07-21,26.67,81.25,5.63
2020-07-22,26.78,77.98,3.32
2020-07-23,26.65,79.55,8.93
2020-07-24,25.71,84.89,9.03
2020-07-25,25.41,86.5,3.9
2020-07-26,25.78,83.02,5.38
2020-07-27,25.59,84.08,5.17
2020-07-28,25.33,87.28,5.15
2020-07-29,26.18,82.21,1.53
2020-07-30,26.79,81.8,1.82
2020-07-31,25.68,87.83,10.86
2020-08-01,26.03,83.27,4.64
2020-08-02,26.18,79.68,0.94
2020-08-03,24.38,87.04,3.53
2020-08-04,25.63,80.12,0.97
2020-08-05,25.86,77.84,0.22
2020-08-06,26.05,76.15,0.13
2020-08-07,24.82,84.37,4.11
2020-08-08,25.58,82.02,3.41
2020-08-09,26.38,77.38,0.19
2020-08-10,26.75,81.15,6.25
2020-08-11,23.76,91.68,17.65
2020-08-12,25.35,82.48,0.27
2020-08-13,27.39,73.47,0.02
2020-08-14,27.15,80.89,10.44
2020-08-15,25.84,86.66,14.81
2020-08-16,25.79,83.19,1.2
2020-08-17,27.44,77.72,0.56
2020-08-18,27.96,77.79,6.86
2020-08-19,27.18,81.36,5.27
2020-08-20,26.28,85.82,7.0
2020-08-21,26.64,83.74,11.58
2020-08-22,25.56,84.82,15.48
2020-08-23,25.65,83.98,3.94
2020-08-24,24.58,89.61,11.72
2020-08-25,23.98,90.47,23.02
2020-08-26,25.55,82.25,9.24
2020-08-27,25.75,84.94,19.86
2020-08-28,24.64,92.7,14.54
2020-08-29,24.57,88.49,6.29
2020-08-30,25.33,87.54,6.53
2020-08-31,24.22,92.25,22.05
2020-09-01,25.36,88.01,11.22
2020-09-02,24.72,90.02,7.18
2020-09-03,25.44,85.2,15.79
2020-09-04,25.6,86.51,2.74
2020-09-05,25.06,88.44,15.21
2020-09-06,23.64,93.13,58.69
2020-09-07,24.7,87.72,14.67
2020-09-08,24.96,90.1,18.18
2020-09-09,26.28,82.12,8.36
2020-09-10,25.79,87.12,8.96
2020-09-11,26.18,84.1,5.78
2020-09-12,26.31,83.51,2.66
2020-09-13,26.29,84.97,6.06
2020-09-14,26.16,83.76,4.53
2020-09-15,26.63,81.36,3.78
2020-09-16,25.51,88.48,15.47
2020-09-17,25.07,90.22,9.92
2020-09-18,25.76,87.69,6.74
2020-09-19,26.67,83.72,2.26
2020-09-20,26.05,87.14,9.06
2020-09-21,25.02,89.08,2.68
2020-09-22,26.04,83.64,8.18
2020-09-23,25.79,87.64,5.51
2020-09-24,25.87,85.91,2.85
2020-09-25,25.3,87.28,5.55
2020-09-26,25.39,85.99,3.19
2020-09-27,25.81,85.28,6.11
2020-09-28,26.14,84.53,4.01
2020-09-29,26.0,84.75,3.19
2020-09-30,25.98,86.9,21.61
2020-10-01,24.93,89.36,15.32
2020-10-02,25.19,89.19,8.22
2020-10-03,25.82,86.51,8.39
2020-10-04,25.82,88.23,6.65
2020-10-05,26.3,86.0,5.7
2020-10-06,26.68,84.3,3.75
2020-10-07,25.43,90.13,9.63
2020-10-08,25.19,88.05,3.4
2020-10-09,24.91,84.38,10.99
2020-10-10,23.83,85.1,6.86
2020-10-11,24.67,89.11,8.71
2020-10-12,26.2,81.1,0.41
2020-10-13,26.87,78.26,0.2
2020-10-14,26.75,80.87,0.84
2020-10-15,25.5,88.18,3.32
2020-10-16,26.41,83.24,1.46
2020-10-17,26.77,84.46,2.71
2020-10-18,25.55,88.76,2.34
2020-10-19,26.03,85.13,1.24
2020-10-20,26.49,81.88,0.96
2020-10-21,27.32,74.55,0.25
2020-10-22,27.34,71.43,0.01
2020-10-23,25.54,75.01,0.0
2020-10-24,24.73,72.0,0.0
2020-10-25,24.76,73.93,0.0
2020-10-26,24.85,75.12,0.0
2020-10-27,24.95,70.81,0.0
2020-10-28,24.89,63.56,0.0
2020-10-29,23.89,70.38,0.0
2020-10-30,25.1,67.49,0.0
2020-10-31,25.31,70.17,0.0
2020-11-01,25.12,70.55,0.0
2020-11-02,24.69,74.28,0.0
2020-11-03,25.89,77.99,0.0
2020-11-04,26.29,77.48,0.0
2020-11-05,26.13,80.36,0.0
2020-11-06,25.68,76.0,0.0
2020-11-07,23.91,69.63,0.0
2020-11-08,23.53,67.81,0.0
2020-11-09,23.33,66.74,0.0
2020-11-10,23.18,65.27,0.0
2020-11-11,23.11,64.98,0.0
2020-11-12,22.86,68.97,0.0
2020-11-13,22.66,64.74,0.0
2020-11-14,22.63,67.28,0.0
2020-11-15,23.73,69.56,0.0
2020-11-16,23.67,70.37,0.0
2020-11-17,23.65,66.79,0.0
2020-11-18,23.2,66.08,0.0
2020-11-19,22.15,65.3,0.0
2020-11-20,22.26,61.3,0.0
2020-11-21,23.37,60.9,0.0
2020-11-22,24.41,59.64,0.0
2020-11-23,24.28,58.34,0.0
2020-11-24,24.45,55.99,0.0
2020-11-25,24.26,54.54,0.0
2020-11-26,25.01,55.5,0.0
2020-11-27,26.08,59.81,0.0
2020-11-28,25.99,66.31,0.0
2020-11-29,26.91,67.32,0.0
2020-11-30,26.06,61.9,0.0
2020-12-01,23.74,57.74,0.0
2020-12-02,24.04,53.96,0.0
2020-12-03,25.03,54.05,0.0
2020-12-04,25.08,51.66,0.0
2020-12-05,26.72,43.45,0.0
2020-12-06,27.15,49.58,0.0
2020-12-07,28.34,51.75,0.0
2020-12-08,26.62,57.69,0.07
2020-12-09,26.74,58.05,0.0
2020-12-10,27.17,53.26,0.0
2020-12-11,26.84,51.08,0.0
2020-12-12,25.98,47.88,0.0
2020-12-13,26.33,45.4,0.0
2020-12-14,26.79,46.76,0.0
2020-12-15,26.57,47.94,0.0
2020-12-16,26.81,49.77,0.0
2020-12-17,26.07,48.2,0.0
2020-12-18,25.01,46.72,0.0
2020-12-19,24.9,43.97,0.0
2020-12-20,24.9,45.88,0.0
2020-12-21,25.29,46.06,0.0
2020-12-22,24.52,45.24,0.0
2020-12-23,25.0,43.78,0.0
2020-12-24,25.65,45.83,0.0
2020-12-25,24.24,45.66,0.0
2020-12-26,23.56,41.41,0.0
2020-12-27,22.98,39.33,0.0
2020-12-28,23.06,38.83,0.0
2020-12-29,23.05,37.06,0.0
2020-12-30,24.21,38.88,0.0
2020-12-31,25.86,38.46,0.0
